sample_index,filename,filepath,layer_1_thickness_m,layer_1_sand_pct,layer_1_silt_pct,layer_1_clay_pct,layer_1_theta_v,layer_1_bulk_density_gcm3,layer_1_particle_density_gcm3,layer_1_organic_fraction,layer_1_salinity_class
1,gpr_dataset_0001.in,datasets/sam-29/files/gpr_dataset_0001.in,0.42181257980613407,44.82728,35.129558,20.043162,0.21921060143938303,1.4790174820689668,2.637632520728975,0.02,fresh
2,gpr_dataset_0002.in,datasets/sam-29/files/gpr_dataset_0002.in,0.20997072768552716,35.390753,35.141807,29.46744,0.2193109372958395,1.515379415004975,2.6132196016107394,0.02,fresh
3,gpr_dataset_0003.in,datasets/sam-29/files/gpr_dataset_0003.in,0.20243817260120403,40.712182,31.265678,28.02214,0.1422027427218175,1.3925628510542227,2.644395520197235,0.02,fresh
4,gpr_dataset_0004.in,datasets/sam-29/files/gpr_dataset_0004.in,0.11019754212545987,47.700786,30.955561,21.343653,0.13893658761347077,1.3190955805317677,2.6766195634808674,0.02,fresh
5,gpr_dataset_0005.in,datasets/sam-29/files/gpr_dataset_0005.in,0.14356409232172612,46.571612,27.87023,25.558158,0.0812310696015579,1.4904887115280596,2.656279489833335,0.02,fresh
6,gpr_dataset_0006.in,datasets/sam-29/files/gpr_dataset_0006.in,0.4965204445828063,39.394022,34.748717,25.857261,0.06679605087762892,1.3157436252609713,2.602488697603999,0.02,fresh
7,gpr_dataset_0007.in,datasets/sam-29/files/gpr_dataset_0007.in,0.34750721315214184,36.113411,36.96258,26.924009,0.2469957439645541,1.5910894905333135,2.693345837962194,0.02,fresh
8,gpr_dataset_0008.in,datasets/sam-29/files/gpr_dataset_0008.in,0.3794826742841598,43.179627,37.084227,19.736146,0.17629083012300323,1.3092244943632554,2.6769757084582846,0.02,fresh
9,gpr_dataset_0009.in,datasets/sam-29/files/gpr_dataset_0009.in,0.15933093579113172,39.396758,35.435432,25.16781,0.07838380980492632,1.4713454228458465,2.6114014310106515,0.02,fresh
10,gpr_dataset_0010.in,datasets/sam-29/files/gpr_dataset_0010.in,0.14710308441574316,40.856359,32.827575,26.316066,0.2142252696796746,1.5446679414478033,2.655959135188994,0.02,fresh
11,gpr_dataset_0011.in,datasets/sam-29/files/gpr_dataset_0011.in,0.23443056894016265,43.899404,28.248408,27.852188,0.24517132149130888,1.4011785843956444,2.6014138383129626,0.02,fresh
12,gpr_dataset_0012.in,datasets/sam-29/files/gpr_dataset_0012.in,0.3648808975689285,49.168448,32.974065,17.857487,0.2081726618712894,1.494000625398318,2.6870424543481946,0.02,fresh
13,gpr_dataset_0013.in,datasets/sam-29/files/gpr_dataset_0013.in,0.422079120727645,38.072511,38.954137,22.973352,0.08980311169942974,1.4977567207000797,2.6622992695378063,0.02,fresh
14,gpr_dataset_0014.in,datasets/sam-29/files/gpr_dataset_0014.in,0.12956867251747306,47.730018,33.696731,18.573251,0.12125602162502232,1.4820239831979665,2.689304654796602,0.02,fresh
15,gpr_dataset_0015.in,datasets/sam-29/files/gpr_dataset_0015.in,0.41779774534849423,40.218129,34.556788,25.225083,0.07638308441840379,1.3954422978336647,2.6518028839069725,0.02,fresh
16,gpr_dataset_0016.in,datasets/sam-29/files/gpr_dataset_0016.in,0.357308099014672,39.903693,38.258829,21.837478,0.05913361345328361,1.4341201869087647,2.6185554142999585,0.02,fresh
17,gpr_dataset_0017.in,datasets/sam-29/files/gpr_dataset_0017.in,0.374242388833658,45.655471,27.275018,27.069511,0.21956293189414217,1.3678284700238228,2.6340006522913764,0.02,fresh
18,gpr_dataset_0018.in,datasets/sam-29/files/gpr_dataset_0018.in,0.29836734737357395,37.396905,37.342595,25.2605,0.1431650008295297,1.4974819258729586,2.6375423934395146,0.02,fresh
19,gpr_dataset_0019.in,datasets/sam-29/files/gpr_dataset_0019.in,0.4599953397999811,37.071152,32.929661,29.999187,0.07569864899151031,1.4407223649050764,2.6688839497453487,0.02,fresh
20,gpr_dataset_0020.in,datasets/sam-29/files/gpr_dataset_0020.in,0.12625916114342395,47.347566,24.981664,27.67077,0.17216650363933186,1.4812729046039625,2.64960124487434,0.02,fresh
21,gpr_dataset_0021.in,datasets/sam-29/files/gpr_dataset_0021.in,0.45178285808216356,46.465696,30.399099,23.135205,0.09649998926607145,1.5935537899928949,2.6806443184684965,0.02,fresh
22,gpr_dataset_0022.in,datasets/sam-29/files/gpr_dataset_0022.in,0.46874347859929955,42.808165,27.297033,29.894802,0.11871198949608049,1.4864150244806043,2.6184958234294644,0.02,fresh
23,gpr_dataset_0023.in,datasets/sam-29/files/gpr_dataset_0023.in,0.451967294730815,41.992773,29.3266,28.680627,0.15949413013954206,1.40650283102696,2.687094496317633,0.02,fresh
24,gpr_dataset_0024.in,datasets/sam-29/files/gpr_dataset_0024.in,0.33534914314137343,49.961657,34.589624,15.448719,0.15553089124151964,1.5257594569256008,2.6384872971829276,0.02,fresh
25,gpr_dataset_0025.in,datasets/sam-29/files/gpr_dataset_0025.in,0.2896261437225144,35.454923,38.08928,26.455797,0.20783002881618262,1.316603567109069,2.690123825958829,0.02,fresh
26,gpr_dataset_0026.in,datasets/sam-29/files/gpr_dataset_0026.in,0.15725856871166727,46.272461,25.809745,27.917794,0.2100060329097848,1.3642823738092975,2.6897623274088396,0.02,fresh
27,gpr_dataset_0027.in,datasets/sam-29/files/gpr_dataset_0027.in,0.26778828907548335,47.866728,22.557555,29.575717,0.19643487059617276,1.4583427469567232,2.638983475531139,0.02,fresh
28,gpr_dataset_0028.in,datasets/sam-29/files/gpr_dataset_0028.in,0.3242982686535515,34.57056,36.37922,29.05022,0.10227513621156495,1.4008193386896577,2.601122275988269,0.02,fresh
29,gpr_dataset_0029.in,datasets/sam-29/files/gpr_dataset_0029.in,0.47924217917932455,42.517058,28.164903,29.318039,0.1448445150830694,1.3783034259057216,2.626411341964472,0.02,fresh
30,gpr_dataset_0030.in,datasets/sam-29/files/gpr_dataset_0030.in,0.2605729818525264,42.837673,39.512375,17.649952,0.12001482219753562,1.3995833695210664,2.6056409438098247,0.02,fresh
31,gpr_dataset_0031.in,datasets/sam-29/files/gpr_dataset_0031.in,0.13578115364827303,44.541967,34.253281,21.204752,0.09516068284943272,1.4181792305183532,2.6639727275309766,0.02,fresh
32,gpr_dataset_0032.in,datasets/sam-29/files/gpr_dataset_0032.in,0.27665578148182385,47.780915,29.149817,23.069268,0.13467000524673556,1.340142022383794,2.625237244210525,0.02,fresh
33,gpr_dataset_0033.in,datasets/sam-29/files/gpr_dataset_0033.in,0.2979626533764455,43.515042,31.928666,24.556292,0.17573046378505897,1.3195327156279413,2.6758024853241573,0.02,fresh
34,gpr_dataset_0034.in,datasets/sam-29/files/gpr_dataset_0034.in,0.25961329394027,46.543028,28.802824,24.654148,0.19381367125589433,1.3472882409773375,2.623843717303642,0.02,fresh
35,gpr_dataset_0035.in,datasets/sam-29/files/gpr_dataset_0035.in,0.2058206455280467,38.458745,34.759895,26.78136,0.1870792008217229,1.490527079734726,2.680374670634679,0.02,fresh
36,gpr_dataset_0036.in,datasets/sam-29/files/gpr_dataset_0036.in,0.2662069386688926,48.063165,29.349758,22.587077,0.23851762824638373,1.43679486843467,2.616680322032618,0.02,fresh
37,gpr_dataset_0037.in,datasets/sam-29/files/gpr_dataset_0037.in,0.3365153686098623,34.979331,38.707013,26.313656,0.13717344541228293,1.4230482405521836,2.6534442078197014,0.02,fresh
38,gpr_dataset_0038.in,datasets/sam-29/files/gpr_dataset_0038.in,0.3339212396979494,48.750562,35.569631,15.679807,0.11864812328206131,1.5260819591998709,2.671475469990601,0.02,fresh
39,gpr_dataset_0039.in,datasets/sam-29/files/gpr_dataset_0039.in,0.14860478117306336,43.927797,31.832056,24.240147,0.245335007111593,1.5585114503248367,2.676630129745419,0.02,fresh
40,gpr_dataset_0040.in,datasets/sam-29/files/gpr_dataset_0040.in,0.18426752735449617,39.612284,37.507819,22.879897,0.11787224070050861,1.3598072889730473,2.613852988561988,0.02,fresh
41,gpr_dataset_0041.in,datasets/sam-29/files/gpr_dataset_0041.in,0.3141891432055487,39.630998,35.902961,24.466041,0.19281585150519082,1.4980145765205974,2.6206240031777113,0.02,fresh
42,gpr_dataset_0042.in,datasets/sam-29/files/gpr_dataset_0042.in,0.2649388253602441,48.748267,32.052958,19.198775,0.19929463511167583,1.3798553997362377,2.612940207546096,0.02,fresh
43,gpr_dataset_0043.in,datasets/sam-29/files/gpr_dataset_0043.in,0.1677243959997056,47.69635,34.065255,18.238395,0.15596523571960424,1.3883342163590822,2.64154773877621,0.02,fresh
44,gpr_dataset_0044.in,datasets/sam-29/files/gpr_dataset_0044.in,0.4572735002160746,43.464701,34.454013,22.081286,0.19409491194024187,1.31733649805921,2.6469227525885364,0.02,fresh
45,gpr_dataset_0045.in,datasets/sam-29/files/gpr_dataset_0045.in,0.44407660846381203,45.394993,34.800738,19.804269,0.09392722291396423,1.562767829262143,2.6255205484906727,0.02,fresh
46,gpr_dataset_0046.in,datasets/sam-29/files/gpr_dataset_0046.in,0.2988116124594829,36.376778,35.107518,28.515704,0.2172467590858168,1.4234925557212053,2.6786776739488163,0.02,fresh
47,gpr_dataset_0047.in,datasets/sam-29/files/gpr_dataset_0047.in,0.167013298781217,42.688731,33.422133,23.889136,0.17256201888306025,1.554882471007674,2.6030359087958246,0.02,fresh
48,gpr_dataset_0048.in,datasets/sam-29/files/gpr_dataset_0048.in,0.16580565911440565,34.983993,38.355986,26.660021,0.11122344511435052,1.4109109703874207,2.6195576837110677,0.02,fresh
49,gpr_dataset_0049.in,datasets/sam-29/files/gpr_dataset_0049.in,0.4242720055750747,48.693909,34.219036,17.087055,0.17876752121859685,1.3074273420824294,2.634036314085872,0.02,fresh
50,gpr_dataset_0050.in,datasets/sam-29/files/gpr_dataset_0050.in,0.4423787879641463,47.918841,39.733108,12.348051,0.20155595467222237,1.3384764026070108,2.605713651606756,0.02,fresh
51,gpr_dataset_0051.in,datasets/sam-29/files/gpr_dataset_0051.in,0.2398570356779262,43.695436,29.540061,26.764503,0.05909109621525335,1.5477190803938967,2.615518957477393,0.02,fresh
52,gpr_dataset_0052.in,datasets/sam-29/files/gpr_dataset_0052.in,0.45038472154734077,47.937193,37.28643,14.776377,0.0768470093983374,1.4277901860697297,2.6769649473618413,0.02,fresh
53,gpr_dataset_0053.in,datasets/sam-29/files/gpr_dataset_0053.in,0.29619502790856667,45.326638,31.996253,22.677109,0.0561232453761924,1.4375921302880277,2.6541542018269437,0.02,fresh
54,gpr_dataset_0054.in,datasets/sam-29/files/gpr_dataset_0054.in,0.4946629200395706,43.278711,32.170295,24.550994,0.057329746545923314,1.57285825150237,2.6982525303957496,0.02,fresh
55,gpr_dataset_0055.in,datasets/sam-29/files/gpr_dataset_0055.in,0.23042784877796693,49.923993,33.203722,16.872285,0.11655609492252046,1.3433982668521418,2.6708560701862956,0.02,fresh
56,gpr_dataset_0056.in,datasets/sam-29/files/gpr_dataset_0056.in,0.34519784543056403,43.021696,27.974428,29.003876,0.22928499725925655,1.5059748246783229,2.6823197545231667,0.02,fresh
57,gpr_dataset_0057.in,datasets/sam-29/files/gpr_dataset_0057.in,0.40491016343575736,40.372976,38.912194,20.71483,0.22811932929304396,1.3401273224635895,2.674531796929621,0.02,fresh
58,gpr_dataset_0058.in,datasets/sam-29/files/gpr_dataset_0058.in,0.24644113366115492,39.797881,34.216443,25.985676,0.1516524849876178,1.4281115172237655,2.633005798342673,0.02,fresh
59,gpr_dataset_0059.in,datasets/sam-29/files/gpr_dataset_0059.in,0.28171977964714556,43.558878,38.956809,17.484313,0.21865152006300104,1.5035235656574928,2.6154075361815914,0.02,fresh
60,gpr_dataset_0060.in,datasets/sam-29/files/gpr_dataset_0060.in,0.4780031259283687,45.315678,34.905115,19.779207,0.1474720600318507,1.3688316745764413,2.671075547229039,0.02,fresh
61,gpr_dataset_0061.in,datasets/sam-29/files/gpr_dataset_0061.in,0.24092820858682848,41.69266,36.365672,21.941668,0.08402419033743258,1.487227296342056,2.6670354834204866,0.02,fresh
62,gpr_dataset_0062.in,datasets/sam-29/files/gpr_dataset_0062.in,0.3165450120237109,47.648151,28.64586,23.705989,0.09752791318873905,1.5527462592238523,2.6390581524083196,0.02,fresh
63,gpr_dataset_0063.in,datasets/sam-29/files/gpr_dataset_0063.in,0.23449088173774768,44.389513,26.153347,29.45714,0.12038079204180817,1.4376092215337866,2.6150052134474797,0.02,fresh
64,gpr_dataset_0064.in,datasets/sam-29/files/gpr_dataset_0064.in,0.3543957409943429,45.715104,30.044646,24.24025,0.18082682462281724,1.5714678504223252,2.687209876971533,0.02,fresh
65,gpr_dataset_0065.in,datasets/sam-29/files/gpr_dataset_0065.in,0.44425119267959645,44.731776,25.605608,29.662616,0.13244895867361467,1.5554725426368687,2.651845868825104,0.02,fresh
66,gpr_dataset_0066.in,datasets/sam-29/files/gpr_dataset_0066.in,0.3848893206044979,43.806068,27.713842,28.48009,0.07080801961721167,1.4902218021677394,2.6926654327935204,0.02,fresh
67,gpr_dataset_0067.in,datasets/sam-29/files/gpr_dataset_0067.in,0.35222899965856536,48.802697,38.772179,12.425124,0.12043143161174424,1.4008426180015583,2.6065925748302297,0.02,fresh
68,gpr_dataset_0068.in,datasets/sam-29/files/gpr_dataset_0068.in,0.34260816892333923,42.502459,33.927891,23.56965,0.1187403100016077,1.4140940964500084,2.651168205068119,0.02,fresh
69,gpr_dataset_0069.in,datasets/sam-29/files/gpr_dataset_0069.in,0.3198690988225462,44.628102,35.145901,20.225997,0.15441293199660588,1.3930332956218145,2.682994198245453,0.02,fresh
70,gpr_dataset_0070.in,datasets/sam-29/files/gpr_dataset_0070.in,0.24738991155494477,41.68165,35.266978,23.051372,0.051079942118292615,1.5356631607223212,2.617384843604271,0.02,fresh
71,gpr_dataset_0071.in,datasets/sam-29/files/gpr_dataset_0071.in,0.43698176591119664,40.441736,35.929928,23.628336,0.18723696320263428,1.4640873380308859,2.6060192859538818,0.02,fresh
72,gpr_dataset_0072.in,datasets/sam-29/files/gpr_dataset_0072.in,0.2326727296031503,34.57658,37.423316,28.000104,0.11799424197893581,1.448056546973599,2.6857002321749137,0.02,fresh
73,gpr_dataset_0073.in,datasets/sam-29/files/gpr_dataset_0073.in,0.12626691787223898,47.097184,33.522014,19.380802,0.07468599351161494,1.3879791854491383,2.6742282359429983,0.02,fresh
74,gpr_dataset_0074.in,datasets/sam-29/files/gpr_dataset_0074.in,0.4712643669699855,46.4786,31.236106,22.285294,0.23859843907725758,1.5305511105978515,2.610649638011216,0.02,fresh
75,gpr_dataset_0075.in,datasets/sam-29/files/gpr_dataset_0075.in,0.23742555603777218,44.076454,29.24397,26.679576,0.19123144873927295,1.5372461399187913,2.680021513225959,0.02,fresh
76,gpr_dataset_0076.in,datasets/sam-29/files/gpr_dataset_0076.in,0.20427121885409832,42.641935,33.011379,24.346686,0.0814675839028968,1.3566995602991612,2.6648411027697088,0.02,fresh
77,gpr_dataset_0077.in,datasets/sam-29/files/gpr_dataset_0077.in,0.11130093500918203,41.56474,35.37356,23.0617,0.08351058430128425,1.5486700915524938,2.664401232562161,0.02,fresh
78,gpr_dataset_0078.in,datasets/sam-29/files/gpr_dataset_0078.in,0.2912037993147335,47.341377,39.09981,13.558813,0.2054879465702067,1.4760004061960168,2.6883876542077076,0.02,fresh
79,gpr_dataset_0079.in,datasets/sam-29/files/gpr_dataset_0079.in,0.46673539919749263,44.164055,31.278925,24.55702,0.10665287533584851,1.5613283293613849,2.6830573948628844,0.02,fresh
80,gpr_dataset_0080.in,datasets/sam-29/files/gpr_dataset_0080.in,0.36675239735421594,36.033953,37.126702,26.839345,0.20741051171670083,1.5869865546095847,2.681400698359867,0.02,fresh
81,gpr_dataset_0081.in,datasets/sam-29/files/gpr_dataset_0081.in,0.30443397752810153,42.388299,34.035989,23.575712,0.08330345367962441,1.4917833612164757,2.650818898681625,0.02,fresh
82,gpr_dataset_0082.in,datasets/sam-29/files/gpr_dataset_0082.in,0.48901252594925104,46.419595,24.247328,29.333077,0.2144524925464934,1.3185969369449952,2.6304334319723313,0.02,fresh
83,gpr_dataset_0083.in,datasets/sam-29/files/gpr_dataset_0083.in,0.10493862195575035,45.927761,35.844953,18.227286,0.19446157994392388,1.3913001343428057,2.662871320521126,0.02,fresh
84,gpr_dataset_0084.in,datasets/sam-29/files/gpr_dataset_0084.in,0.3735707441962475,46.283187,32.437403,21.27941,0.17560811664335885,1.301935944288064,2.616689331321624,0.02,fresh
85,gpr_dataset_0085.in,datasets/sam-29/files/gpr_dataset_0085.in,0.22949301984428716,42.301647,32.683634,25.014719,0.21839796150501006,1.5216835259931791,2.6733568985755833,0.02,fresh
86,gpr_dataset_0086.in,datasets/sam-29/files/gpr_dataset_0086.in,0.3071529037073466,45.521652,27.838905,26.639443,0.16614458251015868,1.570641926384032,2.6718879565571463,0.02,fresh
87,gpr_dataset_0087.in,datasets/sam-29/files/gpr_dataset_0087.in,0.2569544073747063,48.560002,27.200727,24.239271,0.17303008674525872,1.3167672753448099,2.640253401138622,0.02,fresh
88,gpr_dataset_0088.in,datasets/sam-29/files/gpr_dataset_0088.in,0.12197151584223764,45.494164,27.393283,27.112553,0.19886488642482492,1.465905912310421,2.650581237335417,0.02,fresh
89,gpr_dataset_0089.in,datasets/sam-29/files/gpr_dataset_0089.in,0.3009352894789604,47.151636,32.68766,20.160704,0.06460191298505574,1.5245596931886394,2.624280971919384,0.02,fresh
90,gpr_dataset_0090.in,datasets/sam-29/files/gpr_dataset_0090.in,0.23182367343822663,43.815524,29.812062,26.372414,0.055561566253393105,1.5383789358630346,2.6312159444293526,0.02,fresh
91,gpr_dataset_0091.in,datasets/sam-29/files/gpr_dataset_0091.in,0.21246765001038204,45.630351,36.884137,17.485512,0.1415356730371375,1.545488950552058,2.6410869744852303,0.02,fresh
92,gpr_dataset_0092.in,datasets/sam-29/files/gpr_dataset_0092.in,0.1995187261187187,46.919011,27.648731,25.432258,0.1387925946311805,1.5709555067295349,2.652178345303092,0.02,fresh
93,gpr_dataset_0093.in,datasets/sam-29/files/gpr_dataset_0093.in,0.14531509007144394,46.680672,24.609078,28.71025,0.23755056779286476,1.5484725810886897,2.6342898777903963,0.02,fresh
94,gpr_dataset_0094.in,datasets/sam-29/files/gpr_dataset_0094.in,0.34683670045201576,36.780796,36.892512,26.326692,0.23556050184813465,1.4874739928921927,2.6071583045539763,0.02,fresh
95,gpr_dataset_0095.in,datasets/sam-29/files/gpr_dataset_0095.in,0.1128190011793754,42.712985,39.874045,17.41297,0.18912425185722653,1.4883499839967482,2.617451080226273,0.02,fresh
96,gpr_dataset_0096.in,datasets/sam-29/files/gpr_dataset_0096.in,0.4872349178326799,47.519971,31.97593,20.504099,0.23185734557455112,1.3792916518991494,2.676813824450234,0.02,fresh
97,gpr_dataset_0097.in,datasets/sam-29/files/gpr_dataset_0097.in,0.21827738799246954,49.123826,25.308729,25.567445,0.055595013373036496,1.3727039315493637,2.6465494361745443,0.02,fresh
98,gpr_dataset_0098.in,datasets/sam-29/files/gpr_dataset_0098.in,0.17780680255631506,36.401091,36.518244,27.080665,0.0615490888365188,1.4145993563104513,2.645677575322512,0.02,fresh
99,gpr_dataset_0099.in,datasets/sam-29/files/gpr_dataset_0099.in,0.362441110677856,42.803609,33.329282,23.867109,0.20669393664509994,1.5893282108395874,2.6631786411318967,0.02,fresh
100,gpr_dataset_0100.in,datasets/sam-29/files/gpr_dataset_0100.in,0.1625948616367853,44.32724,28.089514,27.583246,0.19162218846336082,1.5391849605693662,2.6391838063125346,0.02,fresh
101,gpr_dataset_0101.in,datasets/sam-29/files/gpr_dataset_0101.in,0.20245671956511743,47.625889,32.970724,19.403387,0.248118317542726,1.5395486272884735,2.601472257852633,0.02,fresh
102,gpr_dataset_0102.in,datasets/sam-29/files/gpr_dataset_0102.in,0.17313979580063787,45.672185,33.32035,21.007465,0.21640306979922364,1.492796504710993,2.6086711317072453,0.02,fresh
103,gpr_dataset_0103.in,datasets/sam-29/files/gpr_dataset_0103.in,0.18222303389625305,48.760463,31.11433,20.125207,0.16634132586001596,1.363819562878107,2.6583979258100676,0.02,fresh
104,gpr_dataset_0104.in,datasets/sam-29/files/gpr_dataset_0104.in,0.46073015943618933,48.710616,29.036346,22.253038,0.13815156294325343,1.4052181264804546,2.604246821477084,0.02,fresh
105,gpr_dataset_0105.in,datasets/sam-29/files/gpr_dataset_0105.in,0.48826819984555725,43.687005,27.739995,28.573,0.16935555493528456,1.4452325565302213,2.6307752777962814,0.02,fresh
106,gpr_dataset_0106.in,datasets/sam-29/files/gpr_dataset_0106.in,0.439749464877343,47.820846,35.337996,16.841158,0.15665211087934705,1.4223461951117065,2.6358377905840085,0.02,fresh
107,gpr_dataset_0107.in,datasets/sam-29/files/gpr_dataset_0107.in,0.376496376916301,42.714132,29.885028,27.40084,0.051264483855716074,1.329823854032118,2.6630691675585045,0.02,fresh
108,gpr_dataset_0108.in,datasets/sam-29/files/gpr_dataset_0108.in,0.2735600191486488,41.80286,38.391024,19.806116,0.2052959657188949,1.4512142845800629,2.695496972264365,0.02,fresh
109,gpr_dataset_0109.in,datasets/sam-29/files/gpr_dataset_0109.in,0.36660078028704346,44.673864,33.074257,22.251879,0.20906108486324898,1.5734869419739188,2.693164202465708,0.02,fresh
110,gpr_dataset_0110.in,datasets/sam-29/files/gpr_dataset_0110.in,0.20995869270119152,47.366538,38.986046,13.647416,0.08933783976352219,1.4688758227527936,2.684543296830875,0.02,fresh
111,gpr_dataset_0111.in,datasets/sam-29/files/gpr_dataset_0111.in,0.34908263206181467,44.830654,28.245174,26.924172,0.1538878647980671,1.5140484166639665,2.637160853463291,0.02,fresh
112,gpr_dataset_0112.in,datasets/sam-29/files/gpr_dataset_0112.in,0.20136536757239917,33.310795,39.602469,27.086736,0.14543598083687037,1.512794836490338,2.658780964070799,0.02,fresh
113,gpr_dataset_0113.in,datasets/sam-29/files/gpr_dataset_0113.in,0.2650952742746407,45.139088,33.078491,21.782421,0.1848110779970571,1.3233735507869453,2.6952090607506562,0.02,fresh
114,gpr_dataset_0114.in,datasets/sam-29/files/gpr_dataset_0114.in,0.42581525089397965,49.725602,31.822836,18.451562,0.05246567425975682,1.5999714965998304,2.648691966282747,0.02,fresh
115,gpr_dataset_0115.in,datasets/sam-29/files/gpr_dataset_0115.in,0.2582289188849136,46.167582,26.550187,27.282231,0.14939832871638642,1.3192677516660418,2.6726886909073757,0.02,fresh
116,gpr_dataset_0116.in,datasets/sam-29/files/gpr_dataset_0116.in,0.34591556760516107,48.855154,37.240194,13.904652,0.21245526597638348,1.4123736939995395,2.6061415762749442,0.02,fresh
117,gpr_dataset_0117.in,datasets/sam-29/files/gpr_dataset_0117.in,0.16764141127343093,44.32663,26.426651,29.246719,0.2095048554210278,1.42305355674518,2.6400090659468605,0.02,fresh
118,gpr_dataset_0118.in,datasets/sam-29/files/gpr_dataset_0118.in,0.45122585025824635,38.547277,37.56887,23.883853,0.08000120544328662,1.5181047386087656,2.63707766616351,0.02,fresh
119,gpr_dataset_0119.in,datasets/sam-29/files/gpr_dataset_0119.in,0.4745433965039866,46.363812,36.205599,17.430589,0.14485682424210067,1.406001749183636,2.6050128359182487,0.02,fresh
120,gpr_dataset_0120.in,datasets/sam-29/files/gpr_dataset_0120.in,0.25960405256894026,40.260154,31.376257,28.363589,0.14010678477957106,1.5959378113970095,2.613247789345599,0.02,fresh
121,gpr_dataset_0121.in,datasets/sam-29/files/gpr_dataset_0121.in,0.18086526016870239,43.894313,31.383236,24.722451,0.05720960589785245,1.4748516630369473,2.6048522932772995,0.02,fresh
122,gpr_dataset_0122.in,datasets/sam-29/files/gpr_dataset_0122.in,0.14737341373755128,43.054629,38.489771,18.4556,0.0936896216393849,1.3608109421545052,2.6156803696262214,0.02,fresh
123,gpr_dataset_0123.in,datasets/sam-29/files/gpr_dataset_0123.in,0.2653548330682125,38.677695,36.223776,25.098529,0.10871397276541482,1.3357111121432759,2.6871340826462187,0.02,fresh
124,gpr_dataset_0124.in,datasets/sam-29/files/gpr_dataset_0124.in,0.22437437929896853,46.573306,38.46844,14.958254,0.0890857185767262,1.530512609930854,2.6487612701375616,0.02,fresh
125,gpr_dataset_0125.in,datasets/sam-29/files/gpr_dataset_0125.in,0.11914456976748947,44.791347,39.286358,15.922295,0.23820541459008698,1.3076619808114618,2.6487779152316215,0.02,fresh
126,gpr_dataset_0126.in,datasets/sam-29/files/gpr_dataset_0126.in,0.24759765503085235,44.480158,36.121692,19.39815,0.20565612472782863,1.468332568978468,2.697367236399759,0.02,fresh
127,gpr_dataset_0127.in,datasets/sam-29/files/gpr_dataset_0127.in,0.4365479945352223,40.806349,30.819458,28.374193,0.19862064003510088,1.3683527165524059,2.683708514760516,0.02,fresh
128,gpr_dataset_0128.in,datasets/sam-29/files/gpr_dataset_0128.in,0.42019398867813795,45.584361,38.961164,15.454475,0.119649541835746,1.3459529037452884,2.697013167323651,0.02,fresh
129,gpr_dataset_0129.in,datasets/sam-29/files/gpr_dataset_0129.in,0.1497845904813866,41.46444,37.741822,20.793738,0.20127808114758733,1.4632289336891788,2.632362537555593,0.02,fresh
130,gpr_dataset_0130.in,datasets/sam-29/files/gpr_dataset_0130.in,0.43543001509716583,43.563278,37.719781,18.716941,0.15680503819896452,1.3381541006037645,2.6987431460991584,0.02,fresh
131,gpr_dataset_0131.in,datasets/sam-29/files/gpr_dataset_0131.in,0.30099976393839367,44.221762,35.162863,20.615375,0.22958419652592793,1.476527474862226,2.6888503561232833,0.02,fresh
132,gpr_dataset_0132.in,datasets/sam-29/files/gpr_dataset_0132.in,0.1342613365851602,38.791989,33.676717,27.531294,0.17562537341900702,1.517761416492995,2.6662568357142833,0.02,fresh
133,gpr_dataset_0133.in,datasets/sam-29/files/gpr_dataset_0133.in,0.47142858735902204,47.50342,36.619321,15.877259,0.09697352871811978,1.536218331155807,2.629233396210686,0.02,fresh
134,gpr_dataset_0134.in,datasets/sam-29/files/gpr_dataset_0134.in,0.3178017542242606,40.397958,35.753366,23.848676,0.06612102750379462,1.3455845228546361,2.600615683766001,0.02,fresh
135,gpr_dataset_0135.in,datasets/sam-29/files/gpr_dataset_0135.in,0.3501116895608959,39.643564,35.813811,24.542625,0.2033804500569304,1.4088825622060923,2.686306970404104,0.02,fresh
136,gpr_dataset_0136.in,datasets/sam-29/files/gpr_dataset_0136.in,0.1181591169682108,45.537904,33.446618,21.015478,0.10255966557704065,1.5196666116701056,2.6299613313181394,0.02,fresh
137,gpr_dataset_0137.in,datasets/sam-29/files/gpr_dataset_0137.in,0.335087895898989,40.777576,33.916917,25.305507,0.07005671701408672,1.5198822619856642,2.6824708044583665,0.02,fresh
138,gpr_dataset_0138.in,datasets/sam-29/files/gpr_dataset_0138.in,0.17846859301768966,44.713748,30.726718,24.559534,0.23932572799286445,1.4992781413303589,2.667733158496639,0.02,fresh
139,gpr_dataset_0139.in,datasets/sam-29/files/gpr_dataset_0139.in,0.2515796666841361,44.457898,35.142389,20.399713,0.08622207521769845,1.3586729307823713,2.6636911492179345,0.02,fresh
140,gpr_dataset_0140.in,datasets/sam-29/files/gpr_dataset_0140.in,0.41561338124474034,38.379902,38.798596,22.821502,0.22803649350985905,1.3142993395337597,2.6522190045179554,0.02,fresh
141,gpr_dataset_0141.in,datasets/sam-29/files/gpr_dataset_0141.in,0.25828412246095916,45.27364,29.50915,25.21721,0.1844236997488754,1.5222297307388482,2.651643405664151,0.02,fresh
142,gpr_dataset_0142.in,datasets/sam-29/files/gpr_dataset_0142.in,0.33313084226605905,49.719566,32.343826,17.936608,0.06470796651711373,1.5929155026950321,2.697528643473494,0.02,fresh
143,gpr_dataset_0143.in,datasets/sam-29/files/gpr_dataset_0143.in,0.1470533563663913,42.511841,39.368415,18.119744,0.24564131610912227,1.4479548019473962,2.654785066073527,0.02,fresh
144,gpr_dataset_0144.in,datasets/sam-29/files/gpr_dataset_0144.in,0.32498624734219406,45.161622,29.544538,25.29384,0.06083927042871105,1.4346519315991508,2.645297159888157,0.02,fresh
145,gpr_dataset_0145.in,datasets/sam-29/files/gpr_dataset_0145.in,0.4527060261604501,33.673324,36.915008,29.411668,0.07854696258257857,1.42002377164734,2.631322670666674,0.02,fresh
146,gpr_dataset_0146.in,datasets/sam-29/files/gpr_dataset_0146.in,0.4374235343359658,39.242911,35.279315,25.477774,0.17888426776645566,1.4634135830837083,2.6346673446567936,0.02,fresh
147,gpr_dataset_0147.in,datasets/sam-29/files/gpr_dataset_0147.in,0.2552041517711974,48.407216,32.129353,19.463431,0.05991742958996622,1.4957368349532496,2.607070927212222,0.02,fresh
148,gpr_dataset_0148.in,datasets/sam-29/files/gpr_dataset_0148.in,0.1481118612228552,33.128399,37.661706,29.209895,0.23053248796071696,1.4923579558239364,2.6690337100578483,0.02,fresh
149,gpr_dataset_0149.in,datasets/sam-29/files/gpr_dataset_0149.in,0.16861757942978245,45.842016,34.235163,19.922821,0.24153716310655682,1.519414755512024,2.6300577025168552,0.02,fresh
150,gpr_dataset_0150.in,datasets/sam-29/files/gpr_dataset_0150.in,0.2702447039394281,44.677451,34.317894,21.004655,0.1708790157511828,1.551119014846851,2.6028353589566198,0.02,fresh
151,gpr_dataset_0151.in,datasets/sam-29/files/gpr_dataset_0151.in,0.33979722008174085,44.095766,37.547631,18.356603,0.1204020520795917,1.331539737657309,2.677963700955561,0.02,fresh
152,gpr_dataset_0152.in,datasets/sam-29/files/gpr_dataset_0152.in,0.15691427332498797,41.558017,29.130618,29.311365,0.07932229285424192,1.4406122794039178,2.64166744238514,0.02,fresh
153,gpr_dataset_0153.in,datasets/sam-29/files/gpr_dataset_0153.in,0.43945631732308243,49.58393,35.376078,15.039992,0.13482906524604335,1.3872221712263841,2.6492822417976596,0.02,fresh
154,gpr_dataset_0154.in,datasets/sam-29/files/gpr_dataset_0154.in,0.3488318249429966,45.089656,31.292808,23.617536,0.23017366319396815,1.5891743150849944,2.634014352256476,0.02,fresh
155,gpr_dataset_0155.in,datasets/sam-29/files/gpr_dataset_0155.in,0.2975435150750414,46.340768,25.629408,28.029824,0.14730163197270135,1.5636562149101878,2.6732697122113147,0.02,fresh
156,gpr_dataset_0156.in,datasets/sam-29/files/gpr_dataset_0156.in,0.4973573225442808,40.632522,39.253764,20.113714,0.09386513593970383,1.3608633286701348,2.656489905119574,0.02,fresh
157,gpr_dataset_0157.in,datasets/sam-29/files/gpr_dataset_0157.in,0.31580890137237694,47.922348,35.043265,17.034387,0.16731035724267757,1.4362464184529966,2.616798670171354,0.02,fresh
158,gpr_dataset_0158.in,datasets/sam-29/files/gpr_dataset_0158.in,0.2509703647867972,42.853925,38.106946,19.039129,0.18806553456197472,1.4363354157389834,2.6115497991063443,0.02,fresh
159,gpr_dataset_0159.in,datasets/sam-29/files/gpr_dataset_0159.in,0.4626560261185584,45.917303,29.548682,24.534015,0.1110824787301586,1.5045854292849896,2.6221443193380716,0.02,fresh
160,gpr_dataset_0160.in,datasets/sam-29/files/gpr_dataset_0160.in,0.2641244944245247,45.255838,30.120948,24.623214,0.17321226225567002,1.439583381192051,2.651872081653549,0.02,fresh
161,gpr_dataset_0161.in,datasets/sam-29/files/gpr_dataset_0161.in,0.25770467241510003,49.991028,39.450703,10.558269,0.08568979573070512,1.3464397805881578,2.6944524598875392,0.02,fresh
162,gpr_dataset_0162.in,datasets/sam-29/files/gpr_dataset_0162.in,0.33493441223606557,35.716619,35.319,28.964381,0.21230361747660853,1.3006455282393907,2.611017443695813,0.02,fresh
163,gpr_dataset_0163.in,datasets/sam-29/files/gpr_dataset_0163.in,0.4449440941920403,48.302368,27.798424,23.899208,0.24189368367214936,1.4555016786753217,2.62135313622459,0.02,fresh
164,gpr_dataset_0164.in,datasets/sam-29/files/gpr_dataset_0164.in,0.2742954845227621,37.041036,33.150544,29.80842,0.17424875404258477,1.4811947748601568,2.659969639351163,0.02,fresh
165,gpr_dataset_0165.in,datasets/sam-29/files/gpr_dataset_0165.in,0.25455254458576737,44.195483,38.099186,17.705331,0.06378853420151209,1.567233581143761,2.6285546712149395,0.02,fresh
166,gpr_dataset_0166.in,datasets/sam-29/files/gpr_dataset_0166.in,0.21509392190405321,40.764956,31.127202,28.107842,0.2004490607023971,1.551641069262883,2.6336588756115,0.02,fresh
167,gpr_dataset_0167.in,datasets/sam-29/files/gpr_dataset_0167.in,0.3529388850133496,39.997038,36.003183,23.999779,0.11559618640114631,1.5669290342963644,2.643040593111648,0.02,fresh
168,gpr_dataset_0168.in,datasets/sam-29/files/gpr_dataset_0168.in,0.30926944124642985,42.26354,33.120292,24.616168,0.0770033690451844,1.3360604066362758,2.600868208617454,0.02,fresh
169,gpr_dataset_0169.in,datasets/sam-29/files/gpr_dataset_0169.in,0.21157710466073187,46.341992,26.464846,27.193162,0.15460263846512384,1.4320367776495169,2.6960060634521916,0.02,fresh
170,gpr_dataset_0170.in,datasets/sam-29/files/gpr_dataset_0170.in,0.16925221391978956,41.78278,32.365348,25.851872,0.06238227607877805,1.5743883452562368,2.6996689942451004,0.02,fresh
171,gpr_dataset_0171.in,datasets/sam-29/files/gpr_dataset_0171.in,0.21757192625221947,45.637019,38.166445,16.196536,0.2363389110705839,1.424240609157849,2.646248309520309,0.02,fresh
172,gpr_dataset_0172.in,datasets/sam-29/files/gpr_dataset_0172.in,0.40139754316961673,45.577625,36.314128,18.108247,0.24505275343000066,1.4735654099169202,2.667878278918199,0.02,fresh
173,gpr_dataset_0173.in,datasets/sam-29/files/gpr_dataset_0173.in,0.22083382227655846,47.54186,28.193106,24.265034,0.13876010052719248,1.532694283713644,2.6997936497129142,0.02,fresh
174,gpr_dataset_0174.in,datasets/sam-29/files/gpr_dataset_0174.in,0.10436099703390705,40.020905,33.46614,26.512955,0.17467850337579593,1.4859319394025299,2.60302685954841,0.02,fresh
175,gpr_dataset_0175.in,datasets/sam-29/files/gpr_dataset_0175.in,0.49134524930493684,49.665846,29.317987,21.016167,0.08535550808565864,1.492936973256389,2.643913605895947,0.02,fresh
176,gpr_dataset_0176.in,datasets/sam-29/files/gpr_dataset_0176.in,0.26394119069406485,47.206376,28.55754,24.236084,0.21662054510526002,1.578352081911401,2.6833417947135647,0.02,fresh
177,gpr_dataset_0177.in,datasets/sam-29/files/gpr_dataset_0177.in,0.1889616908143013,47.834703,23.198015,28.967282,0.10481580129457364,1.4216852151148296,2.6418840688019993,0.02,fresh
178,gpr_dataset_0178.in,datasets/sam-29/files/gpr_dataset_0178.in,0.44450689265128973,37.036592,35.545755,27.417653,0.13346804145752805,1.4808897898311675,2.6449085653996964,0.02,fresh
179,gpr_dataset_0179.in,datasets/sam-29/files/gpr_dataset_0179.in,0.19859894896940214,46.779906,36.817237,16.402857,0.2129593116142504,1.5591237975323606,2.6751706673558053,0.02,fresh
180,gpr_dataset_0180.in,datasets/sam-29/files/gpr_dataset_0180.in,0.28142588614622277,40.854132,30.252663,28.893205,0.12525472980866542,1.5629255671696776,2.658308330863265,0.02,fresh
181,gpr_dataset_0181.in,datasets/sam-29/files/gpr_dataset_0181.in,0.2318448703838735,45.495342,34.651443,19.853215,0.15258474586183524,1.4749688453433796,2.6475519224266573,0.02,fresh
182,gpr_dataset_0182.in,datasets/sam-29/files/gpr_dataset_0182.in,0.3586769009117513,39.201144,33.549118,27.249738,0.0534701289656651,1.5843789424591426,2.682885025106435,0.02,fresh
183,gpr_dataset_0183.in,datasets/sam-29/files/gpr_dataset_0183.in,0.11953285723859773,42.557774,36.787442,20.654784,0.2296752250764823,1.4365406674398808,2.61035993170819,0.02,fresh
184,gpr_dataset_0184.in,datasets/sam-29/files/gpr_dataset_0184.in,0.10061228606726576,47.466605,29.220654,23.312741,0.05562220215502687,1.4839841989863585,2.640465979705241,0.02,fresh
185,gpr_dataset_0185.in,datasets/sam-29/files/gpr_dataset_0185.in,0.32835926186149433,46.709603,27.072559,26.217838,0.08465616279354729,1.4947125589644532,2.681249080603112,0.02,fresh
186,gpr_dataset_0186.in,datasets/sam-29/files/gpr_dataset_0186.in,0.46066584180035786,46.514873,28.635733,24.849394,0.16590386114393407,1.560865481410663,2.6743599712374992,0.02,fresh
187,gpr_dataset_0187.in,datasets/sam-29/files/gpr_dataset_0187.in,0.43831369913016804,48.941499,27.495493,23.563008,0.20025323387955757,1.4333884499318936,2.6466741079676837,0.02,fresh
188,gpr_dataset_0188.in,datasets/sam-29/files/gpr_dataset_0188.in,0.499246131688346,43.170007,31.02916,25.800833,0.1756231700399743,1.4670882017020432,2.6176843478511893,0.02,fresh
189,gpr_dataset_0189.in,datasets/sam-29/files/gpr_dataset_0189.in,0.4957551181045815,44.304313,37.616608,18.079079,0.24897998460223675,1.3218830154464845,2.6873746378931673,0.02,fresh
190,gpr_dataset_0190.in,datasets/sam-29/files/gpr_dataset_0190.in,0.21933644650331657,43.978359,26.080701,29.94094,0.12377684544092699,1.355361020791321,2.605064041359506,0.02,fresh
191,gpr_dataset_0191.in,datasets/sam-29/files/gpr_dataset_0191.in,0.436845064787292,46.49357,26.451788,27.054642,0.21224158886543165,1.3391966624619938,2.684234232878512,0.02,fresh
192,gpr_dataset_0192.in,datasets/sam-29/files/gpr_dataset_0192.in,0.18566968206796394,45.892277,27.554393,26.55333,0.13036365497734095,1.4428428904790496,2.6982781880925097,0.02,fresh
193,gpr_dataset_0193.in,datasets/sam-29/files/gpr_dataset_0193.in,0.37299611790381215,47.668144,26.503118,25.828738,0.14316953062288895,1.5051948923731662,2.6106457771103093,0.02,fresh
194,gpr_dataset_0194.in,datasets/sam-29/files/gpr_dataset_0194.in,0.12346660328007092,39.06753,36.453411,24.479059,0.12057269078078088,1.3322298203715761,2.6018965439273916,0.02,fresh
195,gpr_dataset_0195.in,datasets/sam-29/files/gpr_dataset_0195.in,0.18822144290408935,40.72312,37.823322,21.453558,0.10963855945102052,1.3608039711342348,2.69184262650618,0.02,fresh
196,gpr_dataset_0196.in,datasets/sam-29/files/gpr_dataset_0196.in,0.1486117006612664,39.619974,36.66833,23.711696,0.06990509911666204,1.362249390022579,2.6494269889371247,0.02,fresh
197,gpr_dataset_0197.in,datasets/sam-29/files/gpr_dataset_0197.in,0.323850829440849,49.798934,23.732606,26.46846,0.2489768122319203,1.476230805620281,2.670170201012003,0.02,fresh
198,gpr_dataset_0198.in,datasets/sam-29/files/gpr_dataset_0198.in,0.4898908447097978,45.192899,32.995855,21.811246,0.1163161971111158,1.364834304422192,2.6422924050625807,0.02,fresh
199,gpr_dataset_0199.in,datasets/sam-29/files/gpr_dataset_0199.in,0.4377862367867854,45.940536,26.304456,27.755008,0.14318068677753254,1.4321174305314952,2.613914293526749,0.02,fresh
200,gpr_dataset_0200.in,datasets/sam-29/files/gpr_dataset_0200.in,0.40689194258368966,49.491288,30.911317,19.597395,0.2463801041649044,1.336138936130139,2.6533654370077606,0.02,fresh
201,gpr_dataset_0201.in,datasets/sam-29/files/gpr_dataset_0201.in,0.36446745529587343,41.771081,33.313942,24.914977,0.2172557731101996,1.3362229854998555,2.625684335735019,0.02,fresh
202,gpr_dataset_0202.in,datasets/sam-29/files/gpr_dataset_0202.in,0.19988020410674123,41.536588,28.526115,29.937297,0.21025605912108497,1.3194561179485427,2.6228337065968788,0.02,fresh
203,gpr_dataset_0203.in,datasets/sam-29/files/gpr_dataset_0203.in,0.2723113495426007,48.895155,31.615304,19.489541,0.052015472557844,1.4685258682960507,2.672951862974612,0.02,fresh
204,gpr_dataset_0204.in,datasets/sam-29/files/gpr_dataset_0204.in,0.3266229987268078,48.570328,32.096229,19.333443,0.10230973562195847,1.4212955378596206,2.666766445746642,0.02,fresh
205,gpr_dataset_0205.in,datasets/sam-29/files/gpr_dataset_0205.in,0.40896578685845375,48.652802,36.345751,15.001447,0.08077928304445044,1.5374845573383267,2.607384666281674,0.02,fresh
206,gpr_dataset_0206.in,datasets/sam-29/files/gpr_dataset_0206.in,0.38976009234728537,47.126948,23.612631,29.260421,0.1358509762192896,1.405148724037268,2.6640439733139143,0.02,fresh
207,gpr_dataset_0207.in,datasets/sam-29/files/gpr_dataset_0207.in,0.1910685316284711,41.189508,37.344151,21.466341,0.14543959469378015,1.5305997713323984,2.609433398203048,0.02,fresh
208,gpr_dataset_0208.in,datasets/sam-29/files/gpr_dataset_0208.in,0.18235639091340508,49.092101,23.799284,27.108615,0.06727371946613636,1.5144698475772973,2.668864396323233,0.02,fresh
209,gpr_dataset_0209.in,datasets/sam-29/files/gpr_dataset_0209.in,0.304921973577304,38.777269,34.755623,26.467108,0.1596851792226079,1.553414782097378,2.6993066854600345,0.02,fresh
210,gpr_dataset_0210.in,datasets/sam-29/files/gpr_dataset_0210.in,0.1633362699569218,46.257414,27.508389,26.234197,0.17196737748595642,1.5630266791054823,2.6783600663184184,0.02,fresh
211,gpr_dataset_0211.in,datasets/sam-29/files/gpr_dataset_0211.in,0.3295901919139621,45.800806,30.022491,24.176703,0.0772083080445421,1.369232636841147,2.691551054855797,0.02,fresh
212,gpr_dataset_0212.in,datasets/sam-29/files/gpr_dataset_0212.in,0.2528363383002148,37.607474,32.40202,29.990506,0.23691264745862978,1.3946830637494159,2.6222150764200576,0.02,fresh
213,gpr_dataset_0213.in,datasets/sam-29/files/gpr_dataset_0213.in,0.44787317472748944,42.740521,36.919134,20.340345,0.1117467872121817,1.5919855401218481,2.634551138718417,0.02,fresh
214,gpr_dataset_0214.in,datasets/sam-29/files/gpr_dataset_0214.in,0.14045412780541683,47.07932,33.489648,19.431032,0.1208502750115667,1.573551534432706,2.6686339054120114,0.02,fresh
215,gpr_dataset_0215.in,datasets/sam-29/files/gpr_dataset_0215.in,0.2419480667913687,35.313909,39.903704,24.782387,0.23029920708759033,1.4917477423906886,2.662510796207189,0.02,fresh
216,gpr_dataset_0216.in,datasets/sam-29/files/gpr_dataset_0216.in,0.28751594829994376,46.630114,32.192862,21.177024,0.11808371861623311,1.4523214471764867,2.6940678867706316,0.02,fresh
217,gpr_dataset_0217.in,datasets/sam-29/files/gpr_dataset_0217.in,0.3110938432972403,40.396574,34.330509,25.272917,0.10864074308792833,1.4382237304687653,2.6918855751042994,0.02,fresh
218,gpr_dataset_0218.in,datasets/sam-29/files/gpr_dataset_0218.in,0.21644819782183755,39.414315,38.123007,22.462678,0.2492163950867627,1.310391961117427,2.608096399669831,0.02,fresh
219,gpr_dataset_0219.in,datasets/sam-29/files/gpr_dataset_0219.in,0.4616631289581552,35.877879,36.638691,27.48343,0.23229239698129994,1.4933197749986573,2.66794859526701,0.02,fresh
220,gpr_dataset_0220.in,datasets/sam-29/files/gpr_dataset_0220.in,0.14321833692216993,49.774302,29.559708,20.66599,0.14621006018568364,1.4704019866784865,2.6115678208731836,0.02,fresh
221,gpr_dataset_0221.in,datasets/sam-29/files/gpr_dataset_0221.in,0.34700734775681696,46.086233,33.018207,20.89556,0.08626013767897275,1.3368670145747241,2.6237387671900976,0.02,fresh
222,gpr_dataset_0222.in,datasets/sam-29/files/gpr_dataset_0222.in,0.3099224436514335,47.905947,34.72652,17.367533,0.0946518426497077,1.5808209992143154,2.6613038232988218,0.02,fresh
223,gpr_dataset_0223.in,datasets/sam-29/files/gpr_dataset_0223.in,0.19241468040819015,48.039922,35.800294,16.159784,0.058300701662096936,1.5875306965703944,2.6572308331455137,0.02,fresh
224,gpr_dataset_0224.in,datasets/sam-29/files/gpr_dataset_0224.in,0.11697108458056454,43.497543,39.888164,16.614293,0.15730182563647793,1.5231125224995878,2.6268710739752956,0.02,fresh
225,gpr_dataset_0225.in,datasets/sam-29/files/gpr_dataset_0225.in,0.42380789438475686,32.552607,39.898841,27.548552,0.09090688752653882,1.3881556512293443,2.6572652439215756,0.02,fresh
226,gpr_dataset_0226.in,datasets/sam-29/files/gpr_dataset_0226.in,0.16666629832396787,42.117384,31.33815,26.544466,0.14193411547152185,1.5062130210923854,2.614497453545724,0.02,fresh
227,gpr_dataset_0227.in,datasets/sam-29/files/gpr_dataset_0227.in,0.3271884424637258,41.02345,38.499069,20.477481,0.24798680878535434,1.4715875372279972,2.65244665022697,0.02,fresh
228,gpr_dataset_0228.in,datasets/sam-29/files/gpr_dataset_0228.in,0.35372480932662276,33.8192,37.547089,28.633711,0.12846644079672326,1.4847093407229919,2.6223213913194345,0.02,fresh
229,gpr_dataset_0229.in,datasets/sam-29/files/gpr_dataset_0229.in,0.17674343567718057,49.949464,36.429363,13.621173,0.0545167418056721,1.4401777926829296,2.651265074938331,0.02,fresh
230,gpr_dataset_0230.in,datasets/sam-29/files/gpr_dataset_0230.in,0.3016248585650926,48.00872,38.539089,13.452191,0.14872072829425786,1.4120596271751193,2.678132201813458,0.02,fresh
231,gpr_dataset_0231.in,datasets/sam-29/files/gpr_dataset_0231.in,0.3015523257919078,49.643608,28.695308,21.661084,0.1845004371522091,1.416241825530351,2.6050733372792023,0.02,fresh
232,gpr_dataset_0232.in,datasets/sam-29/files/gpr_dataset_0232.in,0.2598727007712803,46.270935,37.119788,16.609277,0.148240546192338,1.5245299698724095,2.6282643678997957,0.02,fresh
233,gpr_dataset_0233.in,datasets/sam-29/files/gpr_dataset_0233.in,0.32155832045550126,49.955702,22.464737,27.579561,0.05477168144765754,1.4365352680517116,2.6655580940985866,0.02,fresh
234,gpr_dataset_0234.in,datasets/sam-29/files/gpr_dataset_0234.in,0.38429736447792673,47.472642,35.205131,17.322227,0.23803518584410804,1.4766542406330987,2.6642844863053425,0.02,fresh
235,gpr_dataset_0235.in,datasets/sam-29/files/gpr_dataset_0235.in,0.20282843335723644,46.105544,31.169631,22.724825,0.06442896760334137,1.4437750729662584,2.6558962263111408,0.02,fresh
236,gpr_dataset_0236.in,datasets/sam-29/files/gpr_dataset_0236.in,0.26116535920212736,48.524756,34.405589,17.069655,0.2262103168085639,1.428061866321417,2.619872651352707,0.02,fresh
237,gpr_dataset_0237.in,datasets/sam-29/files/gpr_dataset_0237.in,0.29934575125822427,46.679306,24.343764,28.97693,0.0859652300401528,1.3272734665367536,2.6550182373878206,0.02,fresh
238,gpr_dataset_0238.in,datasets/sam-29/files/gpr_dataset_0238.in,0.12966813492740648,49.526522,23.679517,26.793961,0.13832608738224728,1.483049665823801,2.6499304969514994,0.02,fresh
239,gpr_dataset_0239.in,datasets/sam-29/files/gpr_dataset_0239.in,0.3285086012454357,46.864119,34.509394,18.626487,0.10930450162158839,1.485968304317919,2.6719394159868313,0.02,fresh
240,gpr_dataset_0240.in,datasets/sam-29/files/gpr_dataset_0240.in,0.2565632131174813,37.694745,37.875812,24.429443,0.09088720460966888,1.4305704705344298,2.621908153617121,0.02,fresh
241,gpr_dataset_0241.in,datasets/sam-29/files/gpr_dataset_0241.in,0.47387516300447363,44.034755,29.658278,26.306967,0.07919828801832039,1.3271323847331264,2.6479193136399464,0.02,fresh
242,gpr_dataset_0242.in,datasets/sam-29/files/gpr_dataset_0242.in,0.3301976120906108,46.830259,25.92997,27.239771,0.14797546678813195,1.5559769463339095,2.6578635572148315,0.02,fresh
243,gpr_dataset_0243.in,datasets/sam-29/files/gpr_dataset_0243.in,0.34181490390087466,42.50711,39.083623,18.409267,0.05294814134566548,1.3969571930443268,2.636184935587944,0.02,fresh
244,gpr_dataset_0244.in,datasets/sam-29/files/gpr_dataset_0244.in,0.3101489632546522,47.40327,31.185042,21.411688,0.060067121781848656,1.3321696149005413,2.6279363726428517,0.02,fresh
245,gpr_dataset_0245.in,datasets/sam-29/files/gpr_dataset_0245.in,0.3331737256436146,47.943703,35.218521,16.837776,0.09110209725912675,1.544685198824074,2.6399905540882527,0.02,fresh
246,gpr_dataset_0246.in,datasets/sam-29/files/gpr_dataset_0246.in,0.10155818407289395,48.945759,24.984132,26.070109,0.23832008388293874,1.5514282423924006,2.6775755831911137,0.02,fresh
247,gpr_dataset_0247.in,datasets/sam-29/files/gpr_dataset_0247.in,0.275596101241518,46.333799,37.946454,15.719747,0.2101111769861676,1.5745452005897924,2.679741233728985,0.02,fresh
248,gpr_dataset_0248.in,datasets/sam-29/files/gpr_dataset_0248.in,0.3976860224418234,40.434611,29.581963,29.983426,0.07582126991903203,1.4732883475081722,2.6996405785214144,0.02,fresh
249,gpr_dataset_0249.in,datasets/sam-29/files/gpr_dataset_0249.in,0.15316478609358716,44.003843,38.527854,17.468303,0.15156031838186526,1.3726159252852808,2.6147589387396963,0.02,fresh
250,gpr_dataset_0250.in,datasets/sam-29/files/gpr_dataset_0250.in,0.24902794841876896,37.344345,33.349343,29.306312,0.22003270502600802,1.5664269579717989,2.6160010962297426,0.02,fresh
251,gpr_dataset_0251.in,datasets/sam-29/files/gpr_dataset_0251.in,0.2677012824353784,43.996317,29.097744,26.905939,0.057666266095403554,1.4408798529711735,2.659380115553249,0.02,fresh
252,gpr_dataset_0252.in,datasets/sam-29/files/gpr_dataset_0252.in,0.20795436644870882,46.953666,28.037394,25.00894,0.06269923995435289,1.5836923207660616,2.6023726720449076,0.02,fresh
253,gpr_dataset_0253.in,datasets/sam-29/files/gpr_dataset_0253.in,0.20120379753191153,42.460837,29.495024,28.044139,0.09156518857846739,1.3126530086481776,2.697594380218387,0.02,fresh
254,gpr_dataset_0254.in,datasets/sam-29/files/gpr_dataset_0254.in,0.3624238901863558,48.127826,23.495254,28.37692,0.13944752917828931,1.581448831619541,2.6942251658584957,0.02,fresh
255,gpr_dataset_0255.in,datasets/sam-29/files/gpr_dataset_0255.in,0.16385865131991553,37.274621,37.135725,25.589654,0.1344606631679495,1.52434083904375,2.6107384696999683,0.02,fresh
256,gpr_dataset_0256.in,datasets/sam-29/files/gpr_dataset_0256.in,0.12823272840815392,45.987737,32.558408,21.453855,0.08009992205719332,1.4083808005324316,2.655182710013406,0.02,fresh
257,gpr_dataset_0257.in,datasets/sam-29/files/gpr_dataset_0257.in,0.4463162064297074,44.453374,32.334594,23.212032,0.21765898330267675,1.585687903939001,2.6771382507095125,0.02,fresh
258,gpr_dataset_0258.in,datasets/sam-29/files/gpr_dataset_0258.in,0.3469304218413125,42.755321,30.192441,27.052238,0.20301686606736513,1.3429436324006283,2.623309834900484,0.02,fresh
259,gpr_dataset_0259.in,datasets/sam-29/files/gpr_dataset_0259.in,0.2920478382637766,36.982014,34.083828,28.934158,0.13074393055316552,1.3942618859854385,2.697159805204669,0.02,fresh
260,gpr_dataset_0260.in,datasets/sam-29/files/gpr_dataset_0260.in,0.2845072332605111,40.59229,31.70032,27.70739,0.18333861529161988,1.4376232151739197,2.624519276145095,0.02,fresh
261,gpr_dataset_0261.in,datasets/sam-29/files/gpr_dataset_0261.in,0.46845288281131026,45.478639,33.39653,21.124831,0.16245500309235153,1.3646777312777654,2.6328777059413717,0.02,fresh
262,gpr_dataset_0262.in,datasets/sam-29/files/gpr_dataset_0262.in,0.15146290296295006,48.681938,39.584956,11.733106,0.10642777530926771,1.3005815093906965,2.6500646771174696,0.02,fresh
263,gpr_dataset_0263.in,datasets/sam-29/files/gpr_dataset_0263.in,0.46852940688703204,32.185869,39.383867,28.430264,0.1559390055056747,1.3701526827931876,2.6382725318750757,0.02,fresh
264,gpr_dataset_0264.in,datasets/sam-29/files/gpr_dataset_0264.in,0.3692335548745792,48.31523,39.559664,12.125106,0.1732754704344906,1.4310361415270065,2.681575893854833,0.02,fresh
265,gpr_dataset_0265.in,datasets/sam-29/files/gpr_dataset_0265.in,0.30616068801734775,38.438667,34.48324,27.078093,0.22003541505247554,1.5380406988352087,2.695521245253617,0.02,fresh
266,gpr_dataset_0266.in,datasets/sam-29/files/gpr_dataset_0266.in,0.1847257331972677,43.858727,38.21339,17.927883,0.05367216237871595,1.4829408650311549,2.622751178596057,0.02,fresh
267,gpr_dataset_0267.in,datasets/sam-29/files/gpr_dataset_0267.in,0.11342752658770024,46.757889,32.939988,20.302123,0.18876287497735855,1.5347070663659994,2.642573487792304,0.02,fresh
268,gpr_dataset_0268.in,datasets/sam-29/files/gpr_dataset_0268.in,0.4896284043177822,36.717623,39.323303,23.959074,0.17221433982060774,1.580187472392848,2.6923102365105493,0.02,fresh
269,gpr_dataset_0269.in,datasets/sam-29/files/gpr_dataset_0269.in,0.4024194048060087,45.683623,25.940157,28.37622,0.16388285981007766,1.363740729111258,2.6751613702716517,0.02,fresh
270,gpr_dataset_0270.in,datasets/sam-29/files/gpr_dataset_0270.in,0.31519592765433846,42.540347,34.56626,22.893393,0.06435426994785842,1.3210242402922334,2.6472036812920203,0.02,fresh
271,gpr_dataset_0271.in,datasets/sam-29/files/gpr_dataset_0271.in,0.38237103787804916,41.454307,34.58634,23.959353,0.06844551285695431,1.4897113030168907,2.675505035159864,0.02,fresh
272,gpr_dataset_0272.in,datasets/sam-29/files/gpr_dataset_0272.in,0.3030834774511131,46.518261,34.277741,19.203998,0.16335802201831795,1.4250649662827377,2.6803818951648877,0.02,fresh
273,gpr_dataset_0273.in,datasets/sam-29/files/gpr_dataset_0273.in,0.480812931518659,48.540197,26.63203,24.827773,0.22255451751834127,1.5252691739110598,2.630585577509382,0.02,fresh
274,gpr_dataset_0274.in,datasets/sam-29/files/gpr_dataset_0274.in,0.351783190828727,48.37703,29.993868,21.629102,0.08211368792055693,1.363526279743099,2.6653378547754416,0.02,fresh
275,gpr_dataset_0275.in,datasets/sam-29/files/gpr_dataset_0275.in,0.38218257884170403,36.306808,35.834468,27.858724,0.09037936711617732,1.3728697989479546,2.656352355459059,0.02,fresh
276,gpr_dataset_0276.in,datasets/sam-29/files/gpr_dataset_0276.in,0.2813505828036287,47.790751,26.993079,25.21617,0.07568041909443526,1.5594537813991132,2.629773513734171,0.02,fresh
277,gpr_dataset_0277.in,datasets/sam-29/files/gpr_dataset_0277.in,0.3091638425804111,42.033853,39.291622,18.674525,0.19872354720828267,1.5723740128098513,2.643063374149713,0.02,fresh
278,gpr_dataset_0278.in,datasets/sam-29/files/gpr_dataset_0278.in,0.2930957392932166,41.494418,33.469968,25.035614,0.15450134463293255,1.5251582585650219,2.6944805608678477,0.02,fresh
279,gpr_dataset_0279.in,datasets/sam-29/files/gpr_dataset_0279.in,0.3775747486015043,46.356467,25.078091,28.565442,0.11282354842926656,1.4741253723936274,2.6743814113632185,0.02,fresh
280,gpr_dataset_0280.in,datasets/sam-29/files/gpr_dataset_0280.in,0.23986221099327817,47.007046,35.597072,17.395882,0.17362029131942247,1.4271879389400426,2.668234250573071,0.02,fresh
281,gpr_dataset_0281.in,datasets/sam-29/files/gpr_dataset_0281.in,0.14793827039932805,44.539025,39.809709,15.651266,0.09930607212237633,1.4224450740597945,2.6328849154129537,0.02,fresh
282,gpr_dataset_0282.in,datasets/sam-29/files/gpr_dataset_0282.in,0.24407232955050306,47.335711,23.640571,29.023718,0.0753242013100801,1.3537148841809374,2.621493760131472,0.02,fresh
283,gpr_dataset_0283.in,datasets/sam-29/files/gpr_dataset_0283.in,0.2209590576369184,46.962979,34.938737,18.098284,0.06107511267706598,1.5986351466009925,2.6652433334411745,0.02,fresh
284,gpr_dataset_0284.in,datasets/sam-29/files/gpr_dataset_0284.in,0.3369075583142924,40.568187,37.621868,21.809945,0.2474663964987463,1.3556476848378214,2.6740580750988237,0.02,fresh
285,gpr_dataset_0285.in,datasets/sam-29/files/gpr_dataset_0285.in,0.11805426356993527,48.705727,25.184446,26.109827,0.11860242549981835,1.4100902812342253,2.694937857376038,0.02,fresh
286,gpr_dataset_0286.in,datasets/sam-29/files/gpr_dataset_0286.in,0.4730799711697139,48.308373,35.957414,15.734213,0.23956997697933785,1.547723222598259,2.61165228011504,0.02,fresh
287,gpr_dataset_0287.in,datasets/sam-29/files/gpr_dataset_0287.in,0.28495854803422344,47.857851,32.703984,19.438165,0.14015223950386457,1.3250962068963037,2.681413634545647,0.02,fresh
288,gpr_dataset_0288.in,datasets/sam-29/files/gpr_dataset_0288.in,0.22847649674312553,46.090258,29.309462,24.60028,0.05135689095600487,1.4978880377947659,2.6047013948702227,0.02,fresh
289,gpr_dataset_0289.in,datasets/sam-29/files/gpr_dataset_0289.in,0.24586608758670933,47.106257,33.542551,19.351192,0.1957176392392599,1.5993492132372518,2.6939159205960768,0.02,fresh
290,gpr_dataset_0290.in,datasets/sam-29/files/gpr_dataset_0290.in,0.3729740078236474,41.753243,38.557382,19.689375,0.13455495444336707,1.5299267848278908,2.635960290037511,0.02,fresh
291,gpr_dataset_0291.in,datasets/sam-29/files/gpr_dataset_0291.in,0.38420663093734053,43.803291,32.258058,23.938651,0.2235464149013346,1.3880867113231259,2.6211297791930654,0.02,fresh
292,gpr_dataset_0292.in,datasets/sam-29/files/gpr_dataset_0292.in,0.2790624992249312,46.789664,32.129492,21.080844,0.1218585215716813,1.5611494881130388,2.663515592352248,0.02,fresh
293,gpr_dataset_0293.in,datasets/sam-29/files/gpr_dataset_0293.in,0.2642940067954582,43.549093,38.003073,18.447834,0.24406375219338156,1.5026378017425046,2.6972231967182987,0.02,fresh
294,gpr_dataset_0294.in,datasets/sam-29/files/gpr_dataset_0294.in,0.17640729110371234,48.490294,39.827705,11.682001,0.24161548269566785,1.4276654808590568,2.6551425579666112,0.02,fresh
295,gpr_dataset_0295.in,datasets/sam-29/files/gpr_dataset_0295.in,0.15238465909565677,47.149239,27.99449,24.856271,0.11578859022250845,1.5211748381974333,2.651313689980569,0.02,fresh
296,gpr_dataset_0296.in,datasets/sam-29/files/gpr_dataset_0296.in,0.15696922685678036,45.245456,26.057949,28.696595,0.08563908295509577,1.493400810247019,2.6446260172336267,0.02,fresh
297,gpr_dataset_0297.in,datasets/sam-29/files/gpr_dataset_0297.in,0.23533170503565187,44.276904,29.038011,26.685085,0.16296554966575838,1.4019070982373254,2.610896843549001,0.02,fresh
298,gpr_dataset_0298.in,datasets/sam-29/files/gpr_dataset_0298.in,0.12524100483071854,48.805003,23.717951,27.477046,0.13621134543762803,1.390678344035293,2.6022878669843297,0.02,fresh
299,gpr_dataset_0299.in,datasets/sam-29/files/gpr_dataset_0299.in,0.4808522367813808,49.573535,26.573078,23.853387,0.17905031757405243,1.5430594756343274,2.6767478592416913,0.02,fresh
300,gpr_dataset_0300.in,datasets/sam-29/files/gpr_dataset_0300.in,0.4011306850728401,45.343658,35.355728,19.300614,0.11403176277864649,1.5397569219751355,2.663452070531607,0.02,fresh
301,gpr_dataset_0301.in,datasets/sam-29/files/gpr_dataset_0301.in,0.20897808366900913,40.823393,31.667822,27.508785,0.18952073145744303,1.3401505740174369,2.6998433873926695,0.02,fresh
302,gpr_dataset_0302.in,datasets/sam-29/files/gpr_dataset_0302.in,0.12102545253798197,43.479471,33.98974,22.530789,0.063547755828951,1.584528963595667,2.6954087238630677,0.02,fresh
303,gpr_dataset_0303.in,datasets/sam-29/files/gpr_dataset_0303.in,0.49348918878958825,37.05213,38.015302,24.932568,0.17577729880021886,1.327646259314475,2.6350095808157947,0.02,fresh
304,gpr_dataset_0304.in,datasets/sam-29/files/gpr_dataset_0304.in,0.15137421767522374,40.617477,37.8056,21.576923,0.1455908564924792,1.3131577939457861,2.632960122717007,0.02,fresh
305,gpr_dataset_0305.in,datasets/sam-29/files/gpr_dataset_0305.in,0.18047794132695835,46.781152,35.40062,17.818228,0.10139326370031108,1.5849672307021412,2.6989494940250256,0.02,fresh
306,gpr_dataset_0306.in,datasets/sam-29/files/gpr_dataset_0306.in,0.13406342762218487,49.96471,37.452066,12.583224,0.24383245618458316,1.39125958913827,2.6942740107748704,0.02,fresh
307,gpr_dataset_0307.in,datasets/sam-29/files/gpr_dataset_0307.in,0.4761420717114736,47.468939,34.705145,17.825916,0.13791121292193811,1.3763037923369421,2.661387462373249,0.02,fresh
308,gpr_dataset_0308.in,datasets/sam-29/files/gpr_dataset_0308.in,0.48465575493760304,49.505348,38.073635,12.421017,0.19487099853801565,1.5244839213596404,2.6504347304789837,0.02,fresh
309,gpr_dataset_0309.in,datasets/sam-29/files/gpr_dataset_0309.in,0.1827502421458129,38.729763,31.919999,29.350238,0.14450667595897243,1.5366209895477185,2.6808411995862227,0.02,fresh
310,gpr_dataset_0310.in,datasets/sam-29/files/gpr_dataset_0310.in,0.26386421375133057,42.420536,29.915269,27.664195,0.07738686723951803,1.4718180712137041,2.621655146285526,0.02,fresh
311,gpr_dataset_0311.in,datasets/sam-29/files/gpr_dataset_0311.in,0.33495681247767384,47.681602,35.914378,16.40402,0.17310720059453294,1.4950060004730663,2.625704586605422,0.02,fresh
312,gpr_dataset_0312.in,datasets/sam-29/files/gpr_dataset_0312.in,0.4658195899588965,45.399836,29.728565,24.871599,0.17785791508386395,1.5000636385503963,2.6139011954464415,0.02,fresh
313,gpr_dataset_0313.in,datasets/sam-29/files/gpr_dataset_0313.in,0.45260372552082195,46.609357,28.718567,24.672076,0.13730517286139748,1.5180098054564692,2.6878883853841695,0.02,fresh
314,gpr_dataset_0314.in,datasets/sam-29/files/gpr_dataset_0314.in,0.4957078112731983,41.305016,34.059996,24.634988,0.18386104372837248,1.4719255824548083,2.611903274195736,0.02,fresh
315,gpr_dataset_0315.in,datasets/sam-29/files/gpr_dataset_0315.in,0.30703221861308283,44.04174,27.942655,28.015605,0.0779577400183104,1.3052361996703283,2.618837562017008,0.02,fresh
316,gpr_dataset_0316.in,datasets/sam-29/files/gpr_dataset_0316.in,0.2512169714229612,43.809217,33.25826,22.932523,0.06084131462456406,1.3347616186893922,2.672937317858718,0.02,fresh
317,gpr_dataset_0317.in,datasets/sam-29/files/gpr_dataset_0317.in,0.11840710188443748,48.496601,26.829092,24.674307,0.10382506913495433,1.4429459208839759,2.695414048980864,0.02,fresh
318,gpr_dataset_0318.in,datasets/sam-29/files/gpr_dataset_0318.in,0.14155552359725473,40.634002,31.452216,27.913782,0.23373849096128374,1.4550083955057895,2.644362118491787,0.02,fresh
319,gpr_dataset_0319.in,datasets/sam-29/files/gpr_dataset_0319.in,0.3228168549931022,41.277053,33.747309,24.975638,0.08422456516669954,1.4696990751180679,2.626207920958875,0.02,fresh
320,gpr_dataset_0320.in,datasets/sam-29/files/gpr_dataset_0320.in,0.4232410180370506,41.47801,33.667121,24.854869,0.09794744687663147,1.5978581533333904,2.658020675501626,0.02,fresh
321,gpr_dataset_0321.in,datasets/sam-29/files/gpr_dataset_0321.in,0.10615360401500946,41.651922,28.465486,29.882592,0.20394987484899185,1.5249622670285345,2.6056063318716496,0.02,fresh
322,gpr_dataset_0322.in,datasets/sam-29/files/gpr_dataset_0322.in,0.11147858819906636,31.881346,38.826214,29.29244,0.2357914176599153,1.5423304433509353,2.654532818590255,0.02,fresh
323,gpr_dataset_0323.in,datasets/sam-29/files/gpr_dataset_0323.in,0.10573292962739639,45.047433,37.489902,17.462665,0.18859176667053656,1.585103660737642,2.66140063292993,0.02,fresh
324,gpr_dataset_0324.in,datasets/sam-29/files/gpr_dataset_0324.in,0.2615480299815176,41.04478,33.258868,25.696352,0.09301913379991206,1.3732360180864613,2.6895433886062503,0.02,fresh
325,gpr_dataset_0325.in,datasets/sam-29/files/gpr_dataset_0325.in,0.3322699496990109,42.809462,28.699153,28.491385,0.06501640425839149,1.570399728567804,2.65823430939128,0.02,fresh
326,gpr_dataset_0326.in,datasets/sam-29/files/gpr_dataset_0326.in,0.3333752708388442,49.535986,22.04295,28.421064,0.18499258421820391,1.376640677963333,2.641552577094559,0.02,fresh
327,gpr_dataset_0327.in,datasets/sam-29/files/gpr_dataset_0327.in,0.13173798052348445,49.096808,26.631199,24.271993,0.11203155306240345,1.542812421429066,2.6239667437064256,0.02,fresh
328,gpr_dataset_0328.in,datasets/sam-29/files/gpr_dataset_0328.in,0.3867868540672408,49.7593,32.69314,17.54756,0.14609180600144034,1.3919990345570479,2.665261702185057,0.02,fresh
329,gpr_dataset_0329.in,datasets/sam-29/files/gpr_dataset_0329.in,0.20458554678442537,49.436333,34.690121,15.873546,0.08640490743584958,1.4309057448959275,2.6327218204409166,0.02,fresh
330,gpr_dataset_0330.in,datasets/sam-29/files/gpr_dataset_0330.in,0.21110256286961038,40.615032,36.184151,23.200817,0.10998670072826658,1.5720853042492358,2.6906187641407393,0.02,fresh
331,gpr_dataset_0331.in,datasets/sam-29/files/gpr_dataset_0331.in,0.31932201729932674,39.216549,35.379961,25.40349,0.24797407309427927,1.3769471597149436,2.6225545913215225,0.02,fresh
332,gpr_dataset_0332.in,datasets/sam-29/files/gpr_dataset_0332.in,0.31414869815307284,37.767333,36.187221,26.045446,0.05815218224551928,1.559738083995819,2.6000384902507228,0.02,fresh
333,gpr_dataset_0333.in,datasets/sam-29/files/gpr_dataset_0333.in,0.44042018816934414,49.647834,28.43933,21.912836,0.17664820029857314,1.4765531812537243,2.6810329701497504,0.02,fresh
334,gpr_dataset_0334.in,datasets/sam-29/files/gpr_dataset_0334.in,0.468043543682896,43.502908,36.623972,19.87312,0.12237659090422015,1.335576341937972,2.6725100831366837,0.02,fresh
335,gpr_dataset_0335.in,datasets/sam-29/files/gpr_dataset_0335.in,0.2922071266847789,39.404093,37.997574,22.598333,0.10278718134349707,1.589045246476362,2.6865542244228986,0.02,fresh
336,gpr_dataset_0336.in,datasets/sam-29/files/gpr_dataset_0336.in,0.33100616724840376,45.086862,37.615644,17.297494,0.10960474627690016,1.5889922057003971,2.628240474236116,0.02,fresh
337,gpr_dataset_0337.in,datasets/sam-29/files/gpr_dataset_0337.in,0.2606782635475736,43.954379,37.469055,18.576566,0.056178271087600075,1.4467549108031372,2.6138270725682093,0.02,fresh
338,gpr_dataset_0338.in,datasets/sam-29/files/gpr_dataset_0338.in,0.45473938238053135,42.266123,31.788705,25.945172,0.16695322206942237,1.4180901408202906,2.6201561821779613,0.02,fresh
339,gpr_dataset_0339.in,datasets/sam-29/files/gpr_dataset_0339.in,0.27773365135618033,44.503056,35.528334,19.96861,0.17889943382902734,1.536756463991836,2.602809594835345,0.02,fresh
340,gpr_dataset_0340.in,datasets/sam-29/files/gpr_dataset_0340.in,0.239240250447023,48.332642,28.219671,23.447687,0.23008230607895985,1.5881526366138898,2.6721383086390142,0.02,fresh
341,gpr_dataset_0341.in,datasets/sam-29/files/gpr_dataset_0341.in,0.3811109102674821,49.293701,31.327667,19.378632,0.06598034195267488,1.5974270239133217,2.6471060920015486,0.02,fresh
342,gpr_dataset_0342.in,datasets/sam-29/files/gpr_dataset_0342.in,0.3741964013845961,34.803519,38.485702,26.710779,0.20951388985953973,1.3369643025338085,2.654896564502933,0.02,fresh
343,gpr_dataset_0343.in,datasets/sam-29/files/gpr_dataset_0343.in,0.11630127874672476,42.366726,37.632062,20.001212,0.24652149772647597,1.3794823008918096,2.6134181374829226,0.02,fresh
344,gpr_dataset_0344.in,datasets/sam-29/files/gpr_dataset_0344.in,0.4225602067669999,44.072438,36.996959,18.930603,0.11385829690546359,1.4598177671600852,2.6845675981804966,0.02,fresh
345,gpr_dataset_0345.in,datasets/sam-29/files/gpr_dataset_0345.in,0.13139503940600888,48.247057,34.818053,16.93489,0.10596041036587961,1.4288464074911413,2.60050921658632,0.02,fresh
346,gpr_dataset_0346.in,datasets/sam-29/files/gpr_dataset_0346.in,0.3368730582936846,37.193067,35.859458,26.947475,0.07111387795979485,1.3913537441019623,2.6584337712362722,0.02,fresh
347,gpr_dataset_0347.in,datasets/sam-29/files/gpr_dataset_0347.in,0.27065711228593137,39.097114,33.1063,27.796586,0.09708862013859283,1.5516694823482078,2.626143464542538,0.02,fresh
348,gpr_dataset_0348.in,datasets/sam-29/files/gpr_dataset_0348.in,0.2908404019826173,48.924604,36.25303,14.822366,0.10756142034699555,1.3043773711260995,2.6663226476224415,0.02,fresh
349,gpr_dataset_0349.in,datasets/sam-29/files/gpr_dataset_0349.in,0.2768476321197646,42.440135,39.72239,17.837475,0.07374451411786304,1.4087556611710248,2.697699753838194,0.02,fresh
350,gpr_dataset_0350.in,datasets/sam-29/files/gpr_dataset_0350.in,0.1397684031010225,34.859659,35.660362,29.479979,0.1674198723117486,1.449858750751098,2.6760850787298485,0.02,fresh
351,gpr_dataset_0351.in,datasets/sam-29/files/gpr_dataset_0351.in,0.357950698252521,46.491488,29.412023,24.096489,0.11537137463419223,1.5993560283489998,2.6948784914221777,0.02,fresh
352,gpr_dataset_0352.in,datasets/sam-29/files/gpr_dataset_0352.in,0.4921490020200915,43.927037,37.69289,18.380073,0.16315170882019447,1.3682807915463568,2.650286218579412,0.02,fresh
353,gpr_dataset_0353.in,datasets/sam-29/files/gpr_dataset_0353.in,0.3269879683123154,45.713246,30.8582,23.428554,0.07641182266326547,1.3850687626316776,2.635119763892689,0.02,fresh
354,gpr_dataset_0354.in,datasets/sam-29/files/gpr_dataset_0354.in,0.22156347840914267,49.732265,36.720825,13.54691,0.09314849090904316,1.5235070930565864,2.6903882268053767,0.02,fresh
355,gpr_dataset_0355.in,datasets/sam-29/files/gpr_dataset_0355.in,0.34638382902866016,40.087392,36.088287,23.824321,0.10210713237962113,1.3825759830607012,2.6110611722259245,0.02,fresh
356,gpr_dataset_0356.in,datasets/sam-29/files/gpr_dataset_0356.in,0.10666468750268376,40.522312,34.216273,25.261415,0.21858201991237208,1.5906468897143076,2.692173634549575,0.02,fresh
357,gpr_dataset_0357.in,datasets/sam-29/files/gpr_dataset_0357.in,0.34568168178678144,41.595172,38.56327,19.841558,0.1972101477498232,1.5211315840629611,2.6792140720901787,0.02,fresh
358,gpr_dataset_0358.in,datasets/sam-29/files/gpr_dataset_0358.in,0.3077617083002071,47.307106,32.905384,19.78751,0.09113168372806962,1.4487691871953055,2.6724183233498726,0.02,fresh
359,gpr_dataset_0359.in,datasets/sam-29/files/gpr_dataset_0359.in,0.3999186139518277,42.846898,27.812889,29.340213,0.05197094245606853,1.3317915617333251,2.620220272263485,0.02,fresh
360,gpr_dataset_0360.in,datasets/sam-29/files/gpr_dataset_0360.in,0.10681838758788476,39.509289,32.602894,27.887817,0.07707235241294164,1.5993215841197836,2.6136575970744453,0.02,fresh
361,gpr_dataset_0361.in,datasets/sam-29/files/gpr_dataset_0361.in,0.21552900357653285,47.942275,32.304288,19.753437,0.2108423574473205,1.59365956404223,2.651103994940902,0.02,fresh
362,gpr_dataset_0362.in,datasets/sam-29/files/gpr_dataset_0362.in,0.4741410248893664,32.689026,38.885128,28.425846,0.1494681919274628,1.4452436032532876,2.6576661913515034,0.02,fresh
363,gpr_dataset_0363.in,datasets/sam-29/files/gpr_dataset_0363.in,0.30212195409349585,48.385716,31.022482,20.591802,0.09537928947097266,1.3317172172913996,2.619036218089519,0.02,fresh
364,gpr_dataset_0364.in,datasets/sam-29/files/gpr_dataset_0364.in,0.2868561786813677,46.567023,36.382988,17.049989,0.24283163241991929,1.4826302277090633,2.666134894609431,0.02,fresh
365,gpr_dataset_0365.in,datasets/sam-29/files/gpr_dataset_0365.in,0.42732897303213635,48.433608,25.257237,26.309155,0.12089178717310706,1.5897277613884582,2.6149748492387603,0.02,fresh
366,gpr_dataset_0366.in,datasets/sam-29/files/gpr_dataset_0366.in,0.4972782655615905,44.402458,28.833759,26.763783,0.24479135311650618,1.3039802195495158,2.6807608920635277,0.02,fresh
367,gpr_dataset_0367.in,datasets/sam-29/files/gpr_dataset_0367.in,0.166362968284285,47.208131,34.017984,18.773885,0.20290803333909008,1.4601137544102478,2.6908863424853156,0.02,fresh
368,gpr_dataset_0368.in,datasets/sam-29/files/gpr_dataset_0368.in,0.18379985601309945,36.760344,35.289582,27.950074,0.13790651537572896,1.4067827719564205,2.6267576562357693,0.02,fresh
369,gpr_dataset_0369.in,datasets/sam-29/files/gpr_dataset_0369.in,0.4926212174852792,45.924148,26.768181,27.307671,0.1018720348604105,1.3892750123813469,2.6786426022447327,0.02,fresh
370,gpr_dataset_0370.in,datasets/sam-29/files/gpr_dataset_0370.in,0.28071505056096346,49.066545,34.054379,16.879076,0.06502849179935209,1.5040795867161387,2.6994495362021507,0.02,fresh
371,gpr_dataset_0371.in,datasets/sam-29/files/gpr_dataset_0371.in,0.15079395665712161,46.655923,29.598651,23.745426,0.2114740817377937,1.4123204027939136,2.6648156879373337,0.02,fresh
372,gpr_dataset_0372.in,datasets/sam-29/files/gpr_dataset_0372.in,0.2879926658397316,38.559363,39.283603,22.157034,0.08630046571409045,1.4013081642931793,2.6971209526139157,0.02,fresh
373,gpr_dataset_0373.in,datasets/sam-29/files/gpr_dataset_0373.in,0.2578462314940613,31.338241,38.870876,29.790883,0.07072834179067772,1.355514101199767,2.615310640644895,0.02,fresh
374,gpr_dataset_0374.in,datasets/sam-29/files/gpr_dataset_0374.in,0.4681845372387383,44.713772,32.534589,22.751639,0.07392361952253004,1.4699573480909107,2.6525346706721846,0.02,fresh
375,gpr_dataset_0375.in,datasets/sam-29/files/gpr_dataset_0375.in,0.30724645567093245,43.261015,35.445067,21.293918,0.06928851740071394,1.419901655587774,2.667676416626712,0.02,fresh
376,gpr_dataset_0376.in,datasets/sam-29/files/gpr_dataset_0376.in,0.15045167869356257,47.674206,31.705023,20.620771,0.11051004976024817,1.4839708669170002,2.697548517819632,0.02,fresh
377,gpr_dataset_0377.in,datasets/sam-29/files/gpr_dataset_0377.in,0.1829681180858463,46.479945,35.257545,18.26251,0.19573793394452926,1.3474820433314771,2.6859848583793617,0.02,fresh
378,gpr_dataset_0378.in,datasets/sam-29/files/gpr_dataset_0378.in,0.344079886964559,46.686689,32.047508,21.265803,0.10335953911289851,1.4031070035185744,2.61398669457193,0.02,fresh
379,gpr_dataset_0379.in,datasets/sam-29/files/gpr_dataset_0379.in,0.11022426051970946,40.645712,30.282541,29.071747,0.19712179473057528,1.5329166084981627,2.642768310375548,0.02,fresh
380,gpr_dataset_0380.in,datasets/sam-29/files/gpr_dataset_0380.in,0.2504983019397369,42.860428,30.332974,26.806598,0.12066836508949702,1.4065893137428571,2.6631392275395847,0.02,fresh
381,gpr_dataset_0381.in,datasets/sam-29/files/gpr_dataset_0381.in,0.2343836833353799,49.556022,38.13944,12.304538,0.06558620529094834,1.5959744134791265,2.660884687425815,0.02,fresh
382,gpr_dataset_0382.in,datasets/sam-29/files/gpr_dataset_0382.in,0.3160943565522615,46.907925,29.566712,23.525363,0.1095447313624113,1.5127611480672405,2.623744752976215,0.02,fresh
383,gpr_dataset_0383.in,datasets/sam-29/files/gpr_dataset_0383.in,0.12960331359851343,48.933236,27.271818,23.794946,0.18183605448055457,1.5713160791514371,2.6811618446592935,0.02,fresh
384,gpr_dataset_0384.in,datasets/sam-29/files/gpr_dataset_0384.in,0.4010318134764749,48.594037,26.71218,24.693783,0.06838324192071901,1.3738895183146844,2.6478579516404834,0.02,fresh
385,gpr_dataset_0385.in,datasets/sam-29/files/gpr_dataset_0385.in,0.21685137277891042,40.718936,33.436437,25.844627,0.05613564249296837,1.520506872285725,2.6712497186428026,0.02,fresh
386,gpr_dataset_0386.in,datasets/sam-29/files/gpr_dataset_0386.in,0.10130214543332113,36.576572,35.293411,28.130017,0.2107610237274205,1.5848566194203242,2.6667192563001505,0.02,fresh
387,gpr_dataset_0387.in,datasets/sam-29/files/gpr_dataset_0387.in,0.379638942151709,43.545423,36.261471,20.193106,0.06863132853672134,1.3846687441672405,2.6191180848527593,0.02,fresh
388,gpr_dataset_0388.in,datasets/sam-29/files/gpr_dataset_0388.in,0.4830456775786234,43.603748,37.245582,19.15067,0.1616756508932073,1.3802060266927203,2.671660313472616,0.02,fresh
389,gpr_dataset_0389.in,datasets/sam-29/files/gpr_dataset_0389.in,0.3339244474107216,44.340692,29.94247,25.716838,0.09140243548385248,1.358452464744798,2.6798216698117536,0.02,fresh
390,gpr_dataset_0390.in,datasets/sam-29/files/gpr_dataset_0390.in,0.15023360644324169,49.209373,35.217399,15.573228,0.2488619248506354,1.5116318455995768,2.688655130325024,0.02,fresh
391,gpr_dataset_0391.in,datasets/sam-29/files/gpr_dataset_0391.in,0.1199424465464468,32.521382,38.961912,28.516706,0.05504126035801929,1.5966559531116356,2.654555803097708,0.02,fresh
392,gpr_dataset_0392.in,datasets/sam-29/files/gpr_dataset_0392.in,0.4685141823654434,47.223719,37.511757,15.264524,0.08272353510701097,1.3558270374530734,2.602762298453458,0.02,fresh
393,gpr_dataset_0393.in,datasets/sam-29/files/gpr_dataset_0393.in,0.29991275822566266,40.368266,39.874638,19.757096,0.13320840679783313,1.5568781471594628,2.68817053888724,0.02,fresh
394,gpr_dataset_0394.in,datasets/sam-29/files/gpr_dataset_0394.in,0.4326695091139332,46.398695,35.175335,18.42597,0.0797404786821173,1.451187669567845,2.661488877378907,0.02,fresh
395,gpr_dataset_0395.in,datasets/sam-29/files/gpr_dataset_0395.in,0.4646260352764324,49.453395,30.773043,19.773562,0.07878550892494539,1.591542908839418,2.6186938828885755,0.02,fresh
396,gpr_dataset_0396.in,datasets/sam-29/files/gpr_dataset_0396.in,0.17864110844596262,43.524739,29.350153,27.125108,0.22079265589609598,1.3600604717962723,2.6559694019391804,0.02,fresh
397,gpr_dataset_0397.in,datasets/sam-29/files/gpr_dataset_0397.in,0.22924848441776327,41.197375,38.085156,20.717469,0.05064219508725931,1.3528275018531517,2.6596835782465034,0.02,fresh
398,gpr_dataset_0398.in,datasets/sam-29/files/gpr_dataset_0398.in,0.3922912408899145,43.832058,37.408929,18.759013,0.13871746383517547,1.4327181597277747,2.621487511458436,0.02,fresh
399,gpr_dataset_0399.in,datasets/sam-29/files/gpr_dataset_0399.in,0.16132428388990783,49.178095,22.503203,28.318702,0.1823672943308719,1.3794198762905798,2.6586972985778576,0.02,fresh
400,gpr_dataset_0400.in,datasets/sam-29/files/gpr_dataset_0400.in,0.3154459775520214,47.009446,24.648417,28.342137,0.11283182509287178,1.5453313755909082,2.6310925736427397,0.02,fresh
401,gpr_dataset_0401.in,datasets/sam-29/files/gpr_dataset_0401.in,0.3505916205451437,42.039336,39.072034,18.88863,0.15601086126211305,1.5072542949710388,2.648282972516471,0.02,fresh
402,gpr_dataset_0402.in,datasets/sam-29/files/gpr_dataset_0402.in,0.30948102584594844,46.066484,27.919105,26.014411,0.24355530167581596,1.3048300960450216,2.6075878647449726,0.02,fresh
403,gpr_dataset_0403.in,datasets/sam-29/files/gpr_dataset_0403.in,0.3160036455198322,44.499338,34.894059,20.606603,0.15784278028417714,1.3044534161531234,2.6934312008269496,0.02,fresh
404,gpr_dataset_0404.in,datasets/sam-29/files/gpr_dataset_0404.in,0.48198985352018775,41.659749,29.262508,29.077743,0.15382754149077973,1.5397009970414577,2.686898581632429,0.02,fresh
405,gpr_dataset_0405.in,datasets/sam-29/files/gpr_dataset_0405.in,0.35847837896239565,39.196887,32.678974,28.124139,0.2463978687335831,1.4964086509620342,2.6316652971877947,0.02,fresh
406,gpr_dataset_0406.in,datasets/sam-29/files/gpr_dataset_0406.in,0.23640440673551924,48.133188,39.595578,12.271234,0.08004260794574723,1.4930283220155136,2.6556131527880176,0.02,fresh
407,gpr_dataset_0407.in,datasets/sam-29/files/gpr_dataset_0407.in,0.42807714609244474,37.067717,35.372595,27.559688,0.20829522167999748,1.4298186798770058,2.6479213011537706,0.02,fresh
408,gpr_dataset_0408.in,datasets/sam-29/files/gpr_dataset_0408.in,0.24464320813677454,41.821819,33.972484,24.205697,0.21073990319749109,1.4285297173400626,2.6460450976682717,0.02,fresh
409,gpr_dataset_0409.in,datasets/sam-29/files/gpr_dataset_0409.in,0.19157066948791637,43.300077,31.938365,24.761558,0.18808753901136838,1.463477511828251,2.602058268308737,0.02,fresh
410,gpr_dataset_0410.in,datasets/sam-29/files/gpr_dataset_0410.in,0.27304649388699964,39.479297,37.749047,22.771656,0.13748564683160475,1.3867438840239916,2.686292932048841,0.02,fresh
411,gpr_dataset_0411.in,datasets/sam-29/files/gpr_dataset_0411.in,0.12642170475302011,44.440701,28.200119,27.35918,0.15303898391271664,1.483933977129491,2.6441601796652106,0.02,fresh
412,gpr_dataset_0412.in,datasets/sam-29/files/gpr_dataset_0412.in,0.2398067048596873,45.165756,25.281934,29.55231,0.2357340248344023,1.5409605015347032,2.6755257824364898,0.02,fresh
413,gpr_dataset_0413.in,datasets/sam-29/files/gpr_dataset_0413.in,0.43176066896534315,43.835937,36.369671,19.794392,0.07964873357285292,1.550694583473503,2.6954554780843263,0.02,fresh
414,gpr_dataset_0414.in,datasets/sam-29/files/gpr_dataset_0414.in,0.43467487866512033,42.114196,36.078491,21.807313,0.20800925506276569,1.403806572146419,2.673806018585953,0.02,fresh
415,gpr_dataset_0415.in,datasets/sam-29/files/gpr_dataset_0415.in,0.3859598687143363,46.03449,24.54724,29.41827,0.20740293894853357,1.51797880727586,2.6750430959146967,0.02,fresh
416,gpr_dataset_0416.in,datasets/sam-29/files/gpr_dataset_0416.in,0.2760737594484962,43.558857,30.853838,25.587305,0.1784598488117617,1.354396410498429,2.6892051404055493,0.02,fresh
417,gpr_dataset_0417.in,datasets/sam-29/files/gpr_dataset_0417.in,0.3463993914378666,48.082949,31.235486,20.681565,0.15614305223258484,1.3966322137401321,2.6926764486830854,0.02,fresh
418,gpr_dataset_0418.in,datasets/sam-29/files/gpr_dataset_0418.in,0.2502779161793186,40.66702,34.434382,24.898598,0.16464086130371086,1.3169153278381562,2.693731717587573,0.02,fresh
419,gpr_dataset_0419.in,datasets/sam-29/files/gpr_dataset_0419.in,0.3695792513210916,43.72859,29.466127,26.805283,0.2141769765200961,1.508648749544759,2.6953054349243653,0.02,fresh
420,gpr_dataset_0420.in,datasets/sam-29/files/gpr_dataset_0420.in,0.3190199752197156,42.998572,27.118153,29.883275,0.0805442738718608,1.5263967252738802,2.6943260825095594,0.02,fresh
421,gpr_dataset_0421.in,datasets/sam-29/files/gpr_dataset_0421.in,0.4130474238932731,38.249561,34.162577,27.587862,0.05455597568674493,1.4884097436817683,2.6460426615941715,0.02,fresh
422,gpr_dataset_0422.in,datasets/sam-29/files/gpr_dataset_0422.in,0.25826142553778664,47.553116,29.219093,23.227791,0.15720493463767152,1.426886437845656,2.6565388230083715,0.02,fresh
423,gpr_dataset_0423.in,datasets/sam-29/files/gpr_dataset_0423.in,0.2152792277626762,46.173334,34.239645,19.587021,0.11149148828270504,1.5586840405600886,2.678715074770389,0.02,fresh
424,gpr_dataset_0424.in,datasets/sam-29/files/gpr_dataset_0424.in,0.45613851482783807,49.03367,25.983846,24.982484,0.22995205128465518,1.503883183034386,2.6961505849268654,0.02,fresh
425,gpr_dataset_0425.in,datasets/sam-29/files/gpr_dataset_0425.in,0.3435184021753087,48.559153,31.590504,19.850343,0.11518600527221862,1.4936543105628661,2.6191656229365154,0.02,fresh
426,gpr_dataset_0426.in,datasets/sam-29/files/gpr_dataset_0426.in,0.1258896328250906,46.338575,28.992159,24.669266,0.09763324079262206,1.4780345089803384,2.6051514678017034,0.02,fresh
427,gpr_dataset_0427.in,datasets/sam-29/files/gpr_dataset_0427.in,0.17914495609937148,42.466461,32.441011,25.092528,0.18033752764720667,1.3871836889094467,2.6351806013943486,0.02,fresh
428,gpr_dataset_0428.in,datasets/sam-29/files/gpr_dataset_0428.in,0.17573469845057682,44.92377,38.159236,16.916994,0.19241261327555687,1.4700036354549046,2.6563935679648747,0.02,fresh
429,gpr_dataset_0429.in,datasets/sam-29/files/gpr_dataset_0429.in,0.47884255622338545,45.123705,29.463051,25.413244,0.09470229734262746,1.3955059373070797,2.6388805335683276,0.02,fresh
430,gpr_dataset_0430.in,datasets/sam-29/files/gpr_dataset_0430.in,0.41181777316702195,38.819875,31.348333,29.831792,0.21060815020661683,1.5260063432734625,2.6500063004815533,0.02,fresh
431,gpr_dataset_0431.in,datasets/sam-29/files/gpr_dataset_0431.in,0.3618502402213717,43.790582,36.709872,19.499546,0.1754851786020049,1.5410638320585588,2.6148431647038572,0.02,fresh
432,gpr_dataset_0432.in,datasets/sam-29/files/gpr_dataset_0432.in,0.10997954324888455,43.594549,35.133746,21.271705,0.21616187014451982,1.5225485597569621,2.6434506656140426,0.02,fresh
433,gpr_dataset_0433.in,datasets/sam-29/files/gpr_dataset_0433.in,0.11573125046840574,41.568465,37.384975,21.04656,0.12462232879973799,1.3417766837993874,2.640937433132466,0.02,fresh
434,gpr_dataset_0434.in,datasets/sam-29/files/gpr_dataset_0434.in,0.18804689217465023,39.861976,34.881918,25.256106,0.13095839191719538,1.441963073873612,2.677731925563622,0.02,fresh
435,gpr_dataset_0435.in,datasets/sam-29/files/gpr_dataset_0435.in,0.44506201880483887,42.438612,29.07442,28.486968,0.15641076630956136,1.5643227106188256,2.6673599512678963,0.02,fresh
436,gpr_dataset_0436.in,datasets/sam-29/files/gpr_dataset_0436.in,0.14811282464744582,44.432198,29.381588,26.186214,0.23877374558606546,1.517422456376567,2.6969973360855017,0.02,fresh
437,gpr_dataset_0437.in,datasets/sam-29/files/gpr_dataset_0437.in,0.3334422100003013,45.715704,27.82619,26.458106,0.1822688323261098,1.348570090746234,2.6712532015574233,0.02,fresh
438,gpr_dataset_0438.in,datasets/sam-29/files/gpr_dataset_0438.in,0.2899239787228697,45.243714,34.670557,20.085729,0.16064595016165442,1.5375189911910674,2.648879074672384,0.02,fresh
439,gpr_dataset_0439.in,datasets/sam-29/files/gpr_dataset_0439.in,0.18059385599059677,47.43439,33.637468,18.928142,0.24614674998280722,1.596220529877264,2.641872116742084,0.02,fresh
440,gpr_dataset_0440.in,datasets/sam-29/files/gpr_dataset_0440.in,0.2079842724824661,44.40262,27.555262,28.042118,0.12477380318487424,1.4306763515406382,2.612191352334008,0.02,fresh
441,gpr_dataset_0441.in,datasets/sam-29/files/gpr_dataset_0441.in,0.14978041636993833,47.834491,24.633505,27.532004,0.16597920701068286,1.5732222334983328,2.674741910935883,0.02,fresh
442,gpr_dataset_0442.in,datasets/sam-29/files/gpr_dataset_0442.in,0.49293371891995574,48.367568,34.415042,17.21739,0.1803022619427705,1.5454005664818677,2.619085585125944,0.02,fresh
443,gpr_dataset_0443.in,datasets/sam-29/files/gpr_dataset_0443.in,0.38005958112526506,45.093878,28.825443,26.080679,0.1593888333650869,1.335459859431066,2.6596384276110747,0.02,fresh
444,gpr_dataset_0444.in,datasets/sam-29/files/gpr_dataset_0444.in,0.12938170315412503,45.855509,33.265521,20.87897,0.08771818645316205,1.31154043035652,2.625720082899654,0.02,fresh
445,gpr_dataset_0445.in,datasets/sam-29/files/gpr_dataset_0445.in,0.11276252122177902,48.169718,25.737217,26.093065,0.12705324887588265,1.5432009806982974,2.6006667812576345,0.02,fresh
446,gpr_dataset_0446.in,datasets/sam-29/files/gpr_dataset_0446.in,0.46450052826537935,46.801092,28.845964,24.352944,0.10167209599351522,1.5439338763846169,2.6429385076508813,0.02,fresh
447,gpr_dataset_0447.in,datasets/sam-29/files/gpr_dataset_0447.in,0.3999233293121206,44.883028,39.016144,16.100828,0.15038596453622868,1.594880353551885,2.6586105425999254,0.02,fresh
448,gpr_dataset_0448.in,datasets/sam-29/files/gpr_dataset_0448.in,0.12679309657016016,40.259667,33.38486,26.355473,0.07486964155748042,1.3384331035303514,2.671775774660539,0.02,fresh
449,gpr_dataset_0449.in,datasets/sam-29/files/gpr_dataset_0449.in,0.26096337994960656,42.869842,29.526398,27.60376,0.16638812624000737,1.4134184126603744,2.668966386153163,0.02,fresh
450,gpr_dataset_0450.in,datasets/sam-29/files/gpr_dataset_0450.in,0.3584556027819804,48.051588,22.17467,29.773742,0.07921740478754694,1.3834254040370302,2.6339819552919037,0.02,fresh
451,gpr_dataset_0451.in,datasets/sam-29/files/gpr_dataset_0451.in,0.13384596557217032,46.349307,28.475423,25.17527,0.11185327205385537,1.371313717837467,2.600846403618385,0.02,fresh
452,gpr_dataset_0452.in,datasets/sam-29/files/gpr_dataset_0452.in,0.2291704075733738,41.257912,33.365935,25.376153,0.17609817325097377,1.4619339052658238,2.670608692043623,0.02,fresh
453,gpr_dataset_0453.in,datasets/sam-29/files/gpr_dataset_0453.in,0.39273048464638827,45.187175,29.396034,25.416791,0.06868933218602447,1.319535579568571,2.6416693745488335,0.02,fresh
454,gpr_dataset_0454.in,datasets/sam-29/files/gpr_dataset_0454.in,0.22669741963778325,46.938375,27.217676,25.843949,0.2254938160289181,1.443177589705105,2.6082526603509586,0.02,fresh
455,gpr_dataset_0455.in,datasets/sam-29/files/gpr_dataset_0455.in,0.1732131454030404,46.601892,36.481166,16.916942,0.18553760587699736,1.4673036582977785,2.6923671830391958,0.02,fresh
456,gpr_dataset_0456.in,datasets/sam-29/files/gpr_dataset_0456.in,0.3329413111443778,44.2303,31.523227,24.246473,0.2352074290098603,1.4955569596958984,2.6510194547398718,0.02,fresh
457,gpr_dataset_0457.in,datasets/sam-29/files/gpr_dataset_0457.in,0.20353063057229145,49.238165,30.364602,20.397233,0.21950376273913397,1.534870350992565,2.645875566651495,0.02,fresh
458,gpr_dataset_0458.in,datasets/sam-29/files/gpr_dataset_0458.in,0.4990751358288349,46.937157,29.853678,23.209165,0.11112394916100013,1.5745708606656104,2.689873713735034,0.02,fresh
459,gpr_dataset_0459.in,datasets/sam-29/files/gpr_dataset_0459.in,0.19621801654655144,46.280099,28.856964,24.862937,0.20807538529765363,1.3851697475648164,2.6341310513045784,0.02,fresh
460,gpr_dataset_0460.in,datasets/sam-29/files/gpr_dataset_0460.in,0.4309768865794549,48.822795,26.095185,25.08202,0.1369552817469306,1.338952532396205,2.682374464959787,0.02,fresh
461,gpr_dataset_0461.in,datasets/sam-29/files/gpr_dataset_0461.in,0.2815871579641352,42.846767,32.158066,24.995167,0.07407801754294296,1.4948747993302463,2.6622933673911207,0.02,fresh
462,gpr_dataset_0462.in,datasets/sam-29/files/gpr_dataset_0462.in,0.3662221972498728,40.47402,34.791931,24.734049,0.09575110067692832,1.4314258381753673,2.681361049511477,0.02,fresh
463,gpr_dataset_0463.in,datasets/sam-29/files/gpr_dataset_0463.in,0.490044561324821,47.617214,39.955741,12.427045,0.1636857904632566,1.328613166248344,2.6108938816448224,0.02,fresh
464,gpr_dataset_0464.in,datasets/sam-29/files/gpr_dataset_0464.in,0.37723804076728473,47.921266,23.913797,28.164937,0.13462541507110343,1.4283575320053101,2.695473640283224,0.02,fresh
465,gpr_dataset_0465.in,datasets/sam-29/files/gpr_dataset_0465.in,0.19772251809184854,41.368453,29.022341,29.609206,0.05195804143628649,1.4506917775874402,2.6705540734631827,0.02,fresh
466,gpr_dataset_0466.in,datasets/sam-29/files/gpr_dataset_0466.in,0.21917295987885158,34.663731,37.964971,27.371298,0.211816533990192,1.3220931666114983,2.669809391023635,0.02,fresh
467,gpr_dataset_0467.in,datasets/sam-29/files/gpr_dataset_0467.in,0.11898185010370176,46.431685,24.428911,29.139404,0.21588180973755444,1.3092279125173862,2.6342733888414034,0.02,fresh
468,gpr_dataset_0468.in,datasets/sam-29/files/gpr_dataset_0468.in,0.4811163020034751,48.364755,39.009256,12.625989,0.057471389226615016,1.335032314400382,2.6356753102755777,0.02,fresh
469,gpr_dataset_0469.in,datasets/sam-29/files/gpr_dataset_0469.in,0.15234787399460759,47.024311,33.683199,19.29249,0.08448912004670758,1.4412883764420121,2.6259919428230654,0.02,fresh
470,gpr_dataset_0470.in,datasets/sam-29/files/gpr_dataset_0470.in,0.4423603866750291,47.089344,35.537889,17.372767,0.14448386022634524,1.3576642506069527,2.680361755503895,0.02,fresh
471,gpr_dataset_0471.in,datasets/sam-29/files/gpr_dataset_0471.in,0.4011047506427863,45.605765,35.382671,19.011564,0.06731651506809158,1.5683574147311379,2.651615534126048,0.02,fresh
472,gpr_dataset_0472.in,datasets/sam-29/files/gpr_dataset_0472.in,0.11938709660678004,46.960048,37.94269,15.097262,0.2211740672387909,1.4178148179622805,2.6579043082097398,0.02,fresh
473,gpr_dataset_0473.in,datasets/sam-29/files/gpr_dataset_0473.in,0.3892918817356964,49.423883,39.586445,10.989672,0.12240506587669507,1.4183152733827982,2.6490282415205693,0.02,fresh
474,gpr_dataset_0474.in,datasets/sam-29/files/gpr_dataset_0474.in,0.413322729647446,43.592036,30.606836,25.801128,0.2495725312355317,1.3255684398715257,2.6128658498329247,0.02,fresh
475,gpr_dataset_0475.in,datasets/sam-29/files/gpr_dataset_0475.in,0.39397156675970113,47.530637,39.406509,13.062854,0.1452087834939469,1.4136325746963971,2.6235549413453354,0.02,fresh
476,gpr_dataset_0476.in,datasets/sam-29/files/gpr_dataset_0476.in,0.3154192835375288,36.662915,38.560387,24.776698,0.10383556848594618,1.3142006507315842,2.6670483147320643,0.02,fresh
477,gpr_dataset_0477.in,datasets/sam-29/files/gpr_dataset_0477.in,0.3447064980411894,49.164735,33.502417,17.332848,0.16157994380440446,1.4235612700831306,2.600976197035636,0.02,fresh
478,gpr_dataset_0478.in,datasets/sam-29/files/gpr_dataset_0478.in,0.14464628215242192,46.584356,34.725172,18.690472,0.14848519876907484,1.4869766432217562,2.6053706860072228,0.02,fresh
479,gpr_dataset_0479.in,datasets/sam-29/files/gpr_dataset_0479.in,0.4935537192669265,40.458662,35.847905,23.693433,0.11068666712933094,1.4875792014773537,2.6914707066236883,0.02,fresh
480,gpr_dataset_0480.in,datasets/sam-29/files/gpr_dataset_0480.in,0.4282886651430171,46.305329,36.150933,17.543738,0.0978646427941041,1.4136596047973866,2.6228753639338493,0.02,fresh
481,gpr_dataset_0481.in,datasets/sam-29/files/gpr_dataset_0481.in,0.20273060854041744,49.811073,30.014125,20.174802,0.22107241176336495,1.5526544600496133,2.621092971611283,0.02,fresh
482,gpr_dataset_0482.in,datasets/sam-29/files/gpr_dataset_0482.in,0.23203949314212402,49.479198,36.131829,14.388973,0.12306285163936093,1.5888860585327251,2.6658706998516237,0.02,fresh
483,gpr_dataset_0483.in,datasets/sam-29/files/gpr_dataset_0483.in,0.42364037986137726,47.483485,30.056486,22.460029,0.12799246907346454,1.3727676979141163,2.6027602379677477,0.02,fresh
484,gpr_dataset_0484.in,datasets/sam-29/files/gpr_dataset_0484.in,0.4398861194157201,46.182443,33.269724,20.547833,0.20727793494974078,1.4698591226197464,2.6602308263960532,0.02,fresh
485,gpr_dataset_0485.in,datasets/sam-29/files/gpr_dataset_0485.in,0.22525055672141941,45.031951,30.217145,24.750904,0.08881369585991933,1.5780224319183658,2.626133155310266,0.02,fresh
486,gpr_dataset_0486.in,datasets/sam-29/files/gpr_dataset_0486.in,0.36612154762230575,47.326363,25.955659,26.717978,0.20841794896380317,1.555139595154342,2.6017001219930207,0.02,fresh
487,gpr_dataset_0487.in,datasets/sam-29/files/gpr_dataset_0487.in,0.32342355747451523,44.443082,31.255624,24.301294,0.2204834729351839,1.5493003007222885,2.66694646035444,0.02,fresh
488,gpr_dataset_0488.in,datasets/sam-29/files/gpr_dataset_0488.in,0.36816347305887587,47.238024,39.899826,12.86215,0.1317883177115221,1.375662835758196,2.6897539637784806,0.02,fresh
489,gpr_dataset_0489.in,datasets/sam-29/files/gpr_dataset_0489.in,0.25492420958140355,47.31743,35.653668,17.028902,0.22227993258835949,1.4114308571749952,2.687473249323604,0.02,fresh
490,gpr_dataset_0490.in,datasets/sam-29/files/gpr_dataset_0490.in,0.3876179647679928,45.357895,24.759768,29.882337,0.21983913642235825,1.4198797790061894,2.6925368106714433,0.02,fresh
491,gpr_dataset_0491.in,datasets/sam-29/files/gpr_dataset_0491.in,0.37270822779981383,46.258763,36.44213,17.299107,0.10432623371299193,1.3150058769332167,2.6498412214035083,0.02,fresh
492,gpr_dataset_0492.in,datasets/sam-29/files/gpr_dataset_0492.in,0.2891766581271278,44.163255,36.19596,19.640785,0.24395155675153213,1.4483658854396,2.68819056483418,0.02,fresh
493,gpr_dataset_0493.in,datasets/sam-29/files/gpr_dataset_0493.in,0.49818696937749785,38.495022,35.177994,26.326984,0.07303429592781108,1.4518613425959765,2.630630286195881,0.02,fresh
494,gpr_dataset_0494.in,datasets/sam-29/files/gpr_dataset_0494.in,0.45932641622493786,46.641288,29.462464,23.896248,0.10510273018154204,1.4775887227982807,2.6491525155085554,0.02,fresh
495,gpr_dataset_0495.in,datasets/sam-29/files/gpr_dataset_0495.in,0.3127331277791661,46.795877,30.609457,22.594666,0.061629694079118696,1.4536498786390408,2.6652100419890328,0.02,fresh
496,gpr_dataset_0496.in,datasets/sam-29/files/gpr_dataset_0496.in,0.48080010777369186,40.635938,33.788739,25.575323,0.19412452158075783,1.3815587932556137,2.684597461187556,0.02,fresh
497,gpr_dataset_0497.in,datasets/sam-29/files/gpr_dataset_0497.in,0.4575398479503259,43.779737,33.972557,22.247706,0.13725031683115566,1.5717192369055808,2.6138172567449227,0.02,fresh
498,gpr_dataset_0498.in,datasets/sam-29/files/gpr_dataset_0498.in,0.12672580300597744,41.911767,34.773055,23.315178,0.08702205874309188,1.4852732248992666,2.6194479170315907,0.02,fresh
499,gpr_dataset_0499.in,datasets/sam-29/files/gpr_dataset_0499.in,0.20239519417743126,42.301567,35.684187,22.014246,0.2170455136547242,1.592155699848156,2.630173050121754,0.02,fresh
500,gpr_dataset_0500.in,datasets/sam-29/files/gpr_dataset_0500.in,0.3370107413244757,41.313648,31.661514,27.024838,0.1770784214766426,1.3620105655787176,2.6738848013678402,0.02,fresh
501,gpr_dataset_0501.in,datasets/sam-29/files/gpr_dataset_0501.in,0.12212870707712052,49.074979,38.150143,12.774878,0.22917223443582474,1.3134171916115764,2.62713593529735,0.02,fresh
502,gpr_dataset_0502.in,datasets/sam-29/files/gpr_dataset_0502.in,0.33665160859719745,44.432814,25.994237,29.572949,0.06260097566251116,1.3361026780765752,2.642962141089021,0.02,fresh
503,gpr_dataset_0503.in,datasets/sam-29/files/gpr_dataset_0503.in,0.27595288592226186,47.451623,36.100761,16.447616,0.10775768255880672,1.3706156926940694,2.6918489390629214,0.02,fresh
504,gpr_dataset_0504.in,datasets/sam-29/files/gpr_dataset_0504.in,0.4401964684177504,49.577519,32.956931,17.46555,0.24583245663969983,1.444011707042105,2.6352716041268054,0.02,fresh
505,gpr_dataset_0505.in,datasets/sam-29/files/gpr_dataset_0505.in,0.2214735164555941,41.661384,34.860697,23.477919,0.09464029585343026,1.414478258512801,2.623388481367443,0.02,fresh
506,gpr_dataset_0506.in,datasets/sam-29/files/gpr_dataset_0506.in,0.3559438683089874,46.218996,29.415165,24.365839,0.18539286119092135,1.4902700755524092,2.6179189654190718,0.02,fresh
507,gpr_dataset_0507.in,datasets/sam-29/files/gpr_dataset_0507.in,0.2898224491692507,42.621919,34.105482,23.272599,0.1569048866038627,1.5675335916180906,2.6755203043701554,0.02,fresh
508,gpr_dataset_0508.in,datasets/sam-29/files/gpr_dataset_0508.in,0.3077930437790025,43.532491,39.319852,17.147657,0.11722045231531869,1.57397178142267,2.6854310923712403,0.02,fresh
509,gpr_dataset_0509.in,datasets/sam-29/files/gpr_dataset_0509.in,0.3944610691382491,42.102604,29.759821,28.137575,0.0940882433868686,1.351529097241155,2.608610001768031,0.02,fresh
510,gpr_dataset_0510.in,datasets/sam-29/files/gpr_dataset_0510.in,0.47398761121577115,46.061538,38.606662,15.3318,0.060416336618394385,1.4889787538871153,2.6660274325115756,0.02,fresh
511,gpr_dataset_0511.in,datasets/sam-29/files/gpr_dataset_0511.in,0.3313534371762921,48.855196,31.726759,19.418045,0.19554600709137243,1.4527301548000582,2.616162836706259,0.02,fresh
512,gpr_dataset_0512.in,datasets/sam-29/files/gpr_dataset_0512.in,0.4010015052824102,39.555489,37.5313,22.913211,0.17840492835788963,1.3165645961832817,2.681583322680267,0.02,fresh
513,gpr_dataset_0513.in,datasets/sam-29/files/gpr_dataset_0513.in,0.44191139829695936,38.758292,39.11991,22.121798,0.13220455592399633,1.4476652615977725,2.6919954539031488,0.02,fresh
514,gpr_dataset_0514.in,datasets/sam-29/files/gpr_dataset_0514.in,0.31225102695711243,41.740352,39.679647,18.580001,0.09876969401791445,1.5993102995693116,2.654049432625397,0.02,fresh
515,gpr_dataset_0515.in,datasets/sam-29/files/gpr_dataset_0515.in,0.4338693746247737,37.101689,35.826983,27.071328,0.21467359505261452,1.3681827883484756,2.668441662732899,0.02,fresh
516,gpr_dataset_0516.in,datasets/sam-29/files/gpr_dataset_0516.in,0.3185047750699487,39.766624,35.143238,25.090138,0.1944100630597841,1.4099045367923282,2.6150521313746595,0.02,fresh
517,gpr_dataset_0517.in,datasets/sam-29/files/gpr_dataset_0517.in,0.4585566551130563,44.619198,30.525908,24.854894,0.09057100857108352,1.5033023303718263,2.6851229501917686,0.02,fresh
518,gpr_dataset_0518.in,datasets/sam-29/files/gpr_dataset_0518.in,0.12041448873085536,49.920791,32.52646,17.552749,0.1109136881464518,1.5740056362087875,2.6369178684417456,0.02,fresh
519,gpr_dataset_0519.in,datasets/sam-29/files/gpr_dataset_0519.in,0.1765801317833589,45.258533,31.179004,23.562463,0.13334621857594214,1.586144664395301,2.6999429854296237,0.02,fresh
520,gpr_dataset_0520.in,datasets/sam-29/files/gpr_dataset_0520.in,0.30338672862594623,42.382872,38.147638,19.46949,0.08507423770378686,1.3006207901444276,2.6668749495432644,0.02,fresh
521,gpr_dataset_0521.in,datasets/sam-29/files/gpr_dataset_0521.in,0.2572195377287829,44.781923,28.867537,26.35054,0.11980088778931644,1.3045814795378083,2.6188359672471373,0.02,fresh
522,gpr_dataset_0522.in,datasets/sam-29/files/gpr_dataset_0522.in,0.35954455768548377,40.321961,35.866439,23.8116,0.23718737797373574,1.3854056180625738,2.620533960561269,0.02,fresh
523,gpr_dataset_0523.in,datasets/sam-29/files/gpr_dataset_0523.in,0.20539568469858593,43.042464,36.664889,20.292647,0.058041408284851076,1.3604066696060482,2.6723031134206052,0.02,fresh
524,gpr_dataset_0524.in,datasets/sam-29/files/gpr_dataset_0524.in,0.20364628186751235,36.264026,39.597618,24.138356,0.07492089112626453,1.3088466711911069,2.6381442766376715,0.02,fresh
525,gpr_dataset_0525.in,datasets/sam-29/files/gpr_dataset_0525.in,0.15011383327973393,45.247499,38.384218,16.368283,0.14446000678266804,1.3093432480138931,2.6099236487765602,0.02,fresh
526,gpr_dataset_0526.in,datasets/sam-29/files/gpr_dataset_0526.in,0.12626872827295174,49.297454,27.039999,23.662547,0.05321111878944427,1.4012147706049922,2.678649719776862,0.02,fresh
527,gpr_dataset_0527.in,datasets/sam-29/files/gpr_dataset_0527.in,0.11594384476435603,47.652745,24.959821,27.387434,0.12746862471118342,1.4147899539375133,2.602657695791891,0.02,fresh
528,gpr_dataset_0528.in,datasets/sam-29/files/gpr_dataset_0528.in,0.16267595344172806,44.113455,32.791356,23.095189,0.08199787730992565,1.5814857243575138,2.689324135491031,0.02,fresh
529,gpr_dataset_0529.in,datasets/sam-29/files/gpr_dataset_0529.in,0.13069175463726987,41.351411,32.525286,26.123303,0.23774182175508202,1.369168034232261,2.648880752936694,0.02,fresh
530,gpr_dataset_0530.in,datasets/sam-29/files/gpr_dataset_0530.in,0.4210440346583474,42.578679,28.365543,29.055778,0.14140624095870014,1.4348299157104705,2.6791767223971954,0.02,fresh
531,gpr_dataset_0531.in,datasets/sam-29/files/gpr_dataset_0531.in,0.35831768173775613,40.052779,35.538731,24.40849,0.0836102846206442,1.3369768457724311,2.669211956293218,0.02,fresh
532,gpr_dataset_0532.in,datasets/sam-29/files/gpr_dataset_0532.in,0.12771369666076687,44.006536,34.937868,21.055596,0.11180784723774362,1.3269459351272812,2.649315286674397,0.02,fresh
533,gpr_dataset_0533.in,datasets/sam-29/files/gpr_dataset_0533.in,0.12064054063205472,44.14175,32.556402,23.301848,0.20107331297988051,1.4701888427422272,2.650977693656507,0.02,fresh
534,gpr_dataset_0534.in,datasets/sam-29/files/gpr_dataset_0534.in,0.1115222275238692,48.862242,34.117117,17.020641,0.051609118977448604,1.5188271115952356,2.6516916889780524,0.02,fresh
535,gpr_dataset_0535.in,datasets/sam-29/files/gpr_dataset_0535.in,0.23518890275499527,35.868706,36.429881,27.701413,0.21295713160252455,1.3001340267987276,2.680805286849604,0.02,fresh
536,gpr_dataset_0536.in,datasets/sam-29/files/gpr_dataset_0536.in,0.4259485981222808,48.795267,25.429198,25.775535,0.09474059763738976,1.309044118797704,2.6206528141945395,0.02,fresh
537,gpr_dataset_0537.in,datasets/sam-29/files/gpr_dataset_0537.in,0.1399349167010979,37.621372,38.347167,24.031461,0.241254363086929,1.3041544181534408,2.6530556859130545,0.02,fresh
538,gpr_dataset_0538.in,datasets/sam-29/files/gpr_dataset_0538.in,0.26056050777106227,40.683159,31.857915,27.458926,0.1746335689951432,1.334416427130803,2.6078676365181974,0.02,fresh
539,gpr_dataset_0539.in,datasets/sam-29/files/gpr_dataset_0539.in,0.23262636197335543,38.163987,34.528771,27.307242,0.07678762949131075,1.4463336923343397,2.6742221216412676,0.02,fresh
540,gpr_dataset_0540.in,datasets/sam-29/files/gpr_dataset_0540.in,0.43368762851354437,43.82773,29.215734,26.956536,0.09489802232921048,1.4601966489236828,2.657656647586881,0.02,fresh
541,gpr_dataset_0541.in,datasets/sam-29/files/gpr_dataset_0541.in,0.18292886646090115,48.335464,29.64808,22.016456,0.0980768353300854,1.3856595356000154,2.624529190459049,0.02,fresh
542,gpr_dataset_0542.in,datasets/sam-29/files/gpr_dataset_0542.in,0.1579051837664181,44.930412,33.807867,21.261721,0.13873856769755402,1.3021691917971385,2.6526116548471945,0.02,fresh
543,gpr_dataset_0543.in,datasets/sam-29/files/gpr_dataset_0543.in,0.19032492484314095,48.442578,29.77164,21.785782,0.16730078206967483,1.3023837550278612,2.6199552547121647,0.02,fresh
544,gpr_dataset_0544.in,datasets/sam-29/files/gpr_dataset_0544.in,0.261899847009897,40.053882,34.014649,25.931469,0.18240995856681252,1.478405830862119,2.6890425598744465,0.02,fresh
545,gpr_dataset_0545.in,datasets/sam-29/files/gpr_dataset_0545.in,0.3858389233909564,36.033752,38.972597,24.993651,0.1516998060120715,1.5546551331353204,2.608228116722416,0.02,fresh
546,gpr_dataset_0546.in,datasets/sam-29/files/gpr_dataset_0546.in,0.3214692200494379,48.666341,34.816723,16.516936,0.24288039047862048,1.4295573090967704,2.631546367247443,0.02,fresh
547,gpr_dataset_0547.in,datasets/sam-29/files/gpr_dataset_0547.in,0.3398443692741691,43.434746,29.929986,26.635268,0.1395940919755123,1.439311252986051,2.618002709475473,0.02,fresh
548,gpr_dataset_0548.in,datasets/sam-29/files/gpr_dataset_0548.in,0.408584506512203,45.660492,33.217257,21.122251,0.10241342216098136,1.5133681600181397,2.6549342784398036,0.02,fresh
549,gpr_dataset_0549.in,datasets/sam-29/files/gpr_dataset_0549.in,0.18070953762011574,47.428554,29.629163,22.942283,0.1940315678376765,1.4688203844822836,2.6857569661455973,0.02,fresh
550,gpr_dataset_0550.in,datasets/sam-29/files/gpr_dataset_0550.in,0.2432097169420532,49.112894,32.952032,17.935074,0.18401945457768637,1.373899023658059,2.6712702408656788,0.02,fresh
551,gpr_dataset_0551.in,datasets/sam-29/files/gpr_dataset_0551.in,0.4345733771333282,47.99446,26.489975,25.515565,0.18676638657883105,1.4626476943044495,2.66844252536268,0.02,fresh
552,gpr_dataset_0552.in,datasets/sam-29/files/gpr_dataset_0552.in,0.22705536419392805,48.643181,29.929212,21.427607,0.12868419851959018,1.569117646441052,2.6486611569400726,0.02,fresh
553,gpr_dataset_0553.in,datasets/sam-29/files/gpr_dataset_0553.in,0.1725004522977429,34.308114,37.745796,27.94609,0.22848457081553158,1.4982503024043214,2.664129020612644,0.02,fresh
554,gpr_dataset_0554.in,datasets/sam-29/files/gpr_dataset_0554.in,0.30763662639722833,38.264675,34.259606,27.475719,0.1758276263339436,1.5124962676072056,2.688680604278028,0.02,fresh
555,gpr_dataset_0555.in,datasets/sam-29/files/gpr_dataset_0555.in,0.29944107729146513,45.085939,32.286515,22.627546,0.23195590856030385,1.4020513753150323,2.60471443560189,0.02,fresh
556,gpr_dataset_0556.in,datasets/sam-29/files/gpr_dataset_0556.in,0.22717934499590334,36.14106,36.972913,26.886027,0.2381256974128798,1.5025793626848711,2.605404321239094,0.02,fresh
557,gpr_dataset_0557.in,datasets/sam-29/files/gpr_dataset_0557.in,0.3378065286442931,44.578316,37.057859,18.363825,0.23220440507973927,1.4069299603144167,2.679079846631838,0.02,fresh
558,gpr_dataset_0558.in,datasets/sam-29/files/gpr_dataset_0558.in,0.1280708115052176,42.957564,27.217526,29.82491,0.24941064142197916,1.3636421720285101,2.6180030244546444,0.02,fresh
559,gpr_dataset_0559.in,datasets/sam-29/files/gpr_dataset_0559.in,0.1459674988027027,47.113332,30.901445,21.985223,0.08376116923967705,1.3973006770157013,2.661091967831081,0.02,fresh
560,gpr_dataset_0560.in,datasets/sam-29/files/gpr_dataset_0560.in,0.47999320172570625,45.279395,34.277518,20.443087,0.15984310014196212,1.3213319423061356,2.609176351784004,0.02,fresh
561,gpr_dataset_0561.in,datasets/sam-29/files/gpr_dataset_0561.in,0.13991566422615642,49.321148,32.424539,18.254313,0.13734431214109788,1.303425672044068,2.6799663468983885,0.02,fresh
562,gpr_dataset_0562.in,datasets/sam-29/files/gpr_dataset_0562.in,0.25920636534434977,41.874606,31.912577,26.212817,0.1256605631060193,1.5057948782888544,2.688877089275744,0.02,fresh
563,gpr_dataset_0563.in,datasets/sam-29/files/gpr_dataset_0563.in,0.26941165601162376,47.430778,36.593078,15.976144,0.12081092275690575,1.418519227659678,2.671196526838246,0.02,fresh
564,gpr_dataset_0564.in,datasets/sam-29/files/gpr_dataset_0564.in,0.18194579034442415,39.64753,38.795537,21.556933,0.16267046302082255,1.4859677040334622,2.6021248988737624,0.02,fresh
565,gpr_dataset_0565.in,datasets/sam-29/files/gpr_dataset_0565.in,0.40423048400388073,40.741522,29.336484,29.921994,0.13388949681250598,1.5782822013853601,2.6732914947908926,0.02,fresh
566,gpr_dataset_0566.in,datasets/sam-29/files/gpr_dataset_0566.in,0.35977093010818784,47.454815,31.955031,20.590154,0.07861193707620939,1.440219663630216,2.62627834586767,0.02,fresh
567,gpr_dataset_0567.in,datasets/sam-29/files/gpr_dataset_0567.in,0.4474185419503125,40.180708,36.643017,23.176275,0.13989769814739839,1.4585241651501015,2.652650335528633,0.02,fresh
568,gpr_dataset_0568.in,datasets/sam-29/files/gpr_dataset_0568.in,0.4571413523910862,46.135652,39.112208,14.75214,0.16371919986486677,1.4832481801208925,2.6476102680557037,0.02,fresh
569,gpr_dataset_0569.in,datasets/sam-29/files/gpr_dataset_0569.in,0.2058245178728352,45.135718,27.350739,27.513543,0.0946486010989355,1.4350786795144397,2.6719033704978488,0.02,fresh
570,gpr_dataset_0570.in,datasets/sam-29/files/gpr_dataset_0570.in,0.38863572887979625,48.840005,32.923436,18.236559,0.23992774531937855,1.5469779977649454,2.618046684371859,0.02,fresh
571,gpr_dataset_0571.in,datasets/sam-29/files/gpr_dataset_0571.in,0.42766930723332197,39.731153,37.835858,22.432989,0.09847331647445767,1.5986961123968868,2.6389456005062524,0.02,fresh
572,gpr_dataset_0572.in,datasets/sam-29/files/gpr_dataset_0572.in,0.41920782065588524,48.82348,31.386318,19.790202,0.2100910135349881,1.4207809555302582,2.6741334926189433,0.02,fresh
573,gpr_dataset_0573.in,datasets/sam-29/files/gpr_dataset_0573.in,0.3602580044295324,47.539745,30.750357,21.709898,0.08880630346461793,1.3997529113207592,2.64173769470398,0.02,fresh
574,gpr_dataset_0574.in,datasets/sam-29/files/gpr_dataset_0574.in,0.43710934366438303,42.705916,30.126748,27.167336,0.09127745829415335,1.4787247525988658,2.6179605352571818,0.02,fresh
575,gpr_dataset_0575.in,datasets/sam-29/files/gpr_dataset_0575.in,0.1368851664271468,37.642137,33.12593,29.231933,0.10376616379689736,1.5715493579141444,2.6794379375131037,0.02,fresh
576,gpr_dataset_0576.in,datasets/sam-29/files/gpr_dataset_0576.in,0.3981647437111695,34.156601,37.981364,27.862035,0.1981193496544767,1.4188992466418475,2.679738765590637,0.02,fresh
577,gpr_dataset_0577.in,datasets/sam-29/files/gpr_dataset_0577.in,0.22138550290340153,41.263755,36.82212,21.914125,0.11131293774223168,1.4544538506899753,2.646112065106495,0.02,fresh
578,gpr_dataset_0578.in,datasets/sam-29/files/gpr_dataset_0578.in,0.41246179311511344,48.380735,24.991667,26.627598,0.245972938039706,1.3686888876033845,2.6083014419384902,0.02,fresh
579,gpr_dataset_0579.in,datasets/sam-29/files/gpr_dataset_0579.in,0.4658036017023518,40.245615,33.944129,25.810256,0.15974857743936471,1.371112545954633,2.6146897470767128,0.02,fresh
580,gpr_dataset_0580.in,datasets/sam-29/files/gpr_dataset_0580.in,0.25534280133737164,40.413868,37.20239,22.383742,0.231674152557503,1.3151710776153827,2.695306367708047,0.02,fresh
581,gpr_dataset_0581.in,datasets/sam-29/files/gpr_dataset_0581.in,0.3321524342149422,49.259251,34.464692,16.276057,0.19326290701677962,1.3559023503648684,2.635207840053698,0.02,fresh
582,gpr_dataset_0582.in,datasets/sam-29/files/gpr_dataset_0582.in,0.28959708591628003,46.855107,25.472851,27.672042,0.19519580248607166,1.4557885612072181,2.6772406458609583,0.02,fresh
583,gpr_dataset_0583.in,datasets/sam-29/files/gpr_dataset_0583.in,0.4847118888802975,45.446158,39.361998,15.191844,0.10811986115462523,1.3632378343409546,2.600105025755802,0.02,fresh
584,gpr_dataset_0584.in,datasets/sam-29/files/gpr_dataset_0584.in,0.1551903072343592,35.665409,36.364036,27.970555,0.09827413639213303,1.3744199750274424,2.6276179760582705,0.02,fresh
585,gpr_dataset_0585.in,datasets/sam-29/files/gpr_dataset_0585.in,0.18279986451950114,36.694805,37.012968,26.292227,0.23736062090132154,1.303083596186263,2.612692485406382,0.02,fresh
586,gpr_dataset_0586.in,datasets/sam-29/files/gpr_dataset_0586.in,0.40862773265533725,49.806429,26.984272,23.209299,0.23727526502505736,1.511033903406931,2.6469259569237558,0.02,fresh
587,gpr_dataset_0587.in,datasets/sam-29/files/gpr_dataset_0587.in,0.37066789295727776,45.550391,28.929558,25.520051,0.2239070589989841,1.3065687030158766,2.6695691515989344,0.02,fresh
588,gpr_dataset_0588.in,datasets/sam-29/files/gpr_dataset_0588.in,0.46084665608521436,46.47682,26.844629,26.678551,0.13517603630772823,1.310186758745296,2.646917911801339,0.02,fresh
589,gpr_dataset_0589.in,datasets/sam-29/files/gpr_dataset_0589.in,0.4332649677996995,49.482115,34.012866,16.505019,0.17756294080255053,1.536100135604259,2.683514542214501,0.02,fresh
590,gpr_dataset_0590.in,datasets/sam-29/files/gpr_dataset_0590.in,0.20452113723627885,35.250036,36.809846,27.940118,0.09239157103231058,1.3975587383448023,2.6496481197315847,0.02,fresh
591,gpr_dataset_0591.in,datasets/sam-29/files/gpr_dataset_0591.in,0.45852677906553674,47.218215,34.921969,17.859816,0.13077841442762922,1.5705484089907664,2.615622107390764,0.02,fresh
592,gpr_dataset_0592.in,datasets/sam-29/files/gpr_dataset_0592.in,0.26412954746602546,33.975961,37.435024,28.589015,0.2357824256043417,1.53650952203166,2.6089200272475077,0.02,fresh
593,gpr_dataset_0593.in,datasets/sam-29/files/gpr_dataset_0593.in,0.15085533423480177,47.796521,35.410906,16.792573,0.2323962655752515,1.5545717192603443,2.661788672612263,0.02,fresh
594,gpr_dataset_0594.in,datasets/sam-29/files/gpr_dataset_0594.in,0.3200979777078252,44.257952,30.811656,24.930392,0.16483479649307542,1.4814245183667674,2.6505939903370903,0.02,fresh
595,gpr_dataset_0595.in,datasets/sam-29/files/gpr_dataset_0595.in,0.4873310838203755,45.320201,33.030934,21.648865,0.17452527800352138,1.415973767510584,2.6465447384915493,0.02,fresh
596,gpr_dataset_0596.in,datasets/sam-29/files/gpr_dataset_0596.in,0.3263250325434527,46.227708,34.900344,18.871948,0.23468687241367253,1.3731174901143328,2.621670692558452,0.02,fresh
597,gpr_dataset_0597.in,datasets/sam-29/files/gpr_dataset_0597.in,0.16028581369604944,47.781772,35.970116,16.248112,0.21607193007444664,1.5681289925421562,2.673161117471481,0.02,fresh
598,gpr_dataset_0598.in,datasets/sam-29/files/gpr_dataset_0598.in,0.4478289622321685,48.370251,29.831462,21.798287,0.08942986369331846,1.5534467042472127,2.6042891048941357,0.02,fresh
599,gpr_dataset_0599.in,datasets/sam-29/files/gpr_dataset_0599.in,0.40403722250743046,43.433574,35.892623,20.673803,0.22914652956797293,1.3968105563298945,2.654597500009083,0.02,fresh
600,gpr_dataset_0600.in,datasets/sam-29/files/gpr_dataset_0600.in,0.3286299779711499,43.989825,38.557243,17.452932,0.17116013082362924,1.4038596136012969,2.6285407805016194,0.02,fresh
601,gpr_dataset_0601.in,datasets/sam-29/files/gpr_dataset_0601.in,0.2056154445392133,49.116169,30.24695,20.636881,0.22129611041016717,1.4110189149657006,2.6213664519086253,0.02,fresh
602,gpr_dataset_0602.in,datasets/sam-29/files/gpr_dataset_0602.in,0.28912848113786804,46.246794,32.296377,21.456829,0.2240154293661416,1.4838227888648423,2.674448397865106,0.02,fresh
603,gpr_dataset_0603.in,datasets/sam-29/files/gpr_dataset_0603.in,0.32409041413431583,43.851045,39.380683,16.768272,0.2285685355342293,1.3717340529693074,2.6547141924264652,0.02,fresh
604,gpr_dataset_0604.in,datasets/sam-29/files/gpr_dataset_0604.in,0.4867960486160656,48.980808,30.955565,20.063627,0.1955612064716889,1.3503450082722603,2.6861806627031237,0.02,fresh
605,gpr_dataset_0605.in,datasets/sam-29/files/gpr_dataset_0605.in,0.1250200251110723,38.076544,37.647732,24.275724,0.23191864277201402,1.3818936194343086,2.693614078667392,0.02,fresh
606,gpr_dataset_0606.in,datasets/sam-29/files/gpr_dataset_0606.in,0.4168378972898338,43.930691,35.644721,20.424588,0.18547647018994612,1.376515556907685,2.678514546346358,0.02,fresh
607,gpr_dataset_0607.in,datasets/sam-29/files/gpr_dataset_0607.in,0.351196103981504,47.292696,26.597851,26.109453,0.13388861392808266,1.3703338886347476,2.69102858813588,0.02,fresh
608,gpr_dataset_0608.in,datasets/sam-29/files/gpr_dataset_0608.in,0.1255769408554746,46.403311,32.555975,21.040714,0.14072806191816528,1.4045092792889102,2.664142885853704,0.02,fresh
609,gpr_dataset_0609.in,datasets/sam-29/files/gpr_dataset_0609.in,0.30736081601171317,49.252815,28.424996,22.322189,0.16340196004751112,1.568780246743479,2.656951948986639,0.02,fresh
610,gpr_dataset_0610.in,datasets/sam-29/files/gpr_dataset_0610.in,0.4690198995000051,44.656434,31.285348,24.058218,0.2051727667124596,1.4478793077804448,2.687565795256901,0.02,fresh
611,gpr_dataset_0611.in,datasets/sam-29/files/gpr_dataset_0611.in,0.18660267966065291,42.939466,32.444621,24.615913,0.1887424434389659,1.3565638646224123,2.6956330198394327,0.02,fresh
612,gpr_dataset_0612.in,datasets/sam-29/files/gpr_dataset_0612.in,0.2819234408745883,49.22023,25.279883,25.499887,0.14198369331445465,1.3622874064708899,2.6350067789733336,0.02,fresh
613,gpr_dataset_0613.in,datasets/sam-29/files/gpr_dataset_0613.in,0.24718237215832117,39.170586,33.559739,27.269675,0.18337202840889072,1.5204553415670516,2.617354259884445,0.02,fresh
614,gpr_dataset_0614.in,datasets/sam-29/files/gpr_dataset_0614.in,0.2834509711990537,38.081516,37.470741,24.447743,0.12310415288320087,1.585060372525833,2.6614475051375988,0.02,fresh
615,gpr_dataset_0615.in,datasets/sam-29/files/gpr_dataset_0615.in,0.382349343837176,45.577946,34.929365,19.492689,0.22792489557653384,1.4835770256696414,2.6855677128599784,0.02,fresh
616,gpr_dataset_0616.in,datasets/sam-29/files/gpr_dataset_0616.in,0.299813073879858,49.04217,24.392988,26.564842,0.09773655833101545,1.3765199784218485,2.6600375078709164,0.02,fresh
617,gpr_dataset_0617.in,datasets/sam-29/files/gpr_dataset_0617.in,0.35595534539559137,44.025115,39.989863,15.985022,0.08454374720699448,1.332692568068774,2.6075927285982834,0.02,fresh
618,gpr_dataset_0618.in,datasets/sam-29/files/gpr_dataset_0618.in,0.2881515840850376,49.091793,30.372847,20.53536,0.13454686301058774,1.4611245129300992,2.633045060464023,0.02,fresh
619,gpr_dataset_0619.in,datasets/sam-29/files/gpr_dataset_0619.in,0.12560248370781668,45.607718,30.768495,23.623787,0.20076155001839008,1.3491947013610088,2.6486179121589846,0.02,fresh
620,gpr_dataset_0620.in,datasets/sam-29/files/gpr_dataset_0620.in,0.4032446997177116,46.919516,27.003189,26.077295,0.16772801720017522,1.485124156136319,2.680662224094608,0.02,fresh
621,gpr_dataset_0621.in,datasets/sam-29/files/gpr_dataset_0621.in,0.2507229330420222,47.033936,33.463096,19.502968,0.14832625904582397,1.5752967164695835,2.675876355418813,0.02,fresh
622,gpr_dataset_0622.in,datasets/sam-29/files/gpr_dataset_0622.in,0.1959172151323747,47.979726,26.355765,25.664509,0.20946575385864102,1.3276887513497773,2.6479935254329825,0.02,fresh
623,gpr_dataset_0623.in,datasets/sam-29/files/gpr_dataset_0623.in,0.266130313092773,48.118463,28.628906,23.252631,0.209065880445452,1.3742309371106654,2.6519976905971347,0.02,fresh
624,gpr_dataset_0624.in,datasets/sam-29/files/gpr_dataset_0624.in,0.2757142064230812,46.614015,31.269414,22.116571,0.21446455151719712,1.3300962960865592,2.674147801268074,0.02,fresh
625,gpr_dataset_0625.in,datasets/sam-29/files/gpr_dataset_0625.in,0.2055024508246807,40.233646,30.277478,29.488876,0.1300651792118812,1.3615698642106506,2.6071238331433544,0.02,fresh
626,gpr_dataset_0626.in,datasets/sam-29/files/gpr_dataset_0626.in,0.3154144900081711,45.74523,34.185885,20.068885,0.18462195539634274,1.5061820094789296,2.6513676424345554,0.02,fresh
627,gpr_dataset_0627.in,datasets/sam-29/files/gpr_dataset_0627.in,0.47955038801676664,38.96918,36.525639,24.505181,0.16936842760465037,1.5002719341135216,2.6577528230230154,0.02,fresh
628,gpr_dataset_0628.in,datasets/sam-29/files/gpr_dataset_0628.in,0.3387990424420706,42.698716,29.518148,27.783136,0.20182630119849548,1.3167927165138023,2.6344212414459984,0.02,fresh
629,gpr_dataset_0629.in,datasets/sam-29/files/gpr_dataset_0629.in,0.3701458116468158,44.793731,29.662982,25.543287,0.0926299853484911,1.3263616508723262,2.6934636852928753,0.02,fresh
630,gpr_dataset_0630.in,datasets/sam-29/files/gpr_dataset_0630.in,0.4076765386332615,40.74729,38.218136,21.034574,0.1582812825852712,1.5314956400666957,2.6330729400986317,0.02,fresh
631,gpr_dataset_0631.in,datasets/sam-29/files/gpr_dataset_0631.in,0.15676327053760652,42.353834,29.111612,28.534554,0.14969879404630854,1.3546981681095633,2.6087106338203143,0.02,fresh
632,gpr_dataset_0632.in,datasets/sam-29/files/gpr_dataset_0632.in,0.26738064553440866,49.346878,36.049302,14.60382,0.144450160135995,1.4385774622954224,2.607545013954767,0.02,fresh
633,gpr_dataset_0633.in,datasets/sam-29/files/gpr_dataset_0633.in,0.3964886425867501,49.329867,35.591803,15.07833,0.23254386534562238,1.569524947934032,2.6807112170560536,0.02,fresh
634,gpr_dataset_0634.in,datasets/sam-29/files/gpr_dataset_0634.in,0.12784828833689232,45.954682,27.724715,26.320603,0.16894876279473586,1.313855234806403,2.603517612899457,0.02,fresh
635,gpr_dataset_0635.in,datasets/sam-29/files/gpr_dataset_0635.in,0.16075045011226013,48.147635,26.799932,25.052433,0.05174875886207489,1.3367477060296837,2.623710523930331,0.02,fresh
636,gpr_dataset_0636.in,datasets/sam-29/files/gpr_dataset_0636.in,0.4741012333765856,49.519964,34.099205,16.380831,0.18722908439804126,1.559562567447994,2.6348993958585156,0.02,fresh
637,gpr_dataset_0637.in,datasets/sam-29/files/gpr_dataset_0637.in,0.454291700746129,41.486583,29.856368,28.657049,0.17545824837337032,1.3735896044544482,2.6334906788316217,0.02,fresh
638,gpr_dataset_0638.in,datasets/sam-29/files/gpr_dataset_0638.in,0.3586876131667026,47.822348,34.988185,17.189467,0.05600924097419729,1.4172068373676878,2.622022124940207,0.02,fresh
639,gpr_dataset_0639.in,datasets/sam-29/files/gpr_dataset_0639.in,0.37046262169134425,47.680522,34.425527,17.893951,0.15165454971037584,1.4111509501856587,2.6130387743370003,0.02,fresh
640,gpr_dataset_0640.in,datasets/sam-29/files/gpr_dataset_0640.in,0.2651223003153913,45.461529,38.609339,15.929132,0.1673076960993906,1.538549500662517,2.620388191466553,0.02,fresh
641,gpr_dataset_0641.in,datasets/sam-29/files/gpr_dataset_0641.in,0.2599698378784644,48.464696,32.772173,18.763131,0.0912734612952189,1.578865658600099,2.686320453099518,0.02,fresh
642,gpr_dataset_0642.in,datasets/sam-29/files/gpr_dataset_0642.in,0.39293168776326814,49.147788,37.52568,13.326532,0.1765238869395372,1.3353372917760762,2.668798306657954,0.02,fresh
643,gpr_dataset_0643.in,datasets/sam-29/files/gpr_dataset_0643.in,0.40019769520077997,48.385434,32.538895,19.075671,0.08731607467920399,1.4113756987420063,2.6511439745446985,0.02,fresh
644,gpr_dataset_0644.in,datasets/sam-29/files/gpr_dataset_0644.in,0.2980985410081179,38.650989,39.332226,22.016785,0.1582670185893647,1.4007974911197845,2.609166440831336,0.02,fresh
645,gpr_dataset_0645.in,datasets/sam-29/files/gpr_dataset_0645.in,0.3783549542495832,45.692044,37.094323,17.213633,0.07170354650340752,1.5196557651489364,2.655859191082262,0.02,fresh
646,gpr_dataset_0646.in,datasets/sam-29/files/gpr_dataset_0646.in,0.1290163153117504,42.495502,35.932635,21.571863,0.16522792495977967,1.5000523842797544,2.6222070364930348,0.02,fresh
647,gpr_dataset_0647.in,datasets/sam-29/files/gpr_dataset_0647.in,0.2999265021604805,38.609963,37.166638,24.223399,0.10410464090092247,1.4709777224636365,2.6482295639879605,0.02,fresh
648,gpr_dataset_0648.in,datasets/sam-29/files/gpr_dataset_0648.in,0.2659217510768631,47.131232,28.660592,24.208176,0.22121321468787886,1.4016680071627712,2.672487769101049,0.02,fresh
649,gpr_dataset_0649.in,datasets/sam-29/files/gpr_dataset_0649.in,0.42786368509754324,42.835985,34.231791,22.932224,0.09133736966053559,1.4636111078061647,2.6492586634454742,0.02,fresh
650,gpr_dataset_0650.in,datasets/sam-29/files/gpr_dataset_0650.in,0.37941137292034244,44.817548,38.27223,16.910222,0.2161201460835281,1.3512624557131603,2.665310955662762,0.02,fresh
651,gpr_dataset_0651.in,datasets/sam-29/files/gpr_dataset_0651.in,0.43829732871722005,49.023649,33.591342,17.385009,0.08014848887806558,1.4641826875310386,2.6564082188936617,0.02,fresh
652,gpr_dataset_0652.in,datasets/sam-29/files/gpr_dataset_0652.in,0.43105064331483545,49.696263,29.816436,20.487301,0.18516023740894888,1.438295510276269,2.6966269079282696,0.02,fresh
653,gpr_dataset_0653.in,datasets/sam-29/files/gpr_dataset_0653.in,0.22044694212740273,40.316722,34.55489,25.128388,0.09989816105999749,1.3721628375388364,2.630117295280196,0.02,fresh
654,gpr_dataset_0654.in,datasets/sam-29/files/gpr_dataset_0654.in,0.13554472432003997,40.168023,33.849409,25.982568,0.2067533706859792,1.3883618641799629,2.694445502925871,0.02,fresh
655,gpr_dataset_0655.in,datasets/sam-29/files/gpr_dataset_0655.in,0.4912556971746991,42.680875,33.911321,23.407804,0.21097305374548475,1.421286585895284,2.618439519968545,0.02,fresh
656,gpr_dataset_0656.in,datasets/sam-29/files/gpr_dataset_0656.in,0.42765323620195106,45.59439,30.205293,24.200317,0.16864394034687608,1.4944770172219604,2.600395883729228,0.02,fresh
657,gpr_dataset_0657.in,datasets/sam-29/files/gpr_dataset_0657.in,0.33842907896947905,35.067646,36.695196,28.237158,0.1832789787053089,1.4852618780012754,2.6538129570367404,0.02,fresh
658,gpr_dataset_0658.in,datasets/sam-29/files/gpr_dataset_0658.in,0.31877067803715253,46.198585,28.898662,24.902753,0.24896756402410014,1.4694663643514507,2.6558169479139657,0.02,fresh
659,gpr_dataset_0659.in,datasets/sam-29/files/gpr_dataset_0659.in,0.26569190838245627,42.838796,34.874486,22.286718,0.14295413651355782,1.4819205667351347,2.6550449939451015,0.02,fresh
660,gpr_dataset_0660.in,datasets/sam-29/files/gpr_dataset_0660.in,0.36769002318278754,41.57257,30.639913,27.787517,0.15071155486376422,1.3217837326538102,2.678591306175108,0.02,fresh
661,gpr_dataset_0661.in,datasets/sam-29/files/gpr_dataset_0661.in,0.2978272910855426,45.494111,29.317507,25.188382,0.20329638832219832,1.5703156266544083,2.6686738787006408,0.02,fresh
662,gpr_dataset_0662.in,datasets/sam-29/files/gpr_dataset_0662.in,0.384809636212992,46.316457,32.052188,21.631355,0.08513015975948342,1.5591144963506436,2.663909361531761,0.02,fresh
663,gpr_dataset_0663.in,datasets/sam-29/files/gpr_dataset_0663.in,0.12857671279453353,49.087531,37.200641,13.711828,0.2384914847630974,1.3998350364825514,2.66625947933382,0.02,fresh
664,gpr_dataset_0664.in,datasets/sam-29/files/gpr_dataset_0664.in,0.37496581190116507,43.19167,30.82057,25.98776,0.09895895642328495,1.5757646643195917,2.6879633843727815,0.02,fresh
665,gpr_dataset_0665.in,datasets/sam-29/files/gpr_dataset_0665.in,0.4374402332127669,40.159989,34.475158,25.364853,0.08852497291441029,1.318834173613261,2.6172257110369057,0.02,fresh
666,gpr_dataset_0666.in,datasets/sam-29/files/gpr_dataset_0666.in,0.2467983253398876,49.332185,26.301605,24.36621,0.09915446119257208,1.438856599237577,2.689716512409782,0.02,fresh
667,gpr_dataset_0667.in,datasets/sam-29/files/gpr_dataset_0667.in,0.14178750150718084,41.466301,34.304383,24.229316,0.12583618334656954,1.3134205951226938,2.64949799660352,0.02,fresh
668,gpr_dataset_0668.in,datasets/sam-29/files/gpr_dataset_0668.in,0.3182308361866597,41.011489,36.781634,22.206877,0.09278966774104798,1.4598459365577838,2.642620124345152,0.02,fresh
669,gpr_dataset_0669.in,datasets/sam-29/files/gpr_dataset_0669.in,0.49559603412551023,41.491583,31.232546,27.275871,0.06820092524785624,1.3586513625522125,2.620322055584659,0.02,fresh
670,gpr_dataset_0670.in,datasets/sam-29/files/gpr_dataset_0670.in,0.3206699185966924,46.673224,34.184748,19.142028,0.2233848384173508,1.3800684186645065,2.635500631171166,0.02,fresh
671,gpr_dataset_0671.in,datasets/sam-29/files/gpr_dataset_0671.in,0.26301058335606786,38.872749,35.856496,25.270755,0.1833013970951008,1.5066709129142701,2.6188290041738376,0.02,fresh
672,gpr_dataset_0672.in,datasets/sam-29/files/gpr_dataset_0672.in,0.3261387056862358,45.765175,35.759594,18.475231,0.19424568029722294,1.315863221763993,2.626052043051181,0.02,fresh
673,gpr_dataset_0673.in,datasets/sam-29/files/gpr_dataset_0673.in,0.21311295697211077,46.274155,33.514962,20.210883,0.0865480495596195,1.3624516357982557,2.627817108089761,0.02,fresh
674,gpr_dataset_0674.in,datasets/sam-29/files/gpr_dataset_0674.in,0.3092422650769627,48.582804,32.366828,19.050368,0.10375222267562317,1.4493699022432247,2.6454037956010135,0.02,fresh
675,gpr_dataset_0675.in,datasets/sam-29/files/gpr_dataset_0675.in,0.2772086300448174,41.977042,30.444904,27.578054,0.05172726767744367,1.4390857172310256,2.6049920431153506,0.02,fresh
676,gpr_dataset_0676.in,datasets/sam-29/files/gpr_dataset_0676.in,0.3971660377306032,43.190276,39.567281,17.242443,0.05620847604619131,1.510704918964139,2.658495579938728,0.02,fresh
677,gpr_dataset_0677.in,datasets/sam-29/files/gpr_dataset_0677.in,0.11409639155109935,46.411308,32.641444,20.947248,0.1061676329382171,1.3904399405351269,2.606400489372897,0.02,fresh
678,gpr_dataset_0678.in,datasets/sam-29/files/gpr_dataset_0678.in,0.32630933275334884,45.249093,33.673939,21.076968,0.1269167642991207,1.3599829021889298,2.6673774905149132,0.02,fresh
679,gpr_dataset_0679.in,datasets/sam-29/files/gpr_dataset_0679.in,0.13296060088118025,34.147357,38.646921,27.205722,0.10998378085452712,1.3233794008021622,2.6231921811048227,0.02,fresh
680,gpr_dataset_0680.in,datasets/sam-29/files/gpr_dataset_0680.in,0.4704505110088829,48.871627,32.572299,18.556074,0.058586503767371734,1.316006709644935,2.6768708709695006,0.02,fresh
681,gpr_dataset_0681.in,datasets/sam-29/files/gpr_dataset_0681.in,0.3415327883551703,46.019677,30.208176,23.772147,0.15712748163791423,1.3031130380127225,2.6323071691735644,0.02,fresh
682,gpr_dataset_0682.in,datasets/sam-29/files/gpr_dataset_0682.in,0.45743993686508155,46.320424,32.912995,20.766581,0.05859440880336924,1.3671315236007746,2.679811342859514,0.02,fresh
683,gpr_dataset_0683.in,datasets/sam-29/files/gpr_dataset_0683.in,0.15824416417335577,42.058033,35.238953,22.703014,0.08995047230650942,1.4356580526308818,2.6851729184131177,0.02,fresh
684,gpr_dataset_0684.in,datasets/sam-29/files/gpr_dataset_0684.in,0.4302167224193467,40.137593,37.736601,22.125806,0.13258114760256307,1.3595608519442859,2.608972179860481,0.02,fresh
685,gpr_dataset_0685.in,datasets/sam-29/files/gpr_dataset_0685.in,0.3374146984499865,36.962756,34.004622,29.032622,0.15063256115326712,1.4720367803061656,2.683444136460354,0.02,fresh
686,gpr_dataset_0686.in,datasets/sam-29/files/gpr_dataset_0686.in,0.3705901622594977,41.705731,38.727029,19.56724,0.11458351246996955,1.4573834513575712,2.6607265843635384,0.02,fresh
687,gpr_dataset_0687.in,datasets/sam-29/files/gpr_dataset_0687.in,0.10439463303718047,37.962447,36.352252,25.685301,0.19910330934687792,1.467908145199633,2.6206211597394535,0.02,fresh
688,gpr_dataset_0688.in,datasets/sam-29/files/gpr_dataset_0688.in,0.34089844762727634,49.1703,33.156367,17.673333,0.09810311912983304,1.582898669220246,2.6996352216819823,0.02,fresh
689,gpr_dataset_0689.in,datasets/sam-29/files/gpr_dataset_0689.in,0.3431272543784295,43.954129,39.879485,16.166386,0.08283322743960281,1.3798176550306267,2.6748640422047014,0.02,fresh
690,gpr_dataset_0690.in,datasets/sam-29/files/gpr_dataset_0690.in,0.2752706236045541,38.665786,39.151463,22.182751,0.17382878018135273,1.3737954671860877,2.63233204397341,0.02,fresh
691,gpr_dataset_0691.in,datasets/sam-29/files/gpr_dataset_0691.in,0.15300516288404775,45.727281,26.482035,27.790684,0.21304631181636724,1.5413998421486497,2.6667998022221204,0.02,fresh
692,gpr_dataset_0692.in,datasets/sam-29/files/gpr_dataset_0692.in,0.44151818774078266,49.440387,37.703318,12.856295,0.16903335743123515,1.519449443694769,2.6753161776423955,0.02,fresh
693,gpr_dataset_0693.in,datasets/sam-29/files/gpr_dataset_0693.in,0.2849058704292398,42.756712,36.090491,21.152797,0.21863341291575905,1.5738104248055442,2.652067248087294,0.02,fresh
694,gpr_dataset_0694.in,datasets/sam-29/files/gpr_dataset_0694.in,0.48890371891628115,36.15426,34.577202,29.268538,0.14528898747434085,1.5099768487382275,2.6881950669414154,0.02,fresh
695,gpr_dataset_0695.in,datasets/sam-29/files/gpr_dataset_0695.in,0.23808084839221763,45.194099,31.396218,23.409683,0.07134707655896771,1.5548065285431205,2.6628322145593737,0.02,fresh
696,gpr_dataset_0696.in,datasets/sam-29/files/gpr_dataset_0696.in,0.4004021670508392,42.674707,33.393916,23.931377,0.23585894447962835,1.5393664776190858,2.626157829307156,0.02,fresh
697,gpr_dataset_0697.in,datasets/sam-29/files/gpr_dataset_0697.in,0.13988742100567597,45.151082,35.88886,18.960058,0.12320167334151642,1.4928047598405572,2.6665371241753064,0.02,fresh
698,gpr_dataset_0698.in,datasets/sam-29/files/gpr_dataset_0698.in,0.4335440785814313,46.882206,35.931037,17.186757,0.17503181575138826,1.5265500313854017,2.6967190737782456,0.02,fresh
699,gpr_dataset_0699.in,datasets/sam-29/files/gpr_dataset_0699.in,0.1902345227440519,41.294117,32.502581,26.203302,0.11898465575827732,1.4369211896703902,2.6123570719201803,0.02,fresh
700,gpr_dataset_0700.in,datasets/sam-29/files/gpr_dataset_0700.in,0.23697197295035674,42.918228,34.534279,22.547493,0.19557688054091005,1.3180628820793483,2.697269847312353,0.02,fresh
701,gpr_dataset_0701.in,datasets/sam-29/files/gpr_dataset_0701.in,0.1056131133973223,41.098632,34.995172,23.906196,0.060293486214477526,1.570949632186187,2.618681530789975,0.02,fresh
702,gpr_dataset_0702.in,datasets/sam-29/files/gpr_dataset_0702.in,0.16434940399196718,38.738004,37.31992,23.942076,0.08874754877013298,1.3268201484433706,2.6174905133824993,0.02,fresh
703,gpr_dataset_0703.in,datasets/sam-29/files/gpr_dataset_0703.in,0.2578074192766493,47.467351,31.570201,20.962448,0.17637368347864008,1.3544441683544197,2.612933767315542,0.02,fresh
704,gpr_dataset_0704.in,datasets/sam-29/files/gpr_dataset_0704.in,0.36435471953229204,47.411689,38.007489,14.580822,0.09224539896286076,1.4874568385095925,2.6644253406037968,0.02,fresh
705,gpr_dataset_0705.in,datasets/sam-29/files/gpr_dataset_0705.in,0.19408367135046314,42.516221,29.86949,27.614289,0.08099650508029765,1.3043553577094502,2.630464804606646,0.02,fresh
706,gpr_dataset_0706.in,datasets/sam-29/files/gpr_dataset_0706.in,0.39002700032724913,37.930853,36.151163,25.917984,0.09804170413784329,1.5665769992317162,2.6351088186937845,0.02,fresh
707,gpr_dataset_0707.in,datasets/sam-29/files/gpr_dataset_0707.in,0.10894911329349943,34.010107,39.379525,26.610368,0.22169597633205496,1.5533228020538372,2.633317705238429,0.02,fresh
708,gpr_dataset_0708.in,datasets/sam-29/files/gpr_dataset_0708.in,0.23656915181403626,43.137447,29.551619,27.310934,0.10375412955456571,1.3906225611874052,2.6261874706767983,0.02,fresh
709,gpr_dataset_0709.in,datasets/sam-29/files/gpr_dataset_0709.in,0.24911680427006166,48.913598,36.129644,14.956758,0.24186713810998117,1.3805660928537127,2.611255798579528,0.02,fresh
710,gpr_dataset_0710.in,datasets/sam-29/files/gpr_dataset_0710.in,0.2965715440802881,38.062998,35.334,26.603002,0.0532039876970047,1.4536575188794978,2.610904080242205,0.02,fresh
711,gpr_dataset_0711.in,datasets/sam-29/files/gpr_dataset_0711.in,0.20275866842812112,48.175095,29.857975,21.96693,0.17093853752008084,1.3688212583092256,2.6791808106342705,0.02,fresh
712,gpr_dataset_0712.in,datasets/sam-29/files/gpr_dataset_0712.in,0.19529025105329045,32.46788,37.754718,29.777402,0.14862761361970594,1.3021837267421805,2.6738486763534666,0.02,fresh
713,gpr_dataset_0713.in,datasets/sam-29/files/gpr_dataset_0713.in,0.12378009150650238,45.562988,36.53746,17.899552,0.2221752730573578,1.382867742075993,2.6025404845761795,0.02,fresh
714,gpr_dataset_0714.in,datasets/sam-29/files/gpr_dataset_0714.in,0.12849209358614877,42.501252,32.518009,24.980739,0.05994862748012786,1.5951573295278165,2.617131482262073,0.02,fresh
715,gpr_dataset_0715.in,datasets/sam-29/files/gpr_dataset_0715.in,0.14346278771253074,43.877025,38.043223,18.079752,0.17830675839712423,1.5363417579092098,2.611585597593476,0.02,fresh
716,gpr_dataset_0716.in,datasets/sam-29/files/gpr_dataset_0716.in,0.15515082904410984,43.534294,33.769549,22.696157,0.0542843408040556,1.3431013519585866,2.6358514274364064,0.02,fresh
717,gpr_dataset_0717.in,datasets/sam-29/files/gpr_dataset_0717.in,0.3715083119196738,44.333084,37.456012,18.210904,0.16904621477105425,1.3378140764484903,2.691079725817455,0.02,fresh
718,gpr_dataset_0718.in,datasets/sam-29/files/gpr_dataset_0718.in,0.4304818159403462,42.165676,35.811341,22.022983,0.05742555451981801,1.5748920882773725,2.6427325747640342,0.02,fresh
719,gpr_dataset_0719.in,datasets/sam-29/files/gpr_dataset_0719.in,0.2962288487916779,40.099417,39.807197,20.093386,0.07876140952960231,1.3738421731092405,2.6583499635521712,0.02,fresh
720,gpr_dataset_0720.in,datasets/sam-29/files/gpr_dataset_0720.in,0.19681799363161545,43.158139,33.522582,23.319279,0.07073406244546576,1.567396258278618,2.6009169943427333,0.02,fresh
721,gpr_dataset_0721.in,datasets/sam-29/files/gpr_dataset_0721.in,0.3833908252866868,42.24418,39.010417,18.745403,0.2486463107864374,1.31931128553947,2.671651980748258,0.02,fresh
722,gpr_dataset_0722.in,datasets/sam-29/files/gpr_dataset_0722.in,0.41200558707584933,45.200372,35.782507,19.017121,0.2459317620412111,1.4834503057807826,2.689421829277755,0.02,fresh
723,gpr_dataset_0723.in,datasets/sam-29/files/gpr_dataset_0723.in,0.12592898871126834,47.164096,37.062293,15.773611,0.11718542717504586,1.5133285890054384,2.6612557686862033,0.02,fresh
724,gpr_dataset_0724.in,datasets/sam-29/files/gpr_dataset_0724.in,0.4302780736220322,43.110911,35.184065,21.705024,0.16679351328722775,1.3630599267180123,2.6462326442001127,0.02,fresh
725,gpr_dataset_0725.in,datasets/sam-29/files/gpr_dataset_0725.in,0.3815135543738015,40.204392,36.752241,23.043367,0.09450786493807961,1.3002644611753598,2.6049841162668423,0.02,fresh
726,gpr_dataset_0726.in,datasets/sam-29/files/gpr_dataset_0726.in,0.44265473522773835,42.271235,32.787502,24.941263,0.1882790389655682,1.4434828297004902,2.6376132152929643,0.02,fresh
727,gpr_dataset_0727.in,datasets/sam-29/files/gpr_dataset_0727.in,0.40186825319378816,38.786285,35.152172,26.061543,0.2066800647583133,1.5461474275147573,2.65183534145194,0.02,fresh
728,gpr_dataset_0728.in,datasets/sam-29/files/gpr_dataset_0728.in,0.1337896776641294,39.213473,34.476337,26.31019,0.16521249183086742,1.480534492301098,2.63718693731293,0.02,fresh
729,gpr_dataset_0729.in,datasets/sam-29/files/gpr_dataset_0729.in,0.14879937904416912,41.409469,35.402956,23.187575,0.07413581671403767,1.4918753604130475,2.6805172479061885,0.02,fresh
730,gpr_dataset_0730.in,datasets/sam-29/files/gpr_dataset_0730.in,0.31514188165253765,49.494019,33.065337,17.440644,0.07203926806264366,1.3646896067184884,2.690758457942648,0.02,fresh
731,gpr_dataset_0731.in,datasets/sam-29/files/gpr_dataset_0731.in,0.10963609087146803,44.611676,31.893415,23.494909,0.08889592889352267,1.3992754772639462,2.697400450234706,0.02,fresh
732,gpr_dataset_0732.in,datasets/sam-29/files/gpr_dataset_0732.in,0.39094551715475867,48.147307,30.353598,21.499095,0.05496930851614617,1.334491232019889,2.627908445146948,0.02,fresh
733,gpr_dataset_0733.in,datasets/sam-29/files/gpr_dataset_0733.in,0.22602650053590048,43.766792,36.101631,20.131577,0.24256953261577918,1.4846758470320627,2.680751100513021,0.02,fresh
734,gpr_dataset_0734.in,datasets/sam-29/files/gpr_dataset_0734.in,0.23134536624996202,40.010437,31.085625,28.903938,0.22424940781971386,1.4857722421720176,2.652953560306892,0.02,fresh
735,gpr_dataset_0735.in,datasets/sam-29/files/gpr_dataset_0735.in,0.37868844890994025,43.385446,34.96523,21.649324,0.1396076608307359,1.3600265634100497,2.6888200164329916,0.02,fresh
736,gpr_dataset_0736.in,datasets/sam-29/files/gpr_dataset_0736.in,0.27011239513132246,43.788845,32.752958,23.458197,0.14407625677604885,1.30907191640002,2.6310660971155824,0.02,fresh
737,gpr_dataset_0737.in,datasets/sam-29/files/gpr_dataset_0737.in,0.1436379088429053,43.290112,32.00982,24.700068,0.16439743430988477,1.4930001764084655,2.6977547094028504,0.02,fresh
738,gpr_dataset_0738.in,datasets/sam-29/files/gpr_dataset_0738.in,0.497664643658688,42.255048,32.552315,25.192637,0.1271243379944589,1.59091171454642,2.618534619596109,0.02,fresh
739,gpr_dataset_0739.in,datasets/sam-29/files/gpr_dataset_0739.in,0.23716493488696133,42.586895,34.686912,22.726193,0.16347123631881955,1.49227863593674,2.672638069340237,0.02,fresh
740,gpr_dataset_0740.in,datasets/sam-29/files/gpr_dataset_0740.in,0.2918250409552402,46.039887,29.292293,24.66782,0.10139069359330222,1.354874910714257,2.6501366044934795,0.02,fresh
741,gpr_dataset_0741.in,datasets/sam-29/files/gpr_dataset_0741.in,0.4025743439230457,39.86181,33.614611,26.523579,0.2225309339011558,1.5897049458041161,2.683411705679969,0.02,fresh
742,gpr_dataset_0742.in,datasets/sam-29/files/gpr_dataset_0742.in,0.21650656642156477,47.392101,39.158737,13.449162,0.2334333189880467,1.3254941012505936,2.664659426672607,0.02,fresh
743,gpr_dataset_0743.in,datasets/sam-29/files/gpr_dataset_0743.in,0.42524680203276966,41.587329,30.217941,28.19473,0.21837442826953174,1.48447724917061,2.6223899601466645,0.02,fresh
744,gpr_dataset_0744.in,datasets/sam-29/files/gpr_dataset_0744.in,0.1109925404601313,44.370086,26.750453,28.879461,0.18927278995499713,1.55993389656971,2.6511474774645922,0.02,fresh
745,gpr_dataset_0745.in,datasets/sam-29/files/gpr_dataset_0745.in,0.27177972302965114,43.58808,32.06948,24.34244,0.14759552885384453,1.553311115279093,2.6046956583490446,0.02,fresh
746,gpr_dataset_0746.in,datasets/sam-29/files/gpr_dataset_0746.in,0.42635862098635013,45.115866,29.211373,25.672761,0.1336048414283606,1.553880766942315,2.692357812545256,0.02,fresh
747,gpr_dataset_0747.in,datasets/sam-29/files/gpr_dataset_0747.in,0.35579418802336704,40.614661,34.085153,25.300186,0.21962689616405057,1.4137497389886076,2.683085131751149,0.02,fresh
748,gpr_dataset_0748.in,datasets/sam-29/files/gpr_dataset_0748.in,0.3604430246469995,39.559132,38.66169,21.779178,0.2211182588489174,1.5245880671896852,2.6214734979935033,0.02,fresh
749,gpr_dataset_0749.in,datasets/sam-29/files/gpr_dataset_0749.in,0.29599155297187535,40.78096,33.211959,26.007081,0.19610896268157346,1.3055932725805783,2.618593378515157,0.02,fresh
750,gpr_dataset_0750.in,datasets/sam-29/files/gpr_dataset_0750.in,0.2790877281931978,42.108591,28.064039,29.82737,0.17728230162138658,1.3564349526920239,2.677873746502195,0.02,fresh
751,gpr_dataset_0751.in,datasets/sam-29/files/gpr_dataset_0751.in,0.3311110150206843,46.338579,39.589263,14.072158,0.07168135536691095,1.4526655041401035,2.6058314304339847,0.02,fresh
752,gpr_dataset_0752.in,datasets/sam-29/files/gpr_dataset_0752.in,0.33816301831864903,46.549825,37.931843,15.518332,0.24055541275476827,1.363992043087288,2.658959402543759,0.02,fresh
753,gpr_dataset_0753.in,datasets/sam-29/files/gpr_dataset_0753.in,0.47964127244985433,36.885172,33.799469,29.315359,0.20123184363658103,1.5336336964388895,2.699645077809778,0.02,fresh
754,gpr_dataset_0754.in,datasets/sam-29/files/gpr_dataset_0754.in,0.3930571471810983,43.870032,29.58754,26.542428,0.2330521536516879,1.34730722631982,2.652964482396335,0.02,fresh
755,gpr_dataset_0755.in,datasets/sam-29/files/gpr_dataset_0755.in,0.29314032344361207,45.999893,25.726023,28.274084,0.09568575285527543,1.4681097587552865,2.642194857015468,0.02,fresh
756,gpr_dataset_0756.in,datasets/sam-29/files/gpr_dataset_0756.in,0.16912567697644926,47.443152,28.753969,23.802879,0.12101320059474739,1.4298599994700218,2.685858531960634,0.02,fresh
757,gpr_dataset_0757.in,datasets/sam-29/files/gpr_dataset_0757.in,0.46252166851787024,46.08699,37.378104,16.534906,0.11899763785116371,1.3438597496119002,2.628087854444343,0.02,fresh
758,gpr_dataset_0758.in,datasets/sam-29/files/gpr_dataset_0758.in,0.13699157015084473,37.715675,39.05861,23.225715,0.1352535384122942,1.5906062212940912,2.641680281647228,0.02,fresh
759,gpr_dataset_0759.in,datasets/sam-29/files/gpr_dataset_0759.in,0.2847339782823114,45.091879,31.99399,22.914131,0.07851000292594781,1.5565329016040879,2.6810438810853925,0.02,fresh
760,gpr_dataset_0760.in,datasets/sam-29/files/gpr_dataset_0760.in,0.10983317612744248,48.012622,22.504621,29.482757,0.12568043504524387,1.4808938668598612,2.614401557768768,0.02,fresh
761,gpr_dataset_0761.in,datasets/sam-29/files/gpr_dataset_0761.in,0.3361373902222158,45.172728,36.010427,18.816845,0.11915656065044367,1.309583160489517,2.6514647839148524,0.02,fresh
762,gpr_dataset_0762.in,datasets/sam-29/files/gpr_dataset_0762.in,0.39304247098752076,49.862619,27.637256,22.500125,0.1975883535040852,1.4546159335687736,2.653124196628221,0.02,fresh
763,gpr_dataset_0763.in,datasets/sam-29/files/gpr_dataset_0763.in,0.44557250668771753,45.569838,28.685974,25.744188,0.18366819344318863,1.4668017110950968,2.6724859709863344,0.02,fresh
764,gpr_dataset_0764.in,datasets/sam-29/files/gpr_dataset_0764.in,0.14655492657635683,41.583755,31.406548,27.009697,0.13027822556101187,1.52841474941241,2.644290111336839,0.02,fresh
765,gpr_dataset_0765.in,datasets/sam-29/files/gpr_dataset_0765.in,0.2458346192731864,45.998979,38.193311,15.80771,0.1446403326274488,1.3741801811802208,2.6083281771586364,0.02,fresh
766,gpr_dataset_0766.in,datasets/sam-29/files/gpr_dataset_0766.in,0.1867961153880057,40.560344,30.578304,28.861352,0.18418487794355354,1.357523235926214,2.6476959385553474,0.02,fresh
767,gpr_dataset_0767.in,datasets/sam-29/files/gpr_dataset_0767.in,0.483346891642508,40.750326,36.446053,22.803621,0.16407770494207966,1.5893239416315388,2.609875515982297,0.02,fresh
768,gpr_dataset_0768.in,datasets/sam-29/files/gpr_dataset_0768.in,0.2417216827036103,49.146694,31.348037,19.505269,0.05544552951112813,1.5615549472642565,2.6586985232636478,0.02,fresh
769,gpr_dataset_0769.in,datasets/sam-29/files/gpr_dataset_0769.in,0.2690278011284073,45.66752,35.072674,19.259806,0.24575573118935035,1.5007452569920883,2.6098239497754636,0.02,fresh
770,gpr_dataset_0770.in,datasets/sam-29/files/gpr_dataset_0770.in,0.15715303793741478,49.003387,21.490701,29.505912,0.15527002317242022,1.4356998921759085,2.6645933638127928,0.02,fresh
771,gpr_dataset_0771.in,datasets/sam-29/files/gpr_dataset_0771.in,0.4493097427878662,42.681016,31.726944,25.59204,0.14767150601894044,1.5035666739680436,2.6096371165609815,0.02,fresh
772,gpr_dataset_0772.in,datasets/sam-29/files/gpr_dataset_0772.in,0.35332819483589584,37.487504,36.73572,25.776776,0.22688421647001283,1.4687592601764101,2.6277437220615636,0.02,fresh
773,gpr_dataset_0773.in,datasets/sam-29/files/gpr_dataset_0773.in,0.10177351527781227,43.823553,39.452224,16.724223,0.19725182110364442,1.4648087064120487,2.602447257338795,0.02,fresh
774,gpr_dataset_0774.in,datasets/sam-29/files/gpr_dataset_0774.in,0.39186455749340043,47.746664,37.763083,14.490253,0.22042682203180014,1.5978089423681312,2.6273493438386026,0.02,fresh
775,gpr_dataset_0775.in,datasets/sam-29/files/gpr_dataset_0775.in,0.48810641720357617,44.411442,30.70071,24.887848,0.08750846422898254,1.4972353947499921,2.600139471182654,0.02,fresh
776,gpr_dataset_0776.in,datasets/sam-29/files/gpr_dataset_0776.in,0.34551298626978055,37.98379,35.808626,26.207584,0.1209148644311682,1.3750749360930778,2.643407274030214,0.02,fresh
777,gpr_dataset_0777.in,datasets/sam-29/files/gpr_dataset_0777.in,0.1949266220515952,46.630069,39.145123,14.224808,0.0931657447005939,1.393347181277354,2.6202742008341384,0.02,fresh
778,gpr_dataset_0778.in,datasets/sam-29/files/gpr_dataset_0778.in,0.23487906969496875,46.050876,36.541895,17.407229,0.19193510523452212,1.4079651791949104,2.634838819285462,0.02,fresh
779,gpr_dataset_0779.in,datasets/sam-29/files/gpr_dataset_0779.in,0.1458335701370461,46.062658,34.48809,19.449252,0.1315747623145367,1.3864591893135887,2.628230842099439,0.02,fresh
780,gpr_dataset_0780.in,datasets/sam-29/files/gpr_dataset_0780.in,0.2641736227393302,48.569689,34.554014,16.876297,0.12534960438791876,1.4438823266987812,2.6355113870744877,0.02,fresh
781,gpr_dataset_0781.in,datasets/sam-29/files/gpr_dataset_0781.in,0.46094126610017994,44.4045,27.449333,28.146167,0.23494503749469353,1.477836965172436,2.6015463036449225,0.02,fresh
782,gpr_dataset_0782.in,datasets/sam-29/files/gpr_dataset_0782.in,0.23718449396174146,47.270685,26.562053,26.167262,0.1646116807743298,1.434442001469189,2.6847738800324525,0.02,fresh
783,gpr_dataset_0783.in,datasets/sam-29/files/gpr_dataset_0783.in,0.1714285375408212,45.233185,32.443558,22.323257,0.054227652586000555,1.4917163613496134,2.6760900605824824,0.02,fresh
784,gpr_dataset_0784.in,datasets/sam-29/files/gpr_dataset_0784.in,0.44925299412948405,35.519828,34.896787,29.583385,0.10006346373157421,1.5785374120187918,2.69979794740854,0.02,fresh
785,gpr_dataset_0785.in,datasets/sam-29/files/gpr_dataset_0785.in,0.3826663842421377,43.389241,33.024206,23.586553,0.24518707803218287,1.470513197651125,2.6208213585615985,0.02,fresh
786,gpr_dataset_0786.in,datasets/sam-29/files/gpr_dataset_0786.in,0.10755667674683483,40.365136,39.305519,20.329345,0.08052574063221984,1.5181900118694822,2.6734586748847207,0.02,fresh
787,gpr_dataset_0787.in,datasets/sam-29/files/gpr_dataset_0787.in,0.27721824334099404,44.720022,33.502028,21.77795,0.1024560326679016,1.4679994327446217,2.6345999525159547,0.02,fresh
788,gpr_dataset_0788.in,datasets/sam-29/files/gpr_dataset_0788.in,0.4863037910210486,40.037407,36.393586,23.569007,0.13840934040958364,1.3605011780800227,2.667081104094002,0.02,fresh
789,gpr_dataset_0789.in,datasets/sam-29/files/gpr_dataset_0789.in,0.4392031252395492,43.105767,38.342602,18.551631,0.17755885978138924,1.4647089815577563,2.6021095595585764,0.02,fresh
790,gpr_dataset_0790.in,datasets/sam-29/files/gpr_dataset_0790.in,0.36559089966361336,43.061507,31.890299,25.048194,0.06171474768073746,1.3870444945869551,2.6071902464968693,0.02,fresh
791,gpr_dataset_0791.in,datasets/sam-29/files/gpr_dataset_0791.in,0.45503585756628107,47.85984,33.945283,18.194877,0.1373599052314372,1.4099887732535543,2.611109619614115,0.02,fresh
792,gpr_dataset_0792.in,datasets/sam-29/files/gpr_dataset_0792.in,0.43203768395483555,46.070039,34.060468,19.869493,0.09698579521287493,1.4252242810367022,2.6552841332440296,0.02,fresh
793,gpr_dataset_0793.in,datasets/sam-29/files/gpr_dataset_0793.in,0.38914777984511584,43.430934,34.753686,21.81538,0.19500213594580046,1.4179230559583726,2.616626272757145,0.02,fresh
794,gpr_dataset_0794.in,datasets/sam-29/files/gpr_dataset_0794.in,0.22056860876241027,42.542683,30.522791,26.934526,0.06460657445227347,1.349878178874063,2.65051851553705,0.02,fresh
795,gpr_dataset_0795.in,datasets/sam-29/files/gpr_dataset_0795.in,0.28486257249230074,44.634986,30.513132,24.851882,0.14022162499123864,1.5876284195582253,2.6417330926572857,0.02,fresh
796,gpr_dataset_0796.in,datasets/sam-29/files/gpr_dataset_0796.in,0.4184537412182977,36.696948,35.564138,27.738914,0.10592527904247884,1.4388984615724414,2.639244165049387,0.02,fresh
797,gpr_dataset_0797.in,datasets/sam-29/files/gpr_dataset_0797.in,0.1305563065737428,37.70455,38.713988,23.581462,0.15126355948645379,1.489755733767822,2.644595130128234,0.02,fresh
798,gpr_dataset_0798.in,datasets/sam-29/files/gpr_dataset_0798.in,0.37396926265063557,41.113679,39.092004,19.794317,0.24947477628873532,1.4650369793304865,2.64829583553482,0.02,fresh
799,gpr_dataset_0799.in,datasets/sam-29/files/gpr_dataset_0799.in,0.15918555464376571,40.5428,33.348262,26.108938,0.17514831292594185,1.522774984420458,2.6818811024377407,0.02,fresh
800,gpr_dataset_0800.in,datasets/sam-29/files/gpr_dataset_0800.in,0.4829670334544749,38.728792,32.913085,28.358123,0.14151319427744946,1.3133543408054398,2.6756222000251055,0.02,fresh
801,gpr_dataset_0801.in,datasets/sam-29/files/gpr_dataset_0801.in,0.29140256279304744,48.768999,34.398951,16.83205,0.20718955691904345,1.3713177346696743,2.660087141196141,0.02,fresh
802,gpr_dataset_0802.in,datasets/sam-29/files/gpr_dataset_0802.in,0.20308202997579952,40.513813,33.005188,26.480999,0.12926524673821632,1.3221756589665101,2.6208233774352703,0.02,fresh
803,gpr_dataset_0803.in,datasets/sam-29/files/gpr_dataset_0803.in,0.10900714630436129,43.621892,34.633634,21.744474,0.053286208237219745,1.3531700491458354,2.668465418219236,0.02,fresh
804,gpr_dataset_0804.in,datasets/sam-29/files/gpr_dataset_0804.in,0.18017176959928372,42.183637,30.336161,27.480202,0.08406815966028594,1.4301928003891047,2.6104328460277744,0.02,fresh
805,gpr_dataset_0805.in,datasets/sam-29/files/gpr_dataset_0805.in,0.470620012085852,46.689781,36.771189,16.53903,0.1829344464504548,1.5553490565629935,2.647893305531853,0.02,fresh
806,gpr_dataset_0806.in,datasets/sam-29/files/gpr_dataset_0806.in,0.14710384185183153,33.171276,39.678409,27.150315,0.08679035442834421,1.4754022395751836,2.6049386878896548,0.02,fresh
807,gpr_dataset_0807.in,datasets/sam-29/files/gpr_dataset_0807.in,0.3413921239617597,44.395681,36.015126,19.589193,0.05978954525602634,1.4854395578743511,2.6086256729850885,0.02,fresh
808,gpr_dataset_0808.in,datasets/sam-29/files/gpr_dataset_0808.in,0.4523267618091441,39.487024,36.011007,24.501969,0.07875769457453485,1.5540396661832,2.6543897904776204,0.02,fresh
809,gpr_dataset_0809.in,datasets/sam-29/files/gpr_dataset_0809.in,0.41204510284702145,45.900159,34.836675,19.263166,0.24631411942426074,1.437199453838091,2.67075825028065,0.02,fresh
810,gpr_dataset_0810.in,datasets/sam-29/files/gpr_dataset_0810.in,0.16117905042979364,47.853654,32.688632,19.457714,0.057989092163732006,1.3769349425856252,2.676142343849819,0.02,fresh
811,gpr_dataset_0811.in,datasets/sam-29/files/gpr_dataset_0811.in,0.4593426166536143,44.368045,28.976362,26.655593,0.10918756938929504,1.4914720077832038,2.6086859110431,0.02,fresh
812,gpr_dataset_0812.in,datasets/sam-29/files/gpr_dataset_0812.in,0.465710084051132,37.439311,32.773511,29.787178,0.1164731160302644,1.593496478023014,2.6020290618240027,0.02,fresh
813,gpr_dataset_0813.in,datasets/sam-29/files/gpr_dataset_0813.in,0.37146986529543624,46.875102,39.836172,13.288726,0.06436247716165303,1.4267163709029922,2.6468865164802873,0.02,fresh
814,gpr_dataset_0814.in,datasets/sam-29/files/gpr_dataset_0814.in,0.30156239367159743,45.502218,36.14436,18.353422,0.19776262573354347,1.4228716952594982,2.610691957351328,0.02,fresh
815,gpr_dataset_0815.in,datasets/sam-29/files/gpr_dataset_0815.in,0.35845293203459605,48.050504,33.746186,18.20331,0.15600909108601624,1.5177972525750991,2.679651946878576,0.02,fresh
816,gpr_dataset_0816.in,datasets/sam-29/files/gpr_dataset_0816.in,0.2593469175496979,49.384902,37.517792,13.097306,0.16950071203959072,1.507587702428503,2.6905756345677654,0.02,fresh
817,gpr_dataset_0817.in,datasets/sam-29/files/gpr_dataset_0817.in,0.22811622029713555,35.353073,37.152857,27.49407,0.05469484797114983,1.4762793331136501,2.6545709783023055,0.02,fresh
818,gpr_dataset_0818.in,datasets/sam-29/files/gpr_dataset_0818.in,0.4825386175212907,46.163064,36.247658,17.589278,0.12560162119214457,1.5001460068492973,2.6803364618971277,0.02,fresh
819,gpr_dataset_0819.in,datasets/sam-29/files/gpr_dataset_0819.in,0.45575844304215085,46.314583,27.559397,26.12602,0.050200435186556085,1.3279772183118987,2.6095823912219887,0.02,fresh
820,gpr_dataset_0820.in,datasets/sam-29/files/gpr_dataset_0820.in,0.30486328490808445,40.854722,33.285503,25.859775,0.10687610833795734,1.5134009455784667,2.6636978702422787,0.02,fresh
821,gpr_dataset_0821.in,datasets/sam-29/files/gpr_dataset_0821.in,0.21343329516206622,45.432618,31.806413,22.760969,0.18038634417385646,1.5645749175357957,2.664163260862195,0.02,fresh
822,gpr_dataset_0822.in,datasets/sam-29/files/gpr_dataset_0822.in,0.46905716904012595,48.370301,29.086563,22.543136,0.0535708059054961,1.5967780189500411,2.66609874632282,0.02,fresh
823,gpr_dataset_0823.in,datasets/sam-29/files/gpr_dataset_0823.in,0.22939824682778048,39.558633,39.836715,20.604652,0.09963453172372123,1.4264308526623661,2.6383348781915212,0.02,fresh
824,gpr_dataset_0824.in,datasets/sam-29/files/gpr_dataset_0824.in,0.10071977538051154,43.151488,30.363098,26.485414,0.24153712798963795,1.5616468852034997,2.6175007908399883,0.02,fresh
825,gpr_dataset_0825.in,datasets/sam-29/files/gpr_dataset_0825.in,0.48466381003057146,47.575864,26.187444,26.236692,0.15147703040462968,1.4379264369805806,2.6530519335929994,0.02,fresh
826,gpr_dataset_0826.in,datasets/sam-29/files/gpr_dataset_0826.in,0.49805638812026176,47.400375,36.241817,16.357808,0.050324901113319956,1.4782274213436695,2.602996448065885,0.02,fresh
827,gpr_dataset_0827.in,datasets/sam-29/files/gpr_dataset_0827.in,0.11158534619938734,43.011996,28.185417,28.802587,0.09249467494297653,1.5031199852422565,2.690717786580478,0.02,fresh
828,gpr_dataset_0828.in,datasets/sam-29/files/gpr_dataset_0828.in,0.37024195942062754,49.01114,35.368464,15.620396,0.19661680355812416,1.4949417733972397,2.6618474878994896,0.02,fresh
829,gpr_dataset_0829.in,datasets/sam-29/files/gpr_dataset_0829.in,0.2283506078798168,35.221556,38.562338,26.216106,0.22167194300313275,1.3839069627145753,2.685565633426194,0.02,fresh
830,gpr_dataset_0830.in,datasets/sam-29/files/gpr_dataset_0830.in,0.1504224582685153,35.310729,38.408231,26.28104,0.23871064742908382,1.306669769092339,2.6610693716899143,0.02,fresh
831,gpr_dataset_0831.in,datasets/sam-29/files/gpr_dataset_0831.in,0.49667410171906123,45.780021,27.178773,27.041206,0.1259313990469325,1.4657896808343926,2.6177878865484585,0.02,fresh
832,gpr_dataset_0832.in,datasets/sam-29/files/gpr_dataset_0832.in,0.4348848019942847,42.94946,32.041094,25.009446,0.2354355212735999,1.5377194940936387,2.6500553780919054,0.02,fresh
833,gpr_dataset_0833.in,datasets/sam-29/files/gpr_dataset_0833.in,0.10032061615288841,49.53032,31.385656,19.084024,0.08229343140004175,1.309840775024827,2.610640981993941,0.02,fresh
834,gpr_dataset_0834.in,datasets/sam-29/files/gpr_dataset_0834.in,0.4941034682779759,44.472666,31.867359,23.659975,0.07675933103143623,1.4538945834064492,2.6469483916444356,0.02,fresh
835,gpr_dataset_0835.in,datasets/sam-29/files/gpr_dataset_0835.in,0.27732581034359405,47.576481,25.878687,26.544832,0.15261258422682036,1.4193222022229226,2.639043671723498,0.02,fresh
836,gpr_dataset_0836.in,datasets/sam-29/files/gpr_dataset_0836.in,0.36236907910000393,47.245761,29.668027,23.086212,0.13138559673540828,1.5071229659873606,2.611950859183022,0.02,fresh
837,gpr_dataset_0837.in,datasets/sam-29/files/gpr_dataset_0837.in,0.2827083207052206,46.307183,38.669704,15.023113,0.2352059536395132,1.4238839239769545,2.6233568765070694,0.02,fresh
838,gpr_dataset_0838.in,datasets/sam-29/files/gpr_dataset_0838.in,0.4673265563238358,42.881875,35.784444,21.333681,0.07208378310138285,1.5677605557961656,2.6333393350923098,0.02,fresh
839,gpr_dataset_0839.in,datasets/sam-29/files/gpr_dataset_0839.in,0.13677204302108703,49.179125,23.094773,27.726102,0.18240037083208743,1.561862874167129,2.632387865938139,0.02,fresh
840,gpr_dataset_0840.in,datasets/sam-29/files/gpr_dataset_0840.in,0.3856588039628266,43.514344,33.327969,23.157687,0.14816214268588596,1.343429457848494,2.6264491194277273,0.02,fresh
841,gpr_dataset_0841.in,datasets/sam-29/files/gpr_dataset_0841.in,0.35481143289482875,39.364069,36.929554,23.706377,0.1540221032366202,1.352491843074087,2.6506995272941225,0.02,fresh
842,gpr_dataset_0842.in,datasets/sam-29/files/gpr_dataset_0842.in,0.2581035240851737,44.022752,38.284292,17.692956,0.2145286115594236,1.3616843090931101,2.697657673234749,0.02,fresh
843,gpr_dataset_0843.in,datasets/sam-29/files/gpr_dataset_0843.in,0.4093095341859402,45.034409,27.513569,27.452022,0.1992571992443491,1.3318724407681597,2.674365469239097,0.02,fresh
844,gpr_dataset_0844.in,datasets/sam-29/files/gpr_dataset_0844.in,0.18594139490665512,44.151679,30.762974,25.085347,0.1433008438709304,1.5312113442204514,2.6686232656043045,0.02,fresh
845,gpr_dataset_0845.in,datasets/sam-29/files/gpr_dataset_0845.in,0.4330710731132288,44.363522,36.305515,19.330963,0.05640270205651657,1.367230893271745,2.6960468700840963,0.02,fresh
846,gpr_dataset_0846.in,datasets/sam-29/files/gpr_dataset_0846.in,0.4198766114975706,44.215237,39.168427,16.616336,0.17170902053185405,1.555268705749066,2.6629603725568285,0.02,fresh
847,gpr_dataset_0847.in,datasets/sam-29/files/gpr_dataset_0847.in,0.18463775467359267,43.390959,34.052348,22.556693,0.22108261307170968,1.5125243325070754,2.65194590217092,0.02,fresh
848,gpr_dataset_0848.in,datasets/sam-29/files/gpr_dataset_0848.in,0.1322362896059353,42.39522,29.580595,28.024185,0.06320927448847154,1.5033912651330321,2.6990316794558074,0.02,fresh
849,gpr_dataset_0849.in,datasets/sam-29/files/gpr_dataset_0849.in,0.21255031146898845,37.11075,37.626601,25.262649,0.06966247335261425,1.5998628226193798,2.688976353844325,0.02,fresh
850,gpr_dataset_0850.in,datasets/sam-29/files/gpr_dataset_0850.in,0.31350622559388863,47.480698,29.434005,23.085297,0.20679547109730706,1.3023112192812412,2.6020598492931013,0.02,fresh
851,gpr_dataset_0851.in,datasets/sam-29/files/gpr_dataset_0851.in,0.47899103694403766,40.802118,33.132688,26.065194,0.07594905279767777,1.3428242021729955,2.6991542578592465,0.02,fresh
852,gpr_dataset_0852.in,datasets/sam-29/files/gpr_dataset_0852.in,0.17846284346214297,46.143189,24.741497,29.115314,0.0991667899986679,1.3642716702522557,2.6669555321635614,0.02,fresh
853,gpr_dataset_0853.in,datasets/sam-29/files/gpr_dataset_0853.in,0.3613263663065859,49.375298,30.242322,20.38238,0.21354852135597213,1.4884420915931855,2.693463885679801,0.02,fresh
854,gpr_dataset_0854.in,datasets/sam-29/files/gpr_dataset_0854.in,0.23296244626728227,39.672632,33.317763,27.009605,0.11286755343240934,1.5310977794635316,2.641945879600698,0.02,fresh
855,gpr_dataset_0855.in,datasets/sam-29/files/gpr_dataset_0855.in,0.4211144138743603,39.2302,35.041966,25.727834,0.1108387126423076,1.4992650886756342,2.6108046928369326,0.02,fresh
856,gpr_dataset_0856.in,datasets/sam-29/files/gpr_dataset_0856.in,0.1390576570892674,39.254769,34.493609,26.251622,0.09734008390983018,1.5952008938729794,2.661887531167548,0.02,fresh
857,gpr_dataset_0857.in,datasets/sam-29/files/gpr_dataset_0857.in,0.33558891741231905,45.200551,35.80673,18.992719,0.10806701164739348,1.319151882838156,2.617226327960378,0.02,fresh
858,gpr_dataset_0858.in,datasets/sam-29/files/gpr_dataset_0858.in,0.47729928047185877,47.111831,34.722134,18.166035,0.20197117943745746,1.3463287453697335,2.684958390173385,0.02,fresh
859,gpr_dataset_0859.in,datasets/sam-29/files/gpr_dataset_0859.in,0.2774606759195659,43.470487,38.551546,17.977967,0.08448318840583349,1.463304527812194,2.6845123140333578,0.02,fresh
860,gpr_dataset_0860.in,datasets/sam-29/files/gpr_dataset_0860.in,0.3759593147626217,47.086777,27.197702,25.715521,0.17929382466832777,1.4231917655722202,2.672731688071672,0.02,fresh
861,gpr_dataset_0861.in,datasets/sam-29/files/gpr_dataset_0861.in,0.3251445821013442,40.842061,32.083561,27.074378,0.10925942220659633,1.5977593684905962,2.6334139865055506,0.02,fresh
862,gpr_dataset_0862.in,datasets/sam-29/files/gpr_dataset_0862.in,0.23264850198733644,41.971586,33.933433,24.094981,0.09289655309863294,1.572048624305402,2.6174098694452104,0.02,fresh
863,gpr_dataset_0863.in,datasets/sam-29/files/gpr_dataset_0863.in,0.47969103399205304,42.510745,37.847544,19.641711,0.11788244371001777,1.4013535042919563,2.6178218498861368,0.02,fresh
864,gpr_dataset_0864.in,datasets/sam-29/files/gpr_dataset_0864.in,0.1434621785699676,40.980004,34.196917,24.823079,0.1044511930195859,1.578730107427141,2.6899466249441972,0.02,fresh
865,gpr_dataset_0865.in,datasets/sam-29/files/gpr_dataset_0865.in,0.4073871631300984,45.965623,34.618866,19.415511,0.1275251287486504,1.4067543368649038,2.6677468554845896,0.02,fresh
866,gpr_dataset_0866.in,datasets/sam-29/files/gpr_dataset_0866.in,0.47188085559663884,48.960349,21.830839,29.208812,0.13764155959390212,1.3629239901556676,2.689210006415251,0.02,fresh
867,gpr_dataset_0867.in,datasets/sam-29/files/gpr_dataset_0867.in,0.44682923162677624,44.455874,30.661107,24.883019,0.11839665277925718,1.4312486716017228,2.607465387169239,0.02,fresh
868,gpr_dataset_0868.in,datasets/sam-29/files/gpr_dataset_0868.in,0.10781862327721559,49.564859,31.581711,18.85343,0.08633602938477043,1.3106031738213877,2.624967524173707,0.02,fresh
869,gpr_dataset_0869.in,datasets/sam-29/files/gpr_dataset_0869.in,0.2676899066626297,46.30957,32.213761,21.476669,0.12932494599771593,1.5554701174542476,2.6803917283856364,0.02,fresh
870,gpr_dataset_0870.in,datasets/sam-29/files/gpr_dataset_0870.in,0.188014982409155,45.992986,26.134578,27.872436,0.1517066228614104,1.4444886389499572,2.6132995571927555,0.02,fresh
871,gpr_dataset_0871.in,datasets/sam-29/files/gpr_dataset_0871.in,0.27832682150534926,49.596929,34.423149,15.979922,0.08570129596091158,1.3544757274158798,2.6047166179956798,0.02,fresh
872,gpr_dataset_0872.in,datasets/sam-29/files/gpr_dataset_0872.in,0.159050305898813,43.688661,30.499065,25.812274,0.24908796804194755,1.5625071303399187,2.657056758383186,0.02,fresh
873,gpr_dataset_0873.in,datasets/sam-29/files/gpr_dataset_0873.in,0.24870738441505025,43.245188,32.407339,24.347473,0.18493157557202433,1.4836885620118827,2.6025414394661257,0.02,fresh
874,gpr_dataset_0874.in,datasets/sam-29/files/gpr_dataset_0874.in,0.26681065840626467,42.499998,30.110292,27.38971,0.2335032336895167,1.461539585215975,2.653526409377635,0.02,fresh
875,gpr_dataset_0875.in,datasets/sam-29/files/gpr_dataset_0875.in,0.2550459174686267,44.735088,38.358503,16.906409,0.19055529970721402,1.3893369093137238,2.6060401656582663,0.02,fresh
876,gpr_dataset_0876.in,datasets/sam-29/files/gpr_dataset_0876.in,0.3226727172551571,40.085459,31.703924,28.210617,0.07388962784194336,1.3693323840512721,2.62258155408686,0.02,fresh
877,gpr_dataset_0877.in,datasets/sam-29/files/gpr_dataset_0877.in,0.15226617823443223,43.025702,33.648395,23.325903,0.07452047495320012,1.5970915395124772,2.6399787423557757,0.02,fresh
878,gpr_dataset_0878.in,datasets/sam-29/files/gpr_dataset_0878.in,0.1584769274751393,47.270868,35.333137,17.395995,0.052659890287221824,1.5340690819924736,2.6991018521934533,0.02,fresh
879,gpr_dataset_0879.in,datasets/sam-29/files/gpr_dataset_0879.in,0.4288359128693966,45.009795,28.064429,26.925776,0.13073752694747587,1.4961509568048645,2.6640797494187707,0.02,fresh
880,gpr_dataset_0880.in,datasets/sam-29/files/gpr_dataset_0880.in,0.20129876460234222,35.660358,34.482832,29.85681,0.14410089524849246,1.5271586261106733,2.6061694873420924,0.02,fresh
881,gpr_dataset_0881.in,datasets/sam-29/files/gpr_dataset_0881.in,0.1434477286588526,45.285344,36.977519,17.737137,0.20908601124475273,1.5843982917899804,2.6365628725855546,0.02,fresh
882,gpr_dataset_0882.in,datasets/sam-29/files/gpr_dataset_0882.in,0.4822480023251001,44.252102,26.597657,29.150241,0.13202643754512688,1.3662473954615495,2.6526918932976455,0.02,fresh
883,gpr_dataset_0883.in,datasets/sam-29/files/gpr_dataset_0883.in,0.10355633943734986,43.445474,31.645038,24.909488,0.18785225109862974,1.5483562301143758,2.643707727409188,0.02,fresh
884,gpr_dataset_0884.in,datasets/sam-29/files/gpr_dataset_0884.in,0.21733379693075772,41.004182,33.230551,25.765267,0.16811065766517286,1.4223417894215211,2.6770463496234944,0.02,fresh
885,gpr_dataset_0885.in,datasets/sam-29/files/gpr_dataset_0885.in,0.28900806783945077,46.882592,33.495687,19.621721,0.10162023520815121,1.4780472182592999,2.6778912372976365,0.02,fresh
886,gpr_dataset_0886.in,datasets/sam-29/files/gpr_dataset_0886.in,0.4126695582340697,44.123994,28.714679,27.161327,0.19195512659571584,1.5607932336722279,2.674903492129473,0.02,fresh
887,gpr_dataset_0887.in,datasets/sam-29/files/gpr_dataset_0887.in,0.11237275730037598,41.409198,30.367493,28.223309,0.06020386398868974,1.3740177238154132,2.668098990005513,0.02,fresh
888,gpr_dataset_0888.in,datasets/sam-29/files/gpr_dataset_0888.in,0.3901168424809588,40.8552,35.390138,23.754662,0.09780696326139773,1.5529221018860178,2.6544235300631525,0.02,fresh
889,gpr_dataset_0889.in,datasets/sam-29/files/gpr_dataset_0889.in,0.22365430578007445,37.395972,36.246372,26.357656,0.1456000362090577,1.455494668848537,2.6659291668694474,0.02,fresh
890,gpr_dataset_0890.in,datasets/sam-29/files/gpr_dataset_0890.in,0.4258904269101763,49.222409,33.179976,17.597615,0.12357689896528623,1.589205350669647,2.6082873149008576,0.02,fresh
891,gpr_dataset_0891.in,datasets/sam-29/files/gpr_dataset_0891.in,0.19079348755611544,40.816123,32.967217,26.21666,0.12591748308038778,1.4331094952235515,2.6997103508858915,0.02,fresh
892,gpr_dataset_0892.in,datasets/sam-29/files/gpr_dataset_0892.in,0.3066487730553541,46.546149,27.581033,25.872818,0.10703145007460098,1.3168082955269809,2.659202114915848,0.02,fresh
893,gpr_dataset_0893.in,datasets/sam-29/files/gpr_dataset_0893.in,0.41684715033169295,43.961399,29.267891,26.77071,0.14835018583647722,1.395830031053028,2.6834155460442957,0.02,fresh
894,gpr_dataset_0894.in,datasets/sam-29/files/gpr_dataset_0894.in,0.489915547669868,45.231497,39.595099,15.173404,0.20994699598677352,1.507885618395907,2.68906494966766,0.02,fresh
895,gpr_dataset_0895.in,datasets/sam-29/files/gpr_dataset_0895.in,0.3397132079106324,44.613559,25.568301,29.81814,0.2407245708616278,1.4036426689725945,2.6869774235107733,0.02,fresh
896,gpr_dataset_0896.in,datasets/sam-29/files/gpr_dataset_0896.in,0.2529173210554554,48.289588,38.410316,13.300096,0.0730674417134612,1.5864092890869619,2.6135231375883783,0.02,fresh
897,gpr_dataset_0897.in,datasets/sam-29/files/gpr_dataset_0897.in,0.3273589696808359,36.050872,35.327997,28.621131,0.052062771169541236,1.5722330628102168,2.6930012187858314,0.02,fresh
898,gpr_dataset_0898.in,datasets/sam-29/files/gpr_dataset_0898.in,0.3582149791152446,48.477825,38.956003,12.566172,0.10232082274490324,1.3921078630665442,2.607949131531003,0.02,fresh
899,gpr_dataset_0899.in,datasets/sam-29/files/gpr_dataset_0899.in,0.4841486519086615,45.435888,37.525334,17.038778,0.1022435991591325,1.4145948446885062,2.6521937932653827,0.02,fresh
900,gpr_dataset_0900.in,datasets/sam-29/files/gpr_dataset_0900.in,0.10927106120202255,45.388366,37.960007,16.651627,0.1526468407997395,1.3192876909107822,2.625754611469,0.02,fresh
901,gpr_dataset_0901.in,datasets/sam-29/files/gpr_dataset_0901.in,0.20546912390286157,46.621261,27.91145,25.467289,0.18892052470205528,1.4479682449854574,2.609272697525608,0.02,fresh
902,gpr_dataset_0902.in,datasets/sam-29/files/gpr_dataset_0902.in,0.27066462686563486,40.702485,39.55111,19.746405,0.07909487195684928,1.477430744228541,2.6874307087453952,0.02,fresh
903,gpr_dataset_0903.in,datasets/sam-29/files/gpr_dataset_0903.in,0.17894505577727002,38.628387,39.755849,21.615764,0.10142582162345937,1.3107096493405301,2.648074591916361,0.02,fresh
904,gpr_dataset_0904.in,datasets/sam-29/files/gpr_dataset_0904.in,0.2920555953743533,46.69959,38.302821,14.997589,0.11864298344499667,1.556909913204894,2.688441369190822,0.02,fresh
905,gpr_dataset_0905.in,datasets/sam-29/files/gpr_dataset_0905.in,0.24333915657107125,43.77959,38.89201,17.3284,0.20809180694427315,1.4683029282231475,2.695143380360022,0.02,fresh
906,gpr_dataset_0906.in,datasets/sam-29/files/gpr_dataset_0906.in,0.39851541791002776,45.994139,35.097068,18.908793,0.21893534579348511,1.559260917228188,2.618327200429551,0.02,fresh
907,gpr_dataset_0907.in,datasets/sam-29/files/gpr_dataset_0907.in,0.4167031875048517,42.959555,27.893966,29.146479,0.07700551870582036,1.5336437386563153,2.646155748583214,0.02,fresh
908,gpr_dataset_0908.in,datasets/sam-29/files/gpr_dataset_0908.in,0.16982434046723832,44.22084,27.791173,27.987987,0.14843498603247554,1.593972110393171,2.6690740543090277,0.02,fresh
909,gpr_dataset_0909.in,datasets/sam-29/files/gpr_dataset_0909.in,0.19176241142356792,46.945831,24.644355,28.409814,0.05060958776323002,1.4744756702943627,2.6050761176039825,0.02,fresh
910,gpr_dataset_0910.in,datasets/sam-29/files/gpr_dataset_0910.in,0.16797565808898413,39.560868,36.050807,24.388325,0.14587581345138137,1.4782994644795662,2.683542492187438,0.02,fresh
911,gpr_dataset_0911.in,datasets/sam-29/files/gpr_dataset_0911.in,0.1280134834698751,47.098907,27.256748,25.644345,0.23909086483433178,1.4121380719526995,2.6930006456990867,0.02,fresh
912,gpr_dataset_0912.in,datasets/sam-29/files/gpr_dataset_0912.in,0.35693717669093616,44.039916,37.98625,17.973834,0.17010511639603645,1.515112378910814,2.6343271780192192,0.02,fresh
913,gpr_dataset_0913.in,datasets/sam-29/files/gpr_dataset_0913.in,0.10132267382278935,46.104004,30.323179,23.572817,0.18752392569327592,1.4839521678988832,2.622830017419363,0.02,fresh
914,gpr_dataset_0914.in,datasets/sam-29/files/gpr_dataset_0914.in,0.14613577889602014,43.882088,29.637025,26.480887,0.08696032696404268,1.3382848747850902,2.6408513738229593,0.02,fresh
915,gpr_dataset_0915.in,datasets/sam-29/files/gpr_dataset_0915.in,0.2691719077826944,44.872493,30.607999,24.519508,0.1699970399459955,1.3897173353874268,2.621762388595253,0.02,fresh
916,gpr_dataset_0916.in,datasets/sam-29/files/gpr_dataset_0916.in,0.43826058673571044,41.538885,28.534715,29.9264,0.10095754653678216,1.5089304670979449,2.680225459096722,0.02,fresh
917,gpr_dataset_0917.in,datasets/sam-29/files/gpr_dataset_0917.in,0.2504169294473753,43.192967,26.92091,29.886123,0.15475936966257997,1.5193391897018842,2.6418665481195034,0.02,fresh
918,gpr_dataset_0918.in,datasets/sam-29/files/gpr_dataset_0918.in,0.29702024092982715,47.260914,28.593276,24.14581,0.08633770160631127,1.4540584681415152,2.6466039984509435,0.02,fresh
919,gpr_dataset_0919.in,datasets/sam-29/files/gpr_dataset_0919.in,0.3144988403030343,47.781433,27.4836,24.734967,0.20658439142122226,1.393944672448377,2.6441181678141867,0.02,fresh
920,gpr_dataset_0920.in,datasets/sam-29/files/gpr_dataset_0920.in,0.27093620506663624,39.116013,33.709416,27.174571,0.1430832521974404,1.4939610456016263,2.611144264122873,0.02,fresh
921,gpr_dataset_0921.in,datasets/sam-29/files/gpr_dataset_0921.in,0.1467665488666833,45.358467,37.469255,17.172278,0.24221338029056888,1.513409532072684,2.688072025265989,0.02,fresh
922,gpr_dataset_0922.in,datasets/sam-29/files/gpr_dataset_0922.in,0.43444378447298004,39.458234,33.797864,26.743902,0.18329691817176902,1.4875361655773736,2.6450999220700377,0.02,fresh
923,gpr_dataset_0923.in,datasets/sam-29/files/gpr_dataset_0923.in,0.25376569329009324,38.992201,35.90253,25.105269,0.22892891390582287,1.3520460655507474,2.6222681296589925,0.02,fresh
924,gpr_dataset_0924.in,datasets/sam-29/files/gpr_dataset_0924.in,0.4370984965341932,38.471282,36.736274,24.792444,0.10259984451049674,1.4514806126406494,2.656229919738118,0.02,fresh
925,gpr_dataset_0925.in,datasets/sam-29/files/gpr_dataset_0925.in,0.34980430691994624,42.62863,36.705071,20.666299,0.24388066639760947,1.3072521223768643,2.6257808333765755,0.02,fresh
926,gpr_dataset_0926.in,datasets/sam-29/files/gpr_dataset_0926.in,0.1230967535939326,44.904472,38.307945,16.787583,0.11150763527200563,1.338755802466246,2.6612894949952155,0.02,fresh
927,gpr_dataset_0927.in,datasets/sam-29/files/gpr_dataset_0927.in,0.45371077017220196,45.78268,29.190982,25.026338,0.1446420246811102,1.5085530766178268,2.6100249449599295,0.02,fresh
928,gpr_dataset_0928.in,datasets/sam-29/files/gpr_dataset_0928.in,0.12499406926705202,43.888374,31.248567,24.863059,0.20110755414172365,1.4431883516189354,2.6572137612805333,0.02,fresh
929,gpr_dataset_0929.in,datasets/sam-29/files/gpr_dataset_0929.in,0.1712611617068826,44.710457,35.54496,19.744583,0.2276487905369522,1.5847741363973777,2.6911529486216033,0.02,fresh
930,gpr_dataset_0930.in,datasets/sam-29/files/gpr_dataset_0930.in,0.1077628561467098,48.685184,37.468638,13.846178,0.17639492040495675,1.5531361619610968,2.6695876559710627,0.02,fresh
931,gpr_dataset_0931.in,datasets/sam-29/files/gpr_dataset_0931.in,0.259354889682661,46.612747,33.973642,19.413611,0.17412331417001797,1.5297632579980327,2.657663826745324,0.02,fresh
932,gpr_dataset_0932.in,datasets/sam-29/files/gpr_dataset_0932.in,0.14600026208574246,37.654048,35.734937,26.611015,0.22077419351999256,1.4550877481013749,2.607484914218823,0.02,fresh
933,gpr_dataset_0933.in,datasets/sam-29/files/gpr_dataset_0933.in,0.11332160606031527,44.204621,34.062524,21.732855,0.19120573244510325,1.446998318999167,2.6737884938900467,0.02,fresh
934,gpr_dataset_0934.in,datasets/sam-29/files/gpr_dataset_0934.in,0.4468189711893883,48.303372,28.021119,23.675509,0.059104672884900844,1.430536990027333,2.6713518934965697,0.02,fresh
935,gpr_dataset_0935.in,datasets/sam-29/files/gpr_dataset_0935.in,0.3981989058155836,38.619384,34.807274,26.573342,0.12581694741736854,1.4003718327683536,2.6029007773287103,0.02,fresh
936,gpr_dataset_0936.in,datasets/sam-29/files/gpr_dataset_0936.in,0.4866433868686958,34.695803,38.317903,26.986294,0.1485405801114153,1.5685290159765417,2.666731135900119,0.02,fresh
937,gpr_dataset_0937.in,datasets/sam-29/files/gpr_dataset_0937.in,0.26158625763245624,43.810645,31.414409,24.774946,0.12041645204297112,1.5263679271287403,2.6753048019635695,0.02,fresh
938,gpr_dataset_0938.in,datasets/sam-29/files/gpr_dataset_0938.in,0.32319136974693,47.970361,23.928302,28.101337,0.17132280831755559,1.4522507395891924,2.6975458634909444,0.02,fresh
939,gpr_dataset_0939.in,datasets/sam-29/files/gpr_dataset_0939.in,0.14649240319663903,49.249119,32.677883,18.072998,0.23431824392379563,1.3089831177269133,2.6390621304067836,0.02,fresh
940,gpr_dataset_0940.in,datasets/sam-29/files/gpr_dataset_0940.in,0.4401713332383723,33.971944,37.871121,28.156935,0.05381301304551505,1.5444834477073592,2.6087625825520737,0.02,fresh
941,gpr_dataset_0941.in,datasets/sam-29/files/gpr_dataset_0941.in,0.4528661758472622,47.162638,37.153559,15.683803,0.1682107531289198,1.5152458718581014,2.6416674582118103,0.02,fresh
942,gpr_dataset_0942.in,datasets/sam-29/files/gpr_dataset_0942.in,0.12661150943736763,46.638935,23.772168,29.588897,0.1814420180103899,1.5715795253808904,2.69036739259036,0.02,fresh
943,gpr_dataset_0943.in,datasets/sam-29/files/gpr_dataset_0943.in,0.16317570926540875,37.931332,39.833272,22.235396,0.16811226616925937,1.3609764020198867,2.6348499782049575,0.02,fresh
944,gpr_dataset_0944.in,datasets/sam-29/files/gpr_dataset_0944.in,0.11359472514810971,43.694156,32.153787,24.152057,0.21547371785583747,1.4561523231737925,2.6391092576378092,0.02,fresh
945,gpr_dataset_0945.in,datasets/sam-29/files/gpr_dataset_0945.in,0.28065009336906155,47.276029,27.999966,24.724005,0.17393099916165178,1.4397230795673668,2.6192471793051433,0.02,fresh
946,gpr_dataset_0946.in,datasets/sam-29/files/gpr_dataset_0946.in,0.19965240644083454,45.255947,30.163392,24.580661,0.13558307736816128,1.5144771188397956,2.6649148594384995,0.02,fresh
947,gpr_dataset_0947.in,datasets/sam-29/files/gpr_dataset_0947.in,0.18598597414254683,43.799172,28.12668,28.074148,0.23233481849012633,1.370089770798073,2.686890282990197,0.02,fresh
948,gpr_dataset_0948.in,datasets/sam-29/files/gpr_dataset_0948.in,0.3659875933149953,48.092047,22.227699,29.680254,0.18055891703273447,1.5063254174741139,2.654113657303682,0.02,fresh
949,gpr_dataset_0949.in,datasets/sam-29/files/gpr_dataset_0949.in,0.20623064314591627,45.137462,34.510419,20.352119,0.20931024615160215,1.547766744322847,2.6642666419587826,0.02,fresh
950,gpr_dataset_0950.in,datasets/sam-29/files/gpr_dataset_0950.in,0.2787026451859591,35.389902,37.909401,26.700697,0.16326082933529434,1.5927037428675253,2.6776367348634538,0.02,fresh
951,gpr_dataset_0951.in,datasets/sam-29/files/gpr_dataset_0951.in,0.20437229395698753,43.286013,33.302782,23.411205,0.17770612684308268,1.3474486511553598,2.6400314842186776,0.02,fresh
952,gpr_dataset_0952.in,datasets/sam-29/files/gpr_dataset_0952.in,0.25730152914516724,41.059676,30.565394,28.37493,0.05607993517184151,1.4014532568562972,2.603316216121136,0.02,fresh
953,gpr_dataset_0953.in,datasets/sam-29/files/gpr_dataset_0953.in,0.3702588364644728,49.318641,37.759881,12.921478,0.05298324543194584,1.4032854359776024,2.6599960276352923,0.02,fresh
954,gpr_dataset_0954.in,datasets/sam-29/files/gpr_dataset_0954.in,0.2478216513125474,47.062226,31.711134,21.22664,0.07106379937983898,1.3022245620529913,2.6133372120583043,0.02,fresh
955,gpr_dataset_0955.in,datasets/sam-29/files/gpr_dataset_0955.in,0.25431590103424373,43.690074,37.762538,18.547388,0.16431129780963452,1.5221227314472336,2.653540404917765,0.02,fresh
956,gpr_dataset_0956.in,datasets/sam-29/files/gpr_dataset_0956.in,0.23871777997328178,46.933631,31.995089,21.07128,0.24998504068347555,1.407202710308615,2.6266960177615513,0.02,fresh
957,gpr_dataset_0957.in,datasets/sam-29/files/gpr_dataset_0957.in,0.2899715267016545,45.731619,25.353399,28.914982,0.2038304418432767,1.3341673053892213,2.673742475225822,0.02,fresh
958,gpr_dataset_0958.in,datasets/sam-29/files/gpr_dataset_0958.in,0.461698557357353,43.913517,35.654025,20.432458,0.20534660596692939,1.4656446826522578,2.6920097956696574,0.02,fresh
959,gpr_dataset_0959.in,datasets/sam-29/files/gpr_dataset_0959.in,0.28838807240499237,45.572696,33.555618,20.871686,0.06292529115697475,1.563339359735753,2.67045912514402,0.02,fresh
960,gpr_dataset_0960.in,datasets/sam-29/files/gpr_dataset_0960.in,0.4056382643278903,44.742193,38.689042,16.568765,0.18762185800628534,1.3374794284203346,2.652509060739688,0.02,fresh
961,gpr_dataset_0961.in,datasets/sam-29/files/gpr_dataset_0961.in,0.22234362374731995,44.485885,32.062595,23.45152,0.2143100561911238,1.5642102127430393,2.6556056227507137,0.02,fresh
962,gpr_dataset_0962.in,datasets/sam-29/files/gpr_dataset_0962.in,0.32025223042603357,47.564343,37.32288,15.112777,0.21522558953369525,1.3307126389654047,2.677588867442653,0.02,fresh
963,gpr_dataset_0963.in,datasets/sam-29/files/gpr_dataset_0963.in,0.1544615717013591,49.799349,36.946686,13.253965,0.10096713027694859,1.5883593897695008,2.665264352282048,0.02,fresh
964,gpr_dataset_0964.in,datasets/sam-29/files/gpr_dataset_0964.in,0.37556248332317477,45.028767,32.688041,22.283192,0.1281144405025591,1.5797621101444252,2.6412077281782174,0.02,fresh
965,gpr_dataset_0965.in,datasets/sam-29/files/gpr_dataset_0965.in,0.1198504073811157,41.821388,33.719613,24.458999,0.07232536385529836,1.4805020104136706,2.6240040021549325,0.02,fresh
966,gpr_dataset_0966.in,datasets/sam-29/files/gpr_dataset_0966.in,0.4854661931818084,44.147389,29.38044,26.472171,0.23889233935651683,1.598568290392219,2.6770017207056878,0.02,fresh
967,gpr_dataset_0967.in,datasets/sam-29/files/gpr_dataset_0967.in,0.14050107093496647,39.924546,35.635785,24.439669,0.2168896081620672,1.4183289588905712,2.6929029259939075,0.02,fresh
968,gpr_dataset_0968.in,datasets/sam-29/files/gpr_dataset_0968.in,0.3245661064752181,44.345484,38.237044,17.417472,0.05789406501147627,1.5196363142091027,2.6030419655293686,0.02,fresh
969,gpr_dataset_0969.in,datasets/sam-29/files/gpr_dataset_0969.in,0.4108640167231279,42.351731,33.306961,24.341308,0.053155631206441026,1.354689496282164,2.6514598096805058,0.02,fresh
970,gpr_dataset_0970.in,datasets/sam-29/files/gpr_dataset_0970.in,0.25272483694113107,42.135306,33.359444,24.50525,0.18762446098818425,1.3213459902093694,2.6810163267340017,0.02,fresh
971,gpr_dataset_0971.in,datasets/sam-29/files/gpr_dataset_0971.in,0.49096664222243924,46.118926,26.988237,26.892837,0.11297867716359744,1.3110380529092898,2.6044645612686,0.02,fresh
972,gpr_dataset_0972.in,datasets/sam-29/files/gpr_dataset_0972.in,0.21027109593854645,42.972555,31.626497,25.400948,0.1725401352417586,1.547911790516874,2.652766398868757,0.02,fresh
973,gpr_dataset_0973.in,datasets/sam-29/files/gpr_dataset_0973.in,0.2790349831281297,48.516336,30.069466,21.414198,0.10861126901281289,1.4751771114381251,2.6684600965563465,0.02,fresh
974,gpr_dataset_0974.in,datasets/sam-29/files/gpr_dataset_0974.in,0.44165094620893963,39.639587,37.452058,22.908355,0.2422467506441779,1.390601076138583,2.6413047342865505,0.02,fresh
975,gpr_dataset_0975.in,datasets/sam-29/files/gpr_dataset_0975.in,0.11603987251751531,46.989933,36.487393,16.522674,0.1271538298705086,1.3975379022569292,2.6532554022179564,0.02,fresh
976,gpr_dataset_0976.in,datasets/sam-29/files/gpr_dataset_0976.in,0.4346469549375217,44.598244,35.152844,20.248912,0.10295497440534816,1.4901245178161115,2.654187755516161,0.02,fresh
977,gpr_dataset_0977.in,datasets/sam-29/files/gpr_dataset_0977.in,0.350426874047176,49.305091,35.831204,14.863705,0.185696910556868,1.5237048199110734,2.6818208290923997,0.02,fresh
978,gpr_dataset_0978.in,datasets/sam-29/files/gpr_dataset_0978.in,0.25865268585138124,46.513461,33.197489,20.28905,0.059349221819808486,1.3656012285644321,2.6250839128374595,0.02,fresh
979,gpr_dataset_0979.in,datasets/sam-29/files/gpr_dataset_0979.in,0.27545441114173014,48.80247,34.938921,16.258609,0.18242474516978646,1.4928068139148158,2.600165226164751,0.02,fresh
980,gpr_dataset_0980.in,datasets/sam-29/files/gpr_dataset_0980.in,0.3015806824754957,43.152216,31.884227,24.963557,0.11413055342774835,1.3359948973478941,2.626735723075375,0.02,fresh
981,gpr_dataset_0981.in,datasets/sam-29/files/gpr_dataset_0981.in,0.3676925389436274,35.219998,38.422827,26.357175,0.08091771845149907,1.3046887502120952,2.609939220090127,0.02,fresh
982,gpr_dataset_0982.in,datasets/sam-29/files/gpr_dataset_0982.in,0.4604495270446909,47.351978,28.987643,23.660379,0.14722144347175264,1.5283656948079642,2.642622278614633,0.02,fresh
983,gpr_dataset_0983.in,datasets/sam-29/files/gpr_dataset_0983.in,0.3784702636051407,41.997568,31.939825,26.062607,0.19448542589441725,1.5299516419776866,2.657950084125792,0.02,fresh
984,gpr_dataset_0984.in,datasets/sam-29/files/gpr_dataset_0984.in,0.4982661637703292,45.764679,39.981654,14.253667,0.12401091108470119,1.359431138872909,2.625348768165991,0.02,fresh
985,gpr_dataset_0985.in,datasets/sam-29/files/gpr_dataset_0985.in,0.2047676859499672,40.495087,34.297674,25.207239,0.08805067397802696,1.39821312849648,2.6368992415216748,0.02,fresh
986,gpr_dataset_0986.in,datasets/sam-29/files/gpr_dataset_0986.in,0.46741500061409547,44.734906,33.867548,21.397546,0.180032179883446,1.4025781001026794,2.604544159095524,0.02,fresh
987,gpr_dataset_0987.in,datasets/sam-29/files/gpr_dataset_0987.in,0.25950313378749856,40.738054,34.690462,24.571484,0.18913523837261942,1.3331750877201352,2.6540989854764208,0.02,fresh
988,gpr_dataset_0988.in,datasets/sam-29/files/gpr_dataset_0988.in,0.3149161624444261,44.061167,36.244709,19.694124,0.09133120189966296,1.4156575250415677,2.6892690888982327,0.02,fresh
989,gpr_dataset_0989.in,datasets/sam-29/files/gpr_dataset_0989.in,0.1622112810189647,44.114689,31.888762,23.996549,0.08371045894861759,1.5906438749983653,2.6446006556119257,0.02,fresh
990,gpr_dataset_0990.in,datasets/sam-29/files/gpr_dataset_0990.in,0.2742165662773066,42.391617,32.592371,25.016012,0.2063124146573611,1.5861460145545854,2.6561909913786237,0.02,fresh
991,gpr_dataset_0991.in,datasets/sam-29/files/gpr_dataset_0991.in,0.48832301101973397,48.238691,31.978675,19.782634,0.1282414151272071,1.4461787260741024,2.6258003962671155,0.02,fresh
992,gpr_dataset_0992.in,datasets/sam-29/files/gpr_dataset_0992.in,0.16633239857383325,38.145164,35.660066,26.19477,0.09276535947176268,1.409770923591863,2.6441965469558433,0.02,fresh
993,gpr_dataset_0993.in,datasets/sam-29/files/gpr_dataset_0993.in,0.25649062210397605,39.756754,30.25464,29.988606,0.1350555525217684,1.5851411411344787,2.6191487417872117,0.02,fresh
994,gpr_dataset_0994.in,datasets/sam-29/files/gpr_dataset_0994.in,0.39636673003343703,46.521965,39.621879,13.856156,0.09944976088319513,1.4396282868095855,2.694724069651104,0.02,fresh
995,gpr_dataset_0995.in,datasets/sam-29/files/gpr_dataset_0995.in,0.22439686531453457,49.105509,33.623867,17.270624,0.16920785029148727,1.4673414368569646,2.698702048692135,0.02,fresh
996,gpr_dataset_0996.in,datasets/sam-29/files/gpr_dataset_0996.in,0.27233118722139815,38.235234,35.104632,26.660134,0.2118524899051647,1.348290871630771,2.6957364829023733,0.02,fresh
997,gpr_dataset_0997.in,datasets/sam-29/files/gpr_dataset_0997.in,0.13763293879906194,48.318164,23.515466,28.16637,0.08002856096816868,1.5352200374147047,2.679208128572155,0.02,fresh
998,gpr_dataset_0998.in,datasets/sam-29/files/gpr_dataset_0998.in,0.37721752587496993,44.348611,31.562088,24.089301,0.14663787755327168,1.3134118547443099,2.6261916293219887,0.02,fresh
999,gpr_dataset_0999.in,datasets/sam-29/files/gpr_dataset_0999.in,0.2787129035788247,46.487655,34.557212,18.955133,0.13133854991670893,1.3934864034229977,2.6068801966734054,0.02,fresh
1000,gpr_dataset_1000.in,datasets/sam-29/files/gpr_dataset_1000.in,0.24067957955037814,48.94457,31.87865,19.17678,0.1366275137570814,1.4091028285400813,2.6787632832364907,0.02,fresh
1001,gpr_dataset_1001.in,datasets/sam-29/files/gpr_dataset_1001.in,0.3734215562721631,35.036361,39.569737,25.393902,0.10320041711896158,1.4784043461354683,2.672148285918681,0.02,fresh
1002,gpr_dataset_1002.in,datasets/sam-29/files/gpr_dataset_1002.in,0.22983026597756903,43.021057,35.671281,21.307662,0.2377823283183108,1.5114821499658235,2.6429023929771587,0.02,fresh
1003,gpr_dataset_1003.in,datasets/sam-29/files/gpr_dataset_1003.in,0.15725504227477916,40.244292,32.007138,27.74857,0.20805809694410332,1.3807539266909163,2.654712574302518,0.02,fresh
1004,gpr_dataset_1004.in,datasets/sam-29/files/gpr_dataset_1004.in,0.24857839758112946,43.849323,31.815647,24.33503,0.20215747661498057,1.5515862116819985,2.6394528748075787,0.02,fresh
1005,gpr_dataset_1005.in,datasets/sam-29/files/gpr_dataset_1005.in,0.18965978003465844,40.890059,31.307867,27.802074,0.09887854170762861,1.5653814111164113,2.612510101900374,0.02,fresh
1006,gpr_dataset_1006.in,datasets/sam-29/files/gpr_dataset_1006.in,0.26007661028006845,45.79409,28.050488,26.155422,0.11685346630283307,1.4317311416592653,2.686922671344765,0.02,fresh
1007,gpr_dataset_1007.in,datasets/sam-29/files/gpr_dataset_1007.in,0.26525720546585985,41.892132,29.728997,28.378871,0.2486191827194959,1.331777129527919,2.642964372141592,0.02,fresh
1008,gpr_dataset_1008.in,datasets/sam-29/files/gpr_dataset_1008.in,0.35596556198480434,42.115438,35.706189,22.178373,0.2406569958469264,1.3599875272469655,2.6775371052148578,0.02,fresh
1009,gpr_dataset_1009.in,datasets/sam-29/files/gpr_dataset_1009.in,0.39364986657206236,48.016945,34.045081,17.937974,0.12544847946857413,1.4891101252777357,2.613947742840134,0.02,fresh
1010,gpr_dataset_1010.in,datasets/sam-29/files/gpr_dataset_1010.in,0.2072215851571962,48.123932,23.32219,28.553878,0.0852757936332564,1.3693915799871845,2.6777503118464314,0.02,fresh
1011,gpr_dataset_1011.in,datasets/sam-29/files/gpr_dataset_1011.in,0.27521073177361616,41.45828,39.226254,19.315466,0.0707032538535683,1.59915712079014,2.615214459564929,0.02,fresh
1012,gpr_dataset_1012.in,datasets/sam-29/files/gpr_dataset_1012.in,0.21287848878439897,48.726094,31.53245,19.741456,0.10666612704237305,1.3985833840797668,2.6393486328101843,0.02,fresh
1013,gpr_dataset_1013.in,datasets/sam-29/files/gpr_dataset_1013.in,0.2154274037648273,42.073815,33.357493,24.568692,0.20139527792310213,1.529347931942136,2.6864964550360644,0.02,fresh
1014,gpr_dataset_1014.in,datasets/sam-29/files/gpr_dataset_1014.in,0.40649418491982914,37.500269,34.958486,27.541245,0.24016812874507992,1.4597525954368018,2.6982359564830416,0.02,fresh
1015,gpr_dataset_1015.in,datasets/sam-29/files/gpr_dataset_1015.in,0.2267186128408544,45.034677,39.493386,15.471937,0.15637932497768958,1.4551131193266376,2.6815366100675124,0.02,fresh
1016,gpr_dataset_1016.in,datasets/sam-29/files/gpr_dataset_1016.in,0.23934715864256037,47.694608,24.572732,27.73266,0.08668055062886426,1.5846680908187933,2.644548407634393,0.02,fresh
1017,gpr_dataset_1017.in,datasets/sam-29/files/gpr_dataset_1017.in,0.23245129480658944,38.161784,38.210703,23.627513,0.13547340618952974,1.5870812904538893,2.6866692977770787,0.02,fresh
1018,gpr_dataset_1018.in,datasets/sam-29/files/gpr_dataset_1018.in,0.42641659130385035,46.649404,31.430319,21.920277,0.07349552355281469,1.5483534113567847,2.6863525641354253,0.02,fresh
1019,gpr_dataset_1019.in,datasets/sam-29/files/gpr_dataset_1019.in,0.22942412945417204,48.9263,31.079048,19.994652,0.1442148643710397,1.5703327736960755,2.680662885569722,0.02,fresh
1020,gpr_dataset_1020.in,datasets/sam-29/files/gpr_dataset_1020.in,0.46977403238208204,35.033106,35.666764,29.30013,0.21097426903697075,1.5790496124799933,2.6258374009219807,0.02,fresh
1021,gpr_dataset_1021.in,datasets/sam-29/files/gpr_dataset_1021.in,0.23347176862509872,37.143207,39.790901,23.065892,0.12865653153798642,1.5224493745169256,2.6330137064205084,0.02,fresh
1022,gpr_dataset_1022.in,datasets/sam-29/files/gpr_dataset_1022.in,0.2140252672143019,36.728128,38.855933,24.415939,0.22221594438866776,1.3376888787590129,2.672002237215185,0.02,fresh
1023,gpr_dataset_1023.in,datasets/sam-29/files/gpr_dataset_1023.in,0.4941610216877985,44.111322,35.537104,20.351574,0.07600457040256173,1.3857773875870223,2.6709736831323903,0.02,fresh
1024,gpr_dataset_1024.in,datasets/sam-29/files/gpr_dataset_1024.in,0.34294252550144033,36.11135,35.767402,28.121248,0.08203844332902069,1.3386030786573184,2.6070069586227076,0.02,fresh
1025,gpr_dataset_1025.in,datasets/sam-29/files/gpr_dataset_1025.in,0.36241415311469993,47.392231,26.248609,26.35916,0.22747230258411882,1.43905870903548,2.6214425077950003,0.02,fresh
1026,gpr_dataset_1026.in,datasets/sam-29/files/gpr_dataset_1026.in,0.20044821185346784,45.57426,31.747174,22.678566,0.19428986486394434,1.4457940469409283,2.657471769505719,0.02,fresh
1027,gpr_dataset_1027.in,datasets/sam-29/files/gpr_dataset_1027.in,0.3562998749542846,47.020869,33.303419,19.675712,0.12988311356498744,1.3633684009697309,2.654562390675935,0.02,fresh
1028,gpr_dataset_1028.in,datasets/sam-29/files/gpr_dataset_1028.in,0.14140627354516197,37.099285,39.027472,23.873243,0.15110532045841835,1.425269615830457,2.6808752754133853,0.02,fresh
1029,gpr_dataset_1029.in,datasets/sam-29/files/gpr_dataset_1029.in,0.40232571719932964,49.629197,26.793655,23.577148,0.1044967188324692,1.3463178898732835,2.6410085906929917,0.02,fresh
1030,gpr_dataset_1030.in,datasets/sam-29/files/gpr_dataset_1030.in,0.4493661141953109,45.678009,32.035794,22.286197,0.21949432881001013,1.3110367490123551,2.601666971250765,0.02,fresh
1031,gpr_dataset_1031.in,datasets/sam-29/files/gpr_dataset_1031.in,0.30661061422667124,40.795227,35.497747,23.707026,0.19922300888859812,1.3627616744990196,2.63185005484275,0.02,fresh
1032,gpr_dataset_1032.in,datasets/sam-29/files/gpr_dataset_1032.in,0.4077151744001367,40.049895,32.45535,27.494755,0.14228863803299907,1.557604224958398,2.686415668253087,0.02,fresh
1033,gpr_dataset_1033.in,datasets/sam-29/files/gpr_dataset_1033.in,0.3379056955669748,49.141369,28.213748,22.644883,0.13599823141148729,1.5989471891620375,2.6822014509532104,0.02,fresh
1034,gpr_dataset_1034.in,datasets/sam-29/files/gpr_dataset_1034.in,0.38167986693450895,49.423216,28.528404,22.04838,0.20681266087113914,1.3832187866408971,2.622106389933461,0.02,fresh
1035,gpr_dataset_1035.in,datasets/sam-29/files/gpr_dataset_1035.in,0.36712700618228755,44.889701,33.242193,21.868106,0.20952114155786605,1.3319641619103042,2.6506700030275825,0.02,fresh
1036,gpr_dataset_1036.in,datasets/sam-29/files/gpr_dataset_1036.in,0.19119473401481676,49.462873,33.726577,16.81055,0.11329938163584602,1.337283345803945,2.6429068890994047,0.02,fresh
1037,gpr_dataset_1037.in,datasets/sam-29/files/gpr_dataset_1037.in,0.10150827676830182,48.675401,27.676283,23.648316,0.13122308455933884,1.5090126458753366,2.646837704290666,0.02,fresh
1038,gpr_dataset_1038.in,datasets/sam-29/files/gpr_dataset_1038.in,0.14522719131350673,47.053085,35.507415,17.4395,0.12170128642779109,1.541978320098018,2.6730329906713,0.02,fresh
1039,gpr_dataset_1039.in,datasets/sam-29/files/gpr_dataset_1039.in,0.14927191877593748,31.420979,39.891544,28.687477,0.089304563688439,1.4797791114033048,2.657370735543482,0.02,fresh
1040,gpr_dataset_1040.in,datasets/sam-29/files/gpr_dataset_1040.in,0.23404624083795855,44.639478,32.864677,22.495845,0.050233484345586214,1.514470529414435,2.642047294566032,0.02,fresh
1041,gpr_dataset_1041.in,datasets/sam-29/files/gpr_dataset_1041.in,0.1878288204432486,42.039069,36.785864,21.175067,0.1304486839547802,1.4660934916411756,2.608921780643373,0.02,fresh
1042,gpr_dataset_1042.in,datasets/sam-29/files/gpr_dataset_1042.in,0.21083176785609453,45.84556,37.458084,16.696356,0.07956548901430063,1.403643905030403,2.6788598253852864,0.02,fresh
1043,gpr_dataset_1043.in,datasets/sam-29/files/gpr_dataset_1043.in,0.130823647423045,38.271063,33.310357,28.41858,0.17960184190732664,1.3330029096503109,2.6111075045168985,0.02,fresh
1044,gpr_dataset_1044.in,datasets/sam-29/files/gpr_dataset_1044.in,0.25489935234446315,48.961119,37.271962,13.766919,0.08357373469031955,1.5554803953860599,2.6741562188777506,0.02,fresh
1045,gpr_dataset_1045.in,datasets/sam-29/files/gpr_dataset_1045.in,0.2188026098602149,42.477948,33.641696,23.880356,0.06691007219914998,1.5890583261738072,2.629505888962836,0.02,fresh
1046,gpr_dataset_1046.in,datasets/sam-29/files/gpr_dataset_1046.in,0.3777940212392418,46.293942,34.020037,19.686021,0.08802100169554408,1.3448390217350883,2.6595450796446967,0.02,fresh
1047,gpr_dataset_1047.in,datasets/sam-29/files/gpr_dataset_1047.in,0.20952459430175466,43.436161,30.155932,26.407907,0.20729449730434363,1.5053996675195622,2.6237484122994195,0.02,fresh
1048,gpr_dataset_1048.in,datasets/sam-29/files/gpr_dataset_1048.in,0.41815241711451934,43.814892,26.456774,29.728334,0.09843108958077684,1.4519468636298056,2.6556873398339347,0.02,fresh
1049,gpr_dataset_1049.in,datasets/sam-29/files/gpr_dataset_1049.in,0.48222158140334936,36.640391,38.29538,25.064229,0.16746679827363303,1.507635860309691,2.684992302969049,0.02,fresh
1050,gpr_dataset_1050.in,datasets/sam-29/files/gpr_dataset_1050.in,0.26445600108671596,42.022513,30.882464,27.095023,0.05851622407694173,1.4696299977618326,2.6464155791517734,0.02,fresh
1051,gpr_dataset_1051.in,datasets/sam-29/files/gpr_dataset_1051.in,0.1383678524488194,36.717655,39.466345,23.816,0.10311237355261192,1.3702939408949837,2.650170952399979,0.02,fresh
1052,gpr_dataset_1052.in,datasets/sam-29/files/gpr_dataset_1052.in,0.1091671927667533,43.033607,33.09433,23.872063,0.15741244466513077,1.4342360808124457,2.6647395082495535,0.02,fresh
1053,gpr_dataset_1053.in,datasets/sam-29/files/gpr_dataset_1053.in,0.34474188005774875,47.95429,39.279435,12.766275,0.1467122691689321,1.5447349748495967,2.6754071644808057,0.02,fresh
1054,gpr_dataset_1054.in,datasets/sam-29/files/gpr_dataset_1054.in,0.3235947195890535,40.851519,38.20146,20.947021,0.22660275963048349,1.5970603199769742,2.6217344018629505,0.02,fresh
1055,gpr_dataset_1055.in,datasets/sam-29/files/gpr_dataset_1055.in,0.2987775368925183,44.870776,28.559154,26.57007,0.18655900078542537,1.3803974688438145,2.671370224715853,0.02,fresh
1056,gpr_dataset_1056.in,datasets/sam-29/files/gpr_dataset_1056.in,0.45398571583098135,42.044862,29.362443,28.592695,0.19493392025035583,1.5675816612756412,2.6385021042748975,0.02,fresh
1057,gpr_dataset_1057.in,datasets/sam-29/files/gpr_dataset_1057.in,0.45348517412977996,42.618587,31.604006,25.777407,0.12471887129477169,1.349148998627932,2.645880866148197,0.02,fresh
1058,gpr_dataset_1058.in,datasets/sam-29/files/gpr_dataset_1058.in,0.47013322809380387,41.458565,39.265399,19.276036,0.13180308546405128,1.583426410832735,2.645187349919629,0.02,fresh
1059,gpr_dataset_1059.in,datasets/sam-29/files/gpr_dataset_1059.in,0.17340516044908832,48.007819,34.588397,17.403784,0.08571000424875515,1.4829027152127447,2.623542922065331,0.02,fresh
1060,gpr_dataset_1060.in,datasets/sam-29/files/gpr_dataset_1060.in,0.2502733341541765,40.049295,36.04957,23.901135,0.14095617010494382,1.4282414094207516,2.6886847902850164,0.02,fresh
1061,gpr_dataset_1061.in,datasets/sam-29/files/gpr_dataset_1061.in,0.11843237902257592,45.72527,36.677128,17.597602,0.07506923066471238,1.5455479181284977,2.644734727906266,0.02,fresh
1062,gpr_dataset_1062.in,datasets/sam-29/files/gpr_dataset_1062.in,0.365219411032473,49.968931,31.08251,18.948559,0.22898785326241172,1.5681620011169644,2.624818678596587,0.02,fresh
1063,gpr_dataset_1063.in,datasets/sam-29/files/gpr_dataset_1063.in,0.2592145696047199,44.525956,29.276549,26.197495,0.24744991580609388,1.4825162440773996,2.6672803095785858,0.02,fresh
1064,gpr_dataset_1064.in,datasets/sam-29/files/gpr_dataset_1064.in,0.43829725891542715,49.52967,30.725447,19.744883,0.24190717814918677,1.5690230213980243,2.6294393247563366,0.02,fresh
1065,gpr_dataset_1065.in,datasets/sam-29/files/gpr_dataset_1065.in,0.32988465024609304,47.791773,38.596339,13.611888,0.24775934950070783,1.5682515581586371,2.643341252189945,0.02,fresh
1066,gpr_dataset_1066.in,datasets/sam-29/files/gpr_dataset_1066.in,0.441427407807772,44.192831,33.150745,22.656424,0.16645427768153742,1.560855570736612,2.6114444600719766,0.02,fresh
1067,gpr_dataset_1067.in,datasets/sam-29/files/gpr_dataset_1067.in,0.2980148772250988,49.687815,31.944049,18.368136,0.16393991921389117,1.551882320409015,2.6434314235174647,0.02,fresh
1068,gpr_dataset_1068.in,datasets/sam-29/files/gpr_dataset_1068.in,0.2610358873927039,45.812396,38.766543,15.421061,0.06049147197726035,1.5994808963165905,2.621244213753985,0.02,fresh
1069,gpr_dataset_1069.in,datasets/sam-29/files/gpr_dataset_1069.in,0.4639366152553691,43.868421,31.284493,24.847086,0.13773693317433602,1.4633395481288731,2.6848479753191534,0.02,fresh
1070,gpr_dataset_1070.in,datasets/sam-29/files/gpr_dataset_1070.in,0.4682177086961433,43.55668,34.359483,22.083837,0.07490372067288918,1.4116314258357445,2.6165961533906943,0.02,fresh
1071,gpr_dataset_1071.in,datasets/sam-29/files/gpr_dataset_1071.in,0.17608544953605484,45.101226,31.670328,23.228446,0.23446557820780456,1.3558930780362743,2.6453375830923407,0.02,fresh
1072,gpr_dataset_1072.in,datasets/sam-29/files/gpr_dataset_1072.in,0.48198955607319327,43.36367,32.852072,23.784258,0.12607292998859276,1.5265724003390286,2.6681936404832345,0.02,fresh
1073,gpr_dataset_1073.in,datasets/sam-29/files/gpr_dataset_1073.in,0.3809514691426108,42.60931,34.949532,22.441158,0.1073507112393968,1.580380125398839,2.650878650696885,0.02,fresh
1074,gpr_dataset_1074.in,datasets/sam-29/files/gpr_dataset_1074.in,0.32160614199405646,41.093719,32.125922,26.780359,0.22729774223949445,1.573129339391167,2.650607134197212,0.02,fresh
1075,gpr_dataset_1075.in,datasets/sam-29/files/gpr_dataset_1075.in,0.3883935661953938,38.978917,36.225601,24.795482,0.11092667747111783,1.4350601675004329,2.6122975818637313,0.02,fresh
1076,gpr_dataset_1076.in,datasets/sam-29/files/gpr_dataset_1076.in,0.496566143840126,45.263953,33.145926,21.590121,0.06531030535435828,1.5410703746410668,2.6012881964625763,0.02,fresh
1077,gpr_dataset_1077.in,datasets/sam-29/files/gpr_dataset_1077.in,0.4311888785261063,46.164339,26.083287,27.752374,0.0567092394132227,1.4665791551623468,2.6791353140829433,0.02,fresh
1078,gpr_dataset_1078.in,datasets/sam-29/files/gpr_dataset_1078.in,0.43697504939147636,36.469604,34.030292,29.500104,0.16180113936543833,1.3807010876501293,2.6486121650245846,0.02,fresh
1079,gpr_dataset_1079.in,datasets/sam-29/files/gpr_dataset_1079.in,0.3749759513001716,47.392289,29.339501,23.26821,0.21055082958429533,1.424705276642014,2.637669460934032,0.02,fresh
1080,gpr_dataset_1080.in,datasets/sam-29/files/gpr_dataset_1080.in,0.4813118578324057,45.015488,25.795999,29.188513,0.1853024737983574,1.5165724852627487,2.601375586109653,0.02,fresh
1081,gpr_dataset_1081.in,datasets/sam-29/files/gpr_dataset_1081.in,0.3352851996948897,40.907459,31.55593,27.536611,0.11379193889488387,1.486126082614261,2.6276866872950837,0.02,fresh
1082,gpr_dataset_1082.in,datasets/sam-29/files/gpr_dataset_1082.in,0.4112660860004066,40.787259,38.110222,21.102519,0.11980593344421485,1.5880923848061355,2.6383665261170024,0.02,fresh
1083,gpr_dataset_1083.in,datasets/sam-29/files/gpr_dataset_1083.in,0.2408344352654781,44.352983,37.457955,18.189062,0.13712362846552145,1.534105815914287,2.6461279479767796,0.02,fresh
1084,gpr_dataset_1084.in,datasets/sam-29/files/gpr_dataset_1084.in,0.11676296432641689,49.532049,35.505476,14.962475,0.11623944856533575,1.5881924760384623,2.6946478631769026,0.02,fresh
1085,gpr_dataset_1085.in,datasets/sam-29/files/gpr_dataset_1085.in,0.38356174875861815,37.31162,37.286214,25.402166,0.0696674542487375,1.3351736680072,2.688674176798846,0.02,fresh
1086,gpr_dataset_1086.in,datasets/sam-29/files/gpr_dataset_1086.in,0.14546383621079448,42.735324,31.603219,25.661457,0.05392367269193459,1.3297328906011374,2.6152852068534376,0.02,fresh
1087,gpr_dataset_1087.in,datasets/sam-29/files/gpr_dataset_1087.in,0.2525003691069214,42.082102,32.531348,25.38655,0.12744333121541998,1.4250688335819375,2.668774173742289,0.02,fresh
1088,gpr_dataset_1088.in,datasets/sam-29/files/gpr_dataset_1088.in,0.3214017222744382,43.430722,31.575517,24.993761,0.0955099957026877,1.5503761833988208,2.6112707380793854,0.02,fresh
1089,gpr_dataset_1089.in,datasets/sam-29/files/gpr_dataset_1089.in,0.43959971286668564,42.077962,29.040522,28.881516,0.08137305464151098,1.4951228294255992,2.651474790173635,0.02,fresh
1090,gpr_dataset_1090.in,datasets/sam-29/files/gpr_dataset_1090.in,0.46490781181126073,44.129342,28.53871,27.331948,0.19795557841121186,1.378641412155595,2.6865645679907044,0.02,fresh
1091,gpr_dataset_1091.in,datasets/sam-29/files/gpr_dataset_1091.in,0.1972842723610998,45.074596,31.320276,23.605128,0.2118150553172899,1.5704195847633846,2.643735448044741,0.02,fresh
1092,gpr_dataset_1092.in,datasets/sam-29/files/gpr_dataset_1092.in,0.253951642143066,39.815536,34.162103,26.022361,0.2473198217639545,1.3496083924187352,2.6505139496848624,0.02,fresh
1093,gpr_dataset_1093.in,datasets/sam-29/files/gpr_dataset_1093.in,0.46508616469318975,39.880982,31.610978,28.50804,0.0580325846423535,1.5866918604465639,2.6270890245049814,0.02,fresh
1094,gpr_dataset_1094.in,datasets/sam-29/files/gpr_dataset_1094.in,0.1677448818096409,42.856512,31.447904,25.695584,0.06379987184528645,1.304504061905968,2.659921277690753,0.02,fresh
1095,gpr_dataset_1095.in,datasets/sam-29/files/gpr_dataset_1095.in,0.27943060031205147,49.229283,27.859691,22.911026,0.07208170615879182,1.558844277349714,2.623222477433325,0.02,fresh
1096,gpr_dataset_1096.in,datasets/sam-29/files/gpr_dataset_1096.in,0.2094151147035163,43.537345,28.937096,27.525559,0.13872830028728256,1.3399192187891205,2.645564797364681,0.02,fresh
1097,gpr_dataset_1097.in,datasets/sam-29/files/gpr_dataset_1097.in,0.2825670187832673,42.671574,34.13024,23.198186,0.0784389078890233,1.5121200625509514,2.6726556894715516,0.02,fresh
1098,gpr_dataset_1098.in,datasets/sam-29/files/gpr_dataset_1098.in,0.35526163948766676,36.153971,36.082605,27.763424,0.0894089232397566,1.344725450680585,2.65189990278751,0.02,fresh
1099,gpr_dataset_1099.in,datasets/sam-29/files/gpr_dataset_1099.in,0.3064487361575444,45.621614,27.623741,26.754645,0.1320183036499139,1.4910086670216267,2.6413582385124013,0.02,fresh
1100,gpr_dataset_1100.in,datasets/sam-29/files/gpr_dataset_1100.in,0.16591210935003567,43.656057,39.611362,16.732581,0.155212671976374,1.5163549628006776,2.606679084201367,0.02,fresh
1101,gpr_dataset_1101.in,datasets/sam-29/files/gpr_dataset_1101.in,0.27529342234887255,42.046308,33.562754,24.390938,0.07538883497389781,1.5106499594145926,2.658684094099459,0.02,fresh
1102,gpr_dataset_1102.in,datasets/sam-29/files/gpr_dataset_1102.in,0.40210486125873934,39.043108,35.986045,24.970847,0.22838031691357807,1.5819252385264277,2.696650237632025,0.02,fresh
1103,gpr_dataset_1103.in,datasets/sam-29/files/gpr_dataset_1103.in,0.41754124471065623,40.408328,35.096789,24.494883,0.05101147229724121,1.3138504726088343,2.67424045260585,0.02,fresh
1104,gpr_dataset_1104.in,datasets/sam-29/files/gpr_dataset_1104.in,0.3846424009498559,47.045588,39.103063,13.851349,0.058299935666094954,1.5810344456387737,2.675319498534646,0.02,fresh
1105,gpr_dataset_1105.in,datasets/sam-29/files/gpr_dataset_1105.in,0.13082486236846097,41.046153,31.207381,27.746466,0.11696173457087251,1.4490783089380672,2.641252189346879,0.02,fresh
1106,gpr_dataset_1106.in,datasets/sam-29/files/gpr_dataset_1106.in,0.16729124765236053,44.671307,33.507385,21.821308,0.17209207816722,1.5763333613110877,2.697597786732184,0.02,fresh
1107,gpr_dataset_1107.in,datasets/sam-29/files/gpr_dataset_1107.in,0.14802896273156252,45.863516,36.406589,17.729895,0.17221503885793926,1.5646996451765895,2.684663447257116,0.02,fresh
1108,gpr_dataset_1108.in,datasets/sam-29/files/gpr_dataset_1108.in,0.24815458124795275,44.98942,35.083843,19.926737,0.23632746148809236,1.3059882909851244,2.6470690369687824,0.02,fresh
1109,gpr_dataset_1109.in,datasets/sam-29/files/gpr_dataset_1109.in,0.12334201371408074,39.218054,37.643143,23.138803,0.1833872993259602,1.517997740239683,2.644391103965836,0.02,fresh
1110,gpr_dataset_1110.in,datasets/sam-29/files/gpr_dataset_1110.in,0.3525561922886883,49.035457,26.501474,24.463069,0.18929065545700974,1.3439084622568775,2.630133921262761,0.02,fresh
1111,gpr_dataset_1111.in,datasets/sam-29/files/gpr_dataset_1111.in,0.41554169409237707,40.229478,32.296238,27.474284,0.11815534346934159,1.5985503856657328,2.6273490994051767,0.02,fresh
1112,gpr_dataset_1112.in,datasets/sam-29/files/gpr_dataset_1112.in,0.45485947508210534,48.916451,38.684137,12.399412,0.1458159670043691,1.5242421272707214,2.6377804751977925,0.02,fresh
1113,gpr_dataset_1113.in,datasets/sam-29/files/gpr_dataset_1113.in,0.32846559586963364,44.097438,32.827223,23.075339,0.17331953313992998,1.3503038577056674,2.6862503838802323,0.02,fresh
1114,gpr_dataset_1114.in,datasets/sam-29/files/gpr_dataset_1114.in,0.17545374693874322,43.311117,29.958909,26.729974,0.08267850103074828,1.3718196303988595,2.6197477376601825,0.02,fresh
1115,gpr_dataset_1115.in,datasets/sam-29/files/gpr_dataset_1115.in,0.19085977741124385,42.454411,33.113549,24.43204,0.22795350427099853,1.572607162788078,2.6430501788171834,0.02,fresh
1116,gpr_dataset_1116.in,datasets/sam-29/files/gpr_dataset_1116.in,0.29833644041177454,34.983486,36.076927,28.939587,0.07620392380360722,1.307013175503045,2.643225205014728,0.02,fresh
1117,gpr_dataset_1117.in,datasets/sam-29/files/gpr_dataset_1117.in,0.10253150378284542,48.161083,33.14251,18.696407,0.1386245571754267,1.485094235398894,2.6114244955674635,0.02,fresh
1118,gpr_dataset_1118.in,datasets/sam-29/files/gpr_dataset_1118.in,0.35682056032772025,37.250193,33.452559,29.297248,0.19653659852692057,1.5020462559447485,2.610471504317958,0.02,fresh
1119,gpr_dataset_1119.in,datasets/sam-29/files/gpr_dataset_1119.in,0.13848910851219137,37.445794,37.209542,25.344664,0.057880609518567466,1.555342646642746,2.6292773557904328,0.02,fresh
1120,gpr_dataset_1120.in,datasets/sam-29/files/gpr_dataset_1120.in,0.1842708854684108,45.034781,32.776474,22.188745,0.22266885825539517,1.381748877940857,2.6081543179022724,0.02,fresh
1121,gpr_dataset_1121.in,datasets/sam-29/files/gpr_dataset_1121.in,0.23427708856728843,44.751939,31.726106,23.521955,0.13742222453735525,1.3125468260704942,2.6749779562973552,0.02,fresh
1122,gpr_dataset_1122.in,datasets/sam-29/files/gpr_dataset_1122.in,0.2503154158168337,46.47429,26.078441,27.447269,0.15879638987084016,1.4850411232165714,2.663139159036613,0.02,fresh
1123,gpr_dataset_1123.in,datasets/sam-29/files/gpr_dataset_1123.in,0.2594669478319893,36.488738,36.966402,26.54486,0.15646168379230466,1.3437511577299779,2.615586214608607,0.02,fresh
1124,gpr_dataset_1124.in,datasets/sam-29/files/gpr_dataset_1124.in,0.36942522157435487,40.99266,37.128717,21.878623,0.16731072342444764,1.384876357892252,2.644178596437637,0.02,fresh
1125,gpr_dataset_1125.in,datasets/sam-29/files/gpr_dataset_1125.in,0.14997040136977002,42.893569,28.4427,28.663731,0.0627412659069196,1.4353498271213527,2.6562412564335802,0.02,fresh
1126,gpr_dataset_1126.in,datasets/sam-29/files/gpr_dataset_1126.in,0.32923205874431083,35.685263,39.074868,25.239869,0.14338760332228223,1.3146480336128492,2.670570344554882,0.02,fresh
1127,gpr_dataset_1127.in,datasets/sam-29/files/gpr_dataset_1127.in,0.4876417849154856,48.07782,33.423808,18.498372,0.18396619027620836,1.4775984132105702,2.6548763434200793,0.02,fresh
1128,gpr_dataset_1128.in,datasets/sam-29/files/gpr_dataset_1128.in,0.21121834097799685,45.530399,31.979354,22.490247,0.06869113833843309,1.4509442112764495,2.6108904266771256,0.02,fresh
1129,gpr_dataset_1129.in,datasets/sam-29/files/gpr_dataset_1129.in,0.20207419855850475,43.074327,29.69669,27.228983,0.20680312300217885,1.3355253305780719,2.69123776770204,0.02,fresh
1130,gpr_dataset_1130.in,datasets/sam-29/files/gpr_dataset_1130.in,0.41065067723302284,39.236638,32.680096,28.083266,0.1758047786704458,1.3709802004838672,2.6376028492937347,0.02,fresh
1131,gpr_dataset_1131.in,datasets/sam-29/files/gpr_dataset_1131.in,0.21764881175928893,45.297235,38.529683,16.173082,0.05653784735402674,1.496779605623438,2.6689481374545765,0.02,fresh
1132,gpr_dataset_1132.in,datasets/sam-29/files/gpr_dataset_1132.in,0.17684835728258297,42.316147,35.217961,22.465892,0.05156955970554238,1.5600965390379902,2.6333240443619412,0.02,fresh
1133,gpr_dataset_1133.in,datasets/sam-29/files/gpr_dataset_1133.in,0.34154871035453893,39.123147,39.789255,21.087598,0.05803804661245707,1.4569007787296366,2.6311699633460144,0.02,fresh
1134,gpr_dataset_1134.in,datasets/sam-29/files/gpr_dataset_1134.in,0.4806729405099234,48.796718,36.24635,14.956932,0.05563084019604583,1.5510090293471797,2.671863144829535,0.02,fresh
1135,gpr_dataset_1135.in,datasets/sam-29/files/gpr_dataset_1135.in,0.2314853937123179,45.43363,29.818601,24.747769,0.19371777861894057,1.3246222387473596,2.632562454111837,0.02,fresh
1136,gpr_dataset_1136.in,datasets/sam-29/files/gpr_dataset_1136.in,0.27028881864140797,46.189557,38.985098,14.825345,0.12231954795369418,1.4089065309277826,2.6387680651522127,0.02,fresh
1137,gpr_dataset_1137.in,datasets/sam-29/files/gpr_dataset_1137.in,0.4824300521825545,49.648513,34.639227,15.71226,0.1186429144594551,1.3367607485876216,2.682494940055211,0.02,fresh
1138,gpr_dataset_1138.in,datasets/sam-29/files/gpr_dataset_1138.in,0.40486215071898535,41.425633,30.676138,27.898229,0.07453115145128619,1.5812250319622558,2.67928373432917,0.02,fresh
1139,gpr_dataset_1139.in,datasets/sam-29/files/gpr_dataset_1139.in,0.46306047780404747,44.665501,30.609111,24.725388,0.0581313998316606,1.4997241981993155,2.6841001443278936,0.02,fresh
1140,gpr_dataset_1140.in,datasets/sam-29/files/gpr_dataset_1140.in,0.339233239938368,39.923162,36.615615,23.461223,0.16179288177726336,1.4884423225063748,2.6374404778577527,0.02,fresh
1141,gpr_dataset_1141.in,datasets/sam-29/files/gpr_dataset_1141.in,0.31865567644591064,44.837611,28.627017,26.535372,0.0868668928906054,1.4530193473378652,2.6084412737450493,0.02,fresh
1142,gpr_dataset_1142.in,datasets/sam-29/files/gpr_dataset_1142.in,0.4922276446161208,43.516672,36.139377,20.343951,0.07664374770841527,1.3339662345374788,2.6402654161599335,0.02,fresh
1143,gpr_dataset_1143.in,datasets/sam-29/files/gpr_dataset_1143.in,0.2779715938469425,44.85026,35.408642,19.741098,0.06567261250003219,1.5147920332929492,2.6153042765446077,0.02,fresh
1144,gpr_dataset_1144.in,datasets/sam-29/files/gpr_dataset_1144.in,0.3403731487827054,39.075444,37.225569,23.698987,0.1408477495648568,1.493972069577011,2.686751132077875,0.02,fresh
1145,gpr_dataset_1145.in,datasets/sam-29/files/gpr_dataset_1145.in,0.12345232322050403,45.366775,36.73146,17.901765,0.21964186966574373,1.541359067037724,2.621346256007624,0.02,fresh
1146,gpr_dataset_1146.in,datasets/sam-29/files/gpr_dataset_1146.in,0.4078881878687688,47.018035,37.861491,15.120474,0.21573854400672415,1.4651706649201437,2.6222951696806494,0.02,fresh
1147,gpr_dataset_1147.in,datasets/sam-29/files/gpr_dataset_1147.in,0.33028359849940087,44.022381,29.568636,26.408983,0.06994257595111808,1.324879865093382,2.642334423535003,0.02,fresh
1148,gpr_dataset_1148.in,datasets/sam-29/files/gpr_dataset_1148.in,0.12265489660773957,43.850194,36.774434,19.375372,0.14126190011663103,1.5677643559624737,2.692357699305487,0.02,fresh
1149,gpr_dataset_1149.in,datasets/sam-29/files/gpr_dataset_1149.in,0.25300539678719514,46.355177,27.705719,25.939104,0.1672166516264475,1.4578656938372685,2.6537785979556,0.02,fresh
1150,gpr_dataset_1150.in,datasets/sam-29/files/gpr_dataset_1150.in,0.2783062037226415,47.549569,35.217767,17.232664,0.11586194167278414,1.4214662073062598,2.618381437235478,0.02,fresh
1151,gpr_dataset_1151.in,datasets/sam-29/files/gpr_dataset_1151.in,0.33747371907423196,34.962519,36.771701,28.26578,0.18804090026545056,1.3634102637174403,2.6954591121097313,0.02,fresh
1152,gpr_dataset_1152.in,datasets/sam-29/files/gpr_dataset_1152.in,0.37022413131334464,42.024111,29.436618,28.539271,0.24804955700467662,1.3810347270657064,2.6380464807274966,0.02,fresh
1153,gpr_dataset_1153.in,datasets/sam-29/files/gpr_dataset_1153.in,0.31424138424735726,42.304675,36.308123,21.387202,0.16013691516424278,1.517817420358951,2.6777183668562405,0.02,fresh
1154,gpr_dataset_1154.in,datasets/sam-29/files/gpr_dataset_1154.in,0.1297856379941035,49.286522,29.444881,21.268597,0.1914769357781857,1.4532767351293971,2.6088032118467317,0.02,fresh
1155,gpr_dataset_1155.in,datasets/sam-29/files/gpr_dataset_1155.in,0.2389512486241524,45.046226,28.49434,26.459434,0.13613896992643088,1.4353358152597822,2.683082223583301,0.02,fresh
1156,gpr_dataset_1156.in,datasets/sam-29/files/gpr_dataset_1156.in,0.4244868167042488,45.706649,25.694969,28.598382,0.16779801318930104,1.5936178601002065,2.6282622575885792,0.02,fresh
1157,gpr_dataset_1157.in,datasets/sam-29/files/gpr_dataset_1157.in,0.24276147512960786,41.188186,39.177114,19.6347,0.2363052097113459,1.5160383757348663,2.6748081587346295,0.02,fresh
1158,gpr_dataset_1158.in,datasets/sam-29/files/gpr_dataset_1158.in,0.227701965184271,37.113387,36.643336,26.243277,0.17564297472537793,1.3038339746391387,2.6790046074073985,0.02,fresh
1159,gpr_dataset_1159.in,datasets/sam-29/files/gpr_dataset_1159.in,0.12582615849254727,38.692094,36.132059,25.175847,0.0916007665647102,1.3330559150721821,2.683151412171587,0.02,fresh
1160,gpr_dataset_1160.in,datasets/sam-29/files/gpr_dataset_1160.in,0.3415440805003709,44.725507,36.779025,18.495468,0.16326021005846192,1.481298492624512,2.623159650738848,0.02,fresh
1161,gpr_dataset_1161.in,datasets/sam-29/files/gpr_dataset_1161.in,0.4035341619092728,46.368212,35.130571,18.501217,0.10187937996155075,1.4710313676558624,2.6670873308571816,0.02,fresh
1162,gpr_dataset_1162.in,datasets/sam-29/files/gpr_dataset_1162.in,0.4480455072868542,39.849837,30.961766,29.188397,0.21048676633492158,1.3469336540336871,2.616716904708981,0.02,fresh
1163,gpr_dataset_1163.in,datasets/sam-29/files/gpr_dataset_1163.in,0.34859236942576516,42.733442,32.873506,24.393052,0.2172348098624612,1.5576172969049438,2.6856406804395565,0.02,fresh
1164,gpr_dataset_1164.in,datasets/sam-29/files/gpr_dataset_1164.in,0.15197507943454186,45.088959,34.76269,20.148351,0.09275900554258787,1.3343666222118291,2.613863258317423,0.02,fresh
1165,gpr_dataset_1165.in,datasets/sam-29/files/gpr_dataset_1165.in,0.4995511405514247,46.05791,37.169137,16.772953,0.2130156217870831,1.3279074984323807,2.623758431926438,0.02,fresh
1166,gpr_dataset_1166.in,datasets/sam-29/files/gpr_dataset_1166.in,0.3866822167261913,48.567868,33.322924,18.109208,0.13772122042322638,1.3922180879694128,2.6894027056898575,0.02,fresh
1167,gpr_dataset_1167.in,datasets/sam-29/files/gpr_dataset_1167.in,0.3916106525829679,45.011206,29.037235,25.951559,0.21359786860127872,1.3328627596720173,2.6395593266036617,0.02,fresh
1168,gpr_dataset_1168.in,datasets/sam-29/files/gpr_dataset_1168.in,0.15649069230734025,38.723734,35.544259,25.732007,0.13968237106830245,1.4266756495422692,2.6434915091180207,0.02,fresh
1169,gpr_dataset_1169.in,datasets/sam-29/files/gpr_dataset_1169.in,0.21533190981595596,47.188352,32.099409,20.712239,0.21353693441401495,1.4351075591055813,2.6488948958931258,0.02,fresh
1170,gpr_dataset_1170.in,datasets/sam-29/files/gpr_dataset_1170.in,0.2682527647487096,45.124855,31.36488,23.510265,0.05089496672009517,1.4678423734532309,2.6711877429521076,0.02,fresh
1171,gpr_dataset_1171.in,datasets/sam-29/files/gpr_dataset_1171.in,0.37664892025068153,46.143312,33.421258,20.43543,0.08051307708040097,1.4307258435373742,2.640824400826272,0.02,fresh
1172,gpr_dataset_1172.in,datasets/sam-29/files/gpr_dataset_1172.in,0.18740529936457087,37.889755,33.826019,28.284226,0.2394002724444932,1.5901871683099094,2.681739316500859,0.02,fresh
1173,gpr_dataset_1173.in,datasets/sam-29/files/gpr_dataset_1173.in,0.4067106529917186,44.704653,37.16514,18.130207,0.1244498088678061,1.5460586352958001,2.694251943586107,0.02,fresh
1174,gpr_dataset_1174.in,datasets/sam-29/files/gpr_dataset_1174.in,0.40680042402672345,49.240659,37.455268,13.304073,0.17843051557812123,1.3457674836835984,2.679320953950102,0.02,fresh
1175,gpr_dataset_1175.in,datasets/sam-29/files/gpr_dataset_1175.in,0.4250783234811687,44.534083,31.258245,24.207672,0.13204776307001848,1.4230581170886916,2.6389318201760417,0.02,fresh
1176,gpr_dataset_1176.in,datasets/sam-29/files/gpr_dataset_1176.in,0.3195156873155185,45.49773,30.617148,23.885122,0.2305693866213911,1.3483619705980114,2.668975439261043,0.02,fresh
1177,gpr_dataset_1177.in,datasets/sam-29/files/gpr_dataset_1177.in,0.13392701899056397,45.257581,36.761996,17.980423,0.21843848752102119,1.4319627869981582,2.66051777511265,0.02,fresh
1178,gpr_dataset_1178.in,datasets/sam-29/files/gpr_dataset_1178.in,0.13397651965577634,47.494832,28.285395,24.219773,0.11676116722772084,1.5993803790785306,2.6975480555998987,0.02,fresh
1179,gpr_dataset_1179.in,datasets/sam-29/files/gpr_dataset_1179.in,0.4458810028058283,45.70985,34.272977,20.017173,0.2204707625467372,1.539441553197494,2.629215835637404,0.02,fresh
1180,gpr_dataset_1180.in,datasets/sam-29/files/gpr_dataset_1180.in,0.46376990411202546,46.061665,29.979822,23.958513,0.09953271705031291,1.461826694890393,2.657557290321083,0.02,fresh
1181,gpr_dataset_1181.in,datasets/sam-29/files/gpr_dataset_1181.in,0.1975352949454138,47.106119,26.990306,25.903575,0.06437247935496178,1.5642533830879488,2.6090225102539604,0.02,fresh
1182,gpr_dataset_1182.in,datasets/sam-29/files/gpr_dataset_1182.in,0.2035612838193302,42.779825,32.225664,24.994511,0.14574187329542132,1.4126760513647523,2.661742462030633,0.02,fresh
1183,gpr_dataset_1183.in,datasets/sam-29/files/gpr_dataset_1183.in,0.1746430070762875,46.266351,30.418721,23.314928,0.08842883229913219,1.4752599644172226,2.686825135627023,0.02,fresh
1184,gpr_dataset_1184.in,datasets/sam-29/files/gpr_dataset_1184.in,0.28434481179112336,41.332538,36.900522,21.76694,0.10095906948920462,1.4429595900615708,2.670386776424966,0.02,fresh
1185,gpr_dataset_1185.in,datasets/sam-29/files/gpr_dataset_1185.in,0.36788321291598025,42.973454,35.242024,21.784522,0.09007668281858888,1.3062774243288149,2.6100181715237802,0.02,fresh
1186,gpr_dataset_1186.in,datasets/sam-29/files/gpr_dataset_1186.in,0.3134514585930248,38.55006,34.027736,27.422204,0.22463979550261143,1.4031652423065457,2.676894013271165,0.02,fresh
1187,gpr_dataset_1187.in,datasets/sam-29/files/gpr_dataset_1187.in,0.28330404710711243,48.025851,35.995156,15.978993,0.21947105161930613,1.4480472958787622,2.613532926092041,0.02,fresh
1188,gpr_dataset_1188.in,datasets/sam-29/files/gpr_dataset_1188.in,0.20702846900495497,49.255532,32.272377,18.472091,0.15447902464700447,1.5223869546957323,2.636674742951823,0.02,fresh
1189,gpr_dataset_1189.in,datasets/sam-29/files/gpr_dataset_1189.in,0.27923371982880774,44.480705,28.404822,27.114473,0.17204813305238104,1.3784305763634137,2.673148699342493,0.02,fresh
1190,gpr_dataset_1190.in,datasets/sam-29/files/gpr_dataset_1190.in,0.31458348929990687,39.434327,31.735922,28.829751,0.147866411155986,1.3765617370517467,2.659943287022573,0.02,fresh
1191,gpr_dataset_1191.in,datasets/sam-29/files/gpr_dataset_1191.in,0.25391739969655963,42.326846,33.573043,24.100111,0.18516283079627965,1.5125069376094202,2.6123064219602257,0.02,fresh
1192,gpr_dataset_1192.in,datasets/sam-29/files/gpr_dataset_1192.in,0.12993405926537555,44.026284,35.810802,20.162914,0.11996414112746795,1.4645017195970556,2.6951885175076935,0.02,fresh
1193,gpr_dataset_1193.in,datasets/sam-29/files/gpr_dataset_1193.in,0.4475681923469089,41.598727,39.793858,18.607415,0.07224265078682113,1.4532632548856312,2.6941873216981698,0.02,fresh
1194,gpr_dataset_1194.in,datasets/sam-29/files/gpr_dataset_1194.in,0.3071428234682097,42.823574,31.550979,25.625447,0.22518523120354383,1.5500103024226608,2.659191522662585,0.02,fresh
1195,gpr_dataset_1195.in,datasets/sam-29/files/gpr_dataset_1195.in,0.4960051403085096,48.60184,38.262965,13.135195,0.19674098834025727,1.4362959970159608,2.660900719937501,0.02,fresh
1196,gpr_dataset_1196.in,datasets/sam-29/files/gpr_dataset_1196.in,0.27652081979789456,42.988504,30.670756,26.34074,0.17621619214636497,1.494943270465655,2.688552159651345,0.02,fresh
1197,gpr_dataset_1197.in,datasets/sam-29/files/gpr_dataset_1197.in,0.3902515700638626,36.317616,35.021869,28.660515,0.09390576018981245,1.4091725349336617,2.6112185624171875,0.02,fresh
1198,gpr_dataset_1198.in,datasets/sam-29/files/gpr_dataset_1198.in,0.3386516901107966,43.260435,31.322504,25.417061,0.054463444817866226,1.346838461626343,2.656068002771045,0.02,fresh
1199,gpr_dataset_1199.in,datasets/sam-29/files/gpr_dataset_1199.in,0.35940538588147597,38.754595,34.978483,26.266922,0.08691092080103309,1.4500008541106681,2.6434297327755005,0.02,fresh
1200,gpr_dataset_1200.in,datasets/sam-29/files/gpr_dataset_1200.in,0.4377972186154936,46.286819,38.422918,15.290263,0.15088636807813927,1.3504460004612489,2.6797013580516715,0.02,fresh
1201,gpr_dataset_1201.in,datasets/sam-29/files/gpr_dataset_1201.in,0.42195502600955137,45.374353,35.168526,19.457121,0.1737481640012501,1.4261365749498467,2.6610679130457138,0.02,fresh
1202,gpr_dataset_1202.in,datasets/sam-29/files/gpr_dataset_1202.in,0.41599036591324223,37.805117,39.138585,23.056298,0.12620287220050375,1.5548262717917476,2.612573484246725,0.02,fresh
1203,gpr_dataset_1203.in,datasets/sam-29/files/gpr_dataset_1203.in,0.28957349313980363,48.964776,34.532942,16.502282,0.19364215250283717,1.521188857263061,2.638055918067567,0.02,fresh
1204,gpr_dataset_1204.in,datasets/sam-29/files/gpr_dataset_1204.in,0.10418013735866888,46.15165,30.67959,23.16876,0.05114723446761052,1.5944002601240381,2.6056514693188277,0.02,fresh
1205,gpr_dataset_1205.in,datasets/sam-29/files/gpr_dataset_1205.in,0.3267545443019662,40.492784,33.698326,25.80889,0.11475905146419929,1.4973247050403509,2.6838044558001517,0.02,fresh
1206,gpr_dataset_1206.in,datasets/sam-29/files/gpr_dataset_1206.in,0.1896419130310295,48.466702,37.874196,13.659102,0.05528816767084002,1.4112922968359805,2.6098396711693215,0.02,fresh
1207,gpr_dataset_1207.in,datasets/sam-29/files/gpr_dataset_1207.in,0.29923114503888115,46.669204,28.350982,24.979814,0.11088605719621036,1.5540669878335567,2.669418064015232,0.02,fresh
1208,gpr_dataset_1208.in,datasets/sam-29/files/gpr_dataset_1208.in,0.11182012929582066,41.007734,35.950032,23.042234,0.09439657856370696,1.4687278443615672,2.68019143893712,0.02,fresh
1209,gpr_dataset_1209.in,datasets/sam-29/files/gpr_dataset_1209.in,0.1432086282279443,46.743436,29.762168,23.494396,0.193330852714878,1.5453987732283627,2.6959017671530665,0.02,fresh
1210,gpr_dataset_1210.in,datasets/sam-29/files/gpr_dataset_1210.in,0.46499045124751304,46.552795,35.422287,18.024918,0.22467240411446493,1.3467275125142761,2.6501502568500035,0.02,fresh
1211,gpr_dataset_1211.in,datasets/sam-29/files/gpr_dataset_1211.in,0.32566730872463223,42.32349,29.550474,28.126036,0.20094230106074296,1.5727164751108684,2.635438595036999,0.02,fresh
1212,gpr_dataset_1212.in,datasets/sam-29/files/gpr_dataset_1212.in,0.20597781576796464,47.075319,27.402543,25.522138,0.08085847993008276,1.5133295355559164,2.678040536597469,0.02,fresh
1213,gpr_dataset_1213.in,datasets/sam-29/files/gpr_dataset_1213.in,0.36555494901698316,41.267614,31.379665,27.352721,0.20918799283574002,1.4430809943656777,2.699041831080472,0.02,fresh
1214,gpr_dataset_1214.in,datasets/sam-29/files/gpr_dataset_1214.in,0.1394042115414263,44.433774,35.25249,20.313736,0.12939630672215208,1.3408039971942955,2.604149292555447,0.02,fresh
1215,gpr_dataset_1215.in,datasets/sam-29/files/gpr_dataset_1215.in,0.22241810593262792,48.745358,37.050298,14.204344,0.05175036562172761,1.3606536313713857,2.6147624975300614,0.02,fresh
1216,gpr_dataset_1216.in,datasets/sam-29/files/gpr_dataset_1216.in,0.2451756935350824,42.377347,30.033926,27.588727,0.1530350014681235,1.5945697758794015,2.691017602197718,0.02,fresh
1217,gpr_dataset_1217.in,datasets/sam-29/files/gpr_dataset_1217.in,0.10241180838020814,48.891351,28.630461,22.478188,0.19014523344624618,1.4529400547859785,2.6317333745690457,0.02,fresh
1218,gpr_dataset_1218.in,datasets/sam-29/files/gpr_dataset_1218.in,0.43611178851939103,42.333133,38.938962,18.727905,0.24096493851159362,1.368466487027909,2.623233714545975,0.02,fresh
1219,gpr_dataset_1219.in,datasets/sam-29/files/gpr_dataset_1219.in,0.24193336216431893,45.069553,26.983806,27.946641,0.1560947219295329,1.4322254086002153,2.6710263974339967,0.02,fresh
1220,gpr_dataset_1220.in,datasets/sam-29/files/gpr_dataset_1220.in,0.20890795136334292,37.274898,33.622348,29.102754,0.16105517946190723,1.3269671920578445,2.675776738007754,0.02,fresh
1221,gpr_dataset_1221.in,datasets/sam-29/files/gpr_dataset_1221.in,0.27969035235894163,45.264726,34.604626,20.130648,0.07910730546365825,1.424184977963654,2.6551915871564273,0.02,fresh
1222,gpr_dataset_1222.in,datasets/sam-29/files/gpr_dataset_1222.in,0.35835728512841747,39.509699,38.684228,21.806073,0.07062422178654933,1.4254708609081908,2.6121069984506207,0.02,fresh
1223,gpr_dataset_1223.in,datasets/sam-29/files/gpr_dataset_1223.in,0.32457064110983225,40.398541,36.827757,22.773702,0.055973544725197555,1.5385476674069165,2.687547256007106,0.02,fresh
1224,gpr_dataset_1224.in,datasets/sam-29/files/gpr_dataset_1224.in,0.31401394454196585,44.741013,34.973137,20.28585,0.2350795654548613,1.4765623844774083,2.6877431744059086,0.02,fresh
1225,gpr_dataset_1225.in,datasets/sam-29/files/gpr_dataset_1225.in,0.24239153694579976,46.55946,29.098538,24.342002,0.2115829193914307,1.360672054895481,2.6227756089929812,0.02,fresh
1226,gpr_dataset_1226.in,datasets/sam-29/files/gpr_dataset_1226.in,0.18815414222069315,48.953103,32.622221,18.424676,0.19368134938252302,1.3783503153617351,2.6619160591767526,0.02,fresh
1227,gpr_dataset_1227.in,datasets/sam-29/files/gpr_dataset_1227.in,0.3043615005943504,44.879957,28.751274,26.368769,0.17167605857987425,1.3010203519941868,2.645476522465863,0.02,fresh
1228,gpr_dataset_1228.in,datasets/sam-29/files/gpr_dataset_1228.in,0.28496513924981626,37.099189,33.556939,29.343872,0.18754161550194426,1.3770721018230545,2.671333174407471,0.02,fresh
1229,gpr_dataset_1229.in,datasets/sam-29/files/gpr_dataset_1229.in,0.4557803474288734,38.663702,32.307479,29.028819,0.2147381667501403,1.5305279791044053,2.6139655392920123,0.02,fresh
1230,gpr_dataset_1230.in,datasets/sam-29/files/gpr_dataset_1230.in,0.42137297551104946,44.929258,29.274637,25.796105,0.07486884848608073,1.4014819613782277,2.6654493361659557,0.02,fresh
1231,gpr_dataset_1231.in,datasets/sam-29/files/gpr_dataset_1231.in,0.1734772349228615,40.164981,35.373381,24.461638,0.20629331761145758,1.4614144307279522,2.624991182463179,0.02,fresh
1232,gpr_dataset_1232.in,datasets/sam-29/files/gpr_dataset_1232.in,0.396203546244027,45.730328,31.705481,22.564191,0.07731949422103848,1.3095170233379676,2.6670829069462667,0.02,fresh
1233,gpr_dataset_1233.in,datasets/sam-29/files/gpr_dataset_1233.in,0.4868987739252568,45.617276,39.59778,14.784944,0.16301569698193963,1.342338928813804,2.6155374727189433,0.02,fresh
1234,gpr_dataset_1234.in,datasets/sam-29/files/gpr_dataset_1234.in,0.2530641201323178,49.249534,38.185356,12.56511,0.18390753174540964,1.5281627949813719,2.604595983883129,0.02,fresh
1235,gpr_dataset_1235.in,datasets/sam-29/files/gpr_dataset_1235.in,0.41883536055395787,42.05234,38.497452,19.450208,0.12044673576426582,1.565611292585453,2.6525649117992667,0.02,fresh
1236,gpr_dataset_1236.in,datasets/sam-29/files/gpr_dataset_1236.in,0.18969344395611484,45.491474,39.853521,14.655005,0.14521923117066063,1.5475102624168475,2.6892962008746144,0.02,fresh
1237,gpr_dataset_1237.in,datasets/sam-29/files/gpr_dataset_1237.in,0.49336169661337925,46.761208,34.580738,18.658054,0.1765342351018378,1.4983833514355667,2.626729598023912,0.02,fresh
1238,gpr_dataset_1238.in,datasets/sam-29/files/gpr_dataset_1238.in,0.4225018406967863,48.233464,38.136132,13.630404,0.07607280172515499,1.4044766797455475,2.6348083692801283,0.02,fresh
1239,gpr_dataset_1239.in,datasets/sam-29/files/gpr_dataset_1239.in,0.25618049017521966,40.627994,38.997904,20.374102,0.16056658089441528,1.466607447664088,2.6062492925012335,0.02,fresh
1240,gpr_dataset_1240.in,datasets/sam-29/files/gpr_dataset_1240.in,0.2761637204452464,40.826344,32.633404,26.540252,0.1468492195323055,1.4525975764777788,2.607577888576279,0.02,fresh
1241,gpr_dataset_1241.in,datasets/sam-29/files/gpr_dataset_1241.in,0.4000066638772314,48.957892,26.338001,24.704107,0.15415971332778292,1.4943269285114942,2.6450770138858117,0.02,fresh
1242,gpr_dataset_1242.in,datasets/sam-29/files/gpr_dataset_1242.in,0.32908759600787085,43.351062,33.096495,23.552443,0.09603278369198726,1.5774266186976043,2.6767991857107876,0.02,fresh
1243,gpr_dataset_1243.in,datasets/sam-29/files/gpr_dataset_1243.in,0.24398727326509198,43.85902,39.169848,16.971132,0.20857685198232728,1.4285588582991466,2.6997735713381132,0.02,fresh
1244,gpr_dataset_1244.in,datasets/sam-29/files/gpr_dataset_1244.in,0.4393674045580017,39.875144,32.765422,27.359434,0.0777404275083785,1.3448113569965419,2.627167329412012,0.02,fresh
1245,gpr_dataset_1245.in,datasets/sam-29/files/gpr_dataset_1245.in,0.1634852797332166,33.078617,37.599295,29.322088,0.08654364993675397,1.4799543424359896,2.6741118342419288,0.02,fresh
1246,gpr_dataset_1246.in,datasets/sam-29/files/gpr_dataset_1246.in,0.3919608636324654,39.712082,35.314813,24.973105,0.13109668568401933,1.3639214012434564,2.684671126327033,0.02,fresh
1247,gpr_dataset_1247.in,datasets/sam-29/files/gpr_dataset_1247.in,0.2901254987006494,46.302609,38.164172,15.533219,0.12300972977724074,1.4398582508532916,2.6817350678410268,0.02,fresh
1248,gpr_dataset_1248.in,datasets/sam-29/files/gpr_dataset_1248.in,0.2141996388412141,47.180374,39.388439,13.431187,0.10910973573080124,1.3921430680027584,2.6041364049826163,0.02,fresh
1249,gpr_dataset_1249.in,datasets/sam-29/files/gpr_dataset_1249.in,0.12651060606263048,44.23035,39.747676,16.021974,0.2386284987500918,1.505261691246855,2.69647853941791,0.02,fresh
1250,gpr_dataset_1250.in,datasets/sam-29/files/gpr_dataset_1250.in,0.3226250525178372,43.205313,30.460492,26.334195,0.21997072939978451,1.4122438480897976,2.6555891074375477,0.02,fresh
1251,gpr_dataset_1251.in,datasets/sam-29/files/gpr_dataset_1251.in,0.4500831748926911,43.269616,32.05026,24.680124,0.20790567130559223,1.3827709880503223,2.684283397598223,0.02,fresh
1252,gpr_dataset_1252.in,datasets/sam-29/files/gpr_dataset_1252.in,0.42312412085524587,44.439275,38.908946,16.651779,0.056689929284175225,1.565153815015072,2.6058367463347643,0.02,fresh
1253,gpr_dataset_1253.in,datasets/sam-29/files/gpr_dataset_1253.in,0.4504490925879826,41.308023,38.617786,20.074191,0.054646016768672624,1.433891454098729,2.6942751355848733,0.02,fresh
1254,gpr_dataset_1254.in,datasets/sam-29/files/gpr_dataset_1254.in,0.38359589483141165,47.300247,31.04136,21.658393,0.1180850938802133,1.5326734079405742,2.603219750289726,0.02,fresh
1255,gpr_dataset_1255.in,datasets/sam-29/files/gpr_dataset_1255.in,0.18621960283036063,46.416113,33.764751,19.819136,0.09372935391982135,1.3037639665501917,2.6559822012288503,0.02,fresh
1256,gpr_dataset_1256.in,datasets/sam-29/files/gpr_dataset_1256.in,0.23329339311774025,45.103677,32.615711,22.280612,0.0997263248842387,1.3330587921234898,2.668382183217155,0.02,fresh
1257,gpr_dataset_1257.in,datasets/sam-29/files/gpr_dataset_1257.in,0.4106040466766252,34.922934,36.615457,28.461609,0.1463541013329195,1.3487373658925081,2.6381124255160455,0.02,fresh
1258,gpr_dataset_1258.in,datasets/sam-29/files/gpr_dataset_1258.in,0.2067450160709906,41.383007,34.031825,24.585168,0.10402962666287008,1.495602275837233,2.668285358320589,0.02,fresh
1259,gpr_dataset_1259.in,datasets/sam-29/files/gpr_dataset_1259.in,0.18496333611449034,39.31032,35.068448,25.621232,0.2006655515030467,1.3030744831532908,2.6290577359898064,0.02,fresh
1260,gpr_dataset_1260.in,datasets/sam-29/files/gpr_dataset_1260.in,0.17166860944165296,43.399616,34.842781,21.757603,0.19661028450098472,1.547928943382234,2.6801299107204963,0.02,fresh
1261,gpr_dataset_1261.in,datasets/sam-29/files/gpr_dataset_1261.in,0.4524914986289532,44.686289,31.416122,23.897589,0.10850033478326458,1.5586198406333507,2.624852352510032,0.02,fresh
1262,gpr_dataset_1262.in,datasets/sam-29/files/gpr_dataset_1262.in,0.4514469725048421,46.716521,29.886801,23.396678,0.08696689646776082,1.555798518989523,2.6223285215736025,0.02,fresh
1263,gpr_dataset_1263.in,datasets/sam-29/files/gpr_dataset_1263.in,0.23806215565379996,49.506657,38.276062,12.217281,0.1474271103141447,1.539269813482276,2.699595317621045,0.02,fresh
1264,gpr_dataset_1264.in,datasets/sam-29/files/gpr_dataset_1264.in,0.13976281731023185,40.362745,38.748962,20.888293,0.09337995022755985,1.3768153811197092,2.6484571043766376,0.02,fresh
1265,gpr_dataset_1265.in,datasets/sam-29/files/gpr_dataset_1265.in,0.20187400132755415,38.3392,37.005952,24.654848,0.13613248796086597,1.5381009478511203,2.638719180068676,0.02,fresh
1266,gpr_dataset_1266.in,datasets/sam-29/files/gpr_dataset_1266.in,0.33883741436013837,44.801317,36.791376,18.407307,0.24800422836081792,1.372756932608983,2.6517117183861028,0.02,fresh
1267,gpr_dataset_1267.in,datasets/sam-29/files/gpr_dataset_1267.in,0.1409498524398634,46.550053,31.205875,22.244072,0.10149610744410104,1.5403356783108066,2.659478071643967,0.02,fresh
1268,gpr_dataset_1268.in,datasets/sam-29/files/gpr_dataset_1268.in,0.4542832082922946,43.635784,27.223591,29.140625,0.13083794357917938,1.5152024144151692,2.6067924598952215,0.02,fresh
1269,gpr_dataset_1269.in,datasets/sam-29/files/gpr_dataset_1269.in,0.154799100813775,41.608959,35.951885,22.439156,0.07944329756124686,1.4638271926610693,2.6877242881047123,0.02,fresh
1270,gpr_dataset_1270.in,datasets/sam-29/files/gpr_dataset_1270.in,0.2194613515291624,35.003708,36.46485,28.531442,0.05256560940644648,1.4551627485716698,2.6236232798031014,0.02,fresh
1271,gpr_dataset_1271.in,datasets/sam-29/files/gpr_dataset_1271.in,0.16325708189384286,48.263606,34.520442,17.215952,0.1820183892760983,1.3212004055772233,2.621830366788263,0.02,fresh
1272,gpr_dataset_1272.in,datasets/sam-29/files/gpr_dataset_1272.in,0.10426978389935533,49.497948,37.623756,12.878296,0.19370260779288323,1.3065366212624565,2.6458250158843666,0.02,fresh
1273,gpr_dataset_1273.in,datasets/sam-29/files/gpr_dataset_1273.in,0.22020706764873954,47.853702,33.658008,18.48829,0.12630517570164107,1.4986756457333619,2.6857789688746765,0.02,fresh
1274,gpr_dataset_1274.in,datasets/sam-29/files/gpr_dataset_1274.in,0.19899188197173007,46.626719,29.867675,23.505606,0.09395013007477027,1.3558002732610572,2.6228746517953696,0.02,fresh
1275,gpr_dataset_1275.in,datasets/sam-29/files/gpr_dataset_1275.in,0.4613656193055026,44.937837,28.260272,26.801891,0.21788494783353435,1.3422645988028612,2.6122802442194657,0.02,fresh
1276,gpr_dataset_1276.in,datasets/sam-29/files/gpr_dataset_1276.in,0.12736718244231082,45.859405,29.412139,24.728456,0.11465751352024545,1.4968275104959436,2.6997888124902074,0.02,fresh
1277,gpr_dataset_1277.in,datasets/sam-29/files/gpr_dataset_1277.in,0.4297912154689244,48.758485,28.331606,22.909909,0.11489273846454601,1.4004633142034237,2.618209453761703,0.02,fresh
1278,gpr_dataset_1278.in,datasets/sam-29/files/gpr_dataset_1278.in,0.29805713454350125,44.611797,31.239765,24.148438,0.11422685411373966,1.5804796245125843,2.6492410541728253,0.02,fresh
1279,gpr_dataset_1279.in,datasets/sam-29/files/gpr_dataset_1279.in,0.4860172461114932,48.601279,39.300766,12.097955,0.10313661362064347,1.4079265634580453,2.6319866619458,0.02,fresh
1280,gpr_dataset_1280.in,datasets/sam-29/files/gpr_dataset_1280.in,0.42624300036753016,37.642954,34.292935,28.064111,0.11151870938001279,1.3747492694241514,2.6885624307009617,0.02,fresh
1281,gpr_dataset_1281.in,datasets/sam-29/files/gpr_dataset_1281.in,0.11382256982762265,46.903774,33.893153,19.203073,0.23862919746381644,1.5171901130837673,2.605061961048519,0.02,fresh
1282,gpr_dataset_1282.in,datasets/sam-29/files/gpr_dataset_1282.in,0.4231954789252711,46.468106,25.38608,28.145814,0.10676778937265725,1.4331474689883563,2.6165869920914475,0.02,fresh
1283,gpr_dataset_1283.in,datasets/sam-29/files/gpr_dataset_1283.in,0.4083266935255816,46.563198,26.815117,26.621685,0.24878078476951054,1.489302419766774,2.6045294238155043,0.02,fresh
1284,gpr_dataset_1284.in,datasets/sam-29/files/gpr_dataset_1284.in,0.15609071658628082,41.731893,33.002858,25.265249,0.1419158929359074,1.3779558666110054,2.6437755347898837,0.02,fresh
1285,gpr_dataset_1285.in,datasets/sam-29/files/gpr_dataset_1285.in,0.4190431168599622,45.407114,32.131829,22.461057,0.16158438891694338,1.365875245681711,2.6731779559387077,0.02,fresh
1286,gpr_dataset_1286.in,datasets/sam-29/files/gpr_dataset_1286.in,0.47994475072745146,47.17524,36.277398,16.547362,0.08400314454490004,1.4707914124508474,2.657682705248228,0.02,fresh
1287,gpr_dataset_1287.in,datasets/sam-29/files/gpr_dataset_1287.in,0.12536127748000678,45.744205,38.187506,16.068289,0.1461298920098664,1.5394643930224137,2.6653687041351266,0.02,fresh
1288,gpr_dataset_1288.in,datasets/sam-29/files/gpr_dataset_1288.in,0.41749357052537717,43.908543,34.687024,21.404433,0.1393489346900928,1.5873217153823238,2.6930039620110806,0.02,fresh
1289,gpr_dataset_1289.in,datasets/sam-29/files/gpr_dataset_1289.in,0.43417611608787765,49.020808,32.303832,18.67536,0.19480402560560267,1.3833146117580482,2.6218420111117475,0.02,fresh
1290,gpr_dataset_1290.in,datasets/sam-29/files/gpr_dataset_1290.in,0.4446599491876907,36.06237,39.205457,24.732173,0.12226140091951021,1.5694225662892511,2.6958999407252078,0.02,fresh
1291,gpr_dataset_1291.in,datasets/sam-29/files/gpr_dataset_1291.in,0.43709760248491614,42.983328,35.405579,21.611093,0.15027603567999598,1.3791240190839629,2.6908895148406624,0.02,fresh
1292,gpr_dataset_1292.in,datasets/sam-29/files/gpr_dataset_1292.in,0.40075616299874184,46.613748,34.67096,18.715292,0.12815883656998694,1.3983657023541636,2.691451784230053,0.02,fresh
1293,gpr_dataset_1293.in,datasets/sam-29/files/gpr_dataset_1293.in,0.23139264247346666,49.708365,31.633782,18.657853,0.1882620597397342,1.3578523155412277,2.616826508887082,0.02,fresh
1294,gpr_dataset_1294.in,datasets/sam-29/files/gpr_dataset_1294.in,0.4594072331850858,44.5188,28.911286,26.569914,0.19010155434699932,1.5991106877862644,2.6931194913113465,0.02,fresh
1295,gpr_dataset_1295.in,datasets/sam-29/files/gpr_dataset_1295.in,0.4606167851222156,36.681843,34.216479,29.101678,0.05915107226890293,1.4740295600827438,2.681758321021778,0.02,fresh
1296,gpr_dataset_1296.in,datasets/sam-29/files/gpr_dataset_1296.in,0.1943086345436935,44.976685,29.505634,25.517681,0.09334773525665888,1.3890314949031735,2.60752626843224,0.02,fresh
1297,gpr_dataset_1297.in,datasets/sam-29/files/gpr_dataset_1297.in,0.14978694751926952,43.645912,36.008088,20.346,0.21100665463049767,1.5290765027189182,2.6078058708000893,0.02,fresh
1298,gpr_dataset_1298.in,datasets/sam-29/files/gpr_dataset_1298.in,0.22503663931388154,41.443588,32.267173,26.289239,0.10988347488879041,1.4475561345695072,2.6206927936042286,0.02,fresh
1299,gpr_dataset_1299.in,datasets/sam-29/files/gpr_dataset_1299.in,0.33587995767369266,46.100728,37.655187,16.244085,0.07735699583889476,1.5753510725834465,2.653186814843117,0.02,fresh
1300,gpr_dataset_1300.in,datasets/sam-29/files/gpr_dataset_1300.in,0.40429662234126607,47.754442,31.60755,20.638008,0.09798247092128279,1.3212381319084257,2.612005656689536,0.02,fresh
1301,gpr_dataset_1301.in,datasets/sam-29/files/gpr_dataset_1301.in,0.2950446397853568,47.644991,26.862865,25.492144,0.10247443142579188,1.4295187284687725,2.6106069205649907,0.02,fresh
1302,gpr_dataset_1302.in,datasets/sam-29/files/gpr_dataset_1302.in,0.4682979789120745,48.748731,22.669475,28.581794,0.15581226695450326,1.4618389242940801,2.6213703779752304,0.02,fresh
1303,gpr_dataset_1303.in,datasets/sam-29/files/gpr_dataset_1303.in,0.10186339516510899,48.619048,37.923865,13.457087,0.20417658841908054,1.4355118071771003,2.685750601547071,0.02,fresh
1304,gpr_dataset_1304.in,datasets/sam-29/files/gpr_dataset_1304.in,0.29397833324991685,38.394845,32.3052,29.299955,0.12369468905677468,1.58976489952762,2.6192826015034396,0.02,fresh
1305,gpr_dataset_1305.in,datasets/sam-29/files/gpr_dataset_1305.in,0.418410860309135,43.660846,27.3751,28.964054,0.1057721963967811,1.3963276612286508,2.6594616330172194,0.02,fresh
1306,gpr_dataset_1306.in,datasets/sam-29/files/gpr_dataset_1306.in,0.1263868621574226,42.573743,37.385303,20.040954,0.08537679792778181,1.5557453423463823,2.6235557661141784,0.02,fresh
1307,gpr_dataset_1307.in,datasets/sam-29/files/gpr_dataset_1307.in,0.24084231312903276,34.127248,38.725276,27.147476,0.20772265863829126,1.5030223511514933,2.678816014032941,0.02,fresh
1308,gpr_dataset_1308.in,datasets/sam-29/files/gpr_dataset_1308.in,0.23045435241025577,41.083075,29.568192,29.348733,0.11199916968856474,1.4202881342959113,2.6097091753523807,0.02,fresh
1309,gpr_dataset_1309.in,datasets/sam-29/files/gpr_dataset_1309.in,0.31006533055253216,47.239532,29.593687,23.166781,0.2135767403394967,1.3705944403238202,2.692429442264879,0.02,fresh
1310,gpr_dataset_1310.in,datasets/sam-29/files/gpr_dataset_1310.in,0.3213868355704717,42.048338,39.683467,18.268195,0.15221700859910664,1.4847168216151945,2.643397557810784,0.02,fresh
1311,gpr_dataset_1311.in,datasets/sam-29/files/gpr_dataset_1311.in,0.4610489465241864,48.809774,36.060832,15.129394,0.08602731309692888,1.417062458178934,2.645528420027825,0.02,fresh
1312,gpr_dataset_1312.in,datasets/sam-29/files/gpr_dataset_1312.in,0.11150063947017648,49.94388,34.80387,15.25225,0.18242146915113555,1.5440130817079831,2.672563795559674,0.02,fresh
1313,gpr_dataset_1313.in,datasets/sam-29/files/gpr_dataset_1313.in,0.15609332493846725,42.628854,35.034135,22.337011,0.19624301016128526,1.551040454272416,2.683442939553938,0.02,fresh
1314,gpr_dataset_1314.in,datasets/sam-29/files/gpr_dataset_1314.in,0.32246475400350016,44.976688,35.593397,19.429915,0.22304800906526,1.3253844245270843,2.651508919309691,0.02,fresh
1315,gpr_dataset_1315.in,datasets/sam-29/files/gpr_dataset_1315.in,0.4784626938067511,48.003179,32.655693,19.341128,0.17794194014425785,1.3544626191871547,2.63974492049908,0.02,fresh
1316,gpr_dataset_1316.in,datasets/sam-29/files/gpr_dataset_1316.in,0.18303351501915344,40.076211,35.443812,24.479977,0.07880225493697234,1.3905179771331322,2.6036792332346685,0.02,fresh
1317,gpr_dataset_1317.in,datasets/sam-29/files/gpr_dataset_1317.in,0.37402529866316503,40.250357,31.074101,28.675542,0.06391413524121473,1.5142924618602525,2.6744192604869355,0.02,fresh
1318,gpr_dataset_1318.in,datasets/sam-29/files/gpr_dataset_1318.in,0.4731266569212613,40.519996,31.780673,27.699331,0.11941346569770682,1.5108827752606224,2.634505544348256,0.02,fresh
1319,gpr_dataset_1319.in,datasets/sam-29/files/gpr_dataset_1319.in,0.4605353638409234,49.257728,25.609976,25.132296,0.11998048116792302,1.4337735174282265,2.625585338497281,0.02,fresh
1320,gpr_dataset_1320.in,datasets/sam-29/files/gpr_dataset_1320.in,0.4168600488616323,41.7649,29.333451,28.901649,0.2147459591553918,1.373335299491708,2.614381624578171,0.02,fresh
1321,gpr_dataset_1321.in,datasets/sam-29/files/gpr_dataset_1321.in,0.30559582902822235,48.28457,35.648397,16.067033,0.17933496247215686,1.3397796666440536,2.6479904840441497,0.02,fresh
1322,gpr_dataset_1322.in,datasets/sam-29/files/gpr_dataset_1322.in,0.4242791992494589,43.148696,26.881188,29.970116,0.10415854479043632,1.326283959367463,2.600157512814582,0.02,fresh
1323,gpr_dataset_1323.in,datasets/sam-29/files/gpr_dataset_1323.in,0.293098163806489,38.542983,36.025057,25.43196,0.24279304675669505,1.4408074517850142,2.669111344015571,0.02,fresh
1324,gpr_dataset_1324.in,datasets/sam-29/files/gpr_dataset_1324.in,0.4574070491579716,48.130941,36.451081,15.417978,0.06180103080039474,1.36573869395502,2.602454225527069,0.02,fresh
1325,gpr_dataset_1325.in,datasets/sam-29/files/gpr_dataset_1325.in,0.1906173668893132,46.614479,25.959639,27.425882,0.20004317661006216,1.5314819347603361,2.673860299910988,0.02,fresh
1326,gpr_dataset_1326.in,datasets/sam-29/files/gpr_dataset_1326.in,0.19948114258276717,41.370756,39.045781,19.583463,0.18192070532250904,1.3442773346619228,2.601674514242896,0.02,fresh
1327,gpr_dataset_1327.in,datasets/sam-29/files/gpr_dataset_1327.in,0.13265672500186146,43.284609,38.914729,17.800662,0.09527591453261407,1.355673979624251,2.692470817463383,0.02,fresh
1328,gpr_dataset_1328.in,datasets/sam-29/files/gpr_dataset_1328.in,0.4690304364798954,44.648597,35.881995,19.469408,0.2311885639847217,1.5556859329517034,2.6590138862920525,0.02,fresh
1329,gpr_dataset_1329.in,datasets/sam-29/files/gpr_dataset_1329.in,0.19725945669946432,49.345861,34.309131,16.345008,0.21134976918116632,1.4617493879723336,2.67385869966726,0.02,fresh
1330,gpr_dataset_1330.in,datasets/sam-29/files/gpr_dataset_1330.in,0.4634461000809871,45.438938,32.2999,22.261162,0.06631352338225623,1.4369255275854735,2.6548390856669775,0.02,fresh
1331,gpr_dataset_1331.in,datasets/sam-29/files/gpr_dataset_1331.in,0.35711250307026476,42.839393,33.986239,23.174368,0.13779165971041013,1.430331503081929,2.6664526700480238,0.02,fresh
1332,gpr_dataset_1332.in,datasets/sam-29/files/gpr_dataset_1332.in,0.14583979847468367,43.901079,38.246225,17.852696,0.08058620152114322,1.5883365933054976,2.6177283912985096,0.02,fresh
1333,gpr_dataset_1333.in,datasets/sam-29/files/gpr_dataset_1333.in,0.1304126631451212,43.33435,27.751546,28.914104,0.05337277244475278,1.3891490937056636,2.6207433680583487,0.02,fresh
1334,gpr_dataset_1334.in,datasets/sam-29/files/gpr_dataset_1334.in,0.3870095238633017,44.02561,30.717126,25.257264,0.24669493154078365,1.4122854054322083,2.6483747343299586,0.02,fresh
1335,gpr_dataset_1335.in,datasets/sam-29/files/gpr_dataset_1335.in,0.1775574595200079,35.63044,35.392373,28.977187,0.24382402786798535,1.306956230655696,2.612729414859071,0.02,fresh
1336,gpr_dataset_1336.in,datasets/sam-29/files/gpr_dataset_1336.in,0.23265175111519687,43.877165,29.80266,26.320175,0.05533504050133951,1.314271869648768,2.610807641739491,0.02,fresh
1337,gpr_dataset_1337.in,datasets/sam-29/files/gpr_dataset_1337.in,0.12509774508574784,46.112455,36.823057,17.064488,0.21281100074665987,1.416724686778648,2.6945205837826176,0.02,fresh
1338,gpr_dataset_1338.in,datasets/sam-29/files/gpr_dataset_1338.in,0.3397974173173248,37.77059,37.58942,24.63999,0.23320753830169177,1.4020542852767244,2.6790231396358846,0.02,fresh
1339,gpr_dataset_1339.in,datasets/sam-29/files/gpr_dataset_1339.in,0.24264457673403675,42.415538,30.808556,26.775906,0.09546271918983605,1.3213569258050124,2.634788877849149,0.02,fresh
1340,gpr_dataset_1340.in,datasets/sam-29/files/gpr_dataset_1340.in,0.16621386669435634,48.759248,34.93688,16.303872,0.18999754110977757,1.3665806764294022,2.67847950893898,0.02,fresh
1341,gpr_dataset_1341.in,datasets/sam-29/files/gpr_dataset_1341.in,0.18359316035551831,44.588232,35.447243,19.964525,0.07503823551991229,1.385504991487274,2.6404367102148907,0.02,fresh
1342,gpr_dataset_1342.in,datasets/sam-29/files/gpr_dataset_1342.in,0.19230598022349402,47.188676,30.320192,22.491132,0.24918432528964113,1.4932176144482967,2.6557626590906906,0.02,fresh
1343,gpr_dataset_1343.in,datasets/sam-29/files/gpr_dataset_1343.in,0.3753271396308928,34.64449,36.992457,28.363053,0.16963736881795927,1.4763494552755776,2.648156537790456,0.02,fresh
1344,gpr_dataset_1344.in,datasets/sam-29/files/gpr_dataset_1344.in,0.4404473277962765,43.720162,34.026725,22.253113,0.17488409533529542,1.3963178098003255,2.652582820461789,0.02,fresh
1345,gpr_dataset_1345.in,datasets/sam-29/files/gpr_dataset_1345.in,0.31915247805403807,44.146993,36.638359,19.214648,0.10448015829452872,1.4764924516067452,2.6660569009812396,0.02,fresh
1346,gpr_dataset_1346.in,datasets/sam-29/files/gpr_dataset_1346.in,0.49274752853613923,39.971609,34.521286,25.507105,0.2333296788870256,1.337996318450798,2.6908973239332465,0.02,fresh
1347,gpr_dataset_1347.in,datasets/sam-29/files/gpr_dataset_1347.in,0.16911831134043914,47.947764,32.175294,19.876942,0.23847305827538212,1.4258772077050674,2.6407656452358954,0.02,fresh
1348,gpr_dataset_1348.in,datasets/sam-29/files/gpr_dataset_1348.in,0.19059936574989159,42.824207,29.039792,28.136001,0.15143375955901753,1.3111649104853516,2.6435387686887424,0.02,fresh
1349,gpr_dataset_1349.in,datasets/sam-29/files/gpr_dataset_1349.in,0.24855880638200173,48.440058,32.711832,18.84811,0.22810383565631387,1.415448403775281,2.622783405724716,0.02,fresh
1350,gpr_dataset_1350.in,datasets/sam-29/files/gpr_dataset_1350.in,0.13949817012594032,37.974238,36.619871,25.405891,0.05957239783192543,1.3551333688908485,2.628902920322233,0.02,fresh
1351,gpr_dataset_1351.in,datasets/sam-29/files/gpr_dataset_1351.in,0.16892251159143595,46.165553,28.198143,25.636304,0.06883010843975453,1.3592536075036028,2.660028266684903,0.02,fresh
1352,gpr_dataset_1352.in,datasets/sam-29/files/gpr_dataset_1352.in,0.13583072692850504,37.819741,38.756197,23.424062,0.06417896440008349,1.516471621696917,2.6180106970522017,0.02,fresh
1353,gpr_dataset_1353.in,datasets/sam-29/files/gpr_dataset_1353.in,0.1470423453455476,42.934955,31.30403,25.761015,0.23863196204599646,1.5219657839154712,2.6326749489010273,0.02,fresh
1354,gpr_dataset_1354.in,datasets/sam-29/files/gpr_dataset_1354.in,0.45784287888654385,46.071236,32.836985,21.091779,0.2096603885091196,1.5788523543944049,2.683425654623835,0.02,fresh
1355,gpr_dataset_1355.in,datasets/sam-29/files/gpr_dataset_1355.in,0.28034783220192794,46.864663,30.110585,23.024752,0.15410536451686818,1.5980596965784721,2.6892386633990952,0.02,fresh
1356,gpr_dataset_1356.in,datasets/sam-29/files/gpr_dataset_1356.in,0.22253162410334304,40.866173,31.470679,27.663148,0.15635527638996266,1.5549180882285767,2.659647965563221,0.02,fresh
1357,gpr_dataset_1357.in,datasets/sam-29/files/gpr_dataset_1357.in,0.1033151164787022,38.637443,38.513226,22.849331,0.06148702695607431,1.3291106494629994,2.6762154104487896,0.02,fresh
1358,gpr_dataset_1358.in,datasets/sam-29/files/gpr_dataset_1358.in,0.37785093443980267,46.767741,26.738804,26.493455,0.08651335330206267,1.4172185388638234,2.642950929454928,0.02,fresh
1359,gpr_dataset_1359.in,datasets/sam-29/files/gpr_dataset_1359.in,0.2786206522125577,45.83237,27.61933,26.5483,0.13736690582701377,1.4898963831393317,2.689366052748764,0.02,fresh
1360,gpr_dataset_1360.in,datasets/sam-29/files/gpr_dataset_1360.in,0.38168087411687346,43.745034,29.495698,26.759268,0.14483280295017814,1.4443253340796027,2.646040768326382,0.02,fresh
1361,gpr_dataset_1361.in,datasets/sam-29/files/gpr_dataset_1361.in,0.1169703158759679,45.814901,32.631636,21.553463,0.15980627775601247,1.350956911399291,2.6031249546062756,0.02,fresh
1362,gpr_dataset_1362.in,datasets/sam-29/files/gpr_dataset_1362.in,0.23413802731241087,39.775625,30.956879,29.267496,0.07398089657944276,1.4208925569480286,2.669439550599818,0.02,fresh
1363,gpr_dataset_1363.in,datasets/sam-29/files/gpr_dataset_1363.in,0.12945228424665023,44.721175,30.353047,24.925778,0.10277103865652651,1.487025339254383,2.639155988652929,0.02,fresh
1364,gpr_dataset_1364.in,datasets/sam-29/files/gpr_dataset_1364.in,0.24546293780107914,47.734719,25.040319,27.224962,0.06715541567032819,1.3838903064025363,2.6554227894290428,0.02,fresh
1365,gpr_dataset_1365.in,datasets/sam-29/files/gpr_dataset_1365.in,0.39919839204483654,40.811199,33.216058,25.972743,0.20638413692861107,1.3364984092654817,2.6669687845430095,0.02,fresh
1366,gpr_dataset_1366.in,datasets/sam-29/files/gpr_dataset_1366.in,0.26132048803099855,39.055478,34.006482,26.93804,0.24573684238619942,1.4067358954740665,2.6593882895342653,0.02,fresh
1367,gpr_dataset_1367.in,datasets/sam-29/files/gpr_dataset_1367.in,0.4638415781963382,43.407465,29.321755,27.27078,0.17712767795354462,1.4655093974193043,2.6816847372572243,0.02,fresh
1368,gpr_dataset_1368.in,datasets/sam-29/files/gpr_dataset_1368.in,0.14652558025090895,44.954186,29.170401,25.875413,0.14028859560891707,1.4261692064141251,2.6109393937046983,0.02,fresh
1369,gpr_dataset_1369.in,datasets/sam-29/files/gpr_dataset_1369.in,0.436381569954175,46.702882,26.106913,27.190205,0.050134611897721816,1.4847805717413984,2.653552603325436,0.02,fresh
1370,gpr_dataset_1370.in,datasets/sam-29/files/gpr_dataset_1370.in,0.3797603436694931,37.323087,39.874499,22.802414,0.12096943585512228,1.4331776438443347,2.6192236527130146,0.02,fresh
1371,gpr_dataset_1371.in,datasets/sam-29/files/gpr_dataset_1371.in,0.3681230739906506,42.804342,38.352695,18.842963,0.21205086462809758,1.5244925914263363,2.615838492511104,0.02,fresh
1372,gpr_dataset_1372.in,datasets/sam-29/files/gpr_dataset_1372.in,0.196707608184151,38.406958,32.514482,29.07856,0.20544369410550078,1.3724147668418791,2.6497844939722732,0.02,fresh
1373,gpr_dataset_1373.in,datasets/sam-29/files/gpr_dataset_1373.in,0.34291791807125327,42.010643,36.920553,21.068804,0.08482350392122345,1.5061286536304166,2.6214484374745086,0.02,fresh
1374,gpr_dataset_1374.in,datasets/sam-29/files/gpr_dataset_1374.in,0.2931713661074947,40.310702,36.266205,23.423093,0.20675870467188184,1.3531066319776597,2.628818144246027,0.02,fresh
1375,gpr_dataset_1375.in,datasets/sam-29/files/gpr_dataset_1375.in,0.2545000303135565,43.025212,37.136332,19.838456,0.2045568040279201,1.5022701466872364,2.6328290043138884,0.02,fresh
1376,gpr_dataset_1376.in,datasets/sam-29/files/gpr_dataset_1376.in,0.2687252774972796,49.54782,34.009374,16.442806,0.1645436668747715,1.5146893371917183,2.6851852079699623,0.02,fresh
1377,gpr_dataset_1377.in,datasets/sam-29/files/gpr_dataset_1377.in,0.3568322256342371,32.9987,38.830067,28.171233,0.1555357143159572,1.3832868166522532,2.6603347881957395,0.02,fresh
1378,gpr_dataset_1378.in,datasets/sam-29/files/gpr_dataset_1378.in,0.4707446754039567,45.701962,34.526229,19.771809,0.2235679058465752,1.4058843388973468,2.6259203101629125,0.02,fresh
1379,gpr_dataset_1379.in,datasets/sam-29/files/gpr_dataset_1379.in,0.4878723389314443,41.229769,34.604465,24.165766,0.07178017724512756,1.55519623239948,2.6760119574896977,0.02,fresh
1380,gpr_dataset_1380.in,datasets/sam-29/files/gpr_dataset_1380.in,0.2372047115125501,48.471002,28.450443,23.078555,0.20318839629447955,1.4193883268793763,2.6787865507605852,0.02,fresh
1381,gpr_dataset_1381.in,datasets/sam-29/files/gpr_dataset_1381.in,0.356025677600618,33.787576,36.597528,29.614896,0.19425051864534343,1.4576332860539225,2.6175032874448605,0.02,fresh
1382,gpr_dataset_1382.in,datasets/sam-29/files/gpr_dataset_1382.in,0.15638634604906265,47.335052,25.201505,27.463443,0.22174569430993474,1.4730611757422618,2.6970100830909955,0.02,fresh
1383,gpr_dataset_1383.in,datasets/sam-29/files/gpr_dataset_1383.in,0.3474407310810902,49.470289,33.894514,16.635197,0.0974919277105417,1.4240060547260505,2.6717610361101922,0.02,fresh
1384,gpr_dataset_1384.in,datasets/sam-29/files/gpr_dataset_1384.in,0.2987393439957998,49.702621,21.849005,28.448374,0.05109692633253762,1.4394568386484616,2.6788582405104124,0.02,fresh
1385,gpr_dataset_1385.in,datasets/sam-29/files/gpr_dataset_1385.in,0.3761308874377868,48.7997,27.238485,23.961815,0.23579523549666653,1.5534102700251855,2.6048968679334004,0.02,fresh
1386,gpr_dataset_1386.in,datasets/sam-29/files/gpr_dataset_1386.in,0.266578810851538,45.309926,35.426546,19.263528,0.18208574186881454,1.427727362528102,2.6212636632323556,0.02,fresh
1387,gpr_dataset_1387.in,datasets/sam-29/files/gpr_dataset_1387.in,0.427205473085716,49.541117,27.676321,22.782562,0.19956850925209496,1.3812755571106248,2.644671963795256,0.02,fresh
1388,gpr_dataset_1388.in,datasets/sam-29/files/gpr_dataset_1388.in,0.16075111084652996,40.277853,35.156787,24.56536,0.13189659459728878,1.3548438018045452,2.6606157744324683,0.02,fresh
1389,gpr_dataset_1389.in,datasets/sam-29/files/gpr_dataset_1389.in,0.2014892071034395,47.678987,29.518813,22.8022,0.1047045340252829,1.5380399475267197,2.6582328394491928,0.02,fresh
1390,gpr_dataset_1390.in,datasets/sam-29/files/gpr_dataset_1390.in,0.30282606528452993,46.674155,24.643361,28.682484,0.08964796408884763,1.3437413751313863,2.605268990718956,0.02,fresh
1391,gpr_dataset_1391.in,datasets/sam-29/files/gpr_dataset_1391.in,0.4824373789726709,44.070805,34.025032,21.904163,0.05128882664318357,1.5224570417383712,2.6584209148294873,0.02,fresh
1392,gpr_dataset_1392.in,datasets/sam-29/files/gpr_dataset_1392.in,0.4651342182436621,46.973796,35.890335,17.135869,0.05851579030257906,1.5366609045297823,2.6439910726367084,0.02,fresh
1393,gpr_dataset_1393.in,datasets/sam-29/files/gpr_dataset_1393.in,0.26088767953296865,49.888947,29.09635,21.014703,0.1893893532130509,1.3739446710932595,2.6362855607834987,0.02,fresh
1394,gpr_dataset_1394.in,datasets/sam-29/files/gpr_dataset_1394.in,0.43142907737407277,39.642264,35.012652,25.345084,0.13593736497823475,1.3308224536523492,2.600579753520841,0.02,fresh
1395,gpr_dataset_1395.in,datasets/sam-29/files/gpr_dataset_1395.in,0.383708993784714,41.755044,33.3616,24.883356,0.1698185235331754,1.363135788251816,2.692695489989178,0.02,fresh
1396,gpr_dataset_1396.in,datasets/sam-29/files/gpr_dataset_1396.in,0.13194358730532163,45.908666,28.102325,25.989009,0.23295032869318671,1.579762912872138,2.6126105170634295,0.02,fresh
1397,gpr_dataset_1397.in,datasets/sam-29/files/gpr_dataset_1397.in,0.2459875788942006,44.052292,36.244224,19.703484,0.09497959915770038,1.3489222094674578,2.685340136769153,0.02,fresh
1398,gpr_dataset_1398.in,datasets/sam-29/files/gpr_dataset_1398.in,0.18206733420410304,42.727619,32.596234,24.676147,0.2068956518003272,1.554589752471677,2.638636804283122,0.02,fresh
1399,gpr_dataset_1399.in,datasets/sam-29/files/gpr_dataset_1399.in,0.38488562392142844,38.838589,38.746634,22.414777,0.07017052032942935,1.4662617792679333,2.644498973285101,0.02,fresh
1400,gpr_dataset_1400.in,datasets/sam-29/files/gpr_dataset_1400.in,0.407540871955405,35.076402,39.406545,25.517053,0.20384265824531245,1.5040796674090722,2.642762899511664,0.02,fresh
1401,gpr_dataset_1401.in,datasets/sam-29/files/gpr_dataset_1401.in,0.3485754234648315,31.76448,39.27015,28.96537,0.05507838276416397,1.594483461845986,2.61249506206966,0.02,fresh
1402,gpr_dataset_1402.in,datasets/sam-29/files/gpr_dataset_1402.in,0.49388080030579007,42.412676,31.354197,26.233127,0.18721521867208046,1.4807821149859586,2.6761028898631127,0.02,fresh
1403,gpr_dataset_1403.in,datasets/sam-29/files/gpr_dataset_1403.in,0.10889963700582866,44.240434,33.714904,22.044662,0.16966727225245343,1.3471086008740765,2.6265583591003074,0.02,fresh
1404,gpr_dataset_1404.in,datasets/sam-29/files/gpr_dataset_1404.in,0.30425215196482913,46.530948,27.928833,25.540219,0.21916986874992,1.5593395177006346,2.658678334937501,0.02,fresh
1405,gpr_dataset_1405.in,datasets/sam-29/files/gpr_dataset_1405.in,0.3099830519245993,46.433767,25.202684,28.363549,0.19164662647451142,1.4126093593905387,2.6724828274520345,0.02,fresh
1406,gpr_dataset_1406.in,datasets/sam-29/files/gpr_dataset_1406.in,0.1481814600733365,49.200927,24.280246,26.518827,0.14432143517320428,1.5972311295326682,2.643119393369215,0.02,fresh
1407,gpr_dataset_1407.in,datasets/sam-29/files/gpr_dataset_1407.in,0.10576629123688877,44.032781,31.491555,24.475664,0.12947306372396497,1.4967434882844095,2.6975178930621997,0.02,fresh
1408,gpr_dataset_1408.in,datasets/sam-29/files/gpr_dataset_1408.in,0.11238200729631537,45.651502,33.760845,20.587653,0.09519680476788482,1.318056946410478,2.6799186390402387,0.02,fresh
1409,gpr_dataset_1409.in,datasets/sam-29/files/gpr_dataset_1409.in,0.38336651295316393,46.214347,29.176888,24.608765,0.0697441225592518,1.3479280261532678,2.616735117326787,0.02,fresh
1410,gpr_dataset_1410.in,datasets/sam-29/files/gpr_dataset_1410.in,0.4230639209723279,41.224321,34.309858,24.465821,0.19269623070789915,1.3735779678220505,2.6846648286558965,0.02,fresh
1411,gpr_dataset_1411.in,datasets/sam-29/files/gpr_dataset_1411.in,0.47814336441846117,37.893035,35.03212,27.074845,0.23990161492814915,1.3085293639659645,2.6539589786037294,0.02,fresh
1412,gpr_dataset_1412.in,datasets/sam-29/files/gpr_dataset_1412.in,0.4486080798608576,43.278808,30.535968,26.185224,0.23921971285864974,1.4644948210196331,2.6121775154903863,0.02,fresh
1413,gpr_dataset_1413.in,datasets/sam-29/files/gpr_dataset_1413.in,0.28744870369655295,45.176625,33.419437,21.403938,0.12914544165800784,1.3721684224622934,2.6977519632737867,0.02,fresh
1414,gpr_dataset_1414.in,datasets/sam-29/files/gpr_dataset_1414.in,0.11307692277500236,49.842754,38.680175,11.477071,0.2217567991718375,1.5082994766721385,2.61132267166398,0.02,fresh
1415,gpr_dataset_1415.in,datasets/sam-29/files/gpr_dataset_1415.in,0.39350172479710566,44.64857,35.495118,19.856312,0.09763091464737395,1.4092308644796996,2.6335485755727617,0.02,fresh
1416,gpr_dataset_1416.in,datasets/sam-29/files/gpr_dataset_1416.in,0.31568916988096796,35.492287,38.186371,26.321342,0.2028275236430488,1.4621220217608044,2.66705019313432,0.02,fresh
1417,gpr_dataset_1417.in,datasets/sam-29/files/gpr_dataset_1417.in,0.15792525100059504,40.286003,33.457243,26.256754,0.10996045968662793,1.3433838427033893,2.6074354502247976,0.02,fresh
1418,gpr_dataset_1418.in,datasets/sam-29/files/gpr_dataset_1418.in,0.41137677898219704,42.335673,35.463562,22.200765,0.08912538324953566,1.5237835960691748,2.6731624277132564,0.02,fresh
1419,gpr_dataset_1419.in,datasets/sam-29/files/gpr_dataset_1419.in,0.4960632757914373,43.85848,26.832865,29.308655,0.053620278431676584,1.3989995030043403,2.6280439114022243,0.02,fresh
1420,gpr_dataset_1420.in,datasets/sam-29/files/gpr_dataset_1420.in,0.4191773183610553,46.250641,28.114115,25.635244,0.1942032166705741,1.4852170691774957,2.6014047522031154,0.02,fresh
1421,gpr_dataset_1421.in,datasets/sam-29/files/gpr_dataset_1421.in,0.25293248982411326,46.049851,28.921522,25.028627,0.21959882750176152,1.497442018113186,2.6907147396119355,0.02,fresh
1422,gpr_dataset_1422.in,datasets/sam-29/files/gpr_dataset_1422.in,0.42477004602425306,46.283808,32.630741,21.085451,0.16982584803640227,1.5039133026279892,2.646624573835737,0.02,fresh
1423,gpr_dataset_1423.in,datasets/sam-29/files/gpr_dataset_1423.in,0.37545940300003355,32.104079,39.132325,28.763596,0.08979420782145167,1.453192075044229,2.647436209756904,0.02,fresh
1424,gpr_dataset_1424.in,datasets/sam-29/files/gpr_dataset_1424.in,0.49305168074427863,46.015341,28.225901,25.758758,0.2203605304797217,1.4600523914298045,2.684515067693247,0.02,fresh
1425,gpr_dataset_1425.in,datasets/sam-29/files/gpr_dataset_1425.in,0.14507448745610685,42.23232,35.868037,21.899643,0.16422997017941143,1.3324209471427686,2.686838600887348,0.02,fresh
1426,gpr_dataset_1426.in,datasets/sam-29/files/gpr_dataset_1426.in,0.47039402848492906,39.582487,34.863263,25.55425,0.2181599810342985,1.4935365546349608,2.6025647347122685,0.02,fresh
1427,gpr_dataset_1427.in,datasets/sam-29/files/gpr_dataset_1427.in,0.2168178103569993,47.625357,35.865101,16.509542,0.10782052465161161,1.3902673143105404,2.6810051081189417,0.02,fresh
1428,gpr_dataset_1428.in,datasets/sam-29/files/gpr_dataset_1428.in,0.4984666351774515,42.270268,33.666593,24.063139,0.05142211739858227,1.5174302177968086,2.661161489401813,0.02,fresh
1429,gpr_dataset_1429.in,datasets/sam-29/files/gpr_dataset_1429.in,0.49402017873240356,44.141907,36.059737,19.798356,0.1306475594031608,1.4383530642337932,2.636662800787472,0.02,fresh
1430,gpr_dataset_1430.in,datasets/sam-29/files/gpr_dataset_1430.in,0.25051970956623193,46.948561,33.099156,19.952283,0.17613621925408485,1.341086627250886,2.6927092817621108,0.02,fresh
1431,gpr_dataset_1431.in,datasets/sam-29/files/gpr_dataset_1431.in,0.1644701920999029,37.939222,39.951366,22.109412,0.22464730449882003,1.5334183001429453,2.6517954241771453,0.02,fresh
1432,gpr_dataset_1432.in,datasets/sam-29/files/gpr_dataset_1432.in,0.18371377978882256,46.699163,25.790524,27.510313,0.1368467981342441,1.466431849461419,2.641616931924243,0.02,fresh
1433,gpr_dataset_1433.in,datasets/sam-29/files/gpr_dataset_1433.in,0.193820166471267,48.232567,32.17027,19.597163,0.13287881545434083,1.5696896111039367,2.6707570908221623,0.02,fresh
1434,gpr_dataset_1434.in,datasets/sam-29/files/gpr_dataset_1434.in,0.14048969118607296,40.258769,34.409311,25.33192,0.1877770769905014,1.582037879700878,2.6599148117356215,0.02,fresh
1435,gpr_dataset_1435.in,datasets/sam-29/files/gpr_dataset_1435.in,0.18530143480346872,38.051835,34.560487,27.387678,0.23006586051673678,1.416426651425983,2.6188554581273635,0.02,fresh
1436,gpr_dataset_1436.in,datasets/sam-29/files/gpr_dataset_1436.in,0.26458278836066085,49.082744,37.402371,13.514885,0.11655163033066107,1.4716332116676747,2.6022419703400925,0.02,fresh
1437,gpr_dataset_1437.in,datasets/sam-29/files/gpr_dataset_1437.in,0.4578990292160403,44.089293,30.711453,25.199254,0.17414142296688406,1.5632436149793894,2.657031139653173,0.02,fresh
1438,gpr_dataset_1438.in,datasets/sam-29/files/gpr_dataset_1438.in,0.20989507876768565,40.123723,33.215278,26.660999,0.06561210020707152,1.547942548694341,2.610205378631084,0.02,fresh
1439,gpr_dataset_1439.in,datasets/sam-29/files/gpr_dataset_1439.in,0.2490630689183874,35.224429,36.158396,28.617175,0.051706314256685953,1.4117494588168165,2.682787322605314,0.02,fresh
1440,gpr_dataset_1440.in,datasets/sam-29/files/gpr_dataset_1440.in,0.15923882890345223,48.120569,36.411636,15.467795,0.0757402849837837,1.3898310717100046,2.6612969900491223,0.02,fresh
1441,gpr_dataset_1441.in,datasets/sam-29/files/gpr_dataset_1441.in,0.3974523311735172,40.085666,33.919512,25.994822,0.1419022950836102,1.5670628453209896,2.6923436008822694,0.02,fresh
1442,gpr_dataset_1442.in,datasets/sam-29/files/gpr_dataset_1442.in,0.2669792594807743,40.455068,34.924639,24.620293,0.12737484566235757,1.3920104978278274,2.678404779262661,0.02,fresh
1443,gpr_dataset_1443.in,datasets/sam-29/files/gpr_dataset_1443.in,0.1875025120625149,37.530558,33.715382,28.75406,0.127091158001745,1.4164318008232992,2.666384673444549,0.02,fresh
1444,gpr_dataset_1444.in,datasets/sam-29/files/gpr_dataset_1444.in,0.4082029679226856,43.240857,37.858007,18.901136,0.2482329033995852,1.3068142697033216,2.6614566660672883,0.02,fresh
1445,gpr_dataset_1445.in,datasets/sam-29/files/gpr_dataset_1445.in,0.342316448093955,45.97398,24.693661,29.332359,0.07608486023102157,1.3306823464896402,2.671072255232512,0.02,fresh
1446,gpr_dataset_1446.in,datasets/sam-29/files/gpr_dataset_1446.in,0.2489330461681533,37.336551,35.313092,27.350357,0.2297420279744048,1.493321005722715,2.6384722418059,0.02,fresh
1447,gpr_dataset_1447.in,datasets/sam-29/files/gpr_dataset_1447.in,0.1868234772508048,38.963523,33.202695,27.833782,0.09229016926462599,1.3042941534019965,2.6428072153189754,0.02,fresh
1448,gpr_dataset_1448.in,datasets/sam-29/files/gpr_dataset_1448.in,0.13239254930140892,38.898675,36.840955,24.26037,0.18287797968855896,1.3766516593401805,2.602392557663046,0.02,fresh
1449,gpr_dataset_1449.in,datasets/sam-29/files/gpr_dataset_1449.in,0.22317157749973335,43.154149,31.421769,25.424082,0.226723984263987,1.5376733622459393,2.621212033791872,0.02,fresh
1450,gpr_dataset_1450.in,datasets/sam-29/files/gpr_dataset_1450.in,0.4991615241198918,44.698881,31.918773,23.382346,0.21206477552698488,1.3267704226538586,2.6900110934552455,0.02,fresh
1451,gpr_dataset_1451.in,datasets/sam-29/files/gpr_dataset_1451.in,0.2247123934738367,48.764116,34.844268,16.391616,0.19402936372557494,1.355607059246458,2.623982594364031,0.02,fresh
1452,gpr_dataset_1452.in,datasets/sam-29/files/gpr_dataset_1452.in,0.47114885365180437,47.21017,34.198179,18.591651,0.06238658088941245,1.3234740130427074,2.656960665155315,0.02,fresh
1453,gpr_dataset_1453.in,datasets/sam-29/files/gpr_dataset_1453.in,0.19867620120617466,41.670483,34.559372,23.770145,0.2235267802782404,1.3302304897345574,2.6509345628756598,0.02,fresh
1454,gpr_dataset_1454.in,datasets/sam-29/files/gpr_dataset_1454.in,0.3190242758876537,41.083686,38.497139,20.419175,0.1412890973648692,1.5296521496039106,2.6282333999112177,0.02,fresh
1455,gpr_dataset_1455.in,datasets/sam-29/files/gpr_dataset_1455.in,0.2839866987807036,44.972193,32.779724,22.248083,0.20960220534646734,1.4201457242346274,2.6496642537483637,0.02,fresh
1456,gpr_dataset_1456.in,datasets/sam-29/files/gpr_dataset_1456.in,0.1951480017821981,49.114164,33.320044,17.565792,0.14557823026694808,1.3059389161021828,2.652244097848457,0.02,fresh
1457,gpr_dataset_1457.in,datasets/sam-29/files/gpr_dataset_1457.in,0.17699888642461784,47.919334,32.324493,19.756173,0.16767621016250567,1.3139383760470442,2.601448079662953,0.02,fresh
1458,gpr_dataset_1458.in,datasets/sam-29/files/gpr_dataset_1458.in,0.27241028816831425,41.916043,38.689302,19.394655,0.24901495932474998,1.4992921292120138,2.621949731593831,0.02,fresh
1459,gpr_dataset_1459.in,datasets/sam-29/files/gpr_dataset_1459.in,0.16100819878053785,40.633023,33.937633,25.429344,0.11016350727100162,1.4616736747873253,2.65716112689228,0.02,fresh
1460,gpr_dataset_1460.in,datasets/sam-29/files/gpr_dataset_1460.in,0.4830378557711008,38.538611,36.823436,24.637953,0.19149243586772946,1.4972632592013726,2.631821805263714,0.02,fresh
1461,gpr_dataset_1461.in,datasets/sam-29/files/gpr_dataset_1461.in,0.2070957902075269,46.253724,35.475552,18.270724,0.2338097852942982,1.3105758793262765,2.680748685807579,0.02,fresh
1462,gpr_dataset_1462.in,datasets/sam-29/files/gpr_dataset_1462.in,0.4787221702782708,49.080221,37.315922,13.603857,0.24592447498896475,1.4195883939286706,2.664674336431746,0.02,fresh
1463,gpr_dataset_1463.in,datasets/sam-29/files/gpr_dataset_1463.in,0.10565224835348297,45.045205,38.74297,16.211825,0.12333337202885669,1.375880887737133,2.613014779501763,0.02,fresh
1464,gpr_dataset_1464.in,datasets/sam-29/files/gpr_dataset_1464.in,0.1357327641696013,45.424351,31.180102,23.395547,0.11482820462486015,1.3077860667488403,2.696850436448531,0.02,fresh
1465,gpr_dataset_1465.in,datasets/sam-29/files/gpr_dataset_1465.in,0.21839059155545942,48.864196,37.610413,13.525391,0.05892053626691549,1.3097903430383213,2.6439629959894084,0.02,fresh
1466,gpr_dataset_1466.in,datasets/sam-29/files/gpr_dataset_1466.in,0.4880502951060788,48.840532,32.269781,18.889687,0.24656726118543082,1.3897317007080308,2.69926600046095,0.02,fresh
1467,gpr_dataset_1467.in,datasets/sam-29/files/gpr_dataset_1467.in,0.4828813169435957,45.168826,32.781828,22.049346,0.15106247429245181,1.3325073566346632,2.6815041982903933,0.02,fresh
1468,gpr_dataset_1468.in,datasets/sam-29/files/gpr_dataset_1468.in,0.13602856752376527,41.009389,33.656919,25.333692,0.16071437128684454,1.3112620141085738,2.6661090691653575,0.02,fresh
1469,gpr_dataset_1469.in,datasets/sam-29/files/gpr_dataset_1469.in,0.13205165372059682,38.256096,33.173824,28.57008,0.22532623477081104,1.3303754746655703,2.67617623400407,0.02,fresh
1470,gpr_dataset_1470.in,datasets/sam-29/files/gpr_dataset_1470.in,0.17631409317861096,41.336401,38.218955,20.444644,0.22244909415178626,1.3946746707489002,2.6058117715356532,0.02,fresh
1471,gpr_dataset_1471.in,datasets/sam-29/files/gpr_dataset_1471.in,0.3942863798931916,45.929921,37.140881,16.929198,0.22123309059952817,1.397539069803981,2.6091703651445783,0.02,fresh
1472,gpr_dataset_1472.in,datasets/sam-29/files/gpr_dataset_1472.in,0.1425782618277457,44.796316,27.080614,28.12307,0.23431226975253477,1.3628856451605695,2.6935966104087945,0.02,fresh
1473,gpr_dataset_1473.in,datasets/sam-29/files/gpr_dataset_1473.in,0.14608992366369186,46.294618,38.860625,14.844757,0.0732600699545837,1.5746609639718936,2.6962304593099704,0.02,fresh
1474,gpr_dataset_1474.in,datasets/sam-29/files/gpr_dataset_1474.in,0.3016700605135534,38.072285,38.876661,23.051054,0.08974281241008096,1.393934616548545,2.686509810703872,0.02,fresh
1475,gpr_dataset_1475.in,datasets/sam-29/files/gpr_dataset_1475.in,0.4623139212758919,41.678241,35.829248,22.492511,0.2279758167876304,1.5785574177633481,2.697933707626402,0.02,fresh
1476,gpr_dataset_1476.in,datasets/sam-29/files/gpr_dataset_1476.in,0.25583389734472806,42.816094,31.169785,26.014121,0.06828275372515234,1.4501411845215009,2.640121172172703,0.02,fresh
1477,gpr_dataset_1477.in,datasets/sam-29/files/gpr_dataset_1477.in,0.24745986044868148,48.81976,28.607325,22.572915,0.14027604838939123,1.5741641927593981,2.604460766885163,0.02,fresh
1478,gpr_dataset_1478.in,datasets/sam-29/files/gpr_dataset_1478.in,0.10919300608437883,45.744186,26.013311,28.242503,0.1422391781394401,1.4549358718148249,2.603094308152876,0.02,fresh
1479,gpr_dataset_1479.in,datasets/sam-29/files/gpr_dataset_1479.in,0.2771425113211017,39.863153,34.771895,25.364952,0.23457738456325222,1.4185746254299767,2.6211480533063023,0.02,fresh
1480,gpr_dataset_1480.in,datasets/sam-29/files/gpr_dataset_1480.in,0.4166560331023502,45.023296,31.499539,23.477165,0.22765514862927955,1.3021872465858069,2.658711629046941,0.02,fresh
1481,gpr_dataset_1481.in,datasets/sam-29/files/gpr_dataset_1481.in,0.2961648684505363,44.247967,32.34708,23.404953,0.05134808090269072,1.511765714959674,2.67024522807848,0.02,fresh
1482,gpr_dataset_1482.in,datasets/sam-29/files/gpr_dataset_1482.in,0.3208405701554923,35.864092,35.353367,28.782541,0.11006285735946326,1.4851973961536622,2.6610054712661677,0.02,fresh
1483,gpr_dataset_1483.in,datasets/sam-29/files/gpr_dataset_1483.in,0.15050527292823276,48.961837,38.394413,12.64375,0.21034174058690258,1.3995953803896208,2.654030364222722,0.02,fresh
1484,gpr_dataset_1484.in,datasets/sam-29/files/gpr_dataset_1484.in,0.29493215972875964,44.473123,31.352685,24.174192,0.2407590246919089,1.4590959285054355,2.675242744506969,0.02,fresh
1485,gpr_dataset_1485.in,datasets/sam-29/files/gpr_dataset_1485.in,0.26108427413470414,44.469445,38.950588,16.579967,0.1908722320124409,1.3239283519131784,2.6454519528393368,0.02,fresh
1486,gpr_dataset_1486.in,datasets/sam-29/files/gpr_dataset_1486.in,0.4344457592666737,41.283936,35.172913,23.543151,0.16346492665513362,1.3016714440700257,2.6454216628091225,0.02,fresh
1487,gpr_dataset_1487.in,datasets/sam-29/files/gpr_dataset_1487.in,0.40071346956285536,40.345512,32.004804,27.649684,0.1098486978419681,1.428728492608986,2.6319933519427092,0.02,fresh
1488,gpr_dataset_1488.in,datasets/sam-29/files/gpr_dataset_1488.in,0.24489672916899005,45.640464,39.350172,15.009364,0.2083651198304345,1.5114529681065298,2.6430297175338557,0.02,fresh
1489,gpr_dataset_1489.in,datasets/sam-29/files/gpr_dataset_1489.in,0.38163158432109523,46.171904,36.565041,17.263055,0.08421248409217648,1.3923586690430452,2.6164255710436923,0.02,fresh
1490,gpr_dataset_1490.in,datasets/sam-29/files/gpr_dataset_1490.in,0.16094666704837404,41.842983,31.805545,26.351472,0.09372365817055661,1.3314299213045446,2.643672532536666,0.02,fresh
1491,gpr_dataset_1491.in,datasets/sam-29/files/gpr_dataset_1491.in,0.24103477525751327,46.338775,39.741117,13.920108,0.23942921174804038,1.5514896817056547,2.6041701856743376,0.02,fresh
1492,gpr_dataset_1492.in,datasets/sam-29/files/gpr_dataset_1492.in,0.29099677508032085,46.406878,35.167378,18.425744,0.21230116250616055,1.3850892132495327,2.6825117040372732,0.02,fresh
1493,gpr_dataset_1493.in,datasets/sam-29/files/gpr_dataset_1493.in,0.2796377139369324,45.688908,27.421676,26.889416,0.08732210545889316,1.5331904647506738,2.6831367268701576,0.02,fresh
1494,gpr_dataset_1494.in,datasets/sam-29/files/gpr_dataset_1494.in,0.42819039112478297,44.706584,34.155266,21.13815,0.1201968065739403,1.3905576432322384,2.6479138946904883,0.02,fresh
1495,gpr_dataset_1495.in,datasets/sam-29/files/gpr_dataset_1495.in,0.26204949746010187,39.660772,32.655545,27.683683,0.11359530057660945,1.5055340415318161,2.6937210685728896,0.02,fresh
1496,gpr_dataset_1496.in,datasets/sam-29/files/gpr_dataset_1496.in,0.3967785530485789,38.692725,32.47517,28.832105,0.09472977579911578,1.581497337908977,2.6863837166689377,0.02,fresh
1497,gpr_dataset_1497.in,datasets/sam-29/files/gpr_dataset_1497.in,0.42477410333402654,44.652944,31.13937,24.207686,0.24352821825737841,1.469554447022671,2.6665900967474006,0.02,fresh
1498,gpr_dataset_1498.in,datasets/sam-29/files/gpr_dataset_1498.in,0.4261049652737311,47.837682,33.947366,18.214952,0.2225793301947141,1.4944497582362857,2.6767300894533324,0.02,fresh
1499,gpr_dataset_1499.in,datasets/sam-29/files/gpr_dataset_1499.in,0.1324854367034965,48.519349,33.485105,17.995546,0.05182386580070493,1.469944297844619,2.633534997207665,0.02,fresh
1500,gpr_dataset_1500.in,datasets/sam-29/files/gpr_dataset_1500.in,0.19153565732071942,45.762597,31.718198,22.519205,0.09694833445491172,1.5665253259738796,2.6090767524847878,0.02,fresh
1501,gpr_dataset_1501.in,datasets/sam-29/files/gpr_dataset_1501.in,0.25741819873598853,41.235322,33.432851,25.331827,0.1003571336187832,1.521555191389508,2.6789137920352,0.02,fresh
1502,gpr_dataset_1502.in,datasets/sam-29/files/gpr_dataset_1502.in,0.1816434563155653,46.671152,28.976615,24.352233,0.18303511422116764,1.3616253751786471,2.609140860808105,0.02,fresh
1503,gpr_dataset_1503.in,datasets/sam-29/files/gpr_dataset_1503.in,0.4896428469377935,44.098708,33.19566,22.705632,0.09267698860513014,1.442998204671251,2.680237624663768,0.02,fresh
1504,gpr_dataset_1504.in,datasets/sam-29/files/gpr_dataset_1504.in,0.2021234433213965,46.363111,29.479081,24.157808,0.24232656076392178,1.5090625808652383,2.673240497726901,0.02,fresh
1505,gpr_dataset_1505.in,datasets/sam-29/files/gpr_dataset_1505.in,0.4090287181391181,38.288222,38.04494,23.666838,0.20818137239042173,1.588069038107203,2.6735684578271557,0.02,fresh
1506,gpr_dataset_1506.in,datasets/sam-29/files/gpr_dataset_1506.in,0.42847542982854114,39.460137,35.495627,25.044236,0.14250194592213208,1.4568042506794583,2.6282764707588293,0.02,fresh
1507,gpr_dataset_1507.in,datasets/sam-29/files/gpr_dataset_1507.in,0.47375949450254096,48.961217,32.406139,18.632644,0.13767442986351547,1.5991757175946546,2.6932853381450848,0.02,fresh
1508,gpr_dataset_1508.in,datasets/sam-29/files/gpr_dataset_1508.in,0.36223962947882615,44.731684,28.410113,26.858203,0.19606502347977922,1.4724483992833608,2.649689044588407,0.02,fresh
1509,gpr_dataset_1509.in,datasets/sam-29/files/gpr_dataset_1509.in,0.3033790103838506,43.745853,39.615698,16.638449,0.15216047496196095,1.3236344830181888,2.6993012819429767,0.02,fresh
1510,gpr_dataset_1510.in,datasets/sam-29/files/gpr_dataset_1510.in,0.47527117720157264,41.648874,28.710715,29.640411,0.1607690628624719,1.4756091117362167,2.610371566981128,0.02,fresh
1511,gpr_dataset_1511.in,datasets/sam-29/files/gpr_dataset_1511.in,0.34298692580651813,40.241808,32.195379,27.562813,0.11803610481681515,1.4460232066283254,2.656256510969394,0.02,fresh
1512,gpr_dataset_1512.in,datasets/sam-29/files/gpr_dataset_1512.in,0.22657118556067457,42.23961,29.707981,28.052409,0.21912813093812827,1.3761186657397944,2.6661275283440213,0.02,fresh
1513,gpr_dataset_1513.in,datasets/sam-29/files/gpr_dataset_1513.in,0.36461748843568487,36.880189,34.264218,28.855593,0.1659879607358909,1.3980633362165684,2.621196859174641,0.02,fresh
1514,gpr_dataset_1514.in,datasets/sam-29/files/gpr_dataset_1514.in,0.29332749052337004,47.09138,30.463937,22.444683,0.07718973422447206,1.5825894896836856,2.6836450916508165,0.02,fresh
1515,gpr_dataset_1515.in,datasets/sam-29/files/gpr_dataset_1515.in,0.3654358828887103,48.871855,33.034203,18.093942,0.19152482816726746,1.4551078567722637,2.632656212507892,0.02,fresh
1516,gpr_dataset_1516.in,datasets/sam-29/files/gpr_dataset_1516.in,0.22869793335729427,45.155835,32.545047,22.299118,0.17130623585396348,1.3731639675558724,2.6420329673981198,0.02,fresh
1517,gpr_dataset_1517.in,datasets/sam-29/files/gpr_dataset_1517.in,0.37778134254881557,44.699073,33.309384,21.991543,0.06698213582887005,1.391723131163918,2.686109677570207,0.02,fresh
1518,gpr_dataset_1518.in,datasets/sam-29/files/gpr_dataset_1518.in,0.16205665522047058,41.327785,35.551877,23.120338,0.23373298410906673,1.3273299289449227,2.6751206944876587,0.02,fresh
1519,gpr_dataset_1519.in,datasets/sam-29/files/gpr_dataset_1519.in,0.40836114507449317,47.345118,32.588038,20.066844,0.19285896408072517,1.5520458587780868,2.611254264118096,0.02,fresh
1520,gpr_dataset_1520.in,datasets/sam-29/files/gpr_dataset_1520.in,0.3529897234544447,47.180398,24.876757,27.942845,0.12580511629147467,1.5585920353197045,2.6196166860655428,0.02,fresh
1521,gpr_dataset_1521.in,datasets/sam-29/files/gpr_dataset_1521.in,0.20713769101487647,44.949929,31.179602,23.870469,0.16085372971042716,1.5406907844661624,2.646358854326341,0.02,fresh
1522,gpr_dataset_1522.in,datasets/sam-29/files/gpr_dataset_1522.in,0.371112290332103,33.774133,37.091012,29.134855,0.15842518398937733,1.5412278737922902,2.685622151311878,0.02,fresh
1523,gpr_dataset_1523.in,datasets/sam-29/files/gpr_dataset_1523.in,0.3213531129857097,39.208704,30.988531,29.802765,0.21504261819857112,1.5560466092214509,2.644556851312668,0.02,fresh
1524,gpr_dataset_1524.in,datasets/sam-29/files/gpr_dataset_1524.in,0.21432028661246424,46.739519,24.880496,28.379985,0.23139633046795083,1.5298140430475786,2.6251183255904356,0.02,fresh
1525,gpr_dataset_1525.in,datasets/sam-29/files/gpr_dataset_1525.in,0.33982948589643225,43.048058,33.45928,23.492662,0.18927881348520176,1.4489452412926964,2.6604659242855857,0.02,fresh
1526,gpr_dataset_1526.in,datasets/sam-29/files/gpr_dataset_1526.in,0.36754257935717494,40.111331,31.240172,28.648497,0.23550146638062391,1.5699840160509757,2.6634702028813235,0.02,fresh
1527,gpr_dataset_1527.in,datasets/sam-29/files/gpr_dataset_1527.in,0.14225210837956248,48.067462,29.452839,22.479699,0.18782571845387724,1.537615581774467,2.6115304799432693,0.02,fresh
1528,gpr_dataset_1528.in,datasets/sam-29/files/gpr_dataset_1528.in,0.4547859244085929,49.761796,23.954667,26.283537,0.21604183775475788,1.3809060624687812,2.6640363782660526,0.02,fresh
1529,gpr_dataset_1529.in,datasets/sam-29/files/gpr_dataset_1529.in,0.4030937673638837,47.584157,37.526443,14.8894,0.05831988664449428,1.3866937777443067,2.6164889711491104,0.02,fresh
1530,gpr_dataset_1530.in,datasets/sam-29/files/gpr_dataset_1530.in,0.30852503991305436,42.544666,38.182726,19.272608,0.24753147480082666,1.4233911415487406,2.690897038776744,0.02,fresh
1531,gpr_dataset_1531.in,datasets/sam-29/files/gpr_dataset_1531.in,0.13881779430655958,32.577932,39.311186,28.110882,0.23236931234319802,1.3381670794039824,2.6706992360189377,0.02,fresh
1532,gpr_dataset_1532.in,datasets/sam-29/files/gpr_dataset_1532.in,0.2311863741622954,40.655967,37.231301,22.112732,0.18731821358903505,1.3838639957332226,2.6954884572722917,0.02,fresh
1533,gpr_dataset_1533.in,datasets/sam-29/files/gpr_dataset_1533.in,0.4996247162985701,47.040602,28.374071,24.585327,0.11008464285798712,1.4368169649962554,2.6454639418854975,0.02,fresh
1534,gpr_dataset_1534.in,datasets/sam-29/files/gpr_dataset_1534.in,0.16197707650911086,40.554528,32.395212,27.05026,0.15117334074560435,1.5701114413590684,2.686989219401856,0.02,fresh
1535,gpr_dataset_1535.in,datasets/sam-29/files/gpr_dataset_1535.in,0.3222045675068524,44.472401,27.482257,28.045342,0.12239831065628107,1.5131407519300715,2.6802048549960853,0.02,fresh
1536,gpr_dataset_1536.in,datasets/sam-29/files/gpr_dataset_1536.in,0.18422956806393792,45.849815,26.725168,27.425017,0.1027978658119093,1.5090528651624258,2.6936128960646846,0.02,fresh
1537,gpr_dataset_1537.in,datasets/sam-29/files/gpr_dataset_1537.in,0.40723462642205566,46.737364,33.058143,20.204493,0.0991300878745282,1.4905581839054125,2.6567016431126884,0.02,fresh
1538,gpr_dataset_1538.in,datasets/sam-29/files/gpr_dataset_1538.in,0.1714129849360128,35.078782,35.797195,29.124023,0.07056415937647627,1.335158357143995,2.6130272989746683,0.02,fresh
1539,gpr_dataset_1539.in,datasets/sam-29/files/gpr_dataset_1539.in,0.2823913742292743,46.571521,34.057732,19.370747,0.17975851592392572,1.3130235800801118,2.6266646890822183,0.02,fresh
1540,gpr_dataset_1540.in,datasets/sam-29/files/gpr_dataset_1540.in,0.29897298507378345,46.665697,36.830944,16.503359,0.05756373505791271,1.3234741435684108,2.69904704786941,0.02,fresh
1541,gpr_dataset_1541.in,datasets/sam-29/files/gpr_dataset_1541.in,0.3339791302684829,40.052666,36.143159,23.804175,0.22090545430770459,1.4735655486851142,2.6133497858745036,0.02,fresh
1542,gpr_dataset_1542.in,datasets/sam-29/files/gpr_dataset_1542.in,0.14675824467505266,39.041025,35.923573,25.035402,0.24648102230230512,1.4644735003297888,2.682536771678087,0.02,fresh
1543,gpr_dataset_1543.in,datasets/sam-29/files/gpr_dataset_1543.in,0.33169731895701127,48.21058,32.597441,19.191979,0.21001398385061082,1.3582179498256153,2.6194980021670786,0.02,fresh
1544,gpr_dataset_1544.in,datasets/sam-29/files/gpr_dataset_1544.in,0.21488628504646057,42.633352,33.676114,23.690534,0.18179346651247108,1.5250398284192377,2.6254087255946037,0.02,fresh
1545,gpr_dataset_1545.in,datasets/sam-29/files/gpr_dataset_1545.in,0.48913949601124773,45.878057,36.417091,17.704852,0.197250767121053,1.4490755143956286,2.6784937193601808,0.02,fresh
1546,gpr_dataset_1546.in,datasets/sam-29/files/gpr_dataset_1546.in,0.1939254927913824,44.330256,36.615451,19.054293,0.14395272348807125,1.470865148863597,2.6273522170046544,0.02,fresh
1547,gpr_dataset_1547.in,datasets/sam-29/files/gpr_dataset_1547.in,0.26975725188723915,45.998472,28.757692,25.243836,0.12556772478619108,1.3238299151812127,2.688186768639357,0.02,fresh
1548,gpr_dataset_1548.in,datasets/sam-29/files/gpr_dataset_1548.in,0.26371739460348953,47.176169,31.762573,21.061258,0.22440434379616864,1.4335819606106983,2.602717122611391,0.02,fresh
1549,gpr_dataset_1549.in,datasets/sam-29/files/gpr_dataset_1549.in,0.42499431103137053,49.075901,27.747698,23.176401,0.1751535076763791,1.3722717792467491,2.648446700661487,0.02,fresh
1550,gpr_dataset_1550.in,datasets/sam-29/files/gpr_dataset_1550.in,0.3110427826875084,39.534698,33.432639,27.032663,0.05285516750713788,1.5852433109842619,2.6483510579255087,0.02,fresh
1551,gpr_dataset_1551.in,datasets/sam-29/files/gpr_dataset_1551.in,0.27493835960275914,47.587544,28.877367,23.535089,0.0754655142887504,1.517091199332619,2.6285461689957454,0.02,fresh
1552,gpr_dataset_1552.in,datasets/sam-29/files/gpr_dataset_1552.in,0.2593974021555586,47.388456,31.372648,21.238896,0.11905367092927172,1.3773405090844477,2.636965199250171,0.02,fresh
1553,gpr_dataset_1553.in,datasets/sam-29/files/gpr_dataset_1553.in,0.41617764390931233,43.381584,37.038636,19.57978,0.08134437738612427,1.4908562311477842,2.6211404217509133,0.02,fresh
1554,gpr_dataset_1554.in,datasets/sam-29/files/gpr_dataset_1554.in,0.33325806457624596,47.797164,24.792785,27.410051,0.23619695117964873,1.5091637872625696,2.660907244653108,0.02,fresh
1555,gpr_dataset_1555.in,datasets/sam-29/files/gpr_dataset_1555.in,0.4083634040394136,46.291293,28.819363,24.889344,0.0701876255147292,1.4600522806885756,2.6859068625984257,0.02,fresh
1556,gpr_dataset_1556.in,datasets/sam-29/files/gpr_dataset_1556.in,0.36260681264172767,49.311074,35.545156,15.14377,0.17659225986078775,1.5933076985581283,2.688942152707328,0.02,fresh
1557,gpr_dataset_1557.in,datasets/sam-29/files/gpr_dataset_1557.in,0.2846840320274344,48.199704,37.196291,14.604005,0.20578586777767666,1.479640381590333,2.6450747548370175,0.02,fresh
1558,gpr_dataset_1558.in,datasets/sam-29/files/gpr_dataset_1558.in,0.16162704249317464,45.729222,34.899831,19.370947,0.14215618015300208,1.4132114988796893,2.680686129824971,0.02,fresh
1559,gpr_dataset_1559.in,datasets/sam-29/files/gpr_dataset_1559.in,0.10646454134953927,41.161723,35.870113,22.968164,0.06602777483730625,1.5558758681961382,2.6267283442337295,0.02,fresh
1560,gpr_dataset_1560.in,datasets/sam-29/files/gpr_dataset_1560.in,0.18894358858722204,44.430549,31.764475,23.804976,0.16026280983147434,1.4209690286135208,2.6645125252323556,0.02,fresh
1561,gpr_dataset_1561.in,datasets/sam-29/files/gpr_dataset_1561.in,0.3161251829356757,48.585901,29.681585,21.732514,0.22684509401245107,1.5072003822263729,2.640539125115821,0.02,fresh
1562,gpr_dataset_1562.in,datasets/sam-29/files/gpr_dataset_1562.in,0.3383053421004779,41.803571,29.622264,28.574165,0.17316309356385912,1.4327425350058134,2.6669791483097396,0.02,fresh
1563,gpr_dataset_1563.in,datasets/sam-29/files/gpr_dataset_1563.in,0.3211866227948013,44.538482,31.028586,24.432932,0.1473376879846752,1.404614216970808,2.6998331460040967,0.02,fresh
1564,gpr_dataset_1564.in,datasets/sam-29/files/gpr_dataset_1564.in,0.10745819306492091,34.594179,38.858243,26.547578,0.24115521016989383,1.4420330808766526,2.666708800989159,0.02,fresh
1565,gpr_dataset_1565.in,datasets/sam-29/files/gpr_dataset_1565.in,0.15020352205808726,35.59426,39.616708,24.789032,0.15808901906573575,1.3937237796303077,2.645944863549903,0.02,fresh
1566,gpr_dataset_1566.in,datasets/sam-29/files/gpr_dataset_1566.in,0.48695525907069215,47.476918,34.979535,17.543547,0.15915657948668033,1.5674957382251553,2.623646086052592,0.02,fresh
1567,gpr_dataset_1567.in,datasets/sam-29/files/gpr_dataset_1567.in,0.44069115203243914,44.751329,29.459018,25.789653,0.15462357298074395,1.3508320393813809,2.6084027177841573,0.02,fresh
1568,gpr_dataset_1568.in,datasets/sam-29/files/gpr_dataset_1568.in,0.18085698758825514,35.06353,35.822688,29.113782,0.1491662755371057,1.547066027674279,2.609276112072715,0.02,fresh
1569,gpr_dataset_1569.in,datasets/sam-29/files/gpr_dataset_1569.in,0.21760594756561438,49.187307,27.057722,23.754971,0.204308535011883,1.3164009846694917,2.6462301996264523,0.02,fresh
1570,gpr_dataset_1570.in,datasets/sam-29/files/gpr_dataset_1570.in,0.4103460182371702,33.531954,37.458898,29.009148,0.22408188265484713,1.3190344605848703,2.6105316396761307,0.02,fresh
1571,gpr_dataset_1571.in,datasets/sam-29/files/gpr_dataset_1571.in,0.10210061808139442,45.554773,28.448464,25.996763,0.1884286754823909,1.5575763405233596,2.613613169181722,0.02,fresh
1572,gpr_dataset_1572.in,datasets/sam-29/files/gpr_dataset_1572.in,0.20190491071824954,42.83291,30.488381,26.678709,0.18526974157170595,1.5720233717627576,2.634967109677174,0.02,fresh
1573,gpr_dataset_1573.in,datasets/sam-29/files/gpr_dataset_1573.in,0.494340992912888,34.698646,37.930852,27.370502,0.055126737486294514,1.3003334591279896,2.6666982366220586,0.02,fresh
1574,gpr_dataset_1574.in,datasets/sam-29/files/gpr_dataset_1574.in,0.13042649032706388,42.551189,29.649375,27.799436,0.16098738074077426,1.3640054394475298,2.6725590286062357,0.02,fresh
1575,gpr_dataset_1575.in,datasets/sam-29/files/gpr_dataset_1575.in,0.27251946481102873,37.797609,35.795266,26.407125,0.2136479283990202,1.4933512227851466,2.6973656527504746,0.02,fresh
1576,gpr_dataset_1576.in,datasets/sam-29/files/gpr_dataset_1576.in,0.42023307644900654,36.98029,38.397499,24.622211,0.08803783532880999,1.362119003425218,2.6348309022854752,0.02,fresh
1577,gpr_dataset_1577.in,datasets/sam-29/files/gpr_dataset_1577.in,0.28265145968759176,49.721786,24.701463,25.576751,0.16960106790706475,1.3822253458457066,2.67024067518742,0.02,fresh
1578,gpr_dataset_1578.in,datasets/sam-29/files/gpr_dataset_1578.in,0.20445300013974285,42.352653,35.333463,22.313884,0.06517346975827215,1.5355911942684484,2.6904632715214065,0.02,fresh
1579,gpr_dataset_1579.in,datasets/sam-29/files/gpr_dataset_1579.in,0.27638512406756777,47.966619,28.877333,23.156048,0.1787378199923701,1.4400001886365086,2.6444482992608758,0.02,fresh
1580,gpr_dataset_1580.in,datasets/sam-29/files/gpr_dataset_1580.in,0.17286028287555377,44.42899,26.782234,28.788776,0.15416727066859925,1.532840734206413,2.638529194175192,0.02,fresh
1581,gpr_dataset_1581.in,datasets/sam-29/files/gpr_dataset_1581.in,0.41410823865971336,46.279665,27.102519,26.617816,0.07793287353944903,1.4511519132545925,2.6414145204532833,0.02,fresh
1582,gpr_dataset_1582.in,datasets/sam-29/files/gpr_dataset_1582.in,0.3954693661972405,46.066585,28.266565,25.66685,0.06744338919106901,1.513253820999278,2.6721451064790656,0.02,fresh
1583,gpr_dataset_1583.in,datasets/sam-29/files/gpr_dataset_1583.in,0.46329043746731413,46.486332,29.191513,24.322155,0.13701649539252864,1.5971524417326766,2.6750106527175985,0.02,fresh
1584,gpr_dataset_1584.in,datasets/sam-29/files/gpr_dataset_1584.in,0.31155386718508016,40.531948,38.178478,21.289574,0.15453463111553117,1.575556102153538,2.637886606957754,0.02,fresh
1585,gpr_dataset_1585.in,datasets/sam-29/files/gpr_dataset_1585.in,0.3615806529988762,42.514101,38.477578,19.008321,0.08579369316551883,1.305059683908657,2.678881242943468,0.02,fresh
1586,gpr_dataset_1586.in,datasets/sam-29/files/gpr_dataset_1586.in,0.4407331673829894,48.948969,32.240015,18.811016,0.166934800855427,1.5331685471347922,2.6505447506713917,0.02,fresh
1587,gpr_dataset_1587.in,datasets/sam-29/files/gpr_dataset_1587.in,0.2492100690404851,47.275181,38.027082,14.697737,0.141081842059392,1.3179716018486083,2.6760835692411082,0.02,fresh
1588,gpr_dataset_1588.in,datasets/sam-29/files/gpr_dataset_1588.in,0.2080925435796615,42.427216,36.624573,20.948211,0.1117205803411649,1.3131024012416028,2.6733131814502324,0.02,fresh
1589,gpr_dataset_1589.in,datasets/sam-29/files/gpr_dataset_1589.in,0.143418810796605,47.287519,28.501933,24.210548,0.08800540768402887,1.5964015214120997,2.6345982108030754,0.02,fresh
1590,gpr_dataset_1590.in,datasets/sam-29/files/gpr_dataset_1590.in,0.17732321243723193,45.639518,37.4169,16.943582,0.12485294647225234,1.562266125864552,2.6868032172524363,0.02,fresh
1591,gpr_dataset_1591.in,datasets/sam-29/files/gpr_dataset_1591.in,0.24676688297001742,44.530051,35.253698,20.216251,0.22910301849310433,1.5373666553131353,2.6688125957929953,0.02,fresh
1592,gpr_dataset_1592.in,datasets/sam-29/files/gpr_dataset_1592.in,0.21418170738698183,45.148387,31.492638,23.358975,0.1516972914016479,1.4482836633611205,2.6171596131269226,0.02,fresh
1593,gpr_dataset_1593.in,datasets/sam-29/files/gpr_dataset_1593.in,0.12451150253521096,35.722457,36.494309,27.783234,0.21873259062134087,1.5782911763317835,2.6162572877432266,0.02,fresh
1594,gpr_dataset_1594.in,datasets/sam-29/files/gpr_dataset_1594.in,0.2688188994049232,46.479776,30.135313,23.384911,0.1609510115431012,1.3945659911071069,2.697660288604928,0.02,fresh
1595,gpr_dataset_1595.in,datasets/sam-29/files/gpr_dataset_1595.in,0.15777259498710938,40.741047,34.208521,25.050432,0.23185755792221746,1.484850614735208,2.6189405499892024,0.02,fresh
1596,gpr_dataset_1596.in,datasets/sam-29/files/gpr_dataset_1596.in,0.427881454923256,43.85127,31.777611,24.371119,0.20998535239517668,1.3562099319560459,2.6760958316120727,0.02,fresh
1597,gpr_dataset_1597.in,datasets/sam-29/files/gpr_dataset_1597.in,0.41893460066266786,45.259158,35.96244,18.778402,0.24605163697484683,1.4293957554507053,2.6590340247856283,0.02,fresh
1598,gpr_dataset_1598.in,datasets/sam-29/files/gpr_dataset_1598.in,0.43832909195186875,37.794124,35.480847,26.725029,0.16983314559520596,1.3132964788976542,2.605618438583255,0.02,fresh
1599,gpr_dataset_1599.in,datasets/sam-29/files/gpr_dataset_1599.in,0.4090599481167163,43.19289,32.477285,24.329825,0.16093037302058077,1.3547029524435727,2.6937032006652624,0.02,fresh
1600,gpr_dataset_1600.in,datasets/sam-29/files/gpr_dataset_1600.in,0.3903568899204124,41.637759,31.691069,26.671172,0.13855919410064269,1.4558933523123445,2.69767541300177,0.02,fresh
1601,gpr_dataset_1601.in,datasets/sam-29/files/gpr_dataset_1601.in,0.1912730163342579,49.746606,32.53113,17.722264,0.19967578810211306,1.4059420237853557,2.683301834182238,0.02,fresh
1602,gpr_dataset_1602.in,datasets/sam-29/files/gpr_dataset_1602.in,0.4960285105153479,47.55922,39.674935,12.765845,0.22954538600518237,1.4270661445324255,2.698370757500511,0.02,fresh
1603,gpr_dataset_1603.in,datasets/sam-29/files/gpr_dataset_1603.in,0.12442915603896272,46.957726,23.34485,29.697424,0.09743184199407365,1.5610839690200085,2.667133272499996,0.02,fresh
1604,gpr_dataset_1604.in,datasets/sam-29/files/gpr_dataset_1604.in,0.3209190077830243,46.373251,27.772027,25.854722,0.11008116380921507,1.3528389124367242,2.692469264235088,0.02,fresh
1605,gpr_dataset_1605.in,datasets/sam-29/files/gpr_dataset_1605.in,0.20843750681822934,40.912059,33.931806,25.156135,0.24827999754489605,1.5568806845359457,2.6290098390601075,0.02,fresh
1606,gpr_dataset_1606.in,datasets/sam-29/files/gpr_dataset_1606.in,0.41793869221680646,38.67606,39.269099,22.054841,0.1139167925573474,1.4393768938942597,2.6528218761424713,0.02,fresh
1607,gpr_dataset_1607.in,datasets/sam-29/files/gpr_dataset_1607.in,0.34369056295408995,44.645841,28.639385,26.714774,0.10025136538646287,1.4714558260587558,2.6825819160473117,0.02,fresh
1608,gpr_dataset_1608.in,datasets/sam-29/files/gpr_dataset_1608.in,0.411508369238217,43.715608,36.091589,20.192803,0.2035697539464812,1.565491128899403,2.681870492121016,0.02,fresh
1609,gpr_dataset_1609.in,datasets/sam-29/files/gpr_dataset_1609.in,0.3740623954290979,42.234705,31.454472,26.310823,0.05626992193091407,1.3512651513782659,2.68961140289174,0.02,fresh
1610,gpr_dataset_1610.in,datasets/sam-29/files/gpr_dataset_1610.in,0.3718398613721804,42.427945,29.831693,27.740362,0.07340112634784549,1.3795414477241907,2.645272242454492,0.02,fresh
1611,gpr_dataset_1611.in,datasets/sam-29/files/gpr_dataset_1611.in,0.32677396174384354,44.666315,31.85578,23.477905,0.16353461158510063,1.4293726578556658,2.6844995454796616,0.02,fresh
1612,gpr_dataset_1612.in,datasets/sam-29/files/gpr_dataset_1612.in,0.48745814038753255,40.003816,33.954035,26.042149,0.19324610038160867,1.451946281833155,2.6679731658452575,0.02,fresh
1613,gpr_dataset_1613.in,datasets/sam-29/files/gpr_dataset_1613.in,0.2508412848557604,37.172521,36.584848,26.242631,0.17246575455221796,1.5466586172251775,2.612017460091808,0.02,fresh
1614,gpr_dataset_1614.in,datasets/sam-29/files/gpr_dataset_1614.in,0.42096022282846046,45.635099,39.619458,14.745443,0.1294463399685916,1.3660731388801306,2.6599617563882227,0.02,fresh
1615,gpr_dataset_1615.in,datasets/sam-29/files/gpr_dataset_1615.in,0.2169789800526225,44.776402,32.049568,23.17403,0.22771909547950103,1.4343805245924317,2.6234183165301053,0.02,fresh
1616,gpr_dataset_1616.in,datasets/sam-29/files/gpr_dataset_1616.in,0.4420005178918991,44.112103,35.291125,20.596772,0.061969797706762614,1.4152699850788473,2.6794604827740645,0.02,fresh
1617,gpr_dataset_1617.in,datasets/sam-29/files/gpr_dataset_1617.in,0.4050574460347608,38.08756,35.037384,26.875056,0.14096560751428355,1.5240627905737647,2.608746068771431,0.02,fresh
1618,gpr_dataset_1618.in,datasets/sam-29/files/gpr_dataset_1618.in,0.4457150960871603,49.892089,34.793537,15.314374,0.0771467795759455,1.4770991762632262,2.6212592217496966,0.02,fresh
1619,gpr_dataset_1619.in,datasets/sam-29/files/gpr_dataset_1619.in,0.16736689413435007,48.397638,26.666032,24.93633,0.18524026619392775,1.4775407841625952,2.6876540564493445,0.02,fresh
1620,gpr_dataset_1620.in,datasets/sam-29/files/gpr_dataset_1620.in,0.21065871215193113,45.644387,30.493021,23.862592,0.10225488370095828,1.4400339670771891,2.6156974554067554,0.02,fresh
1621,gpr_dataset_1621.in,datasets/sam-29/files/gpr_dataset_1621.in,0.11670565616939443,38.210177,38.466219,23.323604,0.2010570304938054,1.4275799258039892,2.676795611563967,0.02,fresh
1622,gpr_dataset_1622.in,datasets/sam-29/files/gpr_dataset_1622.in,0.39753075215870015,45.098543,30.909498,23.991959,0.09684925229595112,1.3069027738508614,2.620853256479813,0.02,fresh
1623,gpr_dataset_1623.in,datasets/sam-29/files/gpr_dataset_1623.in,0.36024486892543506,43.057083,37.854483,19.088434,0.18933919828462753,1.4058308750330153,2.65331256466846,0.02,fresh
1624,gpr_dataset_1624.in,datasets/sam-29/files/gpr_dataset_1624.in,0.32797286345568155,36.448763,37.345873,26.205364,0.07007676530291368,1.3340247520898376,2.610853543168381,0.02,fresh
1625,gpr_dataset_1625.in,datasets/sam-29/files/gpr_dataset_1625.in,0.13397733724002325,41.798576,31.236406,26.965018,0.0984981986136213,1.5709069399959499,2.694662271935924,0.02,fresh
1626,gpr_dataset_1626.in,datasets/sam-29/files/gpr_dataset_1626.in,0.11113779470853956,47.891355,35.804283,16.304362,0.18792854997363356,1.447283036342534,2.6782702089745554,0.02,fresh
1627,gpr_dataset_1627.in,datasets/sam-29/files/gpr_dataset_1627.in,0.4482265620860113,43.688674,30.809679,25.501647,0.056969729968524035,1.466573257447146,2.6999309836826635,0.02,fresh
1628,gpr_dataset_1628.in,datasets/sam-29/files/gpr_dataset_1628.in,0.3341134257099002,40.356018,33.540429,26.103553,0.1431630521933,1.4076721321121268,2.6616192487618173,0.02,fresh
1629,gpr_dataset_1629.in,datasets/sam-29/files/gpr_dataset_1629.in,0.4722099412373597,34.271928,37.719679,28.008393,0.2423137161399121,1.4390825165437058,2.6504107652986044,0.02,fresh
1630,gpr_dataset_1630.in,datasets/sam-29/files/gpr_dataset_1630.in,0.11103153023299016,43.342701,29.67754,26.979759,0.13173097480000057,1.5353369414910494,2.6901565509043444,0.02,fresh
1631,gpr_dataset_1631.in,datasets/sam-29/files/gpr_dataset_1631.in,0.19318785429603805,42.410829,32.179865,25.409306,0.24285748809511853,1.3392017654659034,2.623866074944315,0.02,fresh
1632,gpr_dataset_1632.in,datasets/sam-29/files/gpr_dataset_1632.in,0.13069911418798186,38.805881,34.806451,26.387668,0.15133622763997473,1.3447356683610616,2.6076871045527166,0.02,fresh
1633,gpr_dataset_1633.in,datasets/sam-29/files/gpr_dataset_1633.in,0.1066336981910212,37.162003,35.934967,26.90303,0.22773118978897594,1.5109212490869934,2.68854881703531,0.02,fresh
1634,gpr_dataset_1634.in,datasets/sam-29/files/gpr_dataset_1634.in,0.3185388193135982,47.464935,30.136371,22.398694,0.06514207761720092,1.583309823032339,2.6178044905016558,0.02,fresh
1635,gpr_dataset_1635.in,datasets/sam-29/files/gpr_dataset_1635.in,0.16360215064822892,47.087045,39.357821,13.555134,0.2186357221588358,1.508746183213853,2.6809988648145957,0.02,fresh
1636,gpr_dataset_1636.in,datasets/sam-29/files/gpr_dataset_1636.in,0.2789237571191011,48.141347,38.180166,13.678487,0.15766098648511667,1.531015676531705,2.6944988146611877,0.02,fresh
1637,gpr_dataset_1637.in,datasets/sam-29/files/gpr_dataset_1637.in,0.2441273904702822,45.203918,28.456017,26.340065,0.1928065626447299,1.5091324420528134,2.6403891125761025,0.02,fresh
1638,gpr_dataset_1638.in,datasets/sam-29/files/gpr_dataset_1638.in,0.48068940648657443,40.354142,38.009902,21.635956,0.07844648405777843,1.4997205116543428,2.664180220565702,0.02,fresh
1639,gpr_dataset_1639.in,datasets/sam-29/files/gpr_dataset_1639.in,0.33148553670907593,39.683113,38.64723,21.669657,0.09716925631272187,1.453581862456538,2.652218137663335,0.02,fresh
1640,gpr_dataset_1640.in,datasets/sam-29/files/gpr_dataset_1640.in,0.2589625802424579,36.635593,33.865801,29.498606,0.050956876346606284,1.5287023269151399,2.606114713833403,0.02,fresh
1641,gpr_dataset_1641.in,datasets/sam-29/files/gpr_dataset_1641.in,0.1470299485782922,49.50272,32.271986,18.225294,0.07421418372794662,1.4715729812052916,2.6718260209089095,0.02,fresh
1642,gpr_dataset_1642.in,datasets/sam-29/files/gpr_dataset_1642.in,0.16835353172994527,47.888754,28.108314,24.002932,0.2423747385144151,1.5084338944469955,2.654875950944296,0.02,fresh
1643,gpr_dataset_1643.in,datasets/sam-29/files/gpr_dataset_1643.in,0.45563322360079417,34.712132,38.204008,27.08386,0.1556983078196127,1.5776901607386162,2.6598008762343985,0.02,fresh
1644,gpr_dataset_1644.in,datasets/sam-29/files/gpr_dataset_1644.in,0.3148813556446222,42.885811,34.475181,22.639008,0.22897001022717473,1.46044155144662,2.6675994763560986,0.02,fresh
1645,gpr_dataset_1645.in,datasets/sam-29/files/gpr_dataset_1645.in,0.20801111618869128,41.373938,33.024625,25.601437,0.11442702187699466,1.5880602255167005,2.6153663985528133,0.02,fresh
1646,gpr_dataset_1646.in,datasets/sam-29/files/gpr_dataset_1646.in,0.24521359917435698,38.928491,35.233117,25.838392,0.16751972589671088,1.573393840642333,2.6688642003308316,0.02,fresh
1647,gpr_dataset_1647.in,datasets/sam-29/files/gpr_dataset_1647.in,0.1062818989158251,49.692781,26.94063,23.366589,0.17463514225951887,1.307400112240329,2.6957227937159587,0.02,fresh
1648,gpr_dataset_1648.in,datasets/sam-29/files/gpr_dataset_1648.in,0.49683427025875715,40.798897,36.243297,22.957806,0.14519474098296803,1.3768853058883828,2.6103712866414206,0.02,fresh
1649,gpr_dataset_1649.in,datasets/sam-29/files/gpr_dataset_1649.in,0.12865394864724145,44.526486,29.513001,25.960513,0.1559984987999326,1.3587901995365659,2.647490352558154,0.02,fresh
1650,gpr_dataset_1650.in,datasets/sam-29/files/gpr_dataset_1650.in,0.4729389099848368,42.093457,39.159431,18.747112,0.1322154951029541,1.3457170408777517,2.6503253530460773,0.02,fresh
1651,gpr_dataset_1651.in,datasets/sam-29/files/gpr_dataset_1651.in,0.11448471172205972,35.482397,39.19845,25.319153,0.19890175669493315,1.4308083322821035,2.6865436501393285,0.02,fresh
1652,gpr_dataset_1652.in,datasets/sam-29/files/gpr_dataset_1652.in,0.4192226501307009,46.021271,31.913271,22.065458,0.18292754230008534,1.4103726560694203,2.6999717229348286,0.02,fresh
1653,gpr_dataset_1653.in,datasets/sam-29/files/gpr_dataset_1653.in,0.2021429852280906,42.47842,38.28367,19.23791,0.10743780812217768,1.5103561144642423,2.6801035305491174,0.02,fresh
1654,gpr_dataset_1654.in,datasets/sam-29/files/gpr_dataset_1654.in,0.1721303895528291,41.502939,39.194119,19.302942,0.10638369135352606,1.4431252201244917,2.61934478136513,0.02,fresh
1655,gpr_dataset_1655.in,datasets/sam-29/files/gpr_dataset_1655.in,0.25402122702044494,48.572237,38.319302,13.108461,0.06691712945760403,1.3700474119525312,2.656220206127353,0.02,fresh
1656,gpr_dataset_1656.in,datasets/sam-29/files/gpr_dataset_1656.in,0.13283077661603415,48.253238,39.161001,12.585761,0.23063811178615728,1.406987069383739,2.6383863702203305,0.02,fresh
1657,gpr_dataset_1657.in,datasets/sam-29/files/gpr_dataset_1657.in,0.10444460332132893,46.890855,25.892212,27.216933,0.17130377515042217,1.3163163150598074,2.619526887799687,0.02,fresh
1658,gpr_dataset_1658.in,datasets/sam-29/files/gpr_dataset_1658.in,0.4560570263365987,40.631369,31.575552,27.793079,0.24184840703670585,1.3701478074053217,2.6788226316728414,0.02,fresh
1659,gpr_dataset_1659.in,datasets/sam-29/files/gpr_dataset_1659.in,0.45649590636957116,46.516032,34.527622,18.956346,0.16555173222791802,1.5390086516787203,2.6716708282619805,0.02,fresh
1660,gpr_dataset_1660.in,datasets/sam-29/files/gpr_dataset_1660.in,0.45617951799169976,46.857475,29.393365,23.74916,0.2213105167211164,1.4622108342145141,2.6517841443446613,0.02,fresh
1661,gpr_dataset_1661.in,datasets/sam-29/files/gpr_dataset_1661.in,0.1741624474627606,43.08429,34.083777,22.831933,0.2025213102678673,1.5531453489586127,2.6343111451025685,0.02,fresh
1662,gpr_dataset_1662.in,datasets/sam-29/files/gpr_dataset_1662.in,0.40144354347052413,37.936832,39.756905,22.306263,0.08898271354079097,1.4059537978524614,2.677869660487884,0.02,fresh
1663,gpr_dataset_1663.in,datasets/sam-29/files/gpr_dataset_1663.in,0.41753855215601443,38.722218,32.444061,28.833721,0.08477121319104566,1.420638913504367,2.630095700601043,0.02,fresh
1664,gpr_dataset_1664.in,datasets/sam-29/files/gpr_dataset_1664.in,0.2875509469395491,47.732613,36.839375,15.428012,0.06785140287281977,1.5232968914494498,2.612120159326527,0.02,fresh
1665,gpr_dataset_1665.in,datasets/sam-29/files/gpr_dataset_1665.in,0.25153318744604314,49.595669,30.519068,19.885263,0.23049203324607098,1.3551926316361154,2.6853597639210913,0.02,fresh
1666,gpr_dataset_1666.in,datasets/sam-29/files/gpr_dataset_1666.in,0.26864599983005355,40.301021,31.516169,28.18281,0.22403381160363978,1.4805861502312565,2.6685710091289745,0.02,fresh
1667,gpr_dataset_1667.in,datasets/sam-29/files/gpr_dataset_1667.in,0.2393103162104353,44.050633,26.606641,29.342726,0.17360444027626976,1.3930082320576467,2.6229807397808442,0.02,fresh
1668,gpr_dataset_1668.in,datasets/sam-29/files/gpr_dataset_1668.in,0.46555424908206744,41.504643,36.878098,21.617259,0.1831846081621783,1.3207118072595696,2.679175377707705,0.02,fresh
1669,gpr_dataset_1669.in,datasets/sam-29/files/gpr_dataset_1669.in,0.14983896204322594,45.889763,38.031562,16.078675,0.12894837210130095,1.5249928204561192,2.6587514023514554,0.02,fresh
1670,gpr_dataset_1670.in,datasets/sam-29/files/gpr_dataset_1670.in,0.3017274028545306,45.958246,34.919906,19.121848,0.07099659252045701,1.3728428100723657,2.643966415855379,0.02,fresh
1671,gpr_dataset_1671.in,datasets/sam-29/files/gpr_dataset_1671.in,0.13621740152495684,42.670825,38.333254,18.995921,0.1728461004172962,1.5079260863399586,2.645310435576274,0.02,fresh
1672,gpr_dataset_1672.in,datasets/sam-29/files/gpr_dataset_1672.in,0.49521038325389466,41.967576,29.321816,28.710608,0.08659302316045092,1.5016586374324956,2.6242313543524576,0.02,fresh
1673,gpr_dataset_1673.in,datasets/sam-29/files/gpr_dataset_1673.in,0.2356323761246193,49.301181,36.125955,14.572864,0.17016316676867627,1.3125055503661658,2.689224151892092,0.02,fresh
1674,gpr_dataset_1674.in,datasets/sam-29/files/gpr_dataset_1674.in,0.3522995755085734,48.072267,37.364973,14.56276,0.0898494966833982,1.456144330496443,2.6398704396942305,0.02,fresh
1675,gpr_dataset_1675.in,datasets/sam-29/files/gpr_dataset_1675.in,0.13150261401519772,42.591648,30.559232,26.84912,0.16979882467777363,1.5557299142746206,2.634260134134199,0.02,fresh
1676,gpr_dataset_1676.in,datasets/sam-29/files/gpr_dataset_1676.in,0.2553426462394105,41.410789,35.011697,23.577514,0.16364834298611924,1.480852456233706,2.683073970161234,0.02,fresh
1677,gpr_dataset_1677.in,datasets/sam-29/files/gpr_dataset_1677.in,0.2859470628002868,47.445019,22.951318,29.603663,0.13541994724051953,1.5410668261128773,2.6269158707694737,0.02,fresh
1678,gpr_dataset_1678.in,datasets/sam-29/files/gpr_dataset_1678.in,0.4866796429698107,33.034249,38.165532,28.800219,0.09931672735564251,1.376607887081192,2.6328975720690675,0.02,fresh
1679,gpr_dataset_1679.in,datasets/sam-29/files/gpr_dataset_1679.in,0.13558736967774154,44.042266,34.92662,21.031114,0.0952484439293455,1.3127336908034137,2.6148958469288166,0.02,fresh
1680,gpr_dataset_1680.in,datasets/sam-29/files/gpr_dataset_1680.in,0.4789933575036086,46.818139,24.04048,29.141381,0.08887499875151367,1.5832314790651063,2.6094958286172942,0.02,fresh
1681,gpr_dataset_1681.in,datasets/sam-29/files/gpr_dataset_1681.in,0.2451639214822471,44.069882,29.144165,26.785953,0.15093788839131067,1.3864799081522063,2.694802503694523,0.02,fresh
1682,gpr_dataset_1682.in,datasets/sam-29/files/gpr_dataset_1682.in,0.38927299766264345,41.427652,33.392937,25.179411,0.1462001320136863,1.3602362716200629,2.6259118613831984,0.02,fresh
1683,gpr_dataset_1683.in,datasets/sam-29/files/gpr_dataset_1683.in,0.472435170127539,35.912895,38.988399,25.098706,0.1426679201940051,1.568534322631144,2.6933845299885024,0.02,fresh
1684,gpr_dataset_1684.in,datasets/sam-29/files/gpr_dataset_1684.in,0.3569422941914826,46.570466,36.435058,16.994476,0.21758480538510938,1.5170782354597094,2.63955633281346,0.02,fresh
1685,gpr_dataset_1685.in,datasets/sam-29/files/gpr_dataset_1685.in,0.32633170522313903,47.506833,31.920426,20.572741,0.21919151676379323,1.4339379360531057,2.6762317412602865,0.02,fresh
1686,gpr_dataset_1686.in,datasets/sam-29/files/gpr_dataset_1686.in,0.4389367783270942,40.770213,30.83435,28.395437,0.0795916818807671,1.3896464100206656,2.6305244682114863,0.02,fresh
1687,gpr_dataset_1687.in,datasets/sam-29/files/gpr_dataset_1687.in,0.448117805294463,42.852049,34.055449,23.092502,0.1954663570371013,1.5891687197952806,2.6886519933662876,0.02,fresh
1688,gpr_dataset_1688.in,datasets/sam-29/files/gpr_dataset_1688.in,0.37701043885922303,44.305636,36.157007,19.537357,0.24825416346836887,1.3688629913474277,2.6604633735630063,0.02,fresh
1689,gpr_dataset_1689.in,datasets/sam-29/files/gpr_dataset_1689.in,0.3257500993440865,37.49419,35.801205,26.704605,0.1331180781260648,1.5408374650973884,2.6245404777320815,0.02,fresh
1690,gpr_dataset_1690.in,datasets/sam-29/files/gpr_dataset_1690.in,0.19885158359671223,38.131668,39.163612,22.70472,0.2345883973375762,1.493552237392707,2.6932675966617827,0.02,fresh
1691,gpr_dataset_1691.in,datasets/sam-29/files/gpr_dataset_1691.in,0.37829778159929806,49.558837,38.407634,12.033529,0.13217105599420625,1.3868763680136085,2.6936699134628186,0.02,fresh
1692,gpr_dataset_1692.in,datasets/sam-29/files/gpr_dataset_1692.in,0.4349211350458422,47.39207,36.044022,16.563908,0.0671359377218338,1.544245157930031,2.664779264067256,0.02,fresh
1693,gpr_dataset_1693.in,datasets/sam-29/files/gpr_dataset_1693.in,0.4583205720648612,47.354463,35.178233,17.467304,0.18070059558569096,1.328969979826494,2.6327174546499723,0.02,fresh
1694,gpr_dataset_1694.in,datasets/sam-29/files/gpr_dataset_1694.in,0.3797077925260314,35.965048,37.513354,26.521598,0.14473276660564716,1.5211865787382721,2.6617027872034873,0.02,fresh
1695,gpr_dataset_1695.in,datasets/sam-29/files/gpr_dataset_1695.in,0.15369399662021122,37.97711,33.091548,28.931342,0.18490842362618132,1.3029809729475812,2.6860052396013603,0.02,fresh
1696,gpr_dataset_1696.in,datasets/sam-29/files/gpr_dataset_1696.in,0.4794345872165271,34.554487,35.47086,29.974653,0.13866706534458584,1.415783595429422,2.6329280860094957,0.02,fresh
1697,gpr_dataset_1697.in,datasets/sam-29/files/gpr_dataset_1697.in,0.34256535879966954,32.133903,39.087763,28.778334,0.1414531822602368,1.572411601831454,2.6903403036260642,0.02,fresh
1698,gpr_dataset_1698.in,datasets/sam-29/files/gpr_dataset_1698.in,0.2959849273816535,49.124661,24.245651,26.629688,0.1415031851143605,1.5968557697632602,2.650560808436712,0.02,fresh
1699,gpr_dataset_1699.in,datasets/sam-29/files/gpr_dataset_1699.in,0.19406222726597877,46.697799,36.864188,16.438013,0.12480373690056289,1.3886978954053864,2.612667172115739,0.02,fresh
1700,gpr_dataset_1700.in,datasets/sam-29/files/gpr_dataset_1700.in,0.28594824021973597,37.707011,33.631367,28.661622,0.2247258468499284,1.4439874978928926,2.6613217556295097,0.02,fresh
1701,gpr_dataset_1701.in,datasets/sam-29/files/gpr_dataset_1701.in,0.1510041228188281,49.063947,28.433083,22.50297,0.053985365972022616,1.4447928271718902,2.6755692995014644,0.02,fresh
1702,gpr_dataset_1702.in,datasets/sam-29/files/gpr_dataset_1702.in,0.39957926135451227,38.523557,35.835196,25.641247,0.06210439086246442,1.4666495649198965,2.6820616071946177,0.02,fresh
1703,gpr_dataset_1703.in,datasets/sam-29/files/gpr_dataset_1703.in,0.25897463537371834,48.714026,37.73792,13.548054,0.059543883056673935,1.3358719806982635,2.6308012474761058,0.02,fresh
1704,gpr_dataset_1704.in,datasets/sam-29/files/gpr_dataset_1704.in,0.40450576806145866,43.34753,32.699093,23.953377,0.16654718799821716,1.57492094024442,2.6184814260866176,0.02,fresh
1705,gpr_dataset_1705.in,datasets/sam-29/files/gpr_dataset_1705.in,0.35816323541251616,49.808097,39.266531,10.925372,0.16900522412726865,1.3298065266076358,2.63472243925334,0.02,fresh
1706,gpr_dataset_1706.in,datasets/sam-29/files/gpr_dataset_1706.in,0.3143726965594603,45.162776,33.244563,21.592661,0.08864412074787112,1.3567165121045324,2.662374447367299,0.02,fresh
1707,gpr_dataset_1707.in,datasets/sam-29/files/gpr_dataset_1707.in,0.4615317470108701,43.169889,34.723858,22.106253,0.05313384437553295,1.4056095068657812,2.625790697344112,0.02,fresh
1708,gpr_dataset_1708.in,datasets/sam-29/files/gpr_dataset_1708.in,0.35150204581262134,41.176792,31.284154,27.539054,0.19594980484418983,1.372558487704719,2.6215686504148485,0.02,fresh
1709,gpr_dataset_1709.in,datasets/sam-29/files/gpr_dataset_1709.in,0.2937945720725441,49.781777,25.425602,24.792621,0.09469619555278963,1.561277082351828,2.6884934359695007,0.02,fresh
1710,gpr_dataset_1710.in,datasets/sam-29/files/gpr_dataset_1710.in,0.22749662956863972,48.263805,32.798676,18.937519,0.1849063208589226,1.5692713910258007,2.6712439275461146,0.02,fresh
1711,gpr_dataset_1711.in,datasets/sam-29/files/gpr_dataset_1711.in,0.14778785534632385,43.224156,31.896534,24.87931,0.1418952300246027,1.3669422426118414,2.650522686666806,0.02,fresh
1712,gpr_dataset_1712.in,datasets/sam-29/files/gpr_dataset_1712.in,0.3146472187538788,46.120818,28.816056,25.063126,0.21037621082629004,1.4765449204676104,2.6167923923787866,0.02,fresh
1713,gpr_dataset_1713.in,datasets/sam-29/files/gpr_dataset_1713.in,0.3773526228822669,39.22012,38.368827,22.411053,0.20038908333007116,1.5989821848205183,2.6147715051965865,0.02,fresh
1714,gpr_dataset_1714.in,datasets/sam-29/files/gpr_dataset_1714.in,0.4016072689171153,46.987763,36.22628,16.785957,0.17714122459864862,1.540475564915271,2.6105601579229645,0.02,fresh
1715,gpr_dataset_1715.in,datasets/sam-29/files/gpr_dataset_1715.in,0.41511500916801003,48.32465,23.36057,28.31478,0.18294994166495832,1.515087448737295,2.641537906767092,0.02,fresh
1716,gpr_dataset_1716.in,datasets/sam-29/files/gpr_dataset_1716.in,0.3413020330583735,42.226545,30.747074,27.026381,0.22855921662522832,1.5437645666736044,2.681455356967081,0.02,fresh
1717,gpr_dataset_1717.in,datasets/sam-29/files/gpr_dataset_1717.in,0.4509518340185571,41.36229,33.545405,25.092305,0.0910995118882573,1.3166022740936802,2.663764924186486,0.02,fresh
1718,gpr_dataset_1718.in,datasets/sam-29/files/gpr_dataset_1718.in,0.19530860706002096,49.631138,25.703788,24.665074,0.2146999662900232,1.5214520195048098,2.6705425469875848,0.02,fresh
1719,gpr_dataset_1719.in,datasets/sam-29/files/gpr_dataset_1719.in,0.24498241265858753,44.198986,34.76705,21.033964,0.159840593144985,1.5908247451949327,2.6987588528509465,0.02,fresh
1720,gpr_dataset_1720.in,datasets/sam-29/files/gpr_dataset_1720.in,0.2799672295134511,44.547093,29.299388,26.153519,0.05876988105697139,1.3983215868180185,2.6043201819238675,0.02,fresh
1721,gpr_dataset_1721.in,datasets/sam-29/files/gpr_dataset_1721.in,0.37041214703884084,39.735817,37.083273,23.18091,0.1717950355868798,1.5720822289012841,2.615333549714384,0.02,fresh
1722,gpr_dataset_1722.in,datasets/sam-29/files/gpr_dataset_1722.in,0.48468276604427274,47.036402,27.450681,25.512917,0.11735552660694769,1.543960633236226,2.6548099767766304,0.02,fresh
1723,gpr_dataset_1723.in,datasets/sam-29/files/gpr_dataset_1723.in,0.35934272199189343,44.692848,36.81844,18.488712,0.22048361362761032,1.4980984985994439,2.676932504888522,0.02,fresh
1724,gpr_dataset_1724.in,datasets/sam-29/files/gpr_dataset_1724.in,0.21743877525887664,45.335127,28.031025,26.633848,0.2411229344469848,1.5462726300037717,2.6523078029244833,0.02,fresh
1725,gpr_dataset_1725.in,datasets/sam-29/files/gpr_dataset_1725.in,0.27559540915396785,42.703665,30.446965,26.84937,0.20429735932339932,1.5113905259520921,2.6849400269678316,0.02,fresh
1726,gpr_dataset_1726.in,datasets/sam-29/files/gpr_dataset_1726.in,0.3344602681533782,43.609645,36.220548,20.169807,0.1975669684099633,1.368250430915122,2.6645238263991917,0.02,fresh
1727,gpr_dataset_1727.in,datasets/sam-29/files/gpr_dataset_1727.in,0.2587411436323156,49.961497,28.290292,21.748211,0.14201677192768297,1.4087032652818239,2.6512487384687753,0.02,fresh
1728,gpr_dataset_1728.in,datasets/sam-29/files/gpr_dataset_1728.in,0.21858957126939804,47.769448,29.241606,22.988946,0.11559690918020132,1.5811146100889888,2.698394334130829,0.02,fresh
1729,gpr_dataset_1729.in,datasets/sam-29/files/gpr_dataset_1729.in,0.22357848262694535,43.811825,34.799799,21.388376,0.1170624167340879,1.5982949256462622,2.6269583791359685,0.02,fresh
1730,gpr_dataset_1730.in,datasets/sam-29/files/gpr_dataset_1730.in,0.35122591513784673,41.801686,35.207224,22.99109,0.055367916150915276,1.5633924297503503,2.628480963857302,0.02,fresh
1731,gpr_dataset_1731.in,datasets/sam-29/files/gpr_dataset_1731.in,0.2660565018361841,46.734581,37.750222,15.515197,0.14996522768573586,1.508659152860753,2.6528214753197177,0.02,fresh
1732,gpr_dataset_1732.in,datasets/sam-29/files/gpr_dataset_1732.in,0.1324744043988802,41.678596,35.075582,23.245822,0.1865290610309991,1.476702481625517,2.6543805916657144,0.02,fresh
1733,gpr_dataset_1733.in,datasets/sam-29/files/gpr_dataset_1733.in,0.4880607546550404,34.159026,38.668905,27.172069,0.08182051775275662,1.5641722257888442,2.6983689552799306,0.02,fresh
1734,gpr_dataset_1734.in,datasets/sam-29/files/gpr_dataset_1734.in,0.11126180435590381,47.001654,29.292493,23.705853,0.21266198000406938,1.3050993435224278,2.608285481133486,0.02,fresh
1735,gpr_dataset_1735.in,datasets/sam-29/files/gpr_dataset_1735.in,0.25276407813753377,40.36798,35.346048,24.285972,0.15009481253838125,1.4898967044511737,2.61803248178636,0.02,fresh
1736,gpr_dataset_1736.in,datasets/sam-29/files/gpr_dataset_1736.in,0.1070246158362262,44.243371,30.380061,25.376568,0.24853551382973205,1.4681242574757314,2.6479572811220797,0.02,fresh
1737,gpr_dataset_1737.in,datasets/sam-29/files/gpr_dataset_1737.in,0.3255901020941242,44.883441,39.481566,15.634993,0.08264419327297312,1.434981496937788,2.6656201438620264,0.02,fresh
1738,gpr_dataset_1738.in,datasets/sam-29/files/gpr_dataset_1738.in,0.3256888224267599,45.168816,30.718879,24.112305,0.15908079232775957,1.3610604727761306,2.600104105276113,0.02,fresh
1739,gpr_dataset_1739.in,datasets/sam-29/files/gpr_dataset_1739.in,0.13985658375220333,40.145231,30.939974,28.914795,0.09885698475459388,1.4274316230460498,2.6175033384093296,0.02,fresh
1740,gpr_dataset_1740.in,datasets/sam-29/files/gpr_dataset_1740.in,0.44142784433655813,48.735865,37.368861,13.895274,0.19408037538907108,1.305780936599736,2.673781083987471,0.02,fresh
1741,gpr_dataset_1741.in,datasets/sam-29/files/gpr_dataset_1741.in,0.2740487881867456,38.392778,35.184201,26.423021,0.16604389715804993,1.5900767117442391,2.603421473604598,0.02,fresh
1742,gpr_dataset_1742.in,datasets/sam-29/files/gpr_dataset_1742.in,0.4180380846514655,43.147623,32.541235,24.311142,0.23564901439090308,1.5924441682545518,2.6162904059384604,0.02,fresh
1743,gpr_dataset_1743.in,datasets/sam-29/files/gpr_dataset_1743.in,0.3889068398235068,48.540407,38.176198,13.283395,0.08738910192487517,1.5094191352432484,2.607259938027311,0.02,fresh
1744,gpr_dataset_1744.in,datasets/sam-29/files/gpr_dataset_1744.in,0.1803061783162282,44.053849,37.873571,18.07258,0.0843364925087341,1.4107058424081946,2.6782606192900977,0.02,fresh
1745,gpr_dataset_1745.in,datasets/sam-29/files/gpr_dataset_1745.in,0.3612421420592308,41.193212,36.517923,22.288865,0.1613559722549464,1.4899767015157024,2.6805087942738304,0.02,fresh
1746,gpr_dataset_1746.in,datasets/sam-29/files/gpr_dataset_1746.in,0.39011086690459573,45.416549,28.490282,26.093169,0.19531646365643301,1.401810386522526,2.683995949581461,0.02,fresh
1747,gpr_dataset_1747.in,datasets/sam-29/files/gpr_dataset_1747.in,0.3733164017710493,36.156749,38.260494,25.582757,0.1928974748224001,1.5050161488480809,2.681925410650674,0.02,fresh
1748,gpr_dataset_1748.in,datasets/sam-29/files/gpr_dataset_1748.in,0.2546345762139508,49.007346,31.376025,19.616629,0.17434629062879686,1.586511815043136,2.659508379475594,0.02,fresh
1749,gpr_dataset_1749.in,datasets/sam-29/files/gpr_dataset_1749.in,0.21480893085145328,42.515417,39.921967,17.562616,0.15306986837793068,1.4182923578176672,2.6957100488005143,0.02,fresh
1750,gpr_dataset_1750.in,datasets/sam-29/files/gpr_dataset_1750.in,0.4449738748584977,48.91732,32.958061,18.124619,0.10752849366939073,1.5756126229474612,2.622484394609319,0.02,fresh
1751,gpr_dataset_1751.in,datasets/sam-29/files/gpr_dataset_1751.in,0.24704214301183322,41.635678,32.57414,25.790182,0.19409220920276626,1.5834346121915037,2.6214905777335873,0.02,fresh
1752,gpr_dataset_1752.in,datasets/sam-29/files/gpr_dataset_1752.in,0.34606739156182587,39.827668,36.636376,23.535956,0.11471546052669045,1.5256200960265818,2.6580164831946806,0.02,fresh
1753,gpr_dataset_1753.in,datasets/sam-29/files/gpr_dataset_1753.in,0.42159197677067906,43.942071,28.124634,27.933295,0.219299917452346,1.3940682934772057,2.675406236238685,0.02,fresh
1754,gpr_dataset_1754.in,datasets/sam-29/files/gpr_dataset_1754.in,0.20420109837647035,47.650203,34.496789,17.853008,0.20260742753498112,1.3324880588253478,2.6100362795675145,0.02,fresh
1755,gpr_dataset_1755.in,datasets/sam-29/files/gpr_dataset_1755.in,0.4763724485471431,42.876539,35.275709,21.847752,0.1298929358410397,1.5249047039440449,2.6730401483976496,0.02,fresh
1756,gpr_dataset_1756.in,datasets/sam-29/files/gpr_dataset_1756.in,0.2141052805593029,41.900296,31.401303,26.698401,0.24360958178888564,1.3452913775378466,2.612385636270148,0.02,fresh
1757,gpr_dataset_1757.in,datasets/sam-29/files/gpr_dataset_1757.in,0.489588019103429,34.924192,35.865327,29.210481,0.20265387990234185,1.575805679808992,2.6264809154349997,0.02,fresh
1758,gpr_dataset_1758.in,datasets/sam-29/files/gpr_dataset_1758.in,0.4494829370231578,48.417538,23.723678,27.858784,0.2014692698193506,1.3865086387664343,2.625097199394768,0.02,fresh
1759,gpr_dataset_1759.in,datasets/sam-29/files/gpr_dataset_1759.in,0.10307990218041199,34.819407,38.762705,26.417888,0.0519246947053714,1.5186443874816318,2.6039851619956162,0.02,fresh
1760,gpr_dataset_1760.in,datasets/sam-29/files/gpr_dataset_1760.in,0.31511700395231834,44.302334,35.744391,19.953275,0.2475192148846514,1.473459658142022,2.631017433088102,0.02,fresh
1761,gpr_dataset_1761.in,datasets/sam-29/files/gpr_dataset_1761.in,0.4121292350163458,40.330155,32.749928,26.919917,0.18888833148014744,1.412036006931813,2.6635337838431257,0.02,fresh
1762,gpr_dataset_1762.in,datasets/sam-29/files/gpr_dataset_1762.in,0.4795002976302124,40.301814,33.228192,26.469994,0.20323244611944313,1.478397907125812,2.6184482527251958,0.02,fresh
1763,gpr_dataset_1763.in,datasets/sam-29/files/gpr_dataset_1763.in,0.12763240931440795,42.41245,31.444257,26.143293,0.16669716808507667,1.4237779860842505,2.6125964018610413,0.02,fresh
1764,gpr_dataset_1764.in,datasets/sam-29/files/gpr_dataset_1764.in,0.4528780521309824,40.008612,39.218583,20.772805,0.23299062983478136,1.516524986870024,2.668719396231152,0.02,fresh
1765,gpr_dataset_1765.in,datasets/sam-29/files/gpr_dataset_1765.in,0.28931002255775196,41.970747,30.74679,27.282463,0.1404246489400757,1.5111788886992508,2.655769066196537,0.02,fresh
1766,gpr_dataset_1766.in,datasets/sam-29/files/gpr_dataset_1766.in,0.2761595387750224,42.654119,33.539419,23.806462,0.06098906550230492,1.554334284222184,2.667737321714355,0.02,fresh
1767,gpr_dataset_1767.in,datasets/sam-29/files/gpr_dataset_1767.in,0.29702610298652093,48.34444,27.647884,24.007676,0.13777752409315572,1.3853207916937251,2.683454265352916,0.02,fresh
1768,gpr_dataset_1768.in,datasets/sam-29/files/gpr_dataset_1768.in,0.36632467650850653,47.742664,27.725684,24.531652,0.1218587495907767,1.434400230938722,2.689220029378002,0.02,fresh
1769,gpr_dataset_1769.in,datasets/sam-29/files/gpr_dataset_1769.in,0.439035395262098,36.985476,38.453105,24.561419,0.1461526168660206,1.4815563487143215,2.62768923458244,0.02,fresh
1770,gpr_dataset_1770.in,datasets/sam-29/files/gpr_dataset_1770.in,0.179492040021606,45.250127,35.495659,19.254214,0.16973066428568961,1.3669385008166484,2.6094585201665206,0.02,fresh
1771,gpr_dataset_1771.in,datasets/sam-29/files/gpr_dataset_1771.in,0.4816300154873301,40.54131,31.111669,28.347021,0.23622090153057385,1.4049208613979185,2.6407404322524934,0.02,fresh
1772,gpr_dataset_1772.in,datasets/sam-29/files/gpr_dataset_1772.in,0.24980971450607267,40.464012,32.429525,27.106463,0.2428413699731668,1.3380839333255705,2.67988547859502,0.02,fresh
1773,gpr_dataset_1773.in,datasets/sam-29/files/gpr_dataset_1773.in,0.35494267036423977,46.062284,34.039504,19.898212,0.16599858756723646,1.4123945563878546,2.662706764404078,0.02,fresh
1774,gpr_dataset_1774.in,datasets/sam-29/files/gpr_dataset_1774.in,0.4917873607788317,45.056592,39.476385,15.467023,0.1923702875536823,1.4985775661864627,2.6853874861348532,0.02,fresh
1775,gpr_dataset_1775.in,datasets/sam-29/files/gpr_dataset_1775.in,0.24847331977659853,46.867756,38.499197,14.633047,0.21013493727638366,1.3021455969764502,2.6675501561591086,0.02,fresh
1776,gpr_dataset_1776.in,datasets/sam-29/files/gpr_dataset_1776.in,0.4752772992232305,47.859801,24.123094,28.017105,0.17043357687143612,1.5609421668605339,2.618498848481887,0.02,fresh
1777,gpr_dataset_1777.in,datasets/sam-29/files/gpr_dataset_1777.in,0.4185747732748427,45.635766,36.608759,17.755475,0.21576039114083206,1.3601564570767792,2.6244278919587996,0.02,fresh
1778,gpr_dataset_1778.in,datasets/sam-29/files/gpr_dataset_1778.in,0.2613382981669926,45.800263,33.180421,21.019316,0.18274329783874643,1.4861524974063733,2.6752844319894074,0.02,fresh
1779,gpr_dataset_1779.in,datasets/sam-29/files/gpr_dataset_1779.in,0.2831837146473537,41.353687,32.460222,26.186091,0.13412890961317836,1.5102373949700025,2.6618888784300023,0.02,fresh
1780,gpr_dataset_1780.in,datasets/sam-29/files/gpr_dataset_1780.in,0.4224793490637363,41.110908,33.082811,25.806281,0.15364606845064877,1.575186846266193,2.673997377232045,0.02,fresh
1781,gpr_dataset_1781.in,datasets/sam-29/files/gpr_dataset_1781.in,0.3687658964884627,48.942318,30.210547,20.847135,0.16238175321298678,1.397976850343583,2.6308293586059506,0.02,fresh
1782,gpr_dataset_1782.in,datasets/sam-29/files/gpr_dataset_1782.in,0.31856092680657266,44.125927,31.236011,24.638062,0.24048573001299484,1.3116378796217725,2.6691382428715147,0.02,fresh
1783,gpr_dataset_1783.in,datasets/sam-29/files/gpr_dataset_1783.in,0.236833444618207,35.222448,38.552539,26.225013,0.12977503133877483,1.5046310369551885,2.695292648886622,0.02,fresh
1784,gpr_dataset_1784.in,datasets/sam-29/files/gpr_dataset_1784.in,0.12352635829191803,46.860704,28.97667,24.162626,0.24140757752894104,1.505731411695483,2.6688616504577753,0.02,fresh
1785,gpr_dataset_1785.in,datasets/sam-29/files/gpr_dataset_1785.in,0.2534079688332713,34.282155,37.894568,27.823277,0.11637243634453709,1.3407365397707738,2.638916308733414,0.02,fresh
1786,gpr_dataset_1786.in,datasets/sam-29/files/gpr_dataset_1786.in,0.35938727083557254,49.166083,39.572898,11.261019,0.2004927706875585,1.4063531034381958,2.641819281463311,0.02,fresh
1787,gpr_dataset_1787.in,datasets/sam-29/files/gpr_dataset_1787.in,0.4990148603252429,43.884775,27.630396,28.484829,0.0810232819400798,1.598192316282292,2.683331588921794,0.02,fresh
1788,gpr_dataset_1788.in,datasets/sam-29/files/gpr_dataset_1788.in,0.32089993591904215,41.469911,37.377363,21.152726,0.09940462352310189,1.4516480079808909,2.683821547023603,0.02,fresh
1789,gpr_dataset_1789.in,datasets/sam-29/files/gpr_dataset_1789.in,0.22825542682295832,41.830925,29.611465,28.55761,0.15277836609066164,1.3406026630138925,2.6252586945854652,0.02,fresh
1790,gpr_dataset_1790.in,datasets/sam-29/files/gpr_dataset_1790.in,0.48269036980286395,37.693155,34.654822,27.652023,0.12896287483116403,1.5844573107075441,2.6324142447272503,0.02,fresh
1791,gpr_dataset_1791.in,datasets/sam-29/files/gpr_dataset_1791.in,0.2877700821854279,46.708594,25.94499,27.346416,0.06829180036552554,1.4940321297144261,2.634406241252697,0.02,fresh
1792,gpr_dataset_1792.in,datasets/sam-29/files/gpr_dataset_1792.in,0.39846880647133454,46.475171,38.480892,15.043937,0.23877911031506216,1.5544475553239219,2.6461425368166784,0.02,fresh
1793,gpr_dataset_1793.in,datasets/sam-29/files/gpr_dataset_1793.in,0.4167459654778971,44.326049,33.28355,22.390401,0.18382052845078012,1.5535849744935086,2.6706708362638274,0.02,fresh
1794,gpr_dataset_1794.in,datasets/sam-29/files/gpr_dataset_1794.in,0.18000202516982103,35.983578,38.288979,25.727443,0.11340193417695905,1.5540802636962525,2.637334566948753,0.02,fresh
1795,gpr_dataset_1795.in,datasets/sam-29/files/gpr_dataset_1795.in,0.2411216431327178,43.282404,31.20842,25.509176,0.18280364678766908,1.4721882374991815,2.60776489036874,0.02,fresh
1796,gpr_dataset_1796.in,datasets/sam-29/files/gpr_dataset_1796.in,0.4414232124077029,48.996693,25.16257,25.840737,0.08489348284013992,1.4526922296904776,2.6111798924005303,0.02,fresh
1797,gpr_dataset_1797.in,datasets/sam-29/files/gpr_dataset_1797.in,0.1396622294468612,46.104954,30.563821,23.331225,0.24330282457374752,1.5361100164056893,2.6208926764109606,0.02,fresh
1798,gpr_dataset_1798.in,datasets/sam-29/files/gpr_dataset_1798.in,0.46358617508524014,42.597658,29.492826,27.909516,0.22135877477082927,1.3907932325606458,2.664802883499469,0.02,fresh
1799,gpr_dataset_1799.in,datasets/sam-29/files/gpr_dataset_1799.in,0.4833158261987881,47.949586,38.233604,13.81681,0.10943548717385226,1.458331321846997,2.627451162188751,0.02,fresh
1800,gpr_dataset_1800.in,datasets/sam-29/files/gpr_dataset_1800.in,0.4078951559493962,40.44816,33.398649,26.153191,0.24726809399479666,1.3748717930692969,2.678291551954643,0.02,fresh
1801,gpr_dataset_1801.in,datasets/sam-29/files/gpr_dataset_1801.in,0.15177560592460587,36.695651,34.640563,28.663786,0.05629905229454662,1.3150037613548282,2.6464918197384515,0.02,fresh
1802,gpr_dataset_1802.in,datasets/sam-29/files/gpr_dataset_1802.in,0.4783806364183577,41.567241,36.73925,21.693509,0.050323914988985655,1.4568262821505704,2.6151737115088585,0.02,fresh
1803,gpr_dataset_1803.in,datasets/sam-29/files/gpr_dataset_1803.in,0.19966941452205625,49.324005,35.411655,15.26434,0.07653875209049243,1.3740881493145822,2.6328018235090758,0.02,fresh
1804,gpr_dataset_1804.in,datasets/sam-29/files/gpr_dataset_1804.in,0.27146797323622934,40.347672,34.328867,25.323461,0.19428860393087966,1.400435218105263,2.6985753826520384,0.02,fresh
1805,gpr_dataset_1805.in,datasets/sam-29/files/gpr_dataset_1805.in,0.10522382964553133,49.667715,28.120461,22.211824,0.17251231283610946,1.594950332387279,2.694914941876537,0.02,fresh
1806,gpr_dataset_1806.in,datasets/sam-29/files/gpr_dataset_1806.in,0.29782154624408036,47.392191,33.885307,18.722502,0.07299764734147514,1.343783630232391,2.6631108601668707,0.02,fresh
1807,gpr_dataset_1807.in,datasets/sam-29/files/gpr_dataset_1807.in,0.3383204242295841,33.348778,37.950621,28.700601,0.19318534306118268,1.3863395505615668,2.638844283260446,0.02,fresh
1808,gpr_dataset_1808.in,datasets/sam-29/files/gpr_dataset_1808.in,0.4267656169184245,41.39603,36.184541,22.419429,0.07685878736912576,1.5934068441946319,2.6646912700651666,0.02,fresh
1809,gpr_dataset_1809.in,datasets/sam-29/files/gpr_dataset_1809.in,0.2607363289470864,44.526776,32.357147,23.116077,0.19889577520830531,1.3932771296739905,2.643271933386709,0.02,fresh
1810,gpr_dataset_1810.in,datasets/sam-29/files/gpr_dataset_1810.in,0.28076873099818744,41.689911,34.570928,23.739161,0.1323855696499726,1.3528801029398538,2.680550388211584,0.02,fresh
1811,gpr_dataset_1811.in,datasets/sam-29/files/gpr_dataset_1811.in,0.3317563172794365,44.925038,27.292918,27.782044,0.09454008003015385,1.3181263938408183,2.6255195684855814,0.02,fresh
1812,gpr_dataset_1812.in,datasets/sam-29/files/gpr_dataset_1812.in,0.2933434556933701,45.307278,32.748685,21.944037,0.11481597587081332,1.3708993549686737,2.6167198145556583,0.02,fresh
1813,gpr_dataset_1813.in,datasets/sam-29/files/gpr_dataset_1813.in,0.488372705469278,39.084417,31.688627,29.226956,0.13047285836725897,1.5662262748210565,2.6637084122114025,0.02,fresh
1814,gpr_dataset_1814.in,datasets/sam-29/files/gpr_dataset_1814.in,0.22622176449219522,39.810446,33.561738,26.627816,0.176852866788814,1.3204210220724983,2.691031031514209,0.02,fresh
1815,gpr_dataset_1815.in,datasets/sam-29/files/gpr_dataset_1815.in,0.378881885287905,41.93702,39.795298,18.267682,0.22618865068170307,1.4496372564936726,2.61221007505717,0.02,fresh
1816,gpr_dataset_1816.in,datasets/sam-29/files/gpr_dataset_1816.in,0.3715508306393518,44.001778,26.101939,29.896283,0.15764853515891056,1.5667056823268921,2.690640695950444,0.02,fresh
1817,gpr_dataset_1817.in,datasets/sam-29/files/gpr_dataset_1817.in,0.20755963568988506,44.959611,27.398426,27.641963,0.20389593292028918,1.357312269146863,2.6707892997811316,0.02,fresh
1818,gpr_dataset_1818.in,datasets/sam-29/files/gpr_dataset_1818.in,0.30405343526722617,48.038073,24.67998,27.281947,0.16619090349826837,1.579382495724157,2.6128590002009506,0.02,fresh
1819,gpr_dataset_1819.in,datasets/sam-29/files/gpr_dataset_1819.in,0.19598764833716587,43.695281,35.259795,21.044924,0.07085168154382811,1.5232090988393394,2.6659598366693262,0.02,fresh
1820,gpr_dataset_1820.in,datasets/sam-29/files/gpr_dataset_1820.in,0.38667287548023965,41.689407,32.219288,26.091305,0.09698594812513608,1.336065392427725,2.623795994554764,0.02,fresh
1821,gpr_dataset_1821.in,datasets/sam-29/files/gpr_dataset_1821.in,0.38700432488786696,46.579641,34.477445,18.942914,0.08483352941946742,1.3155552952832335,2.610053659695041,0.02,fresh
1822,gpr_dataset_1822.in,datasets/sam-29/files/gpr_dataset_1822.in,0.2232644359633571,42.728633,39.661151,17.610216,0.1604455246550528,1.4727263568675937,2.6450276563956665,0.02,fresh
1823,gpr_dataset_1823.in,datasets/sam-29/files/gpr_dataset_1823.in,0.3560872183728604,40.69397,31.985202,27.320828,0.1769362672861341,1.3943859609445783,2.6719619911831174,0.02,fresh
1824,gpr_dataset_1824.in,datasets/sam-29/files/gpr_dataset_1824.in,0.24704870831248227,38.473103,34.719928,26.806969,0.08937026536430866,1.5740358967709118,2.6549202074153913,0.02,fresh
1825,gpr_dataset_1825.in,datasets/sam-29/files/gpr_dataset_1825.in,0.25942869774222777,46.109887,31.213739,22.676374,0.2069662114054221,1.509490280179991,2.680717418345767,0.02,fresh
1826,gpr_dataset_1826.in,datasets/sam-29/files/gpr_dataset_1826.in,0.22804756559392617,44.750702,32.345958,22.90334,0.22252910551584987,1.490225116958811,2.6975417085202915,0.02,fresh
1827,gpr_dataset_1827.in,datasets/sam-29/files/gpr_dataset_1827.in,0.4714755043494814,43.547831,28.991188,27.460981,0.12772711233721223,1.3835435538776564,2.6415784825358473,0.02,fresh
1828,gpr_dataset_1828.in,datasets/sam-29/files/gpr_dataset_1828.in,0.1424383442009085,45.529436,31.749888,22.720676,0.13848958364956027,1.5947964740743932,2.626853919296819,0.02,fresh
1829,gpr_dataset_1829.in,datasets/sam-29/files/gpr_dataset_1829.in,0.17037827688154797,44.261482,33.388345,22.350173,0.10248168770203164,1.3041267895644564,2.62946813476052,0.02,fresh
1830,gpr_dataset_1830.in,datasets/sam-29/files/gpr_dataset_1830.in,0.27230196779304966,48.293835,31.430924,20.275241,0.19689518660786903,1.5177220588078395,2.6289838244253434,0.02,fresh
1831,gpr_dataset_1831.in,datasets/sam-29/files/gpr_dataset_1831.in,0.27207927209961,40.447547,33.592088,25.960365,0.20748688326194792,1.325950902811655,2.609966404357815,0.02,fresh
1832,gpr_dataset_1832.in,datasets/sam-29/files/gpr_dataset_1832.in,0.36237496147860915,35.315496,37.653691,27.030813,0.20166691715938856,1.486099920890637,2.691741227475041,0.02,fresh
1833,gpr_dataset_1833.in,datasets/sam-29/files/gpr_dataset_1833.in,0.4139966884814966,39.164097,36.596709,24.239194,0.19743577520986466,1.4200081118798484,2.6783414640705185,0.02,fresh
1834,gpr_dataset_1834.in,datasets/sam-29/files/gpr_dataset_1834.in,0.36150311866096485,45.818304,33.965139,20.216557,0.2377609057945128,1.5071052458419547,2.6173327403135795,0.02,fresh
1835,gpr_dataset_1835.in,datasets/sam-29/files/gpr_dataset_1835.in,0.4217575706932608,46.025011,31.736568,22.238421,0.06734477193915347,1.4165259915420112,2.6929690956783117,0.02,fresh
1836,gpr_dataset_1836.in,datasets/sam-29/files/gpr_dataset_1836.in,0.1642220842058819,40.2781,31.602355,28.119545,0.21730660849755473,1.3133705215181872,2.65739371855911,0.02,fresh
1837,gpr_dataset_1837.in,datasets/sam-29/files/gpr_dataset_1837.in,0.3506010104489853,43.750486,34.090384,22.15913,0.11586193585110734,1.549904283685482,2.6322789596156504,0.02,fresh
1838,gpr_dataset_1838.in,datasets/sam-29/files/gpr_dataset_1838.in,0.3923667887060228,43.313836,28.929893,27.756271,0.2366714412193508,1.4286957318394,2.6075840902978267,0.02,fresh
1839,gpr_dataset_1839.in,datasets/sam-29/files/gpr_dataset_1839.in,0.1986903444960654,45.529456,37.885026,16.585518,0.1388763181968916,1.3893075760149187,2.6159228147093847,0.02,fresh
1840,gpr_dataset_1840.in,datasets/sam-29/files/gpr_dataset_1840.in,0.4489005461090214,37.065292,39.622469,23.312239,0.08344466539698062,1.459233611240617,2.682544843126997,0.02,fresh
1841,gpr_dataset_1841.in,datasets/sam-29/files/gpr_dataset_1841.in,0.3657109488951994,45.856324,33.074721,21.068955,0.18511804873032955,1.4453337080414008,2.6917608402277557,0.02,fresh
1842,gpr_dataset_1842.in,datasets/sam-29/files/gpr_dataset_1842.in,0.3385541883788442,49.749112,31.067704,19.183184,0.20877032522112327,1.4409562750692595,2.60149971355751,0.02,fresh
1843,gpr_dataset_1843.in,datasets/sam-29/files/gpr_dataset_1843.in,0.1562764697596659,47.850103,25.002237,27.14766,0.20245746536469128,1.5895338991938797,2.6736982884574227,0.02,fresh
1844,gpr_dataset_1844.in,datasets/sam-29/files/gpr_dataset_1844.in,0.1881720056209614,46.063603,31.472171,22.464226,0.2206120467511415,1.3201149747938574,2.665694004666216,0.02,fresh
1845,gpr_dataset_1845.in,datasets/sam-29/files/gpr_dataset_1845.in,0.2405099244531105,41.353572,37.537355,21.109073,0.14907722030066395,1.4603357440698894,2.623016136727418,0.02,fresh
1846,gpr_dataset_1846.in,datasets/sam-29/files/gpr_dataset_1846.in,0.12726957251823443,36.884161,36.971292,26.144547,0.05652126983025044,1.5981423549758647,2.6804669994429013,0.02,fresh
1847,gpr_dataset_1847.in,datasets/sam-29/files/gpr_dataset_1847.in,0.1601042290036733,37.899348,33.874866,28.225786,0.13992690336461805,1.534750805281717,2.671212400760052,0.02,fresh
1848,gpr_dataset_1848.in,datasets/sam-29/files/gpr_dataset_1848.in,0.45854162153163225,48.394392,29.731677,21.873931,0.08892762558553101,1.543471530410434,2.6003466395242825,0.02,fresh
1849,gpr_dataset_1849.in,datasets/sam-29/files/gpr_dataset_1849.in,0.10760809121955468,42.365075,29.907909,27.727016,0.19461858938177257,1.4476116824772733,2.607295836526522,0.02,fresh
1850,gpr_dataset_1850.in,datasets/sam-29/files/gpr_dataset_1850.in,0.37879195051615544,38.712539,32.749037,28.538424,0.11447628245273943,1.449020649517827,2.6811892167790634,0.02,fresh
1851,gpr_dataset_1851.in,datasets/sam-29/files/gpr_dataset_1851.in,0.4844098180643669,48.216011,27.480648,24.303341,0.1154365258870669,1.450997405802589,2.674306163504057,0.02,fresh
1852,gpr_dataset_1852.in,datasets/sam-29/files/gpr_dataset_1852.in,0.409937146439174,47.758746,36.495258,15.745996,0.13050430932942336,1.5384886231036101,2.655247859376281,0.02,fresh
1853,gpr_dataset_1853.in,datasets/sam-29/files/gpr_dataset_1853.in,0.4578293024951974,41.561709,39.199995,19.238296,0.17598371275215624,1.5022813387900755,2.650632013632508,0.02,fresh
1854,gpr_dataset_1854.in,datasets/sam-29/files/gpr_dataset_1854.in,0.37960750902094975,42.904242,38.726056,18.369702,0.239194234935187,1.51128497023105,2.6878214724683898,0.02,fresh
1855,gpr_dataset_1855.in,datasets/sam-29/files/gpr_dataset_1855.in,0.2190573202720998,39.026973,34.955641,26.017386,0.17191522040269208,1.4025592243417822,2.6654747508591434,0.02,fresh
1856,gpr_dataset_1856.in,datasets/sam-29/files/gpr_dataset_1856.in,0.27416660460784104,48.725277,34.05411,17.220613,0.12713607828224377,1.5163615598108335,2.6258036169789416,0.02,fresh
1857,gpr_dataset_1857.in,datasets/sam-29/files/gpr_dataset_1857.in,0.41445748899992896,43.54082,39.957361,16.501819,0.1944872227585926,1.4761593733908296,2.6858964495117617,0.02,fresh
1858,gpr_dataset_1858.in,datasets/sam-29/files/gpr_dataset_1858.in,0.17998640824540005,36.268138,37.460085,26.271777,0.09704757033789597,1.3037052219145921,2.672204698640835,0.02,fresh
1859,gpr_dataset_1859.in,datasets/sam-29/files/gpr_dataset_1859.in,0.3181451163580262,40.319082,39.358006,20.322912,0.20517527278417297,1.4009684785800223,2.685619018916427,0.02,fresh
1860,gpr_dataset_1860.in,datasets/sam-29/files/gpr_dataset_1860.in,0.456025432834133,41.776814,35.001924,23.221262,0.07564990538478972,1.400873016382859,2.6223489326107607,0.02,fresh
1861,gpr_dataset_1861.in,datasets/sam-29/files/gpr_dataset_1861.in,0.4844591232055703,37.203607,33.553991,29.242402,0.15991297798667725,1.3388140988894315,2.6301308277331206,0.02,fresh
1862,gpr_dataset_1862.in,datasets/sam-29/files/gpr_dataset_1862.in,0.2867905593142225,44.985771,36.741086,18.273143,0.13182724504115784,1.56426448152949,2.603935443817968,0.02,fresh
1863,gpr_dataset_1863.in,datasets/sam-29/files/gpr_dataset_1863.in,0.3675702649619602,45.898783,31.486312,22.614905,0.17803194162492952,1.383754007775541,2.6818897514084017,0.02,fresh
1864,gpr_dataset_1864.in,datasets/sam-29/files/gpr_dataset_1864.in,0.13309950229322035,45.975448,28.008815,26.015737,0.059809645712772724,1.4953438928076042,2.6769488411719373,0.02,fresh
1865,gpr_dataset_1865.in,datasets/sam-29/files/gpr_dataset_1865.in,0.2801274995288544,38.078565,33.686001,28.235434,0.09010767221479431,1.3881397748499213,2.6516235881068377,0.02,fresh
1866,gpr_dataset_1866.in,datasets/sam-29/files/gpr_dataset_1866.in,0.3610765320606686,47.705728,29.662894,22.631378,0.1909532381060759,1.361111610358031,2.6566356953647623,0.02,fresh
1867,gpr_dataset_1867.in,datasets/sam-29/files/gpr_dataset_1867.in,0.4993447889118422,34.25492,36.237981,29.507099,0.14367453252421453,1.4874722360181503,2.6965578078481016,0.02,fresh
1868,gpr_dataset_1868.in,datasets/sam-29/files/gpr_dataset_1868.in,0.2307758307536829,42.908096,37.613837,19.478067,0.18171944909866067,1.4489592386336678,2.6261575619769886,0.02,fresh
1869,gpr_dataset_1869.in,datasets/sam-29/files/gpr_dataset_1869.in,0.2756216404284366,42.892272,32.191433,24.916295,0.21019399705033387,1.3921220965571643,2.6765713767986163,0.02,fresh
1870,gpr_dataset_1870.in,datasets/sam-29/files/gpr_dataset_1870.in,0.3582106070558716,44.426543,35.989966,19.583491,0.10569497744686107,1.5364071922994715,2.6069989926019694,0.02,fresh
1871,gpr_dataset_1871.in,datasets/sam-29/files/gpr_dataset_1871.in,0.2693579443879813,35.530955,38.779629,25.689416,0.1281613203416137,1.4520990387755173,2.6745824407489245,0.02,fresh
1872,gpr_dataset_1872.in,datasets/sam-29/files/gpr_dataset_1872.in,0.49857668272862943,44.682729,39.843619,15.473652,0.19012953808829552,1.5047900575548132,2.612753057170178,0.02,fresh
1873,gpr_dataset_1873.in,datasets/sam-29/files/gpr_dataset_1873.in,0.44144257797319897,45.250942,32.99455,21.754508,0.17685117574727038,1.416047408033852,2.6952365678489874,0.02,fresh
1874,gpr_dataset_1874.in,datasets/sam-29/files/gpr_dataset_1874.in,0.14810452446406402,41.900474,33.770543,24.328983,0.11309285591032794,1.4983667646963668,2.6664227728938754,0.02,fresh
1875,gpr_dataset_1875.in,datasets/sam-29/files/gpr_dataset_1875.in,0.4374644395638113,47.115201,27.240258,25.644541,0.12012841955104409,1.3204738750664244,2.67437638667084,0.02,fresh
1876,gpr_dataset_1876.in,datasets/sam-29/files/gpr_dataset_1876.in,0.1421236784868028,43.264277,30.373656,26.362067,0.21596569355626177,1.594073277124952,2.6557141140953013,0.02,fresh
1877,gpr_dataset_1877.in,datasets/sam-29/files/gpr_dataset_1877.in,0.35177026670768585,49.293279,36.924574,13.782147,0.1450478174470729,1.4807581879154526,2.667125643083653,0.02,fresh
1878,gpr_dataset_1878.in,datasets/sam-29/files/gpr_dataset_1878.in,0.46568360437768563,49.443458,32.81727,17.739272,0.096771864143681,1.4055908002198028,2.653649297929501,0.02,fresh
1879,gpr_dataset_1879.in,datasets/sam-29/files/gpr_dataset_1879.in,0.13023807726895004,42.711737,35.292005,21.996258,0.18238615978012007,1.465366281276658,2.6810509809432292,0.02,fresh
1880,gpr_dataset_1880.in,datasets/sam-29/files/gpr_dataset_1880.in,0.40181718102084163,40.552698,37.722758,21.724544,0.2249876024536968,1.5271547456639099,2.6586625532279426,0.02,fresh
1881,gpr_dataset_1881.in,datasets/sam-29/files/gpr_dataset_1881.in,0.32281887424366085,43.210886,33.999379,22.789735,0.20284709012405122,1.5778318993059266,2.612953752456905,0.02,fresh
1882,gpr_dataset_1882.in,datasets/sam-29/files/gpr_dataset_1882.in,0.2697456177353066,47.230975,29.873026,22.895999,0.07605527038897707,1.4428922513408884,2.62949983317673,0.02,fresh
1883,gpr_dataset_1883.in,datasets/sam-29/files/gpr_dataset_1883.in,0.22391441893106548,41.591751,32.726501,25.681748,0.13989718825067166,1.5643174041513204,2.622986902612149,0.02,fresh
1884,gpr_dataset_1884.in,datasets/sam-29/files/gpr_dataset_1884.in,0.1954163545410087,41.457507,33.999986,24.542507,0.21369836316252344,1.3885408792455105,2.6258896385251096,0.02,fresh
1885,gpr_dataset_1885.in,datasets/sam-29/files/gpr_dataset_1885.in,0.44535982281207454,45.22792,33.869733,20.902347,0.20595466307273547,1.574090642686415,2.6965472164535425,0.02,fresh
1886,gpr_dataset_1886.in,datasets/sam-29/files/gpr_dataset_1886.in,0.3676319201548185,40.956072,37.069429,21.974499,0.1464928274133533,1.4682706132583099,2.6066643901616735,0.02,fresh
1887,gpr_dataset_1887.in,datasets/sam-29/files/gpr_dataset_1887.in,0.3633874822477987,38.695417,38.568525,22.736058,0.19485575827675522,1.3650967936106029,2.694616503571444,0.02,fresh
1888,gpr_dataset_1888.in,datasets/sam-29/files/gpr_dataset_1888.in,0.21591011484283298,42.200089,32.850914,24.948997,0.1867728315602451,1.3367550393539787,2.640971869625453,0.02,fresh
1889,gpr_dataset_1889.in,datasets/sam-29/files/gpr_dataset_1889.in,0.28357691662787704,40.548101,38.646131,20.805768,0.1851254766870128,1.3792612746868964,2.6090232879091726,0.02,fresh
1890,gpr_dataset_1890.in,datasets/sam-29/files/gpr_dataset_1890.in,0.24583312289295747,44.932776,30.544878,24.522346,0.0650844685832721,1.4535629770938479,2.697373804179878,0.02,fresh
1891,gpr_dataset_1891.in,datasets/sam-29/files/gpr_dataset_1891.in,0.1762092645538904,40.56029,36.814309,22.625401,0.12880854718397344,1.4168251938088012,2.631191855119359,0.02,fresh
1892,gpr_dataset_1892.in,datasets/sam-29/files/gpr_dataset_1892.in,0.14667182364529713,39.974542,33.369331,26.656127,0.24541333600258997,1.4438787239638242,2.6941514744856345,0.02,fresh
1893,gpr_dataset_1893.in,datasets/sam-29/files/gpr_dataset_1893.in,0.16128566673880287,38.677421,37.18176,24.140819,0.15222121889237367,1.5680582838587283,2.6216805547229547,0.02,fresh
1894,gpr_dataset_1894.in,datasets/sam-29/files/gpr_dataset_1894.in,0.34720279480327576,42.522027,38.220839,19.257134,0.1563059029081602,1.35638932386761,2.6349572428336976,0.02,fresh
1895,gpr_dataset_1895.in,datasets/sam-29/files/gpr_dataset_1895.in,0.47068288991293394,48.523976,36.997238,14.478786,0.09472363016259254,1.500692286101164,2.6520408241332882,0.02,fresh
1896,gpr_dataset_1896.in,datasets/sam-29/files/gpr_dataset_1896.in,0.2685581603659811,42.500226,31.233275,26.266499,0.224262325276059,1.4163857516064835,2.6114412819471635,0.02,fresh
1897,gpr_dataset_1897.in,datasets/sam-29/files/gpr_dataset_1897.in,0.4938682672335747,36.445307,34.643583,28.91111,0.07709504253454008,1.4925439473728042,2.6119362104956694,0.02,fresh
1898,gpr_dataset_1898.in,datasets/sam-29/files/gpr_dataset_1898.in,0.20764851169868545,45.923391,36.309489,17.76712,0.1295811783677186,1.4248919184442144,2.6401969483549,0.02,fresh
1899,gpr_dataset_1899.in,datasets/sam-29/files/gpr_dataset_1899.in,0.14705433134809712,39.668446,35.946385,24.385169,0.1833914149239278,1.3364953218150006,2.683400682076647,0.02,fresh
1900,gpr_dataset_1900.in,datasets/sam-29/files/gpr_dataset_1900.in,0.30437319191267365,44.352595,31.662148,23.985257,0.2407640962384584,1.400413355869101,2.69567842887483,0.02,fresh
1901,gpr_dataset_1901.in,datasets/sam-29/files/gpr_dataset_1901.in,0.4909216761041377,43.483295,37.670067,18.846638,0.11998199522262365,1.3041451592526376,2.600914913339001,0.02,fresh
1902,gpr_dataset_1902.in,datasets/sam-29/files/gpr_dataset_1902.in,0.2727097506073538,43.96348,29.42887,26.60765,0.13807726342946436,1.3775853538473635,2.6114084618905236,0.02,fresh
1903,gpr_dataset_1903.in,datasets/sam-29/files/gpr_dataset_1903.in,0.28676899282866886,45.762351,25.29622,28.941429,0.22118547308828362,1.3190325035320007,2.6461623023130536,0.02,fresh
1904,gpr_dataset_1904.in,datasets/sam-29/files/gpr_dataset_1904.in,0.19063305639185307,48.603815,31.415702,19.980483,0.10255346159854511,1.5158275851647376,2.637106842711234,0.02,fresh
1905,gpr_dataset_1905.in,datasets/sam-29/files/gpr_dataset_1905.in,0.49181639431963486,35.911659,36.548176,27.540165,0.09484640857687782,1.3907184575080591,2.685032183428496,0.02,fresh
1906,gpr_dataset_1906.in,datasets/sam-29/files/gpr_dataset_1906.in,0.4796899958706238,41.256451,29.292419,29.45113,0.10106191109181595,1.334276717549831,2.6061609222553894,0.02,fresh
1907,gpr_dataset_1907.in,datasets/sam-29/files/gpr_dataset_1907.in,0.3671253243577878,40.644598,31.233165,28.122237,0.20701065643224753,1.3769247775372362,2.6826759716851307,0.02,fresh
1908,gpr_dataset_1908.in,datasets/sam-29/files/gpr_dataset_1908.in,0.336312555319503,40.937384,29.982493,29.080123,0.24107487999209654,1.4770407938591315,2.6662761733615805,0.02,fresh
1909,gpr_dataset_1909.in,datasets/sam-29/files/gpr_dataset_1909.in,0.4278270796205774,43.916852,31.672208,24.41094,0.13495881512488028,1.5468803900634642,2.6471004372662175,0.02,fresh
1910,gpr_dataset_1910.in,datasets/sam-29/files/gpr_dataset_1910.in,0.4523483894134971,42.088501,33.767674,24.143825,0.16124688803099746,1.324747129636093,2.607871816395247,0.02,fresh
1911,gpr_dataset_1911.in,datasets/sam-29/files/gpr_dataset_1911.in,0.4076343561208561,45.430304,37.817735,16.751961,0.1620582676852989,1.5553512890467385,2.695781702234962,0.02,fresh
1912,gpr_dataset_1912.in,datasets/sam-29/files/gpr_dataset_1912.in,0.41167307350189974,46.440938,37.668716,15.890346,0.14825479263554603,1.4073571452346543,2.6214495897817613,0.02,fresh
1913,gpr_dataset_1913.in,datasets/sam-29/files/gpr_dataset_1913.in,0.23106963799042504,45.523698,31.581674,22.894628,0.19177088683219978,1.4825334688857557,2.682523767803683,0.02,fresh
1914,gpr_dataset_1914.in,datasets/sam-29/files/gpr_dataset_1914.in,0.4163664850825567,44.226544,34.378412,21.395044,0.051666049832316686,1.4079600873233893,2.697502381936156,0.02,fresh
1915,gpr_dataset_1915.in,datasets/sam-29/files/gpr_dataset_1915.in,0.18022380979466246,48.760213,31.023943,20.215844,0.09544511452584058,1.54984757641855,2.6915151260880146,0.02,fresh
1916,gpr_dataset_1916.in,datasets/sam-29/files/gpr_dataset_1916.in,0.37728290360906147,45.188811,32.161758,22.649431,0.07701718125852908,1.48411740338059,2.603771258252183,0.02,fresh
1917,gpr_dataset_1917.in,datasets/sam-29/files/gpr_dataset_1917.in,0.1460871912802469,44.832914,39.370854,15.796232,0.060660009189036246,1.545106262575916,2.6013586226820684,0.02,fresh
1918,gpr_dataset_1918.in,datasets/sam-29/files/gpr_dataset_1918.in,0.3924749780253143,43.081805,37.249647,19.668548,0.08196553020465486,1.543351464121144,2.65200482101546,0.02,fresh
1919,gpr_dataset_1919.in,datasets/sam-29/files/gpr_dataset_1919.in,0.12255800110843987,45.895445,28.535839,25.568716,0.2269636646895044,1.575802050956157,2.698834411026985,0.02,fresh
1920,gpr_dataset_1920.in,datasets/sam-29/files/gpr_dataset_1920.in,0.3342023221201985,46.462339,38.047819,15.489842,0.19682761356456763,1.3558229263766572,2.644098567376682,0.02,fresh
1921,gpr_dataset_1921.in,datasets/sam-29/files/gpr_dataset_1921.in,0.3427070956202095,43.277489,34.549703,22.172808,0.15475886009367856,1.395931892590888,2.6884438739984393,0.02,fresh
1922,gpr_dataset_1922.in,datasets/sam-29/files/gpr_dataset_1922.in,0.43350760529683885,46.933827,36.462894,16.603279,0.20756574043203774,1.5273588199082582,2.6872969061875924,0.02,fresh
1923,gpr_dataset_1923.in,datasets/sam-29/files/gpr_dataset_1923.in,0.3310728167177106,41.652755,38.658642,19.688603,0.20175156581200238,1.5451735425876858,2.6649446336795983,0.02,fresh
1924,gpr_dataset_1924.in,datasets/sam-29/files/gpr_dataset_1924.in,0.23205535455056664,45.214471,29.417376,25.368153,0.19284705780859346,1.410634662498857,2.664002219295764,0.02,fresh
1925,gpr_dataset_1925.in,datasets/sam-29/files/gpr_dataset_1925.in,0.4225918645494243,46.121306,36.565945,17.312749,0.15640762656263985,1.3196649386587438,2.6679916665460848,0.02,fresh
1926,gpr_dataset_1926.in,datasets/sam-29/files/gpr_dataset_1926.in,0.38383565999780345,43.801716,34.804095,21.394189,0.06606401816452621,1.4097099287947914,2.6649699889359866,0.02,fresh
1927,gpr_dataset_1927.in,datasets/sam-29/files/gpr_dataset_1927.in,0.2570916446901389,49.299923,27.86901,22.831067,0.0895404673219002,1.409882954821094,2.69680212949748,0.02,fresh
1928,gpr_dataset_1928.in,datasets/sam-29/files/gpr_dataset_1928.in,0.22521436185794,42.364402,32.766393,24.869205,0.0809399948708079,1.383044955503964,2.6933805886957325,0.02,fresh
1929,gpr_dataset_1929.in,datasets/sam-29/files/gpr_dataset_1929.in,0.279420476765627,47.826901,25.776178,26.396921,0.11613833430837386,1.4357207906099057,2.6747383986766478,0.02,fresh
1930,gpr_dataset_1930.in,datasets/sam-29/files/gpr_dataset_1930.in,0.37242666032519833,49.849742,37.58808,12.562178,0.09843759363949112,1.5671268527133888,2.6888817797125637,0.02,fresh
1931,gpr_dataset_1931.in,datasets/sam-29/files/gpr_dataset_1931.in,0.2934902684629521,43.433457,30.458747,26.107796,0.07409648930009267,1.3958972881159581,2.6114255517320526,0.02,fresh
1932,gpr_dataset_1932.in,datasets/sam-29/files/gpr_dataset_1932.in,0.1439818951814849,43.396582,27.509234,29.094184,0.07381824745829878,1.5095001144618958,2.692108249151427,0.02,fresh
1933,gpr_dataset_1933.in,datasets/sam-29/files/gpr_dataset_1933.in,0.19287247700524587,38.002803,38.031044,23.966153,0.09231539705925758,1.3151752219894248,2.6943325507721867,0.02,fresh
1934,gpr_dataset_1934.in,datasets/sam-29/files/gpr_dataset_1934.in,0.4757496320678366,45.421362,38.447451,16.131187,0.06832509969509824,1.5856981184628303,2.6839280273010577,0.02,fresh
1935,gpr_dataset_1935.in,datasets/sam-29/files/gpr_dataset_1935.in,0.3585497862127335,44.681685,34.764899,20.553416,0.0744054379823161,1.4111534054977795,2.6230877204760574,0.02,fresh
1936,gpr_dataset_1936.in,datasets/sam-29/files/gpr_dataset_1936.in,0.38192864122004044,40.685162,29.96514,29.349698,0.11747100536179851,1.555667745702163,2.620888561579684,0.02,fresh
1937,gpr_dataset_1937.in,datasets/sam-29/files/gpr_dataset_1937.in,0.41004200322810014,43.851346,38.591704,17.55695,0.12765770624701173,1.3927967364557141,2.668946299553092,0.02,fresh
1938,gpr_dataset_1938.in,datasets/sam-29/files/gpr_dataset_1938.in,0.4070930162533366,40.134313,36.485416,23.380271,0.1755547885084074,1.5286744081573587,2.659275685089818,0.02,fresh
1939,gpr_dataset_1939.in,datasets/sam-29/files/gpr_dataset_1939.in,0.4631013678349509,49.201744,22.922597,27.875659,0.22079276623806776,1.4508644271779108,2.6572807146915873,0.02,fresh
1940,gpr_dataset_1940.in,datasets/sam-29/files/gpr_dataset_1940.in,0.4460726996114158,49.635047,37.655704,12.709249,0.22438371421969483,1.3344764836661698,2.6410119999525574,0.02,fresh
1941,gpr_dataset_1941.in,datasets/sam-29/files/gpr_dataset_1941.in,0.44624428430278595,48.895027,36.800478,14.304495,0.2418862206983014,1.5603014270772606,2.684980494274447,0.02,fresh
1942,gpr_dataset_1942.in,datasets/sam-29/files/gpr_dataset_1942.in,0.4227118704349502,41.34229,39.289537,19.368173,0.10094678931143974,1.369899563286592,2.6845288271908063,0.02,fresh
1943,gpr_dataset_1943.in,datasets/sam-29/files/gpr_dataset_1943.in,0.46864163290736605,42.722448,27.578432,29.69912,0.17476099200132705,1.4354000952624888,2.6901981629328167,0.02,fresh
1944,gpr_dataset_1944.in,datasets/sam-29/files/gpr_dataset_1944.in,0.13892118625249475,41.985588,39.602956,18.411456,0.19558870140583784,1.558141262575211,2.620447610558294,0.02,fresh
1945,gpr_dataset_1945.in,datasets/sam-29/files/gpr_dataset_1945.in,0.22803099269216381,39.855431,36.792556,23.352013,0.19324408132553134,1.5185196494550866,2.6395662932123702,0.02,fresh
1946,gpr_dataset_1946.in,datasets/sam-29/files/gpr_dataset_1946.in,0.44352950962329174,39.690364,34.31789,25.991746,0.18374952202319322,1.3720984829437288,2.6427920246050545,0.02,fresh
1947,gpr_dataset_1947.in,datasets/sam-29/files/gpr_dataset_1947.in,0.10469612602965689,44.449085,28.292838,27.258077,0.22707789632075698,1.3521460572408233,2.6446695204801562,0.02,fresh
1948,gpr_dataset_1948.in,datasets/sam-29/files/gpr_dataset_1948.in,0.3872257098073636,40.79366,29.997358,29.208982,0.18755478867031694,1.4649003940555991,2.679042996226422,0.02,fresh
1949,gpr_dataset_1949.in,datasets/sam-29/files/gpr_dataset_1949.in,0.2825374775273202,42.880312,31.586014,25.533674,0.10642681312959484,1.446598380378359,2.6224090290071542,0.02,fresh
1950,gpr_dataset_1950.in,datasets/sam-29/files/gpr_dataset_1950.in,0.16548136134301,48.485899,25.157796,26.356305,0.1524464290155318,1.5187544775555952,2.6431372803572186,0.02,fresh
1951,gpr_dataset_1951.in,datasets/sam-29/files/gpr_dataset_1951.in,0.27387897983366455,32.147625,39.190274,28.662101,0.16032605208459438,1.5793712514002238,2.6475949261141998,0.02,fresh
1952,gpr_dataset_1952.in,datasets/sam-29/files/gpr_dataset_1952.in,0.45105512311459617,48.154673,35.812997,16.03233,0.1414546418213985,1.4167730823230817,2.6923209090088522,0.02,fresh
1953,gpr_dataset_1953.in,datasets/sam-29/files/gpr_dataset_1953.in,0.3238362876730152,43.83676,35.682347,20.480893,0.23792099015890433,1.381915934398401,2.6722699819163576,0.02,fresh
1954,gpr_dataset_1954.in,datasets/sam-29/files/gpr_dataset_1954.in,0.2408960117562733,33.86581,38.570873,27.563317,0.19254113531283823,1.5149948503648885,2.65342586538152,0.02,fresh
1955,gpr_dataset_1955.in,datasets/sam-29/files/gpr_dataset_1955.in,0.3257672814111694,45.145967,25.650045,29.203988,0.18907491147546507,1.413203885402753,2.6112110622036258,0.02,fresh
1956,gpr_dataset_1956.in,datasets/sam-29/files/gpr_dataset_1956.in,0.2796328225591978,49.883337,24.958184,25.158479,0.24681534533626825,1.45690002778565,2.6567917821651994,0.02,fresh
1957,gpr_dataset_1957.in,datasets/sam-29/files/gpr_dataset_1957.in,0.4549716656324929,48.507558,26.783081,24.709361,0.24929031443595034,1.4178116515482677,2.6591868258835887,0.02,fresh
1958,gpr_dataset_1958.in,datasets/sam-29/files/gpr_dataset_1958.in,0.4666836775945965,39.183178,34.428246,26.388576,0.08256856107633023,1.536575154035955,2.6614515003389188,0.02,fresh
1959,gpr_dataset_1959.in,datasets/sam-29/files/gpr_dataset_1959.in,0.20378134289748306,43.878087,26.362604,29.759309,0.06856557142573412,1.5516046026643262,2.680844178716941,0.02,fresh
1960,gpr_dataset_1960.in,datasets/sam-29/files/gpr_dataset_1960.in,0.1979171742608483,40.586932,37.173308,22.23976,0.1643962539273928,1.4544372582231635,2.626276086459757,0.02,fresh
1961,gpr_dataset_1961.in,datasets/sam-29/files/gpr_dataset_1961.in,0.2196227635929535,47.742599,28.803212,23.454189,0.10027024222016012,1.4432874826961444,2.6080771008506285,0.02,fresh
1962,gpr_dataset_1962.in,datasets/sam-29/files/gpr_dataset_1962.in,0.3649295115258322,47.757764,26.302774,25.939462,0.125487102630023,1.3740420208819097,2.6091617105436526,0.02,fresh
1963,gpr_dataset_1963.in,datasets/sam-29/files/gpr_dataset_1963.in,0.14019925102179773,47.683409,32.931487,19.385104,0.09899545454736323,1.3232173619791534,2.6294069161355647,0.02,fresh
1964,gpr_dataset_1964.in,datasets/sam-29/files/gpr_dataset_1964.in,0.3100205220009501,44.326437,34.363478,21.310085,0.11661831797478793,1.3697980559668999,2.6238700422018217,0.02,fresh
1965,gpr_dataset_1965.in,datasets/sam-29/files/gpr_dataset_1965.in,0.11181736516797725,44.595101,32.811701,22.593198,0.2135728637696634,1.5623921139496337,2.6477493181310394,0.02,fresh
1966,gpr_dataset_1966.in,datasets/sam-29/files/gpr_dataset_1966.in,0.3695543290846742,44.118223,33.937487,21.94429,0.21930456964246425,1.592746530931016,2.608143904576469,0.02,fresh
1967,gpr_dataset_1967.in,datasets/sam-29/files/gpr_dataset_1967.in,0.30530821491998,49.558591,33.933535,16.507874,0.19685688251208716,1.3146310589818289,2.6084079280871078,0.02,fresh
1968,gpr_dataset_1968.in,datasets/sam-29/files/gpr_dataset_1968.in,0.14366257946698868,47.063389,30.967619,21.968992,0.1319363287924024,1.4967952922700472,2.6843316282983687,0.02,fresh
1969,gpr_dataset_1969.in,datasets/sam-29/files/gpr_dataset_1969.in,0.128507809707709,41.578312,35.030078,23.39161,0.1753970423910246,1.3308171107854454,2.6800095025253836,0.02,fresh
1970,gpr_dataset_1970.in,datasets/sam-29/files/gpr_dataset_1970.in,0.3398775106476558,41.325141,38.437029,20.23783,0.14628437536876165,1.4438161828059222,2.609120913234727,0.02,fresh
1971,gpr_dataset_1971.in,datasets/sam-29/files/gpr_dataset_1971.in,0.46897881269802477,43.281672,34.896956,21.821372,0.1183914317655046,1.4047742733584767,2.694776901793981,0.02,fresh
1972,gpr_dataset_1972.in,datasets/sam-29/files/gpr_dataset_1972.in,0.2786927362712313,41.264046,29.554791,29.181163,0.24429946081813597,1.5687656475154528,2.609109711107616,0.02,fresh
1973,gpr_dataset_1973.in,datasets/sam-29/files/gpr_dataset_1973.in,0.13888801667594652,44.088683,32.30161,23.609707,0.2468860053795851,1.5995577144788764,2.612803392743349,0.02,fresh
1974,gpr_dataset_1974.in,datasets/sam-29/files/gpr_dataset_1974.in,0.34441888329337944,49.470615,32.400711,18.128674,0.1752024344184016,1.4195958731974216,2.6457487302631266,0.02,fresh
1975,gpr_dataset_1975.in,datasets/sam-29/files/gpr_dataset_1975.in,0.1385088113738172,42.016881,34.721669,23.26145,0.20996557179914305,1.3541171819434352,2.6717581067664327,0.02,fresh
1976,gpr_dataset_1976.in,datasets/sam-29/files/gpr_dataset_1976.in,0.2007650804888247,41.589581,39.887851,18.522568,0.12332536533308934,1.3059049417976143,2.6045059397444494,0.02,fresh
1977,gpr_dataset_1977.in,datasets/sam-29/files/gpr_dataset_1977.in,0.3501836631605483,34.911894,35.226154,29.861952,0.12449184276596036,1.574438841731376,2.6808027506356105,0.02,fresh
1978,gpr_dataset_1978.in,datasets/sam-29/files/gpr_dataset_1978.in,0.3560966089792551,46.916709,28.265218,24.818073,0.09572091890846746,1.3276067286829487,2.643241373973565,0.02,fresh
1979,gpr_dataset_1979.in,datasets/sam-29/files/gpr_dataset_1979.in,0.3356113477802414,36.427844,34.689215,28.882941,0.060844480846919624,1.4923044742485447,2.607645331861871,0.02,fresh
1980,gpr_dataset_1980.in,datasets/sam-29/files/gpr_dataset_1980.in,0.2596481473341373,42.079347,32.056388,25.864265,0.2018885714507887,1.38096834860359,2.6456623816588127,0.02,fresh
1981,gpr_dataset_1981.in,datasets/sam-29/files/gpr_dataset_1981.in,0.2806007719145721,38.148757,38.943087,22.908156,0.06756152705043308,1.3597994305901642,2.6773329576979776,0.02,fresh
1982,gpr_dataset_1982.in,datasets/sam-29/files/gpr_dataset_1982.in,0.4654907069447175,40.629605,31.678776,27.691619,0.09843308731375269,1.5311431998690903,2.687814828155498,0.02,fresh
1983,gpr_dataset_1983.in,datasets/sam-29/files/gpr_dataset_1983.in,0.13121166940215964,41.349273,33.415566,25.235161,0.08392469761275612,1.5617302924124576,2.6807763879106568,0.02,fresh
1984,gpr_dataset_1984.in,datasets/sam-29/files/gpr_dataset_1984.in,0.33324799460280186,43.285484,35.428148,21.286368,0.1323142732662124,1.300457210669917,2.6788786864131824,0.02,fresh
1985,gpr_dataset_1985.in,datasets/sam-29/files/gpr_dataset_1985.in,0.12230174280367795,42.613504,39.934518,17.451978,0.20385960305656753,1.374270742453317,2.6931819294364314,0.02,fresh
1986,gpr_dataset_1986.in,datasets/sam-29/files/gpr_dataset_1986.in,0.38883607375127016,39.836455,30.214685,29.94886,0.24605542672407738,1.345749143895738,2.672137145357246,0.02,fresh
1987,gpr_dataset_1987.in,datasets/sam-29/files/gpr_dataset_1987.in,0.20329228750091013,43.125843,37.018507,19.85565,0.1888516604176364,1.4167504512873428,2.6507604073053277,0.02,fresh
1988,gpr_dataset_1988.in,datasets/sam-29/files/gpr_dataset_1988.in,0.4187345120888558,40.176006,35.631107,24.192887,0.050979052229229826,1.3734259946009713,2.621180555305491,0.02,fresh
1989,gpr_dataset_1989.in,datasets/sam-29/files/gpr_dataset_1989.in,0.12921261797388361,38.748764,34.084624,27.166612,0.20013428013955686,1.405934777718034,2.6341842452358994,0.02,fresh
1990,gpr_dataset_1990.in,datasets/sam-29/files/gpr_dataset_1990.in,0.36441992056216954,43.667607,29.296842,27.035551,0.1557446655694263,1.3613760608680134,2.6267308868702988,0.02,fresh
1991,gpr_dataset_1991.in,datasets/sam-29/files/gpr_dataset_1991.in,0.1470082681623615,43.875882,35.747675,20.376443,0.14900245624240274,1.567082213252823,2.658967262478684,0.02,fresh
1992,gpr_dataset_1992.in,datasets/sam-29/files/gpr_dataset_1992.in,0.48739939919938025,48.859389,34.203628,16.936983,0.06500827556450693,1.3961875333580278,2.6984615215020686,0.02,fresh
1993,gpr_dataset_1993.in,datasets/sam-29/files/gpr_dataset_1993.in,0.4010208499515441,47.508938,37.946363,14.544699,0.20037164210425756,1.5500677978736057,2.6783184294933546,0.02,fresh
1994,gpr_dataset_1994.in,datasets/sam-29/files/gpr_dataset_1994.in,0.18332737816289277,37.138568,35.424756,27.436676,0.18846271413232146,1.366060777272364,2.6548871871144986,0.02,fresh
1995,gpr_dataset_1995.in,datasets/sam-29/files/gpr_dataset_1995.in,0.15107636691572113,47.304888,27.425959,25.269153,0.10341442585141197,1.303309473816574,2.6139103217290227,0.02,fresh
1996,gpr_dataset_1996.in,datasets/sam-29/files/gpr_dataset_1996.in,0.1448418436372988,46.899252,25.01313,28.087618,0.05676201220962436,1.4751117836248886,2.6484162013955275,0.02,fresh
1997,gpr_dataset_1997.in,datasets/sam-29/files/gpr_dataset_1997.in,0.16004394498381302,41.859456,30.589426,27.551118,0.1864513908527527,1.3373607894386779,2.6625568802702793,0.02,fresh
1998,gpr_dataset_1998.in,datasets/sam-29/files/gpr_dataset_1998.in,0.23908447087387416,43.651785,34.386043,21.962172,0.1526843648461122,1.4175398230250993,2.6461928604339557,0.02,fresh
1999,gpr_dataset_1999.in,datasets/sam-29/files/gpr_dataset_1999.in,0.25296427872376304,40.397437,36.895097,22.707466,0.0848482034098259,1.5950971596886818,2.684753232712507,0.02,fresh
2000,gpr_dataset_2000.in,datasets/sam-29/files/gpr_dataset_2000.in,0.44057772342644264,43.78053,29.703612,26.515858,0.2060111602680949,1.5063922601544366,2.6780522050222904,0.02,fresh
2001,gpr_dataset_2001.in,datasets/sam-29/files/gpr_dataset_2001.in,0.36960319158316446,47.875555,38.791147,13.333298,0.0666124278490339,1.5161028707344752,2.6423452479783376,0.02,fresh
2002,gpr_dataset_2002.in,datasets/sam-29/files/gpr_dataset_2002.in,0.3487408378346409,38.997416,33.495043,27.507541,0.10540618857356954,1.4092974392368531,2.6611293901733424,0.02,fresh
2003,gpr_dataset_2003.in,datasets/sam-29/files/gpr_dataset_2003.in,0.4491335697478943,42.465148,39.138752,18.3961,0.08108883831591276,1.4120843592239032,2.697011924569953,0.02,fresh
2004,gpr_dataset_2004.in,datasets/sam-29/files/gpr_dataset_2004.in,0.47578082647497866,39.136155,36.699112,24.164733,0.13889949787305092,1.3169031037266565,2.6530954661942387,0.02,fresh
2005,gpr_dataset_2005.in,datasets/sam-29/files/gpr_dataset_2005.in,0.14868968722364537,49.40159,32.423802,18.174608,0.2221473516377923,1.3452605321382178,2.699216861902419,0.02,fresh
2006,gpr_dataset_2006.in,datasets/sam-29/files/gpr_dataset_2006.in,0.18020877263322754,44.969269,38.617316,16.413415,0.09743351104214498,1.4567517460391732,2.6560308248914453,0.02,fresh
2007,gpr_dataset_2007.in,datasets/sam-29/files/gpr_dataset_2007.in,0.2507354164700424,46.253308,33.512607,20.234085,0.07466218236711478,1.4531675172037786,2.602006810676267,0.02,fresh
2008,gpr_dataset_2008.in,datasets/sam-29/files/gpr_dataset_2008.in,0.23885689550855627,39.793445,32.537208,27.669347,0.1680395389522489,1.4559415986710518,2.646742594259466,0.02,fresh
2009,gpr_dataset_2009.in,datasets/sam-29/files/gpr_dataset_2009.in,0.3929907438317902,43.603098,34.287313,22.109589,0.226849233516418,1.5010616718516006,2.6673682232704143,0.02,fresh
2010,gpr_dataset_2010.in,datasets/sam-29/files/gpr_dataset_2010.in,0.4213350070289984,48.829912,24.197634,26.972454,0.10269598004057734,1.3683889412193992,2.6340155480395233,0.02,fresh
2011,gpr_dataset_2011.in,datasets/sam-29/files/gpr_dataset_2011.in,0.12001768168646479,44.570049,31.813445,23.616506,0.15900973084233008,1.407059142911407,2.6470222676777997,0.02,fresh
2012,gpr_dataset_2012.in,datasets/sam-29/files/gpr_dataset_2012.in,0.4919104128232059,43.104346,38.243925,18.651729,0.195915047310476,1.3665261191397247,2.645717267142331,0.02,fresh
2013,gpr_dataset_2013.in,datasets/sam-29/files/gpr_dataset_2013.in,0.30649188180816594,44.30472,29.240495,26.454785,0.21308261578035131,1.3558685210343122,2.6984927879764995,0.02,fresh
2014,gpr_dataset_2014.in,datasets/sam-29/files/gpr_dataset_2014.in,0.30528051671938283,37.286709,36.796491,25.9168,0.12359343115166743,1.390044328210999,2.673887356157644,0.02,fresh
2015,gpr_dataset_2015.in,datasets/sam-29/files/gpr_dataset_2015.in,0.2542572131227865,49.848387,34.267748,15.883865,0.10038270358994923,1.5527842593000452,2.683821088893032,0.02,fresh
2016,gpr_dataset_2016.in,datasets/sam-29/files/gpr_dataset_2016.in,0.31287394778972244,41.172116,30.812033,28.015851,0.158038090647583,1.4673585921758545,2.6686298098996053,0.02,fresh
2017,gpr_dataset_2017.in,datasets/sam-29/files/gpr_dataset_2017.in,0.35224165802878815,39.955319,35.562341,24.48234,0.06590126558354803,1.5790625148935096,2.695511348780517,0.02,fresh
2018,gpr_dataset_2018.in,datasets/sam-29/files/gpr_dataset_2018.in,0.17545275640362654,42.292122,35.960641,21.747237,0.18386975416267276,1.580584380768924,2.656899538124508,0.02,fresh
2019,gpr_dataset_2019.in,datasets/sam-29/files/gpr_dataset_2019.in,0.40993784731954763,46.503666,25.647468,27.848866,0.22031230163028037,1.3651532708485463,2.6321484692641963,0.02,fresh
2020,gpr_dataset_2020.in,datasets/sam-29/files/gpr_dataset_2020.in,0.10588805775197613,47.405204,34.481555,18.113241,0.06377612325731874,1.341597919446064,2.6911328203402163,0.02,fresh
2021,gpr_dataset_2021.in,datasets/sam-29/files/gpr_dataset_2021.in,0.3393046286271768,38.233959,32.042996,29.723045,0.22564743399967674,1.4668069415394995,2.6985249413732353,0.02,fresh
2022,gpr_dataset_2022.in,datasets/sam-29/files/gpr_dataset_2022.in,0.48479754871427283,39.935654,32.053644,28.010702,0.061756037497578055,1.383364628823902,2.651651510499079,0.02,fresh
2023,gpr_dataset_2023.in,datasets/sam-29/files/gpr_dataset_2023.in,0.2844690617184678,48.489229,24.309797,27.200974,0.07294405257471724,1.4278757050856283,2.6244360926559445,0.02,fresh
2024,gpr_dataset_2024.in,datasets/sam-29/files/gpr_dataset_2024.in,0.3229546372526967,41.235716,31.379142,27.385142,0.24251680316450008,1.5437991016941368,2.6850621632005964,0.02,fresh
2025,gpr_dataset_2025.in,datasets/sam-29/files/gpr_dataset_2025.in,0.4632621644631978,48.650952,27.794381,23.554667,0.11977743429229482,1.3316132950505628,2.6087762300363853,0.02,fresh
2026,gpr_dataset_2026.in,datasets/sam-29/files/gpr_dataset_2026.in,0.1744109515059027,45.84901,36.212828,17.938162,0.12202728858060839,1.5181361455819389,2.667467993550749,0.02,fresh
2027,gpr_dataset_2027.in,datasets/sam-29/files/gpr_dataset_2027.in,0.229317529515786,44.804279,32.100567,23.095154,0.21201973440311922,1.375608734968229,2.6956129589241655,0.02,fresh
2028,gpr_dataset_2028.in,datasets/sam-29/files/gpr_dataset_2028.in,0.2627791119053404,42.424059,34.012444,23.563497,0.1425162674585621,1.543884591785725,2.693379534769516,0.02,fresh
2029,gpr_dataset_2029.in,datasets/sam-29/files/gpr_dataset_2029.in,0.4564028716435822,39.335523,35.096207,25.56827,0.07920035809631423,1.41038094051558,2.6445814401604855,0.02,fresh
2030,gpr_dataset_2030.in,datasets/sam-29/files/gpr_dataset_2030.in,0.4820851494137708,46.963522,32.468785,20.567693,0.2362753631084369,1.4087025951122436,2.617597263553283,0.02,fresh
2031,gpr_dataset_2031.in,datasets/sam-29/files/gpr_dataset_2031.in,0.14317294424840635,41.148,29.901463,28.950537,0.21038939772083354,1.5670142558840927,2.677727918157499,0.02,fresh
2032,gpr_dataset_2032.in,datasets/sam-29/files/gpr_dataset_2032.in,0.15209259780476336,41.192134,38.825065,19.982801,0.2258513536283952,1.3587410524279964,2.6968057524027826,0.02,fresh
2033,gpr_dataset_2033.in,datasets/sam-29/files/gpr_dataset_2033.in,0.130051767404054,46.419156,36.284432,17.296412,0.22850368010197353,1.3265923110382816,2.640289044903667,0.02,fresh
2034,gpr_dataset_2034.in,datasets/sam-29/files/gpr_dataset_2034.in,0.2532040696000606,43.365642,29.884411,26.749947,0.12032033573220507,1.5078288103055868,2.661696915094785,0.02,fresh
2035,gpr_dataset_2035.in,datasets/sam-29/files/gpr_dataset_2035.in,0.23977764458693082,46.936177,27.674561,25.389262,0.20641824575156453,1.5242162720199528,2.659598229329039,0.02,fresh
2036,gpr_dataset_2036.in,datasets/sam-29/files/gpr_dataset_2036.in,0.2869408480283735,45.138526,29.911082,24.950392,0.08807566066078117,1.439744746430638,2.647546825845215,0.02,fresh
2037,gpr_dataset_2037.in,datasets/sam-29/files/gpr_dataset_2037.in,0.17521168869965587,41.976357,33.275045,24.748598,0.15200849466509161,1.3983004697184998,2.6508618911462647,0.02,fresh
2038,gpr_dataset_2038.in,datasets/sam-29/files/gpr_dataset_2038.in,0.45238516379035054,47.585493,24.152974,28.261533,0.19964768217718076,1.554074269535201,2.622721121483649,0.02,fresh
2039,gpr_dataset_2039.in,datasets/sam-29/files/gpr_dataset_2039.in,0.2552634803280638,37.351324,33.008541,29.640135,0.19272607326149693,1.4624694616089096,2.696348394616149,0.02,fresh
2040,gpr_dataset_2040.in,datasets/sam-29/files/gpr_dataset_2040.in,0.1868582799874751,36.121854,35.347554,28.530592,0.09026753452609176,1.3229615611649002,2.6676479958145474,0.02,fresh
2041,gpr_dataset_2041.in,datasets/sam-29/files/gpr_dataset_2041.in,0.42261686215197647,44.021298,28.001464,27.977238,0.09718971239721393,1.500524296015109,2.666699790605815,0.02,fresh
2042,gpr_dataset_2042.in,datasets/sam-29/files/gpr_dataset_2042.in,0.19461707482039545,45.277492,26.04311,28.679398,0.1865547530983494,1.5294745193400474,2.677853818817555,0.02,fresh
2043,gpr_dataset_2043.in,datasets/sam-29/files/gpr_dataset_2043.in,0.4232582511494122,41.158456,31.718251,27.123293,0.062475884164665055,1.3569866739330871,2.664590419899521,0.02,fresh
2044,gpr_dataset_2044.in,datasets/sam-29/files/gpr_dataset_2044.in,0.15919710698248526,43.697821,33.363684,22.938495,0.235676028934995,1.4683093237945972,2.6673777863816546,0.02,fresh
2045,gpr_dataset_2045.in,datasets/sam-29/files/gpr_dataset_2045.in,0.14816388196654626,48.166808,25.143994,26.689198,0.19790049970185636,1.3932210837688035,2.6279528775194785,0.02,fresh
2046,gpr_dataset_2046.in,datasets/sam-29/files/gpr_dataset_2046.in,0.39920312765351873,43.01436,27.287813,29.697827,0.13252036092872094,1.4601750318295563,2.66832720365122,0.02,fresh
2047,gpr_dataset_2047.in,datasets/sam-29/files/gpr_dataset_2047.in,0.10181958438218773,48.255042,38.908016,12.836942,0.05376273623587009,1.3388779081866689,2.6493005640099305,0.02,fresh
2048,gpr_dataset_2048.in,datasets/sam-29/files/gpr_dataset_2048.in,0.4128347075279435,46.848927,38.356272,14.794801,0.07994768036777655,1.4479020982159316,2.6386187494482445,0.02,fresh
2049,gpr_dataset_2049.in,datasets/sam-29/files/gpr_dataset_2049.in,0.43275569929501057,45.099962,30.137619,24.762419,0.14081665557672912,1.5097403082063587,2.651342252223847,0.02,fresh
2050,gpr_dataset_2050.in,datasets/sam-29/files/gpr_dataset_2050.in,0.3973528333809998,47.389657,31.392745,21.217598,0.08108003637078437,1.588553109770445,2.637318315063901,0.02,fresh
2051,gpr_dataset_2051.in,datasets/sam-29/files/gpr_dataset_2051.in,0.10692576962958103,48.338121,36.916,14.745879,0.07496560736105043,1.38215869764443,2.645135311797201,0.02,fresh
2052,gpr_dataset_2052.in,datasets/sam-29/files/gpr_dataset_2052.in,0.3243094260896651,45.313451,36.477219,18.20933,0.14893081826739762,1.4274412470588254,2.6390320461791794,0.02,fresh
2053,gpr_dataset_2053.in,datasets/sam-29/files/gpr_dataset_2053.in,0.4667108841907849,44.459396,26.458658,29.081946,0.21963569033479646,1.3327481535918746,2.6182966265341547,0.02,fresh
2054,gpr_dataset_2054.in,datasets/sam-29/files/gpr_dataset_2054.in,0.3741345084422115,43.695911,33.908294,22.395795,0.20075807949272823,1.5706070110342116,2.6482128546541626,0.02,fresh
2055,gpr_dataset_2055.in,datasets/sam-29/files/gpr_dataset_2055.in,0.26542476437999596,35.081936,36.484519,28.433545,0.16953358077933295,1.4143988202385436,2.646197083611084,0.02,fresh
2056,gpr_dataset_2056.in,datasets/sam-29/files/gpr_dataset_2056.in,0.3484628188080089,42.782866,28.166478,29.050656,0.22877009904474627,1.518143587656472,2.6781919380296797,0.02,fresh
2057,gpr_dataset_2057.in,datasets/sam-29/files/gpr_dataset_2057.in,0.30305125529898336,45.413406,35.889749,18.696845,0.16183772010148112,1.474746026130986,2.674294608125447,0.02,fresh
2058,gpr_dataset_2058.in,datasets/sam-29/files/gpr_dataset_2058.in,0.24868068551194764,41.379751,29.818845,28.801404,0.060807947891062857,1.376620514297905,2.6061546634171013,0.02,fresh
2059,gpr_dataset_2059.in,datasets/sam-29/files/gpr_dataset_2059.in,0.2698637262494926,49.981549,34.491403,15.527048,0.1604463355697533,1.5056879650354362,2.6290719183830036,0.02,fresh
2060,gpr_dataset_2060.in,datasets/sam-29/files/gpr_dataset_2060.in,0.10379750481318553,47.176549,34.924553,17.898898,0.13083035247370026,1.4172253392709893,2.61999020682476,0.02,fresh
2061,gpr_dataset_2061.in,datasets/sam-29/files/gpr_dataset_2061.in,0.40178862319777,39.921962,34.886235,25.191803,0.14390797279106363,1.3778890297030293,2.6786473254714718,0.02,fresh
2062,gpr_dataset_2062.in,datasets/sam-29/files/gpr_dataset_2062.in,0.17639065957361258,39.087366,38.881352,22.031282,0.1339954380553171,1.4545478242024226,2.672721759307971,0.02,fresh
2063,gpr_dataset_2063.in,datasets/sam-29/files/gpr_dataset_2063.in,0.32311752851860776,35.81677,36.359802,27.823428,0.24263142615660072,1.4040620623364988,2.621017696193067,0.02,fresh
2064,gpr_dataset_2064.in,datasets/sam-29/files/gpr_dataset_2064.in,0.28089473506308305,42.871276,27.159224,29.9695,0.06079528589181924,1.5254143879066369,2.699038408468891,0.02,fresh
2065,gpr_dataset_2065.in,datasets/sam-29/files/gpr_dataset_2065.in,0.30209281130560606,46.150461,37.581587,16.267952,0.18806822024333664,1.4075630512959538,2.6725411039208486,0.02,fresh
2066,gpr_dataset_2066.in,datasets/sam-29/files/gpr_dataset_2066.in,0.42128849983120065,48.86939,25.429084,25.701526,0.1751280429252846,1.48128904841648,2.6956184821966223,0.02,fresh
2067,gpr_dataset_2067.in,datasets/sam-29/files/gpr_dataset_2067.in,0.35460332336531886,45.299724,28.864076,25.8362,0.07959733514597252,1.5861841291395944,2.6815883571223864,0.02,fresh
2068,gpr_dataset_2068.in,datasets/sam-29/files/gpr_dataset_2068.in,0.19347163886034663,36.857429,33.985387,29.157184,0.12337191883043308,1.4157566034537055,2.680834918704988,0.02,fresh
2069,gpr_dataset_2069.in,datasets/sam-29/files/gpr_dataset_2069.in,0.24709329927187393,48.165882,22.950895,28.883223,0.056390427475082695,1.572902721918876,2.677609679269874,0.02,fresh
2070,gpr_dataset_2070.in,datasets/sam-29/files/gpr_dataset_2070.in,0.11626922919012968,49.204174,29.022438,21.773388,0.2175599743935242,1.5623812626032922,2.635103347212114,0.02,fresh
2071,gpr_dataset_2071.in,datasets/sam-29/files/gpr_dataset_2071.in,0.20288584047465263,44.318493,38.62208,17.059427,0.1812439860770973,1.537904579880359,2.672126460574709,0.02,fresh
2072,gpr_dataset_2072.in,datasets/sam-29/files/gpr_dataset_2072.in,0.15601878726426352,43.194621,34.9223,21.883079,0.10243604437903116,1.391985956715256,2.648827804825203,0.02,fresh
2073,gpr_dataset_2073.in,datasets/sam-29/files/gpr_dataset_2073.in,0.1322794546387529,49.923616,27.193873,22.882511,0.24249113997659905,1.4284703505350684,2.688086390732188,0.02,fresh
2074,gpr_dataset_2074.in,datasets/sam-29/files/gpr_dataset_2074.in,0.3299842133966464,44.422665,36.804636,18.772699,0.15232679584757697,1.4164363079561197,2.690075868172483,0.02,fresh
2075,gpr_dataset_2075.in,datasets/sam-29/files/gpr_dataset_2075.in,0.3675995259465601,42.218555,30.811226,26.970219,0.08493302911702913,1.316376554744454,2.6639442628974006,0.02,fresh
2076,gpr_dataset_2076.in,datasets/sam-29/files/gpr_dataset_2076.in,0.2636593953863561,42.54518,35.720022,21.734798,0.23578868485807247,1.3257983166264788,2.631969356044045,0.02,fresh
2077,gpr_dataset_2077.in,datasets/sam-29/files/gpr_dataset_2077.in,0.486564341187699,43.314853,31.839382,24.845765,0.17331167969198547,1.403033542201457,2.6195777482309364,0.02,fresh
2078,gpr_dataset_2078.in,datasets/sam-29/files/gpr_dataset_2078.in,0.23414393425772737,46.729863,27.683081,25.587056,0.21227090520860864,1.5530716346692996,2.6527043306085245,0.02,fresh
2079,gpr_dataset_2079.in,datasets/sam-29/files/gpr_dataset_2079.in,0.41351875926721526,43.928089,34.85282,21.219091,0.2073545846750774,1.3777758011806798,2.637840352153524,0.02,fresh
2080,gpr_dataset_2080.in,datasets/sam-29/files/gpr_dataset_2080.in,0.1869780613552249,41.636941,33.386106,24.976953,0.10180861171626723,1.444343518361982,2.618331578266866,0.02,fresh
2081,gpr_dataset_2081.in,datasets/sam-29/files/gpr_dataset_2081.in,0.3283575112405398,40.832218,29.461196,29.706586,0.06685895304541978,1.4872770029082336,2.675597339164914,0.02,fresh
2082,gpr_dataset_2082.in,datasets/sam-29/files/gpr_dataset_2082.in,0.48721555631729296,44.535735,36.003158,19.461107,0.16710002688938577,1.323461149548574,2.6954011051060474,0.02,fresh
2083,gpr_dataset_2083.in,datasets/sam-29/files/gpr_dataset_2083.in,0.1887408723101979,44.225329,33.730972,22.043699,0.23831309263016726,1.4521069705930976,2.663914969636194,0.02,fresh
2084,gpr_dataset_2084.in,datasets/sam-29/files/gpr_dataset_2084.in,0.27824801654936127,38.716092,32.863174,28.420734,0.17643545784382575,1.4710931945791401,2.6654625311763622,0.02,fresh
2085,gpr_dataset_2085.in,datasets/sam-29/files/gpr_dataset_2085.in,0.36942062918424023,49.078402,33.040567,17.881031,0.21819741675449678,1.363897497375701,2.6232027270921585,0.02,fresh
2086,gpr_dataset_2086.in,datasets/sam-29/files/gpr_dataset_2086.in,0.47155812071995806,40.111731,39.69611,20.192159,0.17182732578258825,1.565156503706266,2.6470237800915664,0.02,fresh
2087,gpr_dataset_2087.in,datasets/sam-29/files/gpr_dataset_2087.in,0.4003827743221773,43.990211,36.240764,19.769025,0.1820912036403518,1.4960782331468423,2.6796633969165504,0.02,fresh
2088,gpr_dataset_2088.in,datasets/sam-29/files/gpr_dataset_2088.in,0.24093165635271904,38.571937,38.103924,23.324139,0.06701944646593226,1.365847018286337,2.6977975263237797,0.02,fresh
2089,gpr_dataset_2089.in,datasets/sam-29/files/gpr_dataset_2089.in,0.28393297894580505,44.046328,33.645453,22.308219,0.16708827205547133,1.3965271440262186,2.6201335077826973,0.02,fresh
2090,gpr_dataset_2090.in,datasets/sam-29/files/gpr_dataset_2090.in,0.27494528278523334,42.652747,30.151283,27.19597,0.08500192785678531,1.5677237956830246,2.6156645313819937,0.02,fresh
2091,gpr_dataset_2091.in,datasets/sam-29/files/gpr_dataset_2091.in,0.3338246344857981,40.228002,38.269405,21.502593,0.17124179866604497,1.4609121285892999,2.674492169793893,0.02,fresh
2092,gpr_dataset_2092.in,datasets/sam-29/files/gpr_dataset_2092.in,0.3568347372302556,45.25626,26.818081,27.925659,0.22616053063916303,1.5654820400262413,2.619487137189874,0.02,fresh
2093,gpr_dataset_2093.in,datasets/sam-29/files/gpr_dataset_2093.in,0.3730604753459905,40.623448,33.494626,25.881926,0.22055192474496976,1.3227938301022117,2.6910029663409416,0.02,fresh
2094,gpr_dataset_2094.in,datasets/sam-29/files/gpr_dataset_2094.in,0.4112712256590312,41.412474,31.036958,27.550568,0.15253617602327932,1.3217165149900296,2.6811474608493664,0.02,fresh
2095,gpr_dataset_2095.in,datasets/sam-29/files/gpr_dataset_2095.in,0.28057885813692274,46.122853,38.012708,15.864439,0.15263064375126262,1.3672318008525421,2.6515621016472157,0.02,fresh
2096,gpr_dataset_2096.in,datasets/sam-29/files/gpr_dataset_2096.in,0.19067628366613892,43.39879,31.422734,25.178476,0.14688315508502975,1.3835597072556498,2.6790630923543297,0.02,fresh
2097,gpr_dataset_2097.in,datasets/sam-29/files/gpr_dataset_2097.in,0.13554398793743078,40.513426,30.676815,28.809759,0.11970368393844132,1.3142879800249014,2.600547468645667,0.02,fresh
2098,gpr_dataset_2098.in,datasets/sam-29/files/gpr_dataset_2098.in,0.4244764910034784,47.443523,39.225305,13.331172,0.09346304024589372,1.5995983110252743,2.6835712175384763,0.02,fresh
2099,gpr_dataset_2099.in,datasets/sam-29/files/gpr_dataset_2099.in,0.3402032654050742,47.671031,35.213816,17.115153,0.2177365058977324,1.3407913061010193,2.657921876448768,0.02,fresh
2100,gpr_dataset_2100.in,datasets/sam-29/files/gpr_dataset_2100.in,0.34330823953574496,43.087499,28.167879,28.744622,0.151715696980302,1.4166437839677468,2.6665100290172132,0.02,fresh
2101,gpr_dataset_2101.in,datasets/sam-29/files/gpr_dataset_2101.in,0.3982997947946615,44.596571,36.008187,19.395242,0.11890037653890795,1.5302057707885202,2.623647678245001,0.02,fresh
2102,gpr_dataset_2102.in,datasets/sam-29/files/gpr_dataset_2102.in,0.3738677879054072,42.868653,38.659736,18.471611,0.16534489006462585,1.3786385064511415,2.6956515182231024,0.02,fresh
2103,gpr_dataset_2103.in,datasets/sam-29/files/gpr_dataset_2103.in,0.16126813659448824,44.19933,27.987045,27.813625,0.12780216284235185,1.4565816322854424,2.625583367910108,0.02,fresh
2104,gpr_dataset_2104.in,datasets/sam-29/files/gpr_dataset_2104.in,0.4440414203676606,44.870711,29.173637,25.955652,0.15139346575665197,1.5156836178818747,2.625314386503138,0.02,fresh
2105,gpr_dataset_2105.in,datasets/sam-29/files/gpr_dataset_2105.in,0.290981907650674,48.208993,33.009192,18.781815,0.17765155894744505,1.3717127989317017,2.684753882496088,0.02,fresh
2106,gpr_dataset_2106.in,datasets/sam-29/files/gpr_dataset_2106.in,0.31624446343867063,36.975875,37.443275,25.58085,0.19229316632947585,1.5225543881445835,2.675319144369118,0.02,fresh
2107,gpr_dataset_2107.in,datasets/sam-29/files/gpr_dataset_2107.in,0.4027089896655386,41.865258,29.015026,29.119716,0.15132141266599497,1.527947588588613,2.617604352685197,0.02,fresh
2108,gpr_dataset_2108.in,datasets/sam-29/files/gpr_dataset_2108.in,0.18877342311212733,43.682381,35.308735,21.008884,0.1547432458368966,1.481701289533111,2.6433734954936887,0.02,fresh
2109,gpr_dataset_2109.in,datasets/sam-29/files/gpr_dataset_2109.in,0.3360928502836863,34.466948,39.624375,25.908677,0.11254675147672238,1.4960173728513546,2.644498325281584,0.02,fresh
2110,gpr_dataset_2110.in,datasets/sam-29/files/gpr_dataset_2110.in,0.30940505656559514,48.424938,29.705167,21.869895,0.13718900795823563,1.3175039211082453,2.609100365703826,0.02,fresh
2111,gpr_dataset_2111.in,datasets/sam-29/files/gpr_dataset_2111.in,0.11530277517696824,42.946841,32.393682,24.659477,0.15022848144017326,1.4819425941512232,2.671026778869761,0.02,fresh
2112,gpr_dataset_2112.in,datasets/sam-29/files/gpr_dataset_2112.in,0.17542440587324448,43.323993,32.12916,24.546847,0.23696649980407974,1.5291120724132001,2.647747620667444,0.02,fresh
2113,gpr_dataset_2113.in,datasets/sam-29/files/gpr_dataset_2113.in,0.3527204600046824,39.776324,32.001217,28.222459,0.05013318952614601,1.3056653367350517,2.6862204042455855,0.02,fresh
2114,gpr_dataset_2114.in,datasets/sam-29/files/gpr_dataset_2114.in,0.46248844772712894,49.462349,35.795761,14.74189,0.2015124558668841,1.5958102679746722,2.659871974560228,0.02,fresh
2115,gpr_dataset_2115.in,datasets/sam-29/files/gpr_dataset_2115.in,0.29593750832872556,48.787349,27.83375,23.378901,0.13807675261307178,1.326265575484191,2.64792319894567,0.02,fresh
2116,gpr_dataset_2116.in,datasets/sam-29/files/gpr_dataset_2116.in,0.14712996611578003,49.592579,24.434828,25.972593,0.12418989788645106,1.4484413047382922,2.645769734418231,0.02,fresh
2117,gpr_dataset_2117.in,datasets/sam-29/files/gpr_dataset_2117.in,0.21618401039527424,40.194236,35.382067,24.423697,0.16159802984776023,1.3692433499321213,2.6753067981403524,0.02,fresh
2118,gpr_dataset_2118.in,datasets/sam-29/files/gpr_dataset_2118.in,0.39389560793411815,41.394818,31.755727,26.849455,0.17714040292687944,1.4742698911128747,2.612438861010513,0.02,fresh
2119,gpr_dataset_2119.in,datasets/sam-29/files/gpr_dataset_2119.in,0.3878586216057507,36.809645,37.09268,26.097675,0.12920237952391916,1.3741188704703464,2.630823080833483,0.02,fresh
2120,gpr_dataset_2120.in,datasets/sam-29/files/gpr_dataset_2120.in,0.1530414813842383,35.774541,35.147942,29.077517,0.09639013328056217,1.4272387634268493,2.6017325474472157,0.02,fresh
2121,gpr_dataset_2121.in,datasets/sam-29/files/gpr_dataset_2121.in,0.17640583085843722,39.174406,33.78744,27.038154,0.1224696284041325,1.513656915309369,2.61523181876711,0.02,fresh
2122,gpr_dataset_2122.in,datasets/sam-29/files/gpr_dataset_2122.in,0.15719395795169022,49.026046,37.902915,13.071039,0.0673742116101252,1.4046539392911133,2.663275933153623,0.02,fresh
2123,gpr_dataset_2123.in,datasets/sam-29/files/gpr_dataset_2123.in,0.4688685646060847,47.23451,38.63931,14.12618,0.2400228542919411,1.5086619817444105,2.6734375969657127,0.02,fresh
2124,gpr_dataset_2124.in,datasets/sam-29/files/gpr_dataset_2124.in,0.12164831380575354,46.486616,33.151202,20.362182,0.20367517644069943,1.5706222507337455,2.6113655349209863,0.02,fresh
2125,gpr_dataset_2125.in,datasets/sam-29/files/gpr_dataset_2125.in,0.4413163557131913,47.861615,28.032065,24.10632,0.12410809217088209,1.3082635445603725,2.6523109367210957,0.02,fresh
2126,gpr_dataset_2126.in,datasets/sam-29/files/gpr_dataset_2126.in,0.15122394800182995,44.99748,25.539318,29.463202,0.21226505224017134,1.4506213664918457,2.608114300027073,0.02,fresh
2127,gpr_dataset_2127.in,datasets/sam-29/files/gpr_dataset_2127.in,0.12811978544514663,43.187561,29.855421,26.957018,0.05275860184661685,1.498999333527599,2.646790116983158,0.02,fresh
2128,gpr_dataset_2128.in,datasets/sam-29/files/gpr_dataset_2128.in,0.2853734977646081,39.640188,38.835402,21.52441,0.21037804971999458,1.3782734457634538,2.692546866130657,0.02,fresh
2129,gpr_dataset_2129.in,datasets/sam-29/files/gpr_dataset_2129.in,0.46396007004233386,41.839555,33.754903,24.405542,0.13199901078462306,1.513829717047148,2.61642201937453,0.02,fresh
2130,gpr_dataset_2130.in,datasets/sam-29/files/gpr_dataset_2130.in,0.296154068982996,36.670395,37.610483,25.719122,0.17606269099144178,1.3016295976819676,2.625027391400756,0.02,fresh
2131,gpr_dataset_2131.in,datasets/sam-29/files/gpr_dataset_2131.in,0.2332815692990392,40.951898,36.323547,22.724555,0.13792834081043076,1.3604647011027482,2.6786066875453667,0.02,fresh
2132,gpr_dataset_2132.in,datasets/sam-29/files/gpr_dataset_2132.in,0.4512382625132719,44.554877,26.937507,28.507616,0.073865539792901,1.3270056182542613,2.6134569328265,0.02,fresh
2133,gpr_dataset_2133.in,datasets/sam-29/files/gpr_dataset_2133.in,0.34475705629540393,37.766996,35.640007,26.592997,0.2226421601305047,1.472589681232033,2.618570402598505,0.02,fresh
2134,gpr_dataset_2134.in,datasets/sam-29/files/gpr_dataset_2134.in,0.12684813432513736,43.118021,39.227293,17.654686,0.1359773046866346,1.5532519096088346,2.6747385107209953,0.02,fresh
2135,gpr_dataset_2135.in,datasets/sam-29/files/gpr_dataset_2135.in,0.453599075596246,48.520679,34.080826,17.398495,0.12550310826036354,1.4077059596949346,2.647970361623347,0.02,fresh
2136,gpr_dataset_2136.in,datasets/sam-29/files/gpr_dataset_2136.in,0.15877978149600921,42.728768,39.362284,17.908948,0.2050283313435533,1.3609306221638668,2.654071188702784,0.02,fresh
2137,gpr_dataset_2137.in,datasets/sam-29/files/gpr_dataset_2137.in,0.3071030652247427,42.177796,34.181067,23.641137,0.1265985543735979,1.570084348471179,2.6445804682695937,0.02,fresh
2138,gpr_dataset_2138.in,datasets/sam-29/files/gpr_dataset_2138.in,0.23634656311868724,36.926012,39.230399,23.843589,0.1747254786762702,1.3154431858209075,2.6994510938549237,0.02,fresh
2139,gpr_dataset_2139.in,datasets/sam-29/files/gpr_dataset_2139.in,0.3792525413623208,43.304956,27.888662,28.806382,0.1696287101240365,1.3527567129072393,2.603031944682979,0.02,fresh
2140,gpr_dataset_2140.in,datasets/sam-29/files/gpr_dataset_2140.in,0.4983142922695688,37.945845,33.801725,28.25243,0.12835162917292575,1.4347709443628762,2.6401194317027925,0.02,fresh
2141,gpr_dataset_2141.in,datasets/sam-29/files/gpr_dataset_2141.in,0.18087370803343192,49.059153,34.348966,16.591881,0.11691280409410504,1.3034188178903718,2.63264821406855,0.02,fresh
2142,gpr_dataset_2142.in,datasets/sam-29/files/gpr_dataset_2142.in,0.32059398810188044,41.917852,30.62815,27.453998,0.1864337301605133,1.3909794701874976,2.6832537739566065,0.02,fresh
2143,gpr_dataset_2143.in,datasets/sam-29/files/gpr_dataset_2143.in,0.12926849665361637,47.951287,33.135585,18.913128,0.20536039488455676,1.306449384978304,2.6621143295840066,0.02,fresh
2144,gpr_dataset_2144.in,datasets/sam-29/files/gpr_dataset_2144.in,0.30044163352539055,47.497916,24.721263,27.780821,0.09242322292123797,1.3453742257070407,2.6126419183689613,0.02,fresh
2145,gpr_dataset_2145.in,datasets/sam-29/files/gpr_dataset_2145.in,0.32037136747237926,42.489033,38.806262,18.704705,0.06840875330603313,1.3298517777091312,2.658874755720818,0.02,fresh
2146,gpr_dataset_2146.in,datasets/sam-29/files/gpr_dataset_2146.in,0.1825258783912081,49.0849,34.748376,16.166724,0.135618573848897,1.402005868810473,2.636949008271821,0.02,fresh
2147,gpr_dataset_2147.in,datasets/sam-29/files/gpr_dataset_2147.in,0.2589797415815309,41.205541,37.815313,20.979146,0.09722588250313152,1.3941087677251753,2.6744762619939886,0.02,fresh
2148,gpr_dataset_2148.in,datasets/sam-29/files/gpr_dataset_2148.in,0.12163066197817246,37.373895,38.664462,23.961643,0.0736497662078528,1.4905878393906593,2.6729078542035962,0.02,fresh
2149,gpr_dataset_2149.in,datasets/sam-29/files/gpr_dataset_2149.in,0.2680875781362192,44.381109,28.399171,27.21972,0.11583581156816175,1.3748799608231197,2.654428878149375,0.02,fresh
2150,gpr_dataset_2150.in,datasets/sam-29/files/gpr_dataset_2150.in,0.24881754948701162,47.015983,39.154077,13.82994,0.16906684073239436,1.4301807725005908,2.6979282404849707,0.02,fresh
2151,gpr_dataset_2151.in,datasets/sam-29/files/gpr_dataset_2151.in,0.11639196858390553,44.872484,28.015989,27.111527,0.08393251884242989,1.5611928984023733,2.69612999924243,0.02,fresh
2152,gpr_dataset_2152.in,datasets/sam-29/files/gpr_dataset_2152.in,0.28632086889178376,40.012936,34.409862,25.577202,0.0774918068828193,1.5114038404662269,2.6912056587406648,0.02,fresh
2153,gpr_dataset_2153.in,datasets/sam-29/files/gpr_dataset_2153.in,0.4717884841587454,39.60403,30.674349,29.721621,0.22865251739177722,1.4141083246524069,2.62351615113366,0.02,fresh
2154,gpr_dataset_2154.in,datasets/sam-29/files/gpr_dataset_2154.in,0.15188224168458397,45.661019,29.620111,24.71887,0.060381698833052715,1.584955814941855,2.6089689223010124,0.02,fresh
2155,gpr_dataset_2155.in,datasets/sam-29/files/gpr_dataset_2155.in,0.3755955118994133,41.749231,33.315871,24.934898,0.2221990193294932,1.4875838118483367,2.631424821879224,0.02,fresh
2156,gpr_dataset_2156.in,datasets/sam-29/files/gpr_dataset_2156.in,0.19695459840105367,41.303297,34.649798,24.046905,0.09904847222330862,1.5477361955173068,2.667215956351448,0.02,fresh
2157,gpr_dataset_2157.in,datasets/sam-29/files/gpr_dataset_2157.in,0.3272748370323916,37.773233,36.395387,25.83138,0.12253658775879304,1.566705530173173,2.661310008778461,0.02,fresh
2158,gpr_dataset_2158.in,datasets/sam-29/files/gpr_dataset_2158.in,0.13889714066457803,39.121566,32.92005,27.958384,0.13619274877031762,1.391003859922717,2.634224080032603,0.02,fresh
2159,gpr_dataset_2159.in,datasets/sam-29/files/gpr_dataset_2159.in,0.45430272040490727,49.182652,28.803185,22.014163,0.14846895828886014,1.4287778982442887,2.659501938052322,0.02,fresh
2160,gpr_dataset_2160.in,datasets/sam-29/files/gpr_dataset_2160.in,0.3748910554220126,46.524539,37.263871,16.21159,0.15769370294948762,1.547843821574889,2.6885344466178895,0.02,fresh
2161,gpr_dataset_2161.in,datasets/sam-29/files/gpr_dataset_2161.in,0.4041525138764851,41.405375,34.893727,23.700898,0.1163814962153492,1.532749861085311,2.668052719436431,0.02,fresh
2162,gpr_dataset_2162.in,datasets/sam-29/files/gpr_dataset_2162.in,0.10685292874895778,47.665024,31.935738,20.399238,0.13530145208126854,1.5724273811279081,2.6104841348879995,0.02,fresh
2163,gpr_dataset_2163.in,datasets/sam-29/files/gpr_dataset_2163.in,0.41251851073997237,49.232129,32.022776,18.745095,0.23966811888999273,1.4204661214996228,2.6650002833568855,0.02,fresh
2164,gpr_dataset_2164.in,datasets/sam-29/files/gpr_dataset_2164.in,0.2134688039895798,37.777781,34.891115,27.331104,0.13664221133288557,1.3871314795818652,2.6993371367535803,0.02,fresh
2165,gpr_dataset_2165.in,datasets/sam-29/files/gpr_dataset_2165.in,0.3202276166261261,49.873956,38.098726,12.027318,0.22100670485496243,1.4232412200291433,2.6710299190548463,0.02,fresh
2166,gpr_dataset_2166.in,datasets/sam-29/files/gpr_dataset_2166.in,0.20280023250968016,48.178211,31.517193,20.304596,0.23731411025257226,1.44804527686426,2.6389572512318216,0.02,fresh
2167,gpr_dataset_2167.in,datasets/sam-29/files/gpr_dataset_2167.in,0.27729050286940393,48.353796,32.163116,19.483088,0.16930131301120466,1.3003338372975493,2.638040395872316,0.02,fresh
2168,gpr_dataset_2168.in,datasets/sam-29/files/gpr_dataset_2168.in,0.26636855287959027,48.1465,33.950746,17.902754,0.16499096547058117,1.334866010896605,2.6858278859366247,0.02,fresh
2169,gpr_dataset_2169.in,datasets/sam-29/files/gpr_dataset_2169.in,0.3381304019833715,43.094148,33.092297,23.813555,0.19844954021135652,1.5149815762188497,2.651485364673032,0.02,fresh
2170,gpr_dataset_2170.in,datasets/sam-29/files/gpr_dataset_2170.in,0.325756601767458,43.03867,31.427427,25.533903,0.18188327946044996,1.5073028698554132,2.6636148122056245,0.02,fresh
2171,gpr_dataset_2171.in,datasets/sam-29/files/gpr_dataset_2171.in,0.3185276091551832,42.406567,32.934434,24.658999,0.20903920439649926,1.4424258748130252,2.640260537650941,0.02,fresh
2172,gpr_dataset_2172.in,datasets/sam-29/files/gpr_dataset_2172.in,0.35808226714794933,41.409479,29.785377,28.805144,0.07933700878912747,1.5988181034186213,2.6028453982234536,0.02,fresh
2173,gpr_dataset_2173.in,datasets/sam-29/files/gpr_dataset_2173.in,0.35947638950168204,47.435147,31.941357,20.623496,0.17731285284734244,1.5848959234141022,2.68149717640496,0.02,fresh
2174,gpr_dataset_2174.in,datasets/sam-29/files/gpr_dataset_2174.in,0.1230540156278142,44.325183,31.468985,24.205832,0.08036279248734915,1.5057254954387629,2.6399966154328953,0.02,fresh
2175,gpr_dataset_2175.in,datasets/sam-29/files/gpr_dataset_2175.in,0.2729167978839232,47.581193,34.252344,18.166463,0.11043946233085598,1.503077549640921,2.64259708014223,0.02,fresh
2176,gpr_dataset_2176.in,datasets/sam-29/files/gpr_dataset_2176.in,0.4167101799381284,35.99927,37.290106,26.710624,0.22097468113988666,1.3779412105566686,2.672515544142393,0.02,fresh
2177,gpr_dataset_2177.in,datasets/sam-29/files/gpr_dataset_2177.in,0.1344376105623109,47.088734,39.491099,13.420167,0.10358504966136439,1.5652104617905196,2.6325395031535095,0.02,fresh
2178,gpr_dataset_2178.in,datasets/sam-29/files/gpr_dataset_2178.in,0.3806774157592637,47.641516,24.372288,27.986196,0.10191020124428958,1.3197107441985605,2.6699892161365923,0.02,fresh
2179,gpr_dataset_2179.in,datasets/sam-29/files/gpr_dataset_2179.in,0.41943425282821234,41.732056,34.393933,23.874011,0.10292412832679519,1.507223514777296,2.670193009718669,0.02,fresh
2180,gpr_dataset_2180.in,datasets/sam-29/files/gpr_dataset_2180.in,0.22078579222432856,42.334652,28.425135,29.240213,0.05777503437822205,1.5636082744571151,2.643720374918929,0.02,fresh
2181,gpr_dataset_2181.in,datasets/sam-29/files/gpr_dataset_2181.in,0.18380076023603037,45.02419,30.404631,24.571179,0.0962872775743088,1.5914780575085534,2.6190362909308234,0.02,fresh
2182,gpr_dataset_2182.in,datasets/sam-29/files/gpr_dataset_2182.in,0.1645604280405647,41.479338,31.958647,26.562015,0.13711756849751824,1.4255819925503554,2.6619144619802553,0.02,fresh
2183,gpr_dataset_2183.in,datasets/sam-29/files/gpr_dataset_2183.in,0.2258260599553612,45.343922,29.279983,25.376095,0.08842082610017206,1.5030790303189758,2.616317336581537,0.02,fresh
2184,gpr_dataset_2184.in,datasets/sam-29/files/gpr_dataset_2184.in,0.3069624427579706,40.152487,38.889888,20.957625,0.13771369073927855,1.367957344261423,2.6209599465203453,0.02,fresh
2185,gpr_dataset_2185.in,datasets/sam-29/files/gpr_dataset_2185.in,0.217484315468516,44.363737,33.63193,22.004333,0.15458780839032826,1.3697549639473805,2.6055997242227624,0.02,fresh
2186,gpr_dataset_2186.in,datasets/sam-29/files/gpr_dataset_2186.in,0.10428867088958085,46.280285,37.545602,16.174113,0.12043334430194622,1.5336697373641957,2.6391449567577836,0.02,fresh
2187,gpr_dataset_2187.in,datasets/sam-29/files/gpr_dataset_2187.in,0.1499282390995118,44.132137,35.816834,20.051029,0.17319247196544418,1.402012800608188,2.644426685733323,0.02,fresh
2188,gpr_dataset_2188.in,datasets/sam-29/files/gpr_dataset_2188.in,0.2938492280784886,45.8798,38.808579,15.311621,0.15709879000779403,1.3499382537991969,2.6223532154042615,0.02,fresh
2189,gpr_dataset_2189.in,datasets/sam-29/files/gpr_dataset_2189.in,0.24304534931625255,37.382697,34.949686,27.667617,0.22355276044507233,1.5950458648128165,2.682910260916713,0.02,fresh
2190,gpr_dataset_2190.in,datasets/sam-29/files/gpr_dataset_2190.in,0.10144697744398452,43.08677,38.923725,17.989505,0.0732877852100301,1.3717766447959827,2.616962272695538,0.02,fresh
2191,gpr_dataset_2191.in,datasets/sam-29/files/gpr_dataset_2191.in,0.25647119946879005,46.155678,25.701924,28.142398,0.15840622952374017,1.4493756351342617,2.6881154412080788,0.02,fresh
2192,gpr_dataset_2192.in,datasets/sam-29/files/gpr_dataset_2192.in,0.3465272546905618,33.387582,38.993299,27.619119,0.07223577768486787,1.3301937659816447,2.6732051594906805,0.02,fresh
2193,gpr_dataset_2193.in,datasets/sam-29/files/gpr_dataset_2193.in,0.3050196374652872,38.647583,31.788331,29.564086,0.12174683290375071,1.5161961137369084,2.6581682368026587,0.02,fresh
2194,gpr_dataset_2194.in,datasets/sam-29/files/gpr_dataset_2194.in,0.15173088173526997,44.691683,33.38801,21.920307,0.1333105540315727,1.4012753212558418,2.6197006274898063,0.02,fresh
2195,gpr_dataset_2195.in,datasets/sam-29/files/gpr_dataset_2195.in,0.4196904825620792,43.084072,33.534834,23.381094,0.05527317353343977,1.3311614598699908,2.617102456225612,0.02,fresh
2196,gpr_dataset_2196.in,datasets/sam-29/files/gpr_dataset_2196.in,0.1142438995673957,44.261827,30.475036,25.263137,0.2066546424907394,1.5204572762304531,2.6763468057268573,0.02,fresh
2197,gpr_dataset_2197.in,datasets/sam-29/files/gpr_dataset_2197.in,0.18428775017885557,39.84936,36.877374,23.273266,0.1407679210877362,1.5944878880793412,2.6768831859903037,0.02,fresh
2198,gpr_dataset_2198.in,datasets/sam-29/files/gpr_dataset_2198.in,0.44021220392604166,47.234199,35.311376,17.454425,0.07011583860377167,1.338592845458609,2.603189910746034,0.02,fresh
2199,gpr_dataset_2199.in,datasets/sam-29/files/gpr_dataset_2199.in,0.19152466549121117,45.246717,32.384851,22.368432,0.1583459152612953,1.4791824111508438,2.6184008892676403,0.02,fresh
2200,gpr_dataset_2200.in,datasets/sam-29/files/gpr_dataset_2200.in,0.26665854568571407,47.701324,39.198617,13.100059,0.21337599101179422,1.4919353439158467,2.6325632998279156,0.02,fresh
2201,gpr_dataset_2201.in,datasets/sam-29/files/gpr_dataset_2201.in,0.45104675839878405,41.61743,39.820767,18.561803,0.1341460017233566,1.4781397138146863,2.612548386621964,0.02,fresh
2202,gpr_dataset_2202.in,datasets/sam-29/files/gpr_dataset_2202.in,0.2379092751205481,46.423649,36.424289,17.152062,0.1252818628868103,1.5047550969699472,2.672086587290231,0.02,fresh
2203,gpr_dataset_2203.in,datasets/sam-29/files/gpr_dataset_2203.in,0.2694500041449478,43.679086,29.857221,26.463693,0.10380383115997244,1.514090297115409,2.6359800418873514,0.02,fresh
2204,gpr_dataset_2204.in,datasets/sam-29/files/gpr_dataset_2204.in,0.2655626495649356,36.10845,37.390146,26.501404,0.22427031242234402,1.3904756376473146,2.658045535514159,0.02,fresh
2205,gpr_dataset_2205.in,datasets/sam-29/files/gpr_dataset_2205.in,0.19073527339752203,36.675727,33.959957,29.364316,0.0721555191545773,1.549545965210137,2.609312728129877,0.02,fresh
2206,gpr_dataset_2206.in,datasets/sam-29/files/gpr_dataset_2206.in,0.3772493103272724,49.44826,28.598534,21.953206,0.1874206199261957,1.4939055198491975,2.631600606107374,0.02,fresh
2207,gpr_dataset_2207.in,datasets/sam-29/files/gpr_dataset_2207.in,0.4243571326122355,43.15606,39.017918,17.826022,0.15145137188249871,1.3140104545686266,2.628688022264885,0.02,fresh
2208,gpr_dataset_2208.in,datasets/sam-29/files/gpr_dataset_2208.in,0.2816018613558904,43.520923,28.008421,28.470656,0.23416694981599812,1.3992522066315531,2.658796406257169,0.02,fresh
2209,gpr_dataset_2209.in,datasets/sam-29/files/gpr_dataset_2209.in,0.1952590526857391,49.678446,38.568624,11.75293,0.22879741219093525,1.5464447942627413,2.6093428397841056,0.02,fresh
2210,gpr_dataset_2210.in,datasets/sam-29/files/gpr_dataset_2210.in,0.12393988111618244,47.392158,35.969157,16.638685,0.10384346474617999,1.5659128655397756,2.6772912422010533,0.02,fresh
2211,gpr_dataset_2211.in,datasets/sam-29/files/gpr_dataset_2211.in,0.2656764495926651,49.917866,38.004846,12.077288,0.16342323425953137,1.4200963915052947,2.660096477431068,0.02,fresh
2212,gpr_dataset_2212.in,datasets/sam-29/files/gpr_dataset_2212.in,0.18662262927484582,40.417684,38.642756,20.93956,0.06519388329462597,1.5757897068807385,2.6843778385754034,0.02,fresh
2213,gpr_dataset_2213.in,datasets/sam-29/files/gpr_dataset_2213.in,0.4100087146829765,37.073984,35.593996,27.33202,0.15271419206428974,1.4702947247140323,2.6356469254952213,0.02,fresh
2214,gpr_dataset_2214.in,datasets/sam-29/files/gpr_dataset_2214.in,0.26574946020294876,43.614027,34.439435,21.946538,0.05223248324390606,1.338162384143875,2.6225158616378743,0.02,fresh
2215,gpr_dataset_2215.in,datasets/sam-29/files/gpr_dataset_2215.in,0.19173680743922042,45.42346,37.595558,16.980982,0.10935316072400945,1.5459014839825513,2.6129948128610097,0.02,fresh
2216,gpr_dataset_2216.in,datasets/sam-29/files/gpr_dataset_2216.in,0.13397945568843653,38.823405,34.733361,26.443234,0.19613248932056537,1.5695834055858588,2.650971948504445,0.02,fresh
2217,gpr_dataset_2217.in,datasets/sam-29/files/gpr_dataset_2217.in,0.1309919532499979,43.781525,31.301172,24.917303,0.17145350778936103,1.4750295559788715,2.6777452412608396,0.02,fresh
2218,gpr_dataset_2218.in,datasets/sam-29/files/gpr_dataset_2218.in,0.19279537390190893,42.845876,35.527273,21.626851,0.23761398773423764,1.4818388358050028,2.637579385676068,0.02,fresh
2219,gpr_dataset_2219.in,datasets/sam-29/files/gpr_dataset_2219.in,0.1413104324373504,39.495717,32.239888,28.264395,0.21128540571917603,1.3797924242533823,2.6699450964000073,0.02,fresh
2220,gpr_dataset_2220.in,datasets/sam-29/files/gpr_dataset_2220.in,0.25842373887190995,44.540367,33.563241,21.896392,0.09121568560503218,1.4699231766727578,2.6195900533815872,0.02,fresh
2221,gpr_dataset_2221.in,datasets/sam-29/files/gpr_dataset_2221.in,0.41418778444252236,47.693418,35.662661,16.643921,0.23994457101502487,1.5407320515875498,2.6332686264754295,0.02,fresh
2222,gpr_dataset_2222.in,datasets/sam-29/files/gpr_dataset_2222.in,0.12057826312088893,41.104995,35.808241,23.086764,0.09975551218610224,1.340408588375688,2.6366657879744277,0.02,fresh
2223,gpr_dataset_2223.in,datasets/sam-29/files/gpr_dataset_2223.in,0.4041781556656864,43.977914,33.974484,22.047602,0.09209618138963399,1.3183507919703792,2.605668824496449,0.02,fresh
2224,gpr_dataset_2224.in,datasets/sam-29/files/gpr_dataset_2224.in,0.2791815939314366,48.144105,29.579737,22.276158,0.11067628435125343,1.3445678448154077,2.6097982443442893,0.02,fresh
2225,gpr_dataset_2225.in,datasets/sam-29/files/gpr_dataset_2225.in,0.457287844547828,39.957059,34.171234,25.871707,0.15663681657832654,1.5281300448581545,2.618633047741315,0.02,fresh
2226,gpr_dataset_2226.in,datasets/sam-29/files/gpr_dataset_2226.in,0.25179568179354894,44.127414,28.122455,27.750131,0.10819784033759072,1.524994636059162,2.6652020022142198,0.02,fresh
2227,gpr_dataset_2227.in,datasets/sam-29/files/gpr_dataset_2227.in,0.22205403642150445,47.245818,33.628542,19.12564,0.19560167333058576,1.5567941286016904,2.6030237623244927,0.02,fresh
2228,gpr_dataset_2228.in,datasets/sam-29/files/gpr_dataset_2228.in,0.2038863352215613,45.24218,33.543746,21.214074,0.13378437503606577,1.5059296913299067,2.6742140791379625,0.02,fresh
2229,gpr_dataset_2229.in,datasets/sam-29/files/gpr_dataset_2229.in,0.13337795034785868,36.26126,36.561852,27.176888,0.23048970126933926,1.4046591091364138,2.6122585435551593,0.02,fresh
2230,gpr_dataset_2230.in,datasets/sam-29/files/gpr_dataset_2230.in,0.423826978138771,43.472127,28.241026,28.286847,0.21819358191235422,1.496010450393555,2.661354109629886,0.02,fresh
2231,gpr_dataset_2231.in,datasets/sam-29/files/gpr_dataset_2231.in,0.4378819849524277,40.346787,30.049617,29.603596,0.17159743391456497,1.463458381512532,2.6863449608321437,0.02,fresh
2232,gpr_dataset_2232.in,datasets/sam-29/files/gpr_dataset_2232.in,0.47181850245161994,43.828466,31.890282,24.281252,0.1801451682264259,1.385763946121978,2.691254159330245,0.02,fresh
2233,gpr_dataset_2233.in,datasets/sam-29/files/gpr_dataset_2233.in,0.4638766690722367,46.605152,30.544526,22.850322,0.1398337741446289,1.5949854757548994,2.6747827896363416,0.02,fresh
2234,gpr_dataset_2234.in,datasets/sam-29/files/gpr_dataset_2234.in,0.162681413445131,43.155087,38.909371,17.935542,0.07575946645970316,1.4268858610592683,2.610413791561968,0.02,fresh
2235,gpr_dataset_2235.in,datasets/sam-29/files/gpr_dataset_2235.in,0.10665231679459475,37.323272,33.839813,28.836915,0.10379894909952972,1.3532227379319375,2.608942845038854,0.02,fresh
2236,gpr_dataset_2236.in,datasets/sam-29/files/gpr_dataset_2236.in,0.2993521761423025,42.774254,35.655561,21.570185,0.20806460549615186,1.5743169883344081,2.626233340482572,0.02,fresh
2237,gpr_dataset_2237.in,datasets/sam-29/files/gpr_dataset_2237.in,0.3446658748860387,41.702481,34.238125,24.059394,0.13816537759256767,1.3186320078583853,2.698119851483406,0.02,fresh
2238,gpr_dataset_2238.in,datasets/sam-29/files/gpr_dataset_2238.in,0.2127874733311917,40.566607,36.516984,22.916409,0.0605204751328404,1.4621470805653662,2.674463289023038,0.02,fresh
2239,gpr_dataset_2239.in,datasets/sam-29/files/gpr_dataset_2239.in,0.11989189611263314,46.001086,30.799707,23.199207,0.1625266748333336,1.3513485326378136,2.6101211056598617,0.02,fresh
2240,gpr_dataset_2240.in,datasets/sam-29/files/gpr_dataset_2240.in,0.144749930219025,48.348369,34.390869,17.260762,0.16331087694566504,1.5849115388993726,2.626060879518018,0.02,fresh
2241,gpr_dataset_2241.in,datasets/sam-29/files/gpr_dataset_2241.in,0.1752326495609589,46.625299,32.161793,21.212908,0.23658041451959144,1.3501756135182084,2.695663933115791,0.02,fresh
2242,gpr_dataset_2242.in,datasets/sam-29/files/gpr_dataset_2242.in,0.43956803037110037,37.249778,38.766027,23.984195,0.21233611065069852,1.4574440556828234,2.6219594225005785,0.02,fresh
2243,gpr_dataset_2243.in,datasets/sam-29/files/gpr_dataset_2243.in,0.2321865177746771,43.82729,31.656157,24.516553,0.16603273016498415,1.4093348750899835,2.641715315514638,0.02,fresh
2244,gpr_dataset_2244.in,datasets/sam-29/files/gpr_dataset_2244.in,0.37956449306189266,42.542544,36.553467,20.903989,0.15195116126177927,1.4762699906681662,2.6925379570519072,0.02,fresh
2245,gpr_dataset_2245.in,datasets/sam-29/files/gpr_dataset_2245.in,0.3173915770951027,43.408106,29.702465,26.889429,0.07452728974152992,1.5617152248849864,2.6768406455010583,0.02,fresh
2246,gpr_dataset_2246.in,datasets/sam-29/files/gpr_dataset_2246.in,0.12738452871412775,44.225707,37.634172,18.140121,0.1904791443376797,1.4844936693524573,2.635336740668934,0.02,fresh
2247,gpr_dataset_2247.in,datasets/sam-29/files/gpr_dataset_2247.in,0.36426723407159356,42.625866,30.705584,26.66855,0.15689718539687295,1.4874643706147757,2.6997716874986786,0.02,fresh
2248,gpr_dataset_2248.in,datasets/sam-29/files/gpr_dataset_2248.in,0.4278550555390367,43.865943,35.570002,20.564055,0.11027095364285673,1.5227423816092025,2.6966466775033635,0.02,fresh
2249,gpr_dataset_2249.in,datasets/sam-29/files/gpr_dataset_2249.in,0.38370991973841784,45.738335,39.216192,15.045473,0.1195162114751899,1.5999542989729048,2.681981149577029,0.02,fresh
2250,gpr_dataset_2250.in,datasets/sam-29/files/gpr_dataset_2250.in,0.2490719594402076,44.288493,39.015362,16.696145,0.09307143325910122,1.5004647831005915,2.6426469822664043,0.02,fresh
2251,gpr_dataset_2251.in,datasets/sam-29/files/gpr_dataset_2251.in,0.28047644920551384,44.700979,36.139423,19.159598,0.05846613542501418,1.337181361709151,2.6440632194179052,0.02,fresh
2252,gpr_dataset_2252.in,datasets/sam-29/files/gpr_dataset_2252.in,0.49798989103048286,37.447555,37.430115,25.12233,0.12516055404170506,1.580687157427136,2.621427618518902,0.02,fresh
2253,gpr_dataset_2253.in,datasets/sam-29/files/gpr_dataset_2253.in,0.43749106995783427,48.383493,30.777495,20.839012,0.16915946801178394,1.4140595256973196,2.6053076800409882,0.02,fresh
2254,gpr_dataset_2254.in,datasets/sam-29/files/gpr_dataset_2254.in,0.13022521862826486,36.876472,33.977367,29.146161,0.2079132991296868,1.4973923252367447,2.6608924995311822,0.02,fresh
2255,gpr_dataset_2255.in,datasets/sam-29/files/gpr_dataset_2255.in,0.20019919351436155,49.994591,30.626214,19.379195,0.07439876025805764,1.4059615349100694,2.6681634981105438,0.02,fresh
2256,gpr_dataset_2256.in,datasets/sam-29/files/gpr_dataset_2256.in,0.22935575844526973,43.772573,34.119543,22.107884,0.07332182563950052,1.5920409369511204,2.6114601757288947,0.02,fresh
2257,gpr_dataset_2257.in,datasets/sam-29/files/gpr_dataset_2257.in,0.2407415855798961,47.101415,32.843986,20.054599,0.06994233099382458,1.3549491384549728,2.6897899265380882,0.02,fresh
2258,gpr_dataset_2258.in,datasets/sam-29/files/gpr_dataset_2258.in,0.13375697716899013,45.869672,24.730827,29.399501,0.10025835568489466,1.4820276978444236,2.6213493983010996,0.02,fresh
2259,gpr_dataset_2259.in,datasets/sam-29/files/gpr_dataset_2259.in,0.46680857476544146,43.140739,36.8503,20.008961,0.13821712139882505,1.328737024866408,2.684663483771208,0.02,fresh
2260,gpr_dataset_2260.in,datasets/sam-29/files/gpr_dataset_2260.in,0.12901362583359535,44.294807,29.048584,26.656609,0.16743592533786547,1.35339699070721,2.6541157984329122,0.02,fresh
2261,gpr_dataset_2261.in,datasets/sam-29/files/gpr_dataset_2261.in,0.2247719113040074,45.012,28.83316,26.15484,0.15158439767115506,1.3675593823758716,2.6860309770708866,0.02,fresh
2262,gpr_dataset_2262.in,datasets/sam-29/files/gpr_dataset_2262.in,0.1998324097732076,37.053307,37.635526,25.311167,0.24652668816257212,1.53018390599284,2.6643370548163694,0.02,fresh
2263,gpr_dataset_2263.in,datasets/sam-29/files/gpr_dataset_2263.in,0.23365035140722523,42.564411,33.562856,23.872733,0.058259564821066936,1.4445227398201785,2.691945917201026,0.02,fresh
2264,gpr_dataset_2264.in,datasets/sam-29/files/gpr_dataset_2264.in,0.41642776683447946,37.204645,39.400844,23.394511,0.18098743680042978,1.387547829212052,2.6655353096094934,0.02,fresh
2265,gpr_dataset_2265.in,datasets/sam-29/files/gpr_dataset_2265.in,0.130730048028758,49.930581,33.782187,16.287232,0.2356132170262733,1.595212931755052,2.6712844999988077,0.02,fresh
2266,gpr_dataset_2266.in,datasets/sam-29/files/gpr_dataset_2266.in,0.46214515152656843,48.6659,29.956524,21.377576,0.217577104085867,1.573770043459368,2.690119298109214,0.02,fresh
2267,gpr_dataset_2267.in,datasets/sam-29/files/gpr_dataset_2267.in,0.18462041887132608,43.830403,34.132717,22.03688,0.12402872343571798,1.5028012600099627,2.634897814011748,0.02,fresh
2268,gpr_dataset_2268.in,datasets/sam-29/files/gpr_dataset_2268.in,0.28235922927356716,44.917943,33.972191,21.109866,0.2122894573335134,1.324691422339749,2.635538355493928,0.02,fresh
2269,gpr_dataset_2269.in,datasets/sam-29/files/gpr_dataset_2269.in,0.3774514240889698,47.581313,38.801813,13.616874,0.18670975252432315,1.5529005708133976,2.6354227753930655,0.02,fresh
2270,gpr_dataset_2270.in,datasets/sam-29/files/gpr_dataset_2270.in,0.11035899568860806,38.211432,32.274711,29.513857,0.1840435297602298,1.5140893153531536,2.6123748323828924,0.02,fresh
2271,gpr_dataset_2271.in,datasets/sam-29/files/gpr_dataset_2271.in,0.29803099805694244,38.060517,34.386585,27.552898,0.14175995330041025,1.4057143711631235,2.656436004628691,0.02,fresh
2272,gpr_dataset_2272.in,datasets/sam-29/files/gpr_dataset_2272.in,0.24051652524735131,34.158775,36.229829,29.611396,0.15732245133967,1.4233835745094932,2.6523882724032215,0.02,fresh
2273,gpr_dataset_2273.in,datasets/sam-29/files/gpr_dataset_2273.in,0.1806571841543589,38.419159,36.293865,25.286976,0.2041024331282938,1.4971152896068443,2.6680325730576286,0.02,fresh
2274,gpr_dataset_2274.in,datasets/sam-29/files/gpr_dataset_2274.in,0.43477850443273247,48.942317,32.884921,18.172762,0.05977689439465115,1.3498217704069597,2.6541199664534108,0.02,fresh
2275,gpr_dataset_2275.in,datasets/sam-29/files/gpr_dataset_2275.in,0.25015243005618243,37.988004,35.6174,26.394596,0.07126865417351023,1.5294338042229314,2.68503865517055,0.02,fresh
2276,gpr_dataset_2276.in,datasets/sam-29/files/gpr_dataset_2276.in,0.19001111214479957,47.889487,32.695541,19.414972,0.09004566662313629,1.3508813002572908,2.688549426780596,0.02,fresh
2277,gpr_dataset_2277.in,datasets/sam-29/files/gpr_dataset_2277.in,0.3629861232972551,47.408195,35.404978,17.186827,0.10286726432709192,1.3549700876869766,2.677598575232228,0.02,fresh
2278,gpr_dataset_2278.in,datasets/sam-29/files/gpr_dataset_2278.in,0.4255862065452234,38.413624,37.265858,24.320518,0.14209526345988222,1.320748481131944,2.6711824557841086,0.02,fresh
2279,gpr_dataset_2279.in,datasets/sam-29/files/gpr_dataset_2279.in,0.1303489254203039,36.657538,39.257623,24.084839,0.07593328221454093,1.5553275689177017,2.624237742849579,0.02,fresh
2280,gpr_dataset_2280.in,datasets/sam-29/files/gpr_dataset_2280.in,0.30736484127009556,39.810529,31.933718,28.255753,0.08297042359871315,1.3763795819192821,2.6256397605914863,0.02,fresh
2281,gpr_dataset_2281.in,datasets/sam-29/files/gpr_dataset_2281.in,0.4292426260914377,41.575435,37.05823,21.366335,0.07648818766111798,1.5982771860217282,2.609801420639445,0.02,fresh
2282,gpr_dataset_2282.in,datasets/sam-29/files/gpr_dataset_2282.in,0.15923901628673,44.505563,30.761003,24.733434,0.13398695320777,1.329836799362438,2.6225420697992483,0.02,fresh
2283,gpr_dataset_2283.in,datasets/sam-29/files/gpr_dataset_2283.in,0.22539017156169466,49.661052,26.160292,24.178656,0.06981177227795823,1.5691892389323359,2.6298767540753207,0.02,fresh
2284,gpr_dataset_2284.in,datasets/sam-29/files/gpr_dataset_2284.in,0.45124285126131325,41.794497,39.303753,18.90175,0.07151898803111055,1.312199608199513,2.6420882791033127,0.02,fresh
2285,gpr_dataset_2285.in,datasets/sam-29/files/gpr_dataset_2285.in,0.4034274509049113,42.632647,28.490663,28.87669,0.07809966543281704,1.4917163243349831,2.613813486318769,0.02,fresh
2286,gpr_dataset_2286.in,datasets/sam-29/files/gpr_dataset_2286.in,0.32927962853787573,43.938527,30.051766,26.009707,0.1165422971879156,1.5235602111151192,2.6824230804286633,0.02,fresh
2287,gpr_dataset_2287.in,datasets/sam-29/files/gpr_dataset_2287.in,0.35472315105593044,45.52248,37.173108,17.304412,0.1706652077259994,1.5101674192724246,2.643069190111158,0.02,fresh
2288,gpr_dataset_2288.in,datasets/sam-29/files/gpr_dataset_2288.in,0.26384903824120165,47.944662,35.681612,16.373726,0.1651738158416705,1.475881093255084,2.6741494696091674,0.02,fresh
2289,gpr_dataset_2289.in,datasets/sam-29/files/gpr_dataset_2289.in,0.29805172360184873,43.764619,35.670802,20.564579,0.08182805940567281,1.3329985930629347,2.6912708879711125,0.02,fresh
2290,gpr_dataset_2290.in,datasets/sam-29/files/gpr_dataset_2290.in,0.2851125113076721,34.073984,38.64481,27.281206,0.11429407492942106,1.4860047067015099,2.697745914534034,0.02,fresh
2291,gpr_dataset_2291.in,datasets/sam-29/files/gpr_dataset_2291.in,0.29784195594583707,42.265137,33.014429,24.720434,0.09569733399159033,1.487561025510506,2.6597469805717475,0.02,fresh
2292,gpr_dataset_2292.in,datasets/sam-29/files/gpr_dataset_2292.in,0.3513664212561257,44.318897,33.360393,22.32071,0.10420577449041163,1.5339262764401873,2.6904365058308226,0.02,fresh
2293,gpr_dataset_2293.in,datasets/sam-29/files/gpr_dataset_2293.in,0.23310944195783892,47.028502,28.355661,24.615837,0.22339133821642426,1.3946107847229448,2.675427830108442,0.02,fresh
2294,gpr_dataset_2294.in,datasets/sam-29/files/gpr_dataset_2294.in,0.24978560571586914,48.304565,35.20957,16.485865,0.2124515528795069,1.5619019566994254,2.6607393936249255,0.02,fresh
2295,gpr_dataset_2295.in,datasets/sam-29/files/gpr_dataset_2295.in,0.3957375129728339,37.849698,33.657418,28.492884,0.14180910085877335,1.4478625561014182,2.6817899008613697,0.02,fresh
2296,gpr_dataset_2296.in,datasets/sam-29/files/gpr_dataset_2296.in,0.3477096102948487,49.412254,25.385395,25.202351,0.1576061402661696,1.311105731705263,2.6726660400248923,0.02,fresh
2297,gpr_dataset_2297.in,datasets/sam-29/files/gpr_dataset_2297.in,0.29673303866175127,46.316999,32.688961,20.99404,0.22668660730726337,1.384480547924373,2.6866577751245613,0.02,fresh
2298,gpr_dataset_2298.in,datasets/sam-29/files/gpr_dataset_2298.in,0.46777438567631624,43.323071,26.745073,29.931856,0.22918356975590148,1.5885039369480565,2.678038584068214,0.02,fresh
2299,gpr_dataset_2299.in,datasets/sam-29/files/gpr_dataset_2299.in,0.14000496544009172,40.530018,35.224112,24.24587,0.1130649008337915,1.3937141887029145,2.6994353733753984,0.02,fresh
2300,gpr_dataset_2300.in,datasets/sam-29/files/gpr_dataset_2300.in,0.3863214135530936,34.498381,37.309262,28.192357,0.0933687829457859,1.5567003309996212,2.6944695686949407,0.02,fresh
2301,gpr_dataset_2301.in,datasets/sam-29/files/gpr_dataset_2301.in,0.21695783858099393,35.575666,35.406333,29.018001,0.09034146480788435,1.5367623717499237,2.62438326508607,0.02,fresh
2302,gpr_dataset_2302.in,datasets/sam-29/files/gpr_dataset_2302.in,0.3556746310925899,48.131609,28.252621,23.61577,0.24756392811882721,1.5523217794871655,2.6647208146637213,0.02,fresh
2303,gpr_dataset_2303.in,datasets/sam-29/files/gpr_dataset_2303.in,0.3249138294331366,49.759475,33.598786,16.641739,0.17550045735377806,1.3807921437524642,2.6443117168935757,0.02,fresh
2304,gpr_dataset_2304.in,datasets/sam-29/files/gpr_dataset_2304.in,0.472760598943624,46.639704,35.780006,17.58029,0.12624841414470803,1.5857356193661378,2.6579604686279024,0.02,fresh
2305,gpr_dataset_2305.in,datasets/sam-29/files/gpr_dataset_2305.in,0.13692358596225496,44.136413,27.284393,28.579194,0.0649259214645373,1.4173338633659986,2.6916450001583807,0.02,fresh
2306,gpr_dataset_2306.in,datasets/sam-29/files/gpr_dataset_2306.in,0.36234736945897916,47.89111,24.406826,27.702064,0.15926220168064842,1.584300112080689,2.6971511961397954,0.02,fresh
2307,gpr_dataset_2307.in,datasets/sam-29/files/gpr_dataset_2307.in,0.1764867172404957,43.848612,39.126236,17.025152,0.21426105269979334,1.4459993129334188,2.659588232145378,0.02,fresh
2308,gpr_dataset_2308.in,datasets/sam-29/files/gpr_dataset_2308.in,0.3961483716030574,40.755194,30.371809,28.872997,0.18698731584572492,1.5010536722419732,2.6899771515464925,0.02,fresh
2309,gpr_dataset_2309.in,datasets/sam-29/files/gpr_dataset_2309.in,0.11683432366590721,42.980167,35.024366,21.995467,0.13580016339644202,1.4654468969709744,2.69921866011893,0.02,fresh
2310,gpr_dataset_2310.in,datasets/sam-29/files/gpr_dataset_2310.in,0.36930563525853666,42.470521,35.256264,22.273215,0.0846709954873669,1.317453401060638,2.6822784299544766,0.02,fresh
2311,gpr_dataset_2311.in,datasets/sam-29/files/gpr_dataset_2311.in,0.3959412034848441,45.07209,35.74983,19.17808,0.05915864551491739,1.5939168987396606,2.656684760368857,0.02,fresh
2312,gpr_dataset_2312.in,datasets/sam-29/files/gpr_dataset_2312.in,0.38480984947689323,34.738369,36.084852,29.176779,0.10422313430434954,1.4515010773411359,2.6291389775611522,0.02,fresh
2313,gpr_dataset_2313.in,datasets/sam-29/files/gpr_dataset_2313.in,0.2589653504045933,41.533857,32.699716,25.766427,0.06155191752480987,1.33073172622592,2.649779218788596,0.02,fresh
2314,gpr_dataset_2314.in,datasets/sam-29/files/gpr_dataset_2314.in,0.47044649682006523,42.03655,33.601145,24.362305,0.20101605373374581,1.5103700001949638,2.605007641094122,0.02,fresh
2315,gpr_dataset_2315.in,datasets/sam-29/files/gpr_dataset_2315.in,0.34487376644291146,47.312007,39.481523,13.20647,0.1599140514260134,1.4278807950721852,2.617075105700558,0.02,fresh
2316,gpr_dataset_2316.in,datasets/sam-29/files/gpr_dataset_2316.in,0.20475837334487645,49.171637,23.387532,27.440831,0.24812462143757014,1.3697139214311351,2.6683156237187897,0.02,fresh
2317,gpr_dataset_2317.in,datasets/sam-29/files/gpr_dataset_2317.in,0.3738608563257295,39.990228,30.609145,29.400627,0.13713681386823157,1.4376993363742365,2.6555551684902383,0.02,fresh
2318,gpr_dataset_2318.in,datasets/sam-29/files/gpr_dataset_2318.in,0.24663254173481583,47.89135,37.131898,14.976752,0.19638380756674123,1.5199436685423877,2.693089645720062,0.02,fresh
2319,gpr_dataset_2319.in,datasets/sam-29/files/gpr_dataset_2319.in,0.1640455414968498,48.60961,29.788982,21.601408,0.08359611278967463,1.347755774141945,2.663095788866458,0.02,fresh
2320,gpr_dataset_2320.in,datasets/sam-29/files/gpr_dataset_2320.in,0.31860183872370085,45.539428,37.278685,17.181887,0.05379320919208772,1.5396613178358722,2.678049612343437,0.02,fresh
2321,gpr_dataset_2321.in,datasets/sam-29/files/gpr_dataset_2321.in,0.44094586039463823,37.129844,39.069938,23.800218,0.16140998789893224,1.3012432595508399,2.624555379843175,0.02,fresh
2322,gpr_dataset_2322.in,datasets/sam-29/files/gpr_dataset_2322.in,0.2087892159434429,35.438582,38.758523,25.802895,0.1902548123969519,1.49746527971273,2.6493245396636085,0.02,fresh
2323,gpr_dataset_2323.in,datasets/sam-29/files/gpr_dataset_2323.in,0.191542977897949,40.992313,33.481895,25.525792,0.05548862474920349,1.3714076914846174,2.621492147023939,0.02,fresh
2324,gpr_dataset_2324.in,datasets/sam-29/files/gpr_dataset_2324.in,0.12095345224659115,46.96489,29.622271,23.412839,0.06768821476555589,1.4883888940874304,2.605389188932309,0.02,fresh
2325,gpr_dataset_2325.in,datasets/sam-29/files/gpr_dataset_2325.in,0.11582395827671386,42.330841,31.73133,25.937829,0.22536995456922376,1.4069548786535533,2.6923402807181005,0.02,fresh
2326,gpr_dataset_2326.in,datasets/sam-29/files/gpr_dataset_2326.in,0.17293921695438758,45.691523,36.367827,17.94065,0.133596217421592,1.4435721998740008,2.6882292783832153,0.02,fresh
2327,gpr_dataset_2327.in,datasets/sam-29/files/gpr_dataset_2327.in,0.16863919800114247,43.801987,38.291422,17.906591,0.22883702276985762,1.5078244982412867,2.664756992282852,0.02,fresh
2328,gpr_dataset_2328.in,datasets/sam-29/files/gpr_dataset_2328.in,0.36241427377919255,37.095287,36.207257,26.697456,0.14881367147318958,1.4057629225589308,2.666054454751323,0.02,fresh
2329,gpr_dataset_2329.in,datasets/sam-29/files/gpr_dataset_2329.in,0.2586776758944548,43.146006,33.971862,22.882132,0.1461844216747728,1.3152973763407987,2.613601423389546,0.02,fresh
2330,gpr_dataset_2330.in,datasets/sam-29/files/gpr_dataset_2330.in,0.41321577912213747,45.881049,36.778261,17.34069,0.19767948715223754,1.420237738487106,2.691431405994145,0.02,fresh
2331,gpr_dataset_2331.in,datasets/sam-29/files/gpr_dataset_2331.in,0.22067342297358575,37.777175,34.660734,27.562091,0.15665584539187394,1.5191020062559648,2.616518633050685,0.02,fresh
2332,gpr_dataset_2332.in,datasets/sam-29/files/gpr_dataset_2332.in,0.3269375868506873,44.65774,31.082606,24.259654,0.06918702036573587,1.5786669279732513,2.6392292413636014,0.02,fresh
2333,gpr_dataset_2333.in,datasets/sam-29/files/gpr_dataset_2333.in,0.1731479435774212,41.263751,34.906504,23.829745,0.07463558427102318,1.559298446941603,2.6097476774555366,0.02,fresh
2334,gpr_dataset_2334.in,datasets/sam-29/files/gpr_dataset_2334.in,0.3226010801978253,49.316531,27.507599,23.17587,0.09920621772846341,1.4204569782639866,2.655785959925394,0.02,fresh
2335,gpr_dataset_2335.in,datasets/sam-29/files/gpr_dataset_2335.in,0.2922018614264874,36.39903,37.796328,25.804642,0.09472102438782795,1.3859876355864333,2.6585482591548804,0.02,fresh
2336,gpr_dataset_2336.in,datasets/sam-29/files/gpr_dataset_2336.in,0.3893843651246208,37.931359,36.345002,25.723639,0.17901561518565395,1.4203446509104152,2.6508104285055785,0.02,fresh
2337,gpr_dataset_2337.in,datasets/sam-29/files/gpr_dataset_2337.in,0.45407752069101126,39.752,34.143072,26.104928,0.16534096276257318,1.4347079117565282,2.668062385652742,0.02,fresh
2338,gpr_dataset_2338.in,datasets/sam-29/files/gpr_dataset_2338.in,0.30764926597808195,37.7199,35.533302,26.746798,0.1815429747305099,1.5979852869166913,2.6694032740590714,0.02,fresh
2339,gpr_dataset_2339.in,datasets/sam-29/files/gpr_dataset_2339.in,0.32329470226734214,44.149178,37.686466,18.164356,0.11159166860770671,1.599497153839486,2.6605071758932235,0.02,fresh
2340,gpr_dataset_2340.in,datasets/sam-29/files/gpr_dataset_2340.in,0.19726347771129715,44.970864,34.554056,20.47508,0.11862969071900137,1.507237246066277,2.616294065705496,0.02,fresh
2341,gpr_dataset_2341.in,datasets/sam-29/files/gpr_dataset_2341.in,0.40563298070981335,42.444661,32.771128,24.784211,0.051841745272018264,1.3592049636229182,2.636011832147416,0.02,fresh
2342,gpr_dataset_2342.in,datasets/sam-29/files/gpr_dataset_2342.in,0.2444126863179955,45.531983,28.695697,25.77232,0.19537926174673687,1.484652559301274,2.668733873892334,0.02,fresh
2343,gpr_dataset_2343.in,datasets/sam-29/files/gpr_dataset_2343.in,0.4887262391911499,41.912259,37.077075,21.010666,0.13333107568878022,1.542503705183094,2.6897482839369458,0.02,fresh
2344,gpr_dataset_2344.in,datasets/sam-29/files/gpr_dataset_2344.in,0.3478360591769626,43.676033,35.685418,20.638549,0.16059760005350998,1.3204455519427067,2.666582527100932,0.02,fresh
2345,gpr_dataset_2345.in,datasets/sam-29/files/gpr_dataset_2345.in,0.28946274803619054,40.1341,39.012073,20.853827,0.1805854601482153,1.3921669044986797,2.6963916875494682,0.02,fresh
2346,gpr_dataset_2346.in,datasets/sam-29/files/gpr_dataset_2346.in,0.2552876313074247,44.909867,34.12786,20.962273,0.23286603629851166,1.55891109988336,2.616109057757441,0.02,fresh
2347,gpr_dataset_2347.in,datasets/sam-29/files/gpr_dataset_2347.in,0.4758977688655015,33.0531,38.793149,28.153751,0.05075945478604449,1.470781787611805,2.657381540627001,0.02,fresh
2348,gpr_dataset_2348.in,datasets/sam-29/files/gpr_dataset_2348.in,0.4734963918997338,46.648116,28.099909,25.251975,0.15895814347624462,1.587101920678169,2.6094279085114804,0.02,fresh
2349,gpr_dataset_2349.in,datasets/sam-29/files/gpr_dataset_2349.in,0.25204766660266814,47.13124,37.817902,15.050858,0.1507833640511076,1.3130517507927904,2.6720670074350874,0.02,fresh
2350,gpr_dataset_2350.in,datasets/sam-29/files/gpr_dataset_2350.in,0.14458170260816938,39.014524,35.523595,25.461881,0.12347269524578404,1.323953143801839,2.60557905351254,0.02,fresh
2351,gpr_dataset_2351.in,datasets/sam-29/files/gpr_dataset_2351.in,0.2006625598207711,40.589434,33.669824,25.740742,0.05213908574593993,1.5378768495280202,2.639399407912782,0.02,fresh
2352,gpr_dataset_2352.in,datasets/sam-29/files/gpr_dataset_2352.in,0.4000379248529453,40.009859,36.286769,23.703372,0.1631051343728897,1.3761276935831948,2.657721065869131,0.02,fresh
2353,gpr_dataset_2353.in,datasets/sam-29/files/gpr_dataset_2353.in,0.45832199716880784,40.572616,33.593071,25.834313,0.1885564680585456,1.4018818770213968,2.66687658646866,0.02,fresh
2354,gpr_dataset_2354.in,datasets/sam-29/files/gpr_dataset_2354.in,0.449528909563083,47.375911,33.333674,19.290415,0.15935686330291943,1.4098578703573852,2.6099701106569793,0.02,fresh
2355,gpr_dataset_2355.in,datasets/sam-29/files/gpr_dataset_2355.in,0.17771222296869618,37.816052,32.849752,29.334196,0.19921061790122335,1.5355964892991456,2.660214673241657,0.02,fresh
2356,gpr_dataset_2356.in,datasets/sam-29/files/gpr_dataset_2356.in,0.47505809575368085,40.805965,33.198838,25.995197,0.21638624555340552,1.585310755522391,2.6749442087589475,0.02,fresh
2357,gpr_dataset_2357.in,datasets/sam-29/files/gpr_dataset_2357.in,0.48641291115734475,41.142439,37.247944,21.609617,0.1364258504883371,1.464101067444963,2.646702888432772,0.02,fresh
2358,gpr_dataset_2358.in,datasets/sam-29/files/gpr_dataset_2358.in,0.4652817232086185,41.468245,30.823706,27.708049,0.13048307019300778,1.5505570931858226,2.699595327437263,0.02,fresh
2359,gpr_dataset_2359.in,datasets/sam-29/files/gpr_dataset_2359.in,0.493529297310746,45.249155,30.043235,24.70761,0.24154548879187548,1.3714427072076012,2.6046873845441927,0.02,fresh
2360,gpr_dataset_2360.in,datasets/sam-29/files/gpr_dataset_2360.in,0.24377419589256932,40.196615,30.448724,29.354661,0.0686003330215596,1.3650006758287359,2.6456094804746435,0.02,fresh
2361,gpr_dataset_2361.in,datasets/sam-29/files/gpr_dataset_2361.in,0.4456471908302283,42.332099,32.158859,25.509042,0.18405073577781378,1.5882264629412888,2.68772347994885,0.02,fresh
2362,gpr_dataset_2362.in,datasets/sam-29/files/gpr_dataset_2362.in,0.12068131861639864,47.665962,37.672095,14.661943,0.23562975058311558,1.5855257301858845,2.679197482494586,0.02,fresh
2363,gpr_dataset_2363.in,datasets/sam-29/files/gpr_dataset_2363.in,0.1741350854351952,42.938323,38.388149,18.673528,0.062436334400332055,1.491655030939774,2.6025291923283285,0.02,fresh
2364,gpr_dataset_2364.in,datasets/sam-29/files/gpr_dataset_2364.in,0.38028818530479136,45.640213,37.107496,17.252291,0.20722163395523802,1.4764494121349054,2.692565476941821,0.02,fresh
2365,gpr_dataset_2365.in,datasets/sam-29/files/gpr_dataset_2365.in,0.2743305395644393,41.516369,32.025991,26.45764,0.15049075756818237,1.347820177946104,2.6781509554638467,0.02,fresh
2366,gpr_dataset_2366.in,datasets/sam-29/files/gpr_dataset_2366.in,0.2565360747602799,44.490569,30.172999,25.336432,0.05151082733407937,1.3240879990118546,2.6502071980460786,0.02,fresh
2367,gpr_dataset_2367.in,datasets/sam-29/files/gpr_dataset_2367.in,0.32476738829746643,37.334292,39.024184,23.641524,0.05115189903199831,1.412303977172844,2.6729855833389733,0.02,fresh
2368,gpr_dataset_2368.in,datasets/sam-29/files/gpr_dataset_2368.in,0.10090484028314216,48.861888,38.884997,12.253115,0.08245792490601123,1.4982938065713283,2.6963034269571002,0.02,fresh
2369,gpr_dataset_2369.in,datasets/sam-29/files/gpr_dataset_2369.in,0.23370562769758232,45.406909,34.548896,20.044195,0.1570532317955933,1.5180279546735553,2.6514014361391376,0.02,fresh
2370,gpr_dataset_2370.in,datasets/sam-29/files/gpr_dataset_2370.in,0.342063782488899,46.607868,37.077494,16.314638,0.21900630281275252,1.548218955715357,2.638420477975662,0.02,fresh
2371,gpr_dataset_2371.in,datasets/sam-29/files/gpr_dataset_2371.in,0.30630875605717434,44.92804,33.697338,21.374622,0.17599186929014649,1.5100889635517627,2.6825230274410377,0.02,fresh
2372,gpr_dataset_2372.in,datasets/sam-29/files/gpr_dataset_2372.in,0.47126871496053224,47.652546,25.44904,26.898414,0.10759867118645297,1.4761916000263555,2.681427391296496,0.02,fresh
2373,gpr_dataset_2373.in,datasets/sam-29/files/gpr_dataset_2373.in,0.4155553834372031,48.553265,37.561029,13.885706,0.11882153149176994,1.4337008360860697,2.6379881352938135,0.02,fresh
2374,gpr_dataset_2374.in,datasets/sam-29/files/gpr_dataset_2374.in,0.2957583801980831,41.58127,31.679119,26.739611,0.23802575068241344,1.355217895305677,2.6458613016523196,0.02,fresh
2375,gpr_dataset_2375.in,datasets/sam-29/files/gpr_dataset_2375.in,0.13165520476965914,45.475719,26.620331,27.90395,0.24355471354023656,1.5435791120173332,2.686270220601038,0.02,fresh
2376,gpr_dataset_2376.in,datasets/sam-29/files/gpr_dataset_2376.in,0.29088417078809126,40.815428,35.825404,23.359168,0.23286817045008718,1.5253156931164749,2.634661089753754,0.02,fresh
2377,gpr_dataset_2377.in,datasets/sam-29/files/gpr_dataset_2377.in,0.41940351840884027,38.604235,38.653997,22.741768,0.20208533886197638,1.432192661713487,2.6321968919499974,0.02,fresh
2378,gpr_dataset_2378.in,datasets/sam-29/files/gpr_dataset_2378.in,0.12647303898768347,40.338231,37.721156,21.940613,0.15966667102272913,1.3884287174818741,2.6437531333398776,0.02,fresh
2379,gpr_dataset_2379.in,datasets/sam-29/files/gpr_dataset_2379.in,0.35696525677354984,48.144029,22.586732,29.269239,0.2146594708755044,1.535979862036923,2.6081271297289823,0.02,fresh
2380,gpr_dataset_2380.in,datasets/sam-29/files/gpr_dataset_2380.in,0.17522343824788145,41.411639,35.343294,23.245067,0.061975766457195894,1.487093636090388,2.6253417174949374,0.02,fresh
2381,gpr_dataset_2381.in,datasets/sam-29/files/gpr_dataset_2381.in,0.1694934061620507,44.63398,32.234741,23.131279,0.15754084157908482,1.3295477027664933,2.6732987608190024,0.02,fresh
2382,gpr_dataset_2382.in,datasets/sam-29/files/gpr_dataset_2382.in,0.337212769107637,47.23628,23.675963,29.087757,0.11952478120135637,1.3822205224111253,2.619788981448806,0.02,fresh
2383,gpr_dataset_2383.in,datasets/sam-29/files/gpr_dataset_2383.in,0.495633088836022,46.498325,39.050941,14.450734,0.12599859655967488,1.4330522934427388,2.6980766523518103,0.02,fresh
2384,gpr_dataset_2384.in,datasets/sam-29/files/gpr_dataset_2384.in,0.33361332121692505,42.000711,37.439993,20.559296,0.14354231477097618,1.3619275272530853,2.6997072531351067,0.02,fresh
2385,gpr_dataset_2385.in,datasets/sam-29/files/gpr_dataset_2385.in,0.3029984283890879,37.467971,36.052124,26.479905,0.10630937515893067,1.5836695365212758,2.6938854514269743,0.02,fresh
2386,gpr_dataset_2386.in,datasets/sam-29/files/gpr_dataset_2386.in,0.25531104609773614,42.168078,35.777691,22.054231,0.19507415979606152,1.4324215834590015,2.635280498650042,0.02,fresh
2387,gpr_dataset_2387.in,datasets/sam-29/files/gpr_dataset_2387.in,0.4918052191079103,40.98251,35.265083,23.752407,0.14575517573680158,1.3162352920129767,2.6354532326719884,0.02,fresh
2388,gpr_dataset_2388.in,datasets/sam-29/files/gpr_dataset_2388.in,0.2334409641661579,47.208635,32.388862,20.402503,0.24468439667848196,1.577009393905931,2.6294576109493297,0.02,fresh
2389,gpr_dataset_2389.in,datasets/sam-29/files/gpr_dataset_2389.in,0.19323414429392094,44.367746,32.021259,23.610995,0.08259890322126373,1.3014599831665665,2.6487646957712023,0.02,fresh
2390,gpr_dataset_2390.in,datasets/sam-29/files/gpr_dataset_2390.in,0.12967956050910492,39.635272,36.316843,24.047885,0.15503900536253948,1.3419797953184984,2.6596088964949134,0.02,fresh
2391,gpr_dataset_2391.in,datasets/sam-29/files/gpr_dataset_2391.in,0.35477084193541997,39.447905,39.816162,20.735933,0.12768028025543346,1.4761800970232113,2.696094204176076,0.02,fresh
2392,gpr_dataset_2392.in,datasets/sam-29/files/gpr_dataset_2392.in,0.19316685139163253,41.839711,33.24116,24.919129,0.20295949263466678,1.4847000412865299,2.61829830169593,0.02,fresh
2393,gpr_dataset_2393.in,datasets/sam-29/files/gpr_dataset_2393.in,0.4532106078055096,37.2164,37.627463,25.156137,0.22394635216048037,1.3680197525371307,2.6019932392687317,0.02,fresh
2394,gpr_dataset_2394.in,datasets/sam-29/files/gpr_dataset_2394.in,0.4450902176266379,44.882894,37.657334,17.459772,0.12807170817542612,1.4041358947950824,2.6069374560490997,0.02,fresh
2395,gpr_dataset_2395.in,datasets/sam-29/files/gpr_dataset_2395.in,0.2311569897030542,42.802538,33.560108,23.637354,0.12232309329837217,1.4182156808029172,2.652028892546512,0.02,fresh
2396,gpr_dataset_2396.in,datasets/sam-29/files/gpr_dataset_2396.in,0.46682882051722585,34.83655,35.221816,29.941634,0.2235030243277969,1.3091810102459933,2.651735670339047,0.02,fresh
2397,gpr_dataset_2397.in,datasets/sam-29/files/gpr_dataset_2397.in,0.24431230145045657,47.614847,34.763418,17.621735,0.06148036195739333,1.370827682865274,2.644307495480193,0.02,fresh
2398,gpr_dataset_2398.in,datasets/sam-29/files/gpr_dataset_2398.in,0.3263320233849305,46.363814,33.537291,20.098895,0.19645781407003066,1.3988040847889034,2.6596290079972635,0.02,fresh
2399,gpr_dataset_2399.in,datasets/sam-29/files/gpr_dataset_2399.in,0.4029316673716744,45.083025,30.406528,24.510447,0.11745987978795208,1.38082998959402,2.675200450459627,0.02,fresh
2400,gpr_dataset_2400.in,datasets/sam-29/files/gpr_dataset_2400.in,0.3400531362065753,49.675552,31.79524,18.529208,0.13792914502530662,1.5045258350393325,2.6254313930865316,0.02,fresh
2401,gpr_dataset_2401.in,datasets/sam-29/files/gpr_dataset_2401.in,0.24765820730731125,43.598989,29.261694,27.139317,0.24898113143111994,1.5847452891305776,2.6983506868931704,0.02,fresh
2402,gpr_dataset_2402.in,datasets/sam-29/files/gpr_dataset_2402.in,0.19310631226396435,47.440559,31.960929,20.598512,0.16572881961997776,1.3278962310815072,2.6456982411280636,0.02,fresh
2403,gpr_dataset_2403.in,datasets/sam-29/files/gpr_dataset_2403.in,0.21962339892401875,44.487458,37.094286,18.418256,0.05682129992754097,1.4315594965303013,2.668618998396901,0.02,fresh
2404,gpr_dataset_2404.in,datasets/sam-29/files/gpr_dataset_2404.in,0.3854978977171689,46.044127,37.857853,16.09802,0.21392848398898917,1.4095382941039614,2.6422574776454466,0.02,fresh
2405,gpr_dataset_2405.in,datasets/sam-29/files/gpr_dataset_2405.in,0.2025347189227561,48.486323,23.495351,28.018326,0.1603733187878581,1.4738317872180897,2.6182981509576324,0.02,fresh
2406,gpr_dataset_2406.in,datasets/sam-29/files/gpr_dataset_2406.in,0.39061451152431415,44.094412,33.349257,22.556331,0.15860327953928838,1.4905200347663805,2.6362712995000503,0.02,fresh
2407,gpr_dataset_2407.in,datasets/sam-29/files/gpr_dataset_2407.in,0.3488593307678619,47.847612,37.247091,14.905297,0.10743138745278552,1.413350501710582,2.6312408616499714,0.02,fresh
2408,gpr_dataset_2408.in,datasets/sam-29/files/gpr_dataset_2408.in,0.23278865363853676,32.323301,38.57367,29.103029,0.05896156076327013,1.3538381684036203,2.6125059318488937,0.02,fresh
2409,gpr_dataset_2409.in,datasets/sam-29/files/gpr_dataset_2409.in,0.4044760880375434,39.944822,32.291177,27.764001,0.15998913399086534,1.4206550417452064,2.6416164494167664,0.02,fresh
2410,gpr_dataset_2410.in,datasets/sam-29/files/gpr_dataset_2410.in,0.3261575712152893,40.587257,39.529649,19.883094,0.18287374982961674,1.4815729663825952,2.6522126742667695,0.02,fresh
2411,gpr_dataset_2411.in,datasets/sam-29/files/gpr_dataset_2411.in,0.31253016509999126,43.495677,30.718286,25.786037,0.12239211481363457,1.4916970077218823,2.6215293769789616,0.02,fresh
2412,gpr_dataset_2412.in,datasets/sam-29/files/gpr_dataset_2412.in,0.22641484723118477,36.818616,39.067484,24.1139,0.07307193437091777,1.3269193717620695,2.6411954789781333,0.02,fresh
2413,gpr_dataset_2413.in,datasets/sam-29/files/gpr_dataset_2413.in,0.21502129435740516,45.335305,31.65302,23.011675,0.09652429136975603,1.3760972325767928,2.6838001190304563,0.02,fresh
2414,gpr_dataset_2414.in,datasets/sam-29/files/gpr_dataset_2414.in,0.32000480467349623,47.436932,26.364445,26.198623,0.1957476579172433,1.484573595280943,2.6393554775234325,0.02,fresh
2415,gpr_dataset_2415.in,datasets/sam-29/files/gpr_dataset_2415.in,0.4147715589008506,39.706818,31.771349,28.521833,0.15239006844798408,1.4373947794833524,2.645731679753356,0.02,fresh
2416,gpr_dataset_2416.in,datasets/sam-29/files/gpr_dataset_2416.in,0.3894890323610751,46.957667,27.650853,25.39148,0.11423614137220622,1.4368756226052595,2.6398518633769017,0.02,fresh
2417,gpr_dataset_2417.in,datasets/sam-29/files/gpr_dataset_2417.in,0.1429327512058873,46.679461,33.023321,20.297218,0.171559639571128,1.483933850160824,2.6724847976919364,0.02,fresh
2418,gpr_dataset_2418.in,datasets/sam-29/files/gpr_dataset_2418.in,0.32496950715576306,43.34312,39.19888,17.458,0.1801191909915345,1.5178948240704246,2.6508285551214477,0.02,fresh
2419,gpr_dataset_2419.in,datasets/sam-29/files/gpr_dataset_2419.in,0.20425556235035414,43.296657,33.253673,23.44967,0.19062890607839356,1.411095120860783,2.611929671180341,0.02,fresh
2420,gpr_dataset_2420.in,datasets/sam-29/files/gpr_dataset_2420.in,0.4783105584619829,33.315341,36.889457,29.795202,0.14305185103802087,1.439201745887139,2.6529673657334985,0.02,fresh
2421,gpr_dataset_2421.in,datasets/sam-29/files/gpr_dataset_2421.in,0.19498933192882983,48.101362,32.921517,18.977121,0.1833556220073833,1.3479556514459865,2.625394251418942,0.02,fresh
2422,gpr_dataset_2422.in,datasets/sam-29/files/gpr_dataset_2422.in,0.10927995169318967,44.050395,34.340663,21.608942,0.24180544754199668,1.3969993021912641,2.6443964421041266,0.02,fresh
2423,gpr_dataset_2423.in,datasets/sam-29/files/gpr_dataset_2423.in,0.3414934280776157,46.568877,36.747981,16.683142,0.0788643898072793,1.3542776819246372,2.637906332134322,0.02,fresh
2424,gpr_dataset_2424.in,datasets/sam-29/files/gpr_dataset_2424.in,0.2054717222358692,46.368374,24.861339,28.770287,0.11704766317958587,1.364035078451182,2.6842011257632596,0.02,fresh
2425,gpr_dataset_2425.in,datasets/sam-29/files/gpr_dataset_2425.in,0.34129002193864755,47.050758,36.334116,16.615126,0.07626192354472353,1.3341165124301186,2.6423523530719586,0.02,fresh
2426,gpr_dataset_2426.in,datasets/sam-29/files/gpr_dataset_2426.in,0.3104312487718528,45.265025,28.569523,26.165452,0.09404840087250532,1.5894599551237043,2.673006170067266,0.02,fresh
2427,gpr_dataset_2427.in,datasets/sam-29/files/gpr_dataset_2427.in,0.205682886154258,49.162392,30.420557,20.417051,0.07329971093864843,1.4688482119425843,2.6354374727291336,0.02,fresh
2428,gpr_dataset_2428.in,datasets/sam-29/files/gpr_dataset_2428.in,0.12920431060750262,38.375377,32.275597,29.349026,0.10023115988440222,1.3176973320338596,2.6857208268676964,0.02,fresh
2429,gpr_dataset_2429.in,datasets/sam-29/files/gpr_dataset_2429.in,0.4698912453414229,31.179486,39.187108,29.633406,0.07851718828878738,1.5998407235466832,2.6904259583803407,0.02,fresh
2430,gpr_dataset_2430.in,datasets/sam-29/files/gpr_dataset_2430.in,0.46710964186338655,43.206794,34.181538,22.611668,0.11708386831716776,1.4291879103356466,2.6825531371640987,0.02,fresh
2431,gpr_dataset_2431.in,datasets/sam-29/files/gpr_dataset_2431.in,0.20444338911477306,44.780253,30.542003,24.677744,0.10571496002444092,1.4296665369409074,2.6159055693178126,0.02,fresh
2432,gpr_dataset_2432.in,datasets/sam-29/files/gpr_dataset_2432.in,0.2564397952367742,46.602761,35.123082,18.274157,0.16834309633557615,1.3694924789748795,2.665162434201665,0.02,fresh
2433,gpr_dataset_2433.in,datasets/sam-29/files/gpr_dataset_2433.in,0.10713499231953377,37.136781,35.907745,26.955474,0.11424722496977369,1.4548318404275957,2.6472055284849416,0.02,fresh
2434,gpr_dataset_2434.in,datasets/sam-29/files/gpr_dataset_2434.in,0.3053848845111359,46.931035,28.062238,25.006727,0.050567772467540656,1.5978538434731961,2.638542533058842,0.02,fresh
2435,gpr_dataset_2435.in,datasets/sam-29/files/gpr_dataset_2435.in,0.23005202249654022,41.406152,35.824673,22.769175,0.12559943545402663,1.5367653939109107,2.6189318063796705,0.02,fresh
2436,gpr_dataset_2436.in,datasets/sam-29/files/gpr_dataset_2436.in,0.2576257885446399,43.332157,33.085984,23.581859,0.1719105360713146,1.5827720710635114,2.6232832971862754,0.02,fresh
2437,gpr_dataset_2437.in,datasets/sam-29/files/gpr_dataset_2437.in,0.3197020167016301,43.683355,32.310739,24.005906,0.170669662720673,1.580941701830067,2.6011124237876766,0.02,fresh
2438,gpr_dataset_2438.in,datasets/sam-29/files/gpr_dataset_2438.in,0.3667894133471358,43.690485,28.859899,27.449616,0.06455310397743025,1.4943726227776013,2.6657042612823947,0.02,fresh
2439,gpr_dataset_2439.in,datasets/sam-29/files/gpr_dataset_2439.in,0.12831745106564074,48.858618,24.823749,26.317633,0.19387281676105356,1.565301528773427,2.6747449567934476,0.02,fresh
2440,gpr_dataset_2440.in,datasets/sam-29/files/gpr_dataset_2440.in,0.31215274224707956,47.061788,29.687436,23.250776,0.10053001665979427,1.475504862099803,2.6936707952197216,0.02,fresh
2441,gpr_dataset_2441.in,datasets/sam-29/files/gpr_dataset_2441.in,0.4275407477404459,45.656063,36.242998,18.100939,0.24025999644718843,1.4765456021475947,2.688083651189723,0.02,fresh
2442,gpr_dataset_2442.in,datasets/sam-29/files/gpr_dataset_2442.in,0.10579935083216259,41.939985,30.281098,27.778917,0.06238457721211832,1.3653373786206906,2.6675964010431388,0.02,fresh
2443,gpr_dataset_2443.in,datasets/sam-29/files/gpr_dataset_2443.in,0.10423860527780007,42.575871,32.511466,24.912663,0.22321975897107388,1.5615211522468369,2.6981442628753474,0.02,fresh
2444,gpr_dataset_2444.in,datasets/sam-29/files/gpr_dataset_2444.in,0.35682971454918844,45.397711,37.350369,17.25192,0.22914296667009454,1.5591831796481597,2.63051722645837,0.02,fresh
2445,gpr_dataset_2445.in,datasets/sam-29/files/gpr_dataset_2445.in,0.1764887398164778,48.196334,32.557079,19.246587,0.1297967775344276,1.457372220688137,2.6030625621350425,0.02,fresh
2446,gpr_dataset_2446.in,datasets/sam-29/files/gpr_dataset_2446.in,0.12412003259817724,47.503306,30.962974,21.53372,0.24585226762020934,1.5980361821463467,2.6341784622790865,0.02,fresh
2447,gpr_dataset_2447.in,datasets/sam-29/files/gpr_dataset_2447.in,0.13677955476754808,42.00265,32.655707,25.341643,0.12486457716096405,1.322894095604622,2.6509668965351088,0.02,fresh
2448,gpr_dataset_2448.in,datasets/sam-29/files/gpr_dataset_2448.in,0.19784805474926725,47.749969,30.411316,21.838715,0.1502228710301644,1.448280416631459,2.6382738303981768,0.02,fresh
2449,gpr_dataset_2449.in,datasets/sam-29/files/gpr_dataset_2449.in,0.39092084165215635,37.946299,35.412678,26.641023,0.08538707624255588,1.3588513233270405,2.6972273022154862,0.02,fresh
2450,gpr_dataset_2450.in,datasets/sam-29/files/gpr_dataset_2450.in,0.4084180706278232,49.618938,35.653897,14.727165,0.16999427571769204,1.4845658036417864,2.6119041046490814,0.02,fresh
2451,gpr_dataset_2451.in,datasets/sam-29/files/gpr_dataset_2451.in,0.31090254418865154,44.06175,30.518054,25.420196,0.07184122488095152,1.5909551805899245,2.639494735701413,0.02,fresh
2452,gpr_dataset_2452.in,datasets/sam-29/files/gpr_dataset_2452.in,0.1451630949384145,40.775023,37.571802,21.653175,0.1598084048608554,1.5725449309146593,2.642540542996625,0.02,fresh
2453,gpr_dataset_2453.in,datasets/sam-29/files/gpr_dataset_2453.in,0.48717046519739016,36.594648,38.582001,24.823351,0.21533792783551398,1.3248333797059424,2.617282634832729,0.02,fresh
2454,gpr_dataset_2454.in,datasets/sam-29/files/gpr_dataset_2454.in,0.3560271841025855,43.806294,31.081896,25.11181,0.21746657221143828,1.5073683923409789,2.633409959596775,0.02,fresh
2455,gpr_dataset_2455.in,datasets/sam-29/files/gpr_dataset_2455.in,0.188594371356742,48.280789,36.224936,15.494275,0.10825486928218522,1.3766511711103253,2.6141376155995104,0.02,fresh
2456,gpr_dataset_2456.in,datasets/sam-29/files/gpr_dataset_2456.in,0.4646548370723209,42.266569,39.925046,17.808385,0.19050300407944193,1.5392138145119638,2.638115301644041,0.02,fresh
2457,gpr_dataset_2457.in,datasets/sam-29/files/gpr_dataset_2457.in,0.3063561562950848,42.03219,35.816759,22.151051,0.07607993628336539,1.5854633853008893,2.6778534022589535,0.02,fresh
2458,gpr_dataset_2458.in,datasets/sam-29/files/gpr_dataset_2458.in,0.12414320115685987,35.087521,35.625713,29.286766,0.1323066360830778,1.4297158369659844,2.624532682843059,0.02,fresh
2459,gpr_dataset_2459.in,datasets/sam-29/files/gpr_dataset_2459.in,0.38500676821888924,46.080335,32.779397,21.140268,0.13075246261997103,1.5080953160465413,2.6140691925584054,0.02,fresh
2460,gpr_dataset_2460.in,datasets/sam-29/files/gpr_dataset_2460.in,0.4021785938467196,48.349379,21.865688,29.784933,0.2426368152973863,1.5915033397954206,2.6903428167682177,0.02,fresh
2461,gpr_dataset_2461.in,datasets/sam-29/files/gpr_dataset_2461.in,0.37741105979396217,40.192676,36.339748,23.467576,0.17259615466554046,1.3161692703238377,2.6779895564243836,0.02,fresh
2462,gpr_dataset_2462.in,datasets/sam-29/files/gpr_dataset_2462.in,0.2955860361008614,44.149426,27.204051,28.646523,0.12168818505557247,1.3532586405070943,2.6430927357505793,0.02,fresh
2463,gpr_dataset_2463.in,datasets/sam-29/files/gpr_dataset_2463.in,0.4502415325216734,45.451158,38.052773,16.496069,0.16043022414446442,1.3536567409057632,2.6571678577550673,0.02,fresh
2464,gpr_dataset_2464.in,datasets/sam-29/files/gpr_dataset_2464.in,0.3929578034971545,47.658073,25.46067,26.881257,0.10598472335355368,1.5004326498023572,2.6833550635447514,0.02,fresh
2465,gpr_dataset_2465.in,datasets/sam-29/files/gpr_dataset_2465.in,0.4461228857061934,43.730823,36.224092,20.045085,0.1939218178004573,1.434058053277624,2.6995932525308755,0.02,fresh
2466,gpr_dataset_2466.in,datasets/sam-29/files/gpr_dataset_2466.in,0.29636665708387944,44.490022,34.363884,21.146094,0.08640876111568979,1.3488317547005177,2.6452954969232283,0.02,fresh
2467,gpr_dataset_2467.in,datasets/sam-29/files/gpr_dataset_2467.in,0.2144749041011616,49.751573,30.689575,19.558852,0.16230974704919582,1.4119760215757287,2.6618079844033096,0.02,fresh
2468,gpr_dataset_2468.in,datasets/sam-29/files/gpr_dataset_2468.in,0.3053987186390863,49.223039,33.717455,17.059506,0.07539233975341045,1.5865721774426502,2.648451169476715,0.02,fresh
2469,gpr_dataset_2469.in,datasets/sam-29/files/gpr_dataset_2469.in,0.35413826152704264,48.51345,29.959057,21.527493,0.22519947404009966,1.556301509062256,2.625517914116899,0.02,fresh
2470,gpr_dataset_2470.in,datasets/sam-29/files/gpr_dataset_2470.in,0.3472341325411857,44.479155,30.801168,24.719677,0.058701827242655984,1.3275836603546054,2.681521611233229,0.02,fresh
2471,gpr_dataset_2471.in,datasets/sam-29/files/gpr_dataset_2471.in,0.13591632014659816,40.483782,36.316032,23.200186,0.06235596222701792,1.4748980896881703,2.6773150614991077,0.02,fresh
2472,gpr_dataset_2472.in,datasets/sam-29/files/gpr_dataset_2472.in,0.47693143885097855,46.253359,33.706283,20.040358,0.21682704693153115,1.4795165247302013,2.6290408282275157,0.02,fresh
2473,gpr_dataset_2473.in,datasets/sam-29/files/gpr_dataset_2473.in,0.43625150895657083,42.697936,31.4785,25.823564,0.1733425280368993,1.4722144766963121,2.6796449741842125,0.02,fresh
2474,gpr_dataset_2474.in,datasets/sam-29/files/gpr_dataset_2474.in,0.4155514545543285,43.316498,28.631305,28.052197,0.11919186309305677,1.362619122082498,2.6018721654868506,0.02,fresh
2475,gpr_dataset_2475.in,datasets/sam-29/files/gpr_dataset_2475.in,0.1997920562143469,39.636612,30.375367,29.988021,0.21410502545209403,1.529920981672758,2.6135206327888203,0.02,fresh
2476,gpr_dataset_2476.in,datasets/sam-29/files/gpr_dataset_2476.in,0.2315732002630183,48.360327,38.280633,13.35904,0.2371755691271567,1.3589976910962536,2.652401038373712,0.02,fresh
2477,gpr_dataset_2477.in,datasets/sam-29/files/gpr_dataset_2477.in,0.30176884391376524,38.985077,34.156659,26.858264,0.12433111927201693,1.4129994237339052,2.6120277635414215,0.02,fresh
2478,gpr_dataset_2478.in,datasets/sam-29/files/gpr_dataset_2478.in,0.23093055790049186,42.847482,34.425464,22.727054,0.22767505569953256,1.4391872101246856,2.6454722233360695,0.02,fresh
2479,gpr_dataset_2479.in,datasets/sam-29/files/gpr_dataset_2479.in,0.1974424416042155,41.18169,29.640743,29.177567,0.172792762589862,1.4036361214213082,2.6937630991027315,0.02,fresh
2480,gpr_dataset_2480.in,datasets/sam-29/files/gpr_dataset_2480.in,0.3599033488807013,37.977014,37.126225,24.896761,0.2443864933031472,1.3579068788055058,2.627386703325183,0.02,fresh
2481,gpr_dataset_2481.in,datasets/sam-29/files/gpr_dataset_2481.in,0.15457121247239702,44.94507,28.548034,26.506896,0.15646120307561096,1.4975346135510268,2.6454876756473884,0.02,fresh
2482,gpr_dataset_2482.in,datasets/sam-29/files/gpr_dataset_2482.in,0.34575156525466905,45.716765,25.737752,28.545483,0.14751584458395797,1.48608341106274,2.6941293959945036,0.02,fresh
2483,gpr_dataset_2483.in,datasets/sam-29/files/gpr_dataset_2483.in,0.42140578761110803,39.695556,31.977372,28.327072,0.14132807828263783,1.5696746453995143,2.6769845862595543,0.02,fresh
2484,gpr_dataset_2484.in,datasets/sam-29/files/gpr_dataset_2484.in,0.47686886352940483,35.353057,34.841904,29.805039,0.094982499893965,1.5266004904321608,2.636040258012891,0.02,fresh
2485,gpr_dataset_2485.in,datasets/sam-29/files/gpr_dataset_2485.in,0.41493729270771107,38.743846,36.227304,25.02885,0.24824087881501122,1.4214760607656316,2.6750413108564204,0.02,fresh
2486,gpr_dataset_2486.in,datasets/sam-29/files/gpr_dataset_2486.in,0.19049029401135398,41.099714,29.705543,29.194743,0.07313011129609731,1.437615146791841,2.6934287277405073,0.02,fresh
2487,gpr_dataset_2487.in,datasets/sam-29/files/gpr_dataset_2487.in,0.10407375436085915,49.554801,33.995847,16.449352,0.1767160011008338,1.4737998483454287,2.6090839874647496,0.02,fresh
2488,gpr_dataset_2488.in,datasets/sam-29/files/gpr_dataset_2488.in,0.19070044228793892,38.148837,35.271209,26.579954,0.15907197923939853,1.4871894702381026,2.6010529862724923,0.02,fresh
2489,gpr_dataset_2489.in,datasets/sam-29/files/gpr_dataset_2489.in,0.2061807552753635,49.589572,32.979161,17.431267,0.11596428017029828,1.4000498881345156,2.6999532646090527,0.02,fresh
2490,gpr_dataset_2490.in,datasets/sam-29/files/gpr_dataset_2490.in,0.17430821829357568,42.347182,36.973921,20.678897,0.05493901535323793,1.3260828821442516,2.6965954908631375,0.02,fresh
2491,gpr_dataset_2491.in,datasets/sam-29/files/gpr_dataset_2491.in,0.23162560307327792,41.877847,29.08876,29.033393,0.2496308961177494,1.5885712790382025,2.6124744341537482,0.02,fresh
2492,gpr_dataset_2492.in,datasets/sam-29/files/gpr_dataset_2492.in,0.4522208303560675,46.142948,27.757612,26.09944,0.07057826453148393,1.4059272094140325,2.675318953784019,0.02,fresh
2493,gpr_dataset_2493.in,datasets/sam-29/files/gpr_dataset_2493.in,0.2687818363594268,49.644177,28.883608,21.472215,0.18142330814326396,1.3143426105226095,2.6412694123430067,0.02,fresh
2494,gpr_dataset_2494.in,datasets/sam-29/files/gpr_dataset_2494.in,0.346697384873072,36.702153,35.471297,27.82655,0.10576936732495686,1.38699164126002,2.6847129998978394,0.02,fresh
2495,gpr_dataset_2495.in,datasets/sam-29/files/gpr_dataset_2495.in,0.49673715302344246,40.970358,31.114991,27.914651,0.22631027586499297,1.3716096668022284,2.6829925806260144,0.02,fresh
2496,gpr_dataset_2496.in,datasets/sam-29/files/gpr_dataset_2496.in,0.27327625074053513,46.177142,39.378142,14.444716,0.08341457149530335,1.3071023730703637,2.659632354006776,0.02,fresh
2497,gpr_dataset_2497.in,datasets/sam-29/files/gpr_dataset_2497.in,0.4159360108837975,48.590915,28.37404,23.035045,0.07174052453116292,1.4711393633611018,2.6219807590933963,0.02,fresh
2498,gpr_dataset_2498.in,datasets/sam-29/files/gpr_dataset_2498.in,0.33966993679278745,44.447596,26.324252,29.228152,0.17898079873223594,1.3164133077188023,2.6116152334698617,0.02,fresh
2499,gpr_dataset_2499.in,datasets/sam-29/files/gpr_dataset_2499.in,0.16668591089016993,38.160111,34.681281,27.158608,0.22056840252973892,1.3468128384331282,2.611067229431898,0.02,fresh
2500,gpr_dataset_2500.in,datasets/sam-29/files/gpr_dataset_2500.in,0.268031047788421,38.001255,35.004211,26.994534,0.06875735340592988,1.353043749462356,2.6039962368017338,0.02,fresh
2501,gpr_dataset_2501.in,datasets/sam-29/files/gpr_dataset_2501.in,0.24510344977987591,43.722827,37.204744,19.072429,0.18369898186692196,1.3389395270443993,2.649029261567434,0.02,fresh
2502,gpr_dataset_2502.in,datasets/sam-29/files/gpr_dataset_2502.in,0.4155675397600659,42.631519,29.977541,27.39094,0.053190836348486675,1.5361800697685506,2.655723043174288,0.02,fresh
2503,gpr_dataset_2503.in,datasets/sam-29/files/gpr_dataset_2503.in,0.45607141727776135,49.208771,28.254918,22.536311,0.16016764044235388,1.5261369418129942,2.633454503465685,0.02,fresh
2504,gpr_dataset_2504.in,datasets/sam-29/files/gpr_dataset_2504.in,0.2347840555484497,45.625354,36.473425,17.901221,0.10492580609316818,1.3344956576080813,2.6401397413508243,0.02,fresh
2505,gpr_dataset_2505.in,datasets/sam-29/files/gpr_dataset_2505.in,0.4588841623020431,49.856935,23.939404,26.203661,0.20313047833142744,1.530428966000918,2.6978813427941613,0.02,fresh
2506,gpr_dataset_2506.in,datasets/sam-29/files/gpr_dataset_2506.in,0.24271936973459993,49.033061,33.39288,17.574059,0.10039285650437309,1.3461802842386512,2.616493154973476,0.02,fresh
2507,gpr_dataset_2507.in,datasets/sam-29/files/gpr_dataset_2507.in,0.14272988936920417,44.440513,36.506042,19.053445,0.15042976433018856,1.5543174013763235,2.6382936651089888,0.02,fresh
2508,gpr_dataset_2508.in,datasets/sam-29/files/gpr_dataset_2508.in,0.27007531047661826,49.210952,30.367338,20.42171,0.07109844114574614,1.5647043986409988,2.6844442292612687,0.02,fresh
2509,gpr_dataset_2509.in,datasets/sam-29/files/gpr_dataset_2509.in,0.23097940883830437,46.885317,23.680037,29.434646,0.1861601879966867,1.5288197945615363,2.609455510578093,0.02,fresh
2510,gpr_dataset_2510.in,datasets/sam-29/files/gpr_dataset_2510.in,0.3045456754070148,48.401308,35.568833,16.029859,0.24338400119317455,1.4604340706131094,2.6755743223561557,0.02,fresh
2511,gpr_dataset_2511.in,datasets/sam-29/files/gpr_dataset_2511.in,0.12875946786050319,48.693039,27.178863,24.128098,0.15632195414984132,1.3713300653873315,2.695003133017857,0.02,fresh
2512,gpr_dataset_2512.in,datasets/sam-29/files/gpr_dataset_2512.in,0.28270995175239877,49.709475,24.675575,25.61495,0.06955822881356331,1.3945881309565267,2.691189277925764,0.02,fresh
2513,gpr_dataset_2513.in,datasets/sam-29/files/gpr_dataset_2513.in,0.3864383583741241,41.360799,36.238291,22.40091,0.2252444953955135,1.5377943430278982,2.630022868261087,0.02,fresh
2514,gpr_dataset_2514.in,datasets/sam-29/files/gpr_dataset_2514.in,0.294330423739853,49.963224,30.261647,19.775129,0.16474718486496165,1.5359167137629368,2.62008617005691,0.02,fresh
2515,gpr_dataset_2515.in,datasets/sam-29/files/gpr_dataset_2515.in,0.41398374150066986,40.311821,35.30138,24.386799,0.12398805094117249,1.4539369757982097,2.6081062401656125,0.02,fresh
2516,gpr_dataset_2516.in,datasets/sam-29/files/gpr_dataset_2516.in,0.3305993105224972,44.771335,32.309088,22.919577,0.22949426876269596,1.5970514298826495,2.692093814760881,0.02,fresh
2517,gpr_dataset_2517.in,datasets/sam-29/files/gpr_dataset_2517.in,0.3024451835357522,44.387718,25.815814,29.796468,0.16692868288736412,1.4360644962337303,2.684398222589959,0.02,fresh
2518,gpr_dataset_2518.in,datasets/sam-29/files/gpr_dataset_2518.in,0.20360361806629973,47.455583,29.569753,22.974664,0.24433207725450357,1.377412301326734,2.621506629946107,0.02,fresh
2519,gpr_dataset_2519.in,datasets/sam-29/files/gpr_dataset_2519.in,0.3467723472488174,48.267536,31.0235,20.708964,0.08993915814968512,1.3214949105829419,2.6040448606637345,0.02,fresh
2520,gpr_dataset_2520.in,datasets/sam-29/files/gpr_dataset_2520.in,0.2703540792720579,48.915054,30.558303,20.526643,0.06365433042650617,1.4099016895407899,2.627745903702543,0.02,fresh
2521,gpr_dataset_2521.in,datasets/sam-29/files/gpr_dataset_2521.in,0.21623357247186395,43.297942,30.427737,26.274321,0.17388015856526984,1.3297894778511057,2.62846540114399,0.02,fresh
2522,gpr_dataset_2522.in,datasets/sam-29/files/gpr_dataset_2522.in,0.4534277631251661,37.569745,35.937257,26.492998,0.24784451501602683,1.457976104976943,2.663574414842135,0.02,fresh
2523,gpr_dataset_2523.in,datasets/sam-29/files/gpr_dataset_2523.in,0.11822030640814965,44.776974,26.927465,28.295561,0.21126480882270166,1.3074887915038644,2.682915718787145,0.02,fresh
2524,gpr_dataset_2524.in,datasets/sam-29/files/gpr_dataset_2524.in,0.1299796440410925,42.059146,29.638232,28.302622,0.2379583188137558,1.4861334936557726,2.6215166090581254,0.02,fresh
2525,gpr_dataset_2525.in,datasets/sam-29/files/gpr_dataset_2525.in,0.27618102144211587,40.832364,36.263203,22.904433,0.23000249432381498,1.3549230604028513,2.674728002103264,0.02,fresh
2526,gpr_dataset_2526.in,datasets/sam-29/files/gpr_dataset_2526.in,0.4891516970001266,42.37687,36.801174,20.821956,0.11191242992378925,1.5477201448800704,2.63310634890289,0.02,fresh
2527,gpr_dataset_2527.in,datasets/sam-29/files/gpr_dataset_2527.in,0.4767385243569898,49.464965,34.183358,16.351677,0.12434034976110558,1.5280710791863619,2.695614189534974,0.02,fresh
2528,gpr_dataset_2528.in,datasets/sam-29/files/gpr_dataset_2528.in,0.26260166299152515,40.896902,35.36056,23.742538,0.23176053783447476,1.3584708706883166,2.61299988350354,0.02,fresh
2529,gpr_dataset_2529.in,datasets/sam-29/files/gpr_dataset_2529.in,0.1921821443291013,40.883914,31.083919,28.032167,0.19575503190135418,1.4718274422452422,2.614414397963862,0.02,fresh
2530,gpr_dataset_2530.in,datasets/sam-29/files/gpr_dataset_2530.in,0.2055178968901073,32.923996,39.371479,27.704525,0.2022932435107781,1.35760543781292,2.6914572254894935,0.02,fresh
2531,gpr_dataset_2531.in,datasets/sam-29/files/gpr_dataset_2531.in,0.13499761027713697,46.853293,32.830099,20.316608,0.2269716237026243,1.3197047505416206,2.6979066264348956,0.02,fresh
2532,gpr_dataset_2532.in,datasets/sam-29/files/gpr_dataset_2532.in,0.36178778088870445,35.588242,39.205867,25.205891,0.06814957577794101,1.438630186596415,2.607106722547576,0.02,fresh
2533,gpr_dataset_2533.in,datasets/sam-29/files/gpr_dataset_2533.in,0.1946992500233626,46.601793,37.789438,15.608769,0.17581023950445374,1.4427324804121426,2.6298836657326468,0.02,fresh
2534,gpr_dataset_2534.in,datasets/sam-29/files/gpr_dataset_2534.in,0.250694160132917,39.308918,39.826758,20.864324,0.13433127304826803,1.4254239757433662,2.654040805936505,0.02,fresh
2535,gpr_dataset_2535.in,datasets/sam-29/files/gpr_dataset_2535.in,0.48159877664980977,37.022526,36.006486,26.970988,0.13660150093456871,1.4107088990052685,2.646451827635665,0.02,fresh
2536,gpr_dataset_2536.in,datasets/sam-29/files/gpr_dataset_2536.in,0.23480741290987972,38.856521,34.624816,26.518663,0.07366470512776663,1.597363290198774,2.6972109418933505,0.02,fresh
2537,gpr_dataset_2537.in,datasets/sam-29/files/gpr_dataset_2537.in,0.1618437549591795,41.734979,36.589856,21.675165,0.12244577940219142,1.443459310497891,2.679681099212748,0.02,fresh
2538,gpr_dataset_2538.in,datasets/sam-29/files/gpr_dataset_2538.in,0.3853375275123466,39.676618,33.405425,26.917957,0.16901809338652013,1.4493832348222502,2.6119244712858944,0.02,fresh
2539,gpr_dataset_2539.in,datasets/sam-29/files/gpr_dataset_2539.in,0.44922158617609986,40.689653,36.814418,22.495929,0.0847156716079029,1.3584614518567855,2.6067491075710283,0.02,fresh
2540,gpr_dataset_2540.in,datasets/sam-29/files/gpr_dataset_2540.in,0.47120137911871685,39.610474,32.83568,27.553846,0.20341874721766207,1.5075167944809436,2.6822700456819373,0.02,fresh
2541,gpr_dataset_2541.in,datasets/sam-29/files/gpr_dataset_2541.in,0.23365078647440832,44.698724,29.257587,26.043689,0.2440563928975233,1.5390944854921327,2.659092075840029,0.02,fresh
2542,gpr_dataset_2542.in,datasets/sam-29/files/gpr_dataset_2542.in,0.1656744883049353,41.447925,38.957442,19.594633,0.14759250147340197,1.5319665992353102,2.6544800559098043,0.02,fresh
2543,gpr_dataset_2543.in,datasets/sam-29/files/gpr_dataset_2543.in,0.29954591924877905,48.68745,26.645017,24.667533,0.16947434297713715,1.551603984172018,2.6563397119575076,0.02,fresh
2544,gpr_dataset_2544.in,datasets/sam-29/files/gpr_dataset_2544.in,0.2343588845087056,43.726761,39.245454,17.027785,0.07320507627467705,1.3633433297551294,2.6667614107042854,0.02,fresh
2545,gpr_dataset_2545.in,datasets/sam-29/files/gpr_dataset_2545.in,0.2596413429577149,47.642864,32.13509,20.222046,0.2006676659045843,1.3315966955264273,2.6029070298309227,0.02,fresh
2546,gpr_dataset_2546.in,datasets/sam-29/files/gpr_dataset_2546.in,0.44990449176756797,46.514373,23.916747,29.56888,0.08368150127470045,1.3025057233462904,2.63045616566312,0.02,fresh
2547,gpr_dataset_2547.in,datasets/sam-29/files/gpr_dataset_2547.in,0.3928002616795052,33.881295,37.271821,28.846884,0.13877527212333773,1.5113823389543404,2.667863337524617,0.02,fresh
2548,gpr_dataset_2548.in,datasets/sam-29/files/gpr_dataset_2548.in,0.35758120270616833,48.526342,35.884005,15.589653,0.19095451713303407,1.3678154909578355,2.612040186794548,0.02,fresh
2549,gpr_dataset_2549.in,datasets/sam-29/files/gpr_dataset_2549.in,0.30007271046792133,39.598245,33.527425,26.87433,0.21361396053159526,1.323845138470953,2.686163397273624,0.02,fresh
2550,gpr_dataset_2550.in,datasets/sam-29/files/gpr_dataset_2550.in,0.4104843144088387,42.11851,34.147342,23.734148,0.16498120155633555,1.5754163206444272,2.620868518733846,0.02,fresh
2551,gpr_dataset_2551.in,datasets/sam-29/files/gpr_dataset_2551.in,0.49214353186988546,41.446242,37.189213,21.364545,0.21353740077547084,1.371257400530614,2.641551146722429,0.02,fresh
2552,gpr_dataset_2552.in,datasets/sam-29/files/gpr_dataset_2552.in,0.11015058576339279,48.148089,23.604892,28.247019,0.18861842622187946,1.4794887067594071,2.644899548114971,0.02,fresh
2553,gpr_dataset_2553.in,datasets/sam-29/files/gpr_dataset_2553.in,0.38587745173258703,44.43122,35.737728,19.831052,0.1233411194332129,1.3034713444433754,2.6055479039003684,0.02,fresh
2554,gpr_dataset_2554.in,datasets/sam-29/files/gpr_dataset_2554.in,0.465576584928042,43.554425,34.79939,21.646185,0.18296967328110342,1.557655901566243,2.6349222575492752,0.02,fresh
2555,gpr_dataset_2555.in,datasets/sam-29/files/gpr_dataset_2555.in,0.37820213631940425,48.579957,35.723834,15.696209,0.09007125063030973,1.3210010911230945,2.641768799945643,0.02,fresh
2556,gpr_dataset_2556.in,datasets/sam-29/files/gpr_dataset_2556.in,0.3149904421811113,48.275237,24.62563,27.099133,0.1360473307794069,1.4463299228793534,2.6756833739563355,0.02,fresh
2557,gpr_dataset_2557.in,datasets/sam-29/files/gpr_dataset_2557.in,0.23544478248273204,48.693734,30.616647,20.689619,0.18183966562146786,1.4459406260966712,2.654931358023879,0.02,fresh
2558,gpr_dataset_2558.in,datasets/sam-29/files/gpr_dataset_2558.in,0.3249786309146595,47.091825,28.501579,24.406596,0.21061068168299607,1.338111789770608,2.6688304575105173,0.02,fresh
2559,gpr_dataset_2559.in,datasets/sam-29/files/gpr_dataset_2559.in,0.1678459264768794,34.19668,36.677532,29.125788,0.2071621108764144,1.3392160226602439,2.6119287224935,0.02,fresh
2560,gpr_dataset_2560.in,datasets/sam-29/files/gpr_dataset_2560.in,0.23311357478180203,40.57957,34.688968,24.731462,0.167582061123689,1.5035602051417485,2.6839901131047683,0.02,fresh
2561,gpr_dataset_2561.in,datasets/sam-29/files/gpr_dataset_2561.in,0.26944362211088835,44.077873,28.270359,27.651768,0.18894273681582824,1.4679873928836442,2.6660550608015323,0.02,fresh
2562,gpr_dataset_2562.in,datasets/sam-29/files/gpr_dataset_2562.in,0.4930575520408559,38.935145,32.135789,28.929066,0.061635370575286966,1.3973438970280787,2.6135919775453793,0.02,fresh
2563,gpr_dataset_2563.in,datasets/sam-29/files/gpr_dataset_2563.in,0.14421340459950827,40.071854,32.274329,27.653817,0.1634462264996862,1.3523517979485942,2.6104684414061117,0.02,fresh
2564,gpr_dataset_2564.in,datasets/sam-29/files/gpr_dataset_2564.in,0.4665071948649201,43.829528,30.122353,26.048119,0.12412482126579041,1.3066724259571887,2.686960584516447,0.02,fresh
2565,gpr_dataset_2565.in,datasets/sam-29/files/gpr_dataset_2565.in,0.23625893332659734,39.226153,34.665283,26.108564,0.13600590425655137,1.4974334424188047,2.679325270878135,0.02,fresh
2566,gpr_dataset_2566.in,datasets/sam-29/files/gpr_dataset_2566.in,0.46431305063819994,46.02841,38.964577,15.007013,0.15552116985185532,1.4326589933507397,2.638972499152765,0.02,fresh
2567,gpr_dataset_2567.in,datasets/sam-29/files/gpr_dataset_2567.in,0.20988568304161223,37.1297,34.892349,27.977951,0.18522491568829202,1.393829561053838,2.6215458425591835,0.02,fresh
2568,gpr_dataset_2568.in,datasets/sam-29/files/gpr_dataset_2568.in,0.254279247802186,45.694298,36.629097,17.676605,0.09579970649533116,1.3259241488881817,2.6434477044234996,0.02,fresh
2569,gpr_dataset_2569.in,datasets/sam-29/files/gpr_dataset_2569.in,0.32406762937820816,42.01122,29.279278,28.709502,0.2436888977645209,1.5089994731391556,2.6997517284974437,0.02,fresh
2570,gpr_dataset_2570.in,datasets/sam-29/files/gpr_dataset_2570.in,0.11045621585161003,38.143026,35.545261,26.311713,0.145965972706697,1.3494405603783994,2.663949558212118,0.02,fresh
2571,gpr_dataset_2571.in,datasets/sam-29/files/gpr_dataset_2571.in,0.19076930497467448,44.334997,32.841589,22.823414,0.2343531905077761,1.3761043211480462,2.604211330247365,0.02,fresh
2572,gpr_dataset_2572.in,datasets/sam-29/files/gpr_dataset_2572.in,0.15403755711158232,48.175134,37.88239,13.942476,0.13462185779511632,1.4316421149640277,2.663892910899018,0.02,fresh
2573,gpr_dataset_2573.in,datasets/sam-29/files/gpr_dataset_2573.in,0.3507284230758132,38.153414,32.809379,29.037207,0.11165770281945156,1.341509569831043,2.6703750641160884,0.02,fresh
2574,gpr_dataset_2574.in,datasets/sam-29/files/gpr_dataset_2574.in,0.1329359841630566,47.175442,30.161001,22.663557,0.18424074216299907,1.3026160521266115,2.6117258199337066,0.02,fresh
2575,gpr_dataset_2575.in,datasets/sam-29/files/gpr_dataset_2575.in,0.43908288965954845,41.382144,33.356941,25.260915,0.11002114477887069,1.359432233222896,2.6202298271710047,0.02,fresh
2576,gpr_dataset_2576.in,datasets/sam-29/files/gpr_dataset_2576.in,0.41375526920199535,42.118066,33.00427,24.877664,0.09443641065456886,1.5072765166796165,2.6973967939571737,0.02,fresh
2577,gpr_dataset_2577.in,datasets/sam-29/files/gpr_dataset_2577.in,0.46150445354206415,46.499635,27.946193,25.554172,0.1861841955491424,1.444491335366296,2.652846833412173,0.02,fresh
2578,gpr_dataset_2578.in,datasets/sam-29/files/gpr_dataset_2578.in,0.22132409693539695,43.752701,29.663445,26.583854,0.17785033328492528,1.3756071478178478,2.6211218147496527,0.02,fresh
2579,gpr_dataset_2579.in,datasets/sam-29/files/gpr_dataset_2579.in,0.25688232338618866,44.854813,36.23,18.915187,0.0642875618468872,1.4079515970404886,2.6961746033486786,0.02,fresh
2580,gpr_dataset_2580.in,datasets/sam-29/files/gpr_dataset_2580.in,0.21268508153308555,48.326586,28.837586,22.835828,0.1416333314750719,1.3758872866763943,2.6612107761879007,0.02,fresh
2581,gpr_dataset_2581.in,datasets/sam-29/files/gpr_dataset_2581.in,0.33043737882846674,39.585392,36.753244,23.661364,0.10411304229520238,1.4026490661378854,2.632881678093106,0.02,fresh
2582,gpr_dataset_2582.in,datasets/sam-29/files/gpr_dataset_2582.in,0.3025526597891577,42.11323,31.031106,26.855664,0.16001844002681664,1.3083567570124388,2.6301634359975385,0.02,fresh
2583,gpr_dataset_2583.in,datasets/sam-29/files/gpr_dataset_2583.in,0.4954005384117284,39.594033,38.273775,22.132192,0.06789106266867105,1.5676115264848351,2.633036315586715,0.02,fresh
2584,gpr_dataset_2584.in,datasets/sam-29/files/gpr_dataset_2584.in,0.4301920173284143,46.38642,25.500479,28.113101,0.13067346874915134,1.5393604610623064,2.68000058843749,0.02,fresh
2585,gpr_dataset_2585.in,datasets/sam-29/files/gpr_dataset_2585.in,0.39689882663961773,45.830407,36.148256,18.021337,0.1064674524824947,1.4690303114849586,2.6861992163200443,0.02,fresh
2586,gpr_dataset_2586.in,datasets/sam-29/files/gpr_dataset_2586.in,0.1164679954433109,47.937036,25.368121,26.694843,0.13314099147838382,1.3084489791947471,2.6021348767080523,0.02,fresh
2587,gpr_dataset_2587.in,datasets/sam-29/files/gpr_dataset_2587.in,0.3608701409638634,43.330351,27.173727,29.495922,0.06858973022542099,1.37737583176331,2.600971174596345,0.02,fresh
2588,gpr_dataset_2588.in,datasets/sam-29/files/gpr_dataset_2588.in,0.1213128077403951,48.78474,28.915205,22.300055,0.16175356918952416,1.5356353917232781,2.688766483763014,0.02,fresh
2589,gpr_dataset_2589.in,datasets/sam-29/files/gpr_dataset_2589.in,0.35136150658790644,46.66024,39.436775,13.902985,0.1930628398984804,1.3854838588979255,2.651111584669081,0.02,fresh
2590,gpr_dataset_2590.in,datasets/sam-29/files/gpr_dataset_2590.in,0.24524637648951156,46.914207,35.435387,17.650406,0.09546912096217441,1.4978748120456327,2.6735641550548888,0.02,fresh
2591,gpr_dataset_2591.in,datasets/sam-29/files/gpr_dataset_2591.in,0.3094704587688235,49.490679,32.914126,17.595195,0.11256778737065831,1.4723759432398489,2.6184634293312508,0.02,fresh
2592,gpr_dataset_2592.in,datasets/sam-29/files/gpr_dataset_2592.in,0.21491290795573517,44.646312,36.740225,18.613463,0.21781794864879084,1.3796852176213972,2.605904366310873,0.02,fresh
2593,gpr_dataset_2593.in,datasets/sam-29/files/gpr_dataset_2593.in,0.3848035263990549,46.582873,27.581648,25.835479,0.069096020860693,1.3265560346714507,2.6748669630010644,0.02,fresh
2594,gpr_dataset_2594.in,datasets/sam-29/files/gpr_dataset_2594.in,0.1786543985194432,42.189659,33.928914,23.881427,0.09252166050219404,1.3041998785431514,2.6224531088948098,0.02,fresh
2595,gpr_dataset_2595.in,datasets/sam-29/files/gpr_dataset_2595.in,0.41241741942380516,42.996757,34.817817,22.185426,0.13479882793817116,1.5522732105382895,2.696161666568348,0.02,fresh
2596,gpr_dataset_2596.in,datasets/sam-29/files/gpr_dataset_2596.in,0.26126457038311296,44.161949,28.103635,27.734416,0.06781986948685081,1.3578813463259212,2.6258331616343202,0.02,fresh
2597,gpr_dataset_2597.in,datasets/sam-29/files/gpr_dataset_2597.in,0.12100788444645533,43.792576,29.409578,26.797846,0.17692696454287843,1.4059821903388217,2.6947946434778807,0.02,fresh
2598,gpr_dataset_2598.in,datasets/sam-29/files/gpr_dataset_2598.in,0.2731002461034993,40.193238,30.273978,29.532784,0.12962418121137387,1.424900694313415,2.68308189972573,0.02,fresh
2599,gpr_dataset_2599.in,datasets/sam-29/files/gpr_dataset_2599.in,0.16905774848805755,47.17937,35.08123,17.7394,0.10839454140885184,1.4396545853967022,2.6621735619832982,0.02,fresh
2600,gpr_dataset_2600.in,datasets/sam-29/files/gpr_dataset_2600.in,0.2541755679567351,43.59374,37.809517,18.596743,0.10065962515066772,1.4651772149321278,2.667248519274676,0.02,fresh
2601,gpr_dataset_2601.in,datasets/sam-29/files/gpr_dataset_2601.in,0.12846732080564804,47.459214,31.337907,21.202879,0.10236856146607683,1.3838784395577066,2.693514073243356,0.02,fresh
2602,gpr_dataset_2602.in,datasets/sam-29/files/gpr_dataset_2602.in,0.25005544721564943,48.606255,39.055366,12.338379,0.05144886168671166,1.306269758934565,2.6158021058678407,0.02,fresh
2603,gpr_dataset_2603.in,datasets/sam-29/files/gpr_dataset_2603.in,0.18955146387062125,37.119493,33.163385,29.717122,0.07615302453747684,1.523925257367515,2.68380181547815,0.02,fresh
2604,gpr_dataset_2604.in,datasets/sam-29/files/gpr_dataset_2604.in,0.24859173974740548,49.4906,29.937677,20.571723,0.19717371703741704,1.4303234277202477,2.612484721237411,0.02,fresh
2605,gpr_dataset_2605.in,datasets/sam-29/files/gpr_dataset_2605.in,0.10717842433296867,43.62956,39.525255,16.845185,0.134886017443554,1.499160316045025,2.618432047149793,0.02,fresh
2606,gpr_dataset_2606.in,datasets/sam-29/files/gpr_dataset_2606.in,0.37405803007464955,38.758943,33.781456,27.459601,0.13613751284969955,1.4303286098609307,2.692801196708413,0.02,fresh
2607,gpr_dataset_2607.in,datasets/sam-29/files/gpr_dataset_2607.in,0.1363765792054121,44.237088,32.75686,23.006052,0.1877717612200222,1.5701352314183155,2.651149821934354,0.02,fresh
2608,gpr_dataset_2608.in,datasets/sam-29/files/gpr_dataset_2608.in,0.37668986060527965,49.734064,26.179745,24.086191,0.24013760797740952,1.4193185261013972,2.617693533056261,0.02,fresh
2609,gpr_dataset_2609.in,datasets/sam-29/files/gpr_dataset_2609.in,0.3869855484919741,46.909137,28.480712,24.610151,0.18229734026844402,1.5867093516197694,2.6585831514191858,0.02,fresh
2610,gpr_dataset_2610.in,datasets/sam-29/files/gpr_dataset_2610.in,0.25818024868803613,48.193848,30.734628,21.071524,0.24843565813889873,1.32177092345347,2.6193786366023053,0.02,fresh
2611,gpr_dataset_2611.in,datasets/sam-29/files/gpr_dataset_2611.in,0.20513054640610406,46.348635,35.329336,18.322029,0.06265301655163535,1.510098835625835,2.619676156450202,0.02,fresh
2612,gpr_dataset_2612.in,datasets/sam-29/files/gpr_dataset_2612.in,0.22082924495987755,42.941215,32.518484,24.540301,0.10007091626194334,1.476306867031362,2.693731926643915,0.02,fresh
2613,gpr_dataset_2613.in,datasets/sam-29/files/gpr_dataset_2613.in,0.317697650909863,37.925949,39.668993,22.405058,0.12128849031938478,1.4544383665514002,2.6569036102322965,0.02,fresh
2614,gpr_dataset_2614.in,datasets/sam-29/files/gpr_dataset_2614.in,0.3515021108005345,42.18188,31.010581,26.807539,0.22835908459111404,1.3721502552808076,2.613896157950821,0.02,fresh
2615,gpr_dataset_2615.in,datasets/sam-29/files/gpr_dataset_2615.in,0.1492200497247762,35.317271,37.651773,27.030956,0.15827196161961204,1.3313617779982676,2.6113178065814666,0.02,fresh
2616,gpr_dataset_2616.in,datasets/sam-29/files/gpr_dataset_2616.in,0.4990971858896083,43.093177,33.991853,22.91497,0.15857348417853007,1.523033746374296,2.638008950300202,0.02,fresh
2617,gpr_dataset_2617.in,datasets/sam-29/files/gpr_dataset_2617.in,0.27338690424404444,44.176777,33.095155,22.728068,0.07182597778739352,1.4370346722368617,2.66462404594932,0.02,fresh
2618,gpr_dataset_2618.in,datasets/sam-29/files/gpr_dataset_2618.in,0.2730506531521875,45.592098,34.871903,19.535999,0.06872140865932995,1.3435773190651545,2.6252251678399126,0.02,fresh
2619,gpr_dataset_2619.in,datasets/sam-29/files/gpr_dataset_2619.in,0.25301516143638014,42.906542,36.70499,20.388468,0.2258012285368785,1.4726708824459325,2.6810263569892316,0.02,fresh
2620,gpr_dataset_2620.in,datasets/sam-29/files/gpr_dataset_2620.in,0.33572141471051153,47.077226,39.94427,12.978504,0.13955157513961924,1.4679412704120647,2.678477337364885,0.02,fresh
2621,gpr_dataset_2621.in,datasets/sam-29/files/gpr_dataset_2621.in,0.2556982565037059,47.94879,30.456366,21.594844,0.204876573398922,1.3868748112105336,2.6225330331622283,0.02,fresh
2622,gpr_dataset_2622.in,datasets/sam-29/files/gpr_dataset_2622.in,0.3371692414359185,39.579378,36.892889,23.527733,0.11751401178837156,1.4582542199436639,2.684416864125841,0.02,fresh
2623,gpr_dataset_2623.in,datasets/sam-29/files/gpr_dataset_2623.in,0.11353343052922167,43.24899,36.648239,20.102771,0.0908596383750977,1.3619872246279037,2.626020708481078,0.02,fresh
2624,gpr_dataset_2624.in,datasets/sam-29/files/gpr_dataset_2624.in,0.4808795552056051,45.969647,39.609181,14.421172,0.10177921292000125,1.5767128097524845,2.63858319230371,0.02,fresh
2625,gpr_dataset_2625.in,datasets/sam-29/files/gpr_dataset_2625.in,0.21824454249965677,32.00946,39.192591,28.797949,0.08718995748735264,1.5247794048470973,2.6985020564077136,0.02,fresh
2626,gpr_dataset_2626.in,datasets/sam-29/files/gpr_dataset_2626.in,0.3437501211082542,40.338441,35.984812,23.676747,0.11291709157931457,1.3054259052223327,2.6989210505921912,0.02,fresh
2627,gpr_dataset_2627.in,datasets/sam-29/files/gpr_dataset_2627.in,0.12926612224103332,48.682008,39.50655,11.811442,0.15867768919131026,1.4549542917677445,2.6971259428738743,0.02,fresh
2628,gpr_dataset_2628.in,datasets/sam-29/files/gpr_dataset_2628.in,0.3042603128261482,45.266314,30.315604,24.418082,0.23781648521122217,1.3434920105668589,2.628149696617771,0.02,fresh
2629,gpr_dataset_2629.in,datasets/sam-29/files/gpr_dataset_2629.in,0.22381494624542597,45.896667,29.598278,24.505055,0.14303747846902387,1.3916243439448621,2.68325363242055,0.02,fresh
2630,gpr_dataset_2630.in,datasets/sam-29/files/gpr_dataset_2630.in,0.2235802749947049,47.718265,25.402579,26.879156,0.1972157846095995,1.4730167913608563,2.6884992049753063,0.02,fresh
2631,gpr_dataset_2631.in,datasets/sam-29/files/gpr_dataset_2631.in,0.36778517712044556,39.8216,34.093324,26.085076,0.1757476373367493,1.5635185974669945,2.607124022477938,0.02,fresh
2632,gpr_dataset_2632.in,datasets/sam-29/files/gpr_dataset_2632.in,0.3146405159575212,45.368963,37.542022,17.089015,0.08481683001887481,1.3547081841003263,2.681462842118498,0.02,fresh
2633,gpr_dataset_2633.in,datasets/sam-29/files/gpr_dataset_2633.in,0.21939434917453549,42.788431,32.100271,25.111298,0.11026791984758517,1.3866629662695737,2.656023675547169,0.02,fresh
2634,gpr_dataset_2634.in,datasets/sam-29/files/gpr_dataset_2634.in,0.3348122408504063,48.036131,25.739576,26.224293,0.13520097807615733,1.3729238501516272,2.6542361246028716,0.02,fresh
2635,gpr_dataset_2635.in,datasets/sam-29/files/gpr_dataset_2635.in,0.4275901863813919,42.755159,29.773042,27.471799,0.22101565122150485,1.4931173125540065,2.671100674248911,0.02,fresh
2636,gpr_dataset_2636.in,datasets/sam-29/files/gpr_dataset_2636.in,0.24766597308158658,39.01586,39.397951,21.586189,0.053332895347973565,1.439621902511932,2.6130528422724666,0.02,fresh
2637,gpr_dataset_2637.in,datasets/sam-29/files/gpr_dataset_2637.in,0.18272910682789303,44.218304,36.246355,19.535341,0.11011915907124033,1.332680981233157,2.656667901711377,0.02,fresh
2638,gpr_dataset_2638.in,datasets/sam-29/files/gpr_dataset_2638.in,0.1477431516585396,47.024744,29.233766,23.74149,0.18031476974241895,1.371175025180716,2.6724605388252516,0.02,fresh
2639,gpr_dataset_2639.in,datasets/sam-29/files/gpr_dataset_2639.in,0.16645398708371895,49.471018,38.527243,12.001739,0.11562332971916454,1.4047532528293292,2.6923582125057637,0.02,fresh
2640,gpr_dataset_2640.in,datasets/sam-29/files/gpr_dataset_2640.in,0.19596846387173597,34.926113,36.811766,28.262121,0.1806769256415181,1.491614166600657,2.606100830000267,0.02,fresh
2641,gpr_dataset_2641.in,datasets/sam-29/files/gpr_dataset_2641.in,0.4725318446048242,42.41871,30.829395,26.751895,0.1021559363491989,1.5525299182757248,2.6779758973644605,0.02,fresh
2642,gpr_dataset_2642.in,datasets/sam-29/files/gpr_dataset_2642.in,0.4313946889733561,46.111519,35.080483,18.807998,0.20251298154258973,1.4452771355767398,2.601817317102506,0.02,fresh
2643,gpr_dataset_2643.in,datasets/sam-29/files/gpr_dataset_2643.in,0.2679641720714954,40.1314,30.429279,29.439321,0.24736917731818292,1.5155530913425725,2.681226830550285,0.02,fresh
2644,gpr_dataset_2644.in,datasets/sam-29/files/gpr_dataset_2644.in,0.3283461782950565,46.618231,28.192121,25.189648,0.16822554119744715,1.5447289182178081,2.6403448564748655,0.02,fresh
2645,gpr_dataset_2645.in,datasets/sam-29/files/gpr_dataset_2645.in,0.4337877392163113,46.975146,28.20896,24.815894,0.05954118121163632,1.5497786581520265,2.6843161661220516,0.02,fresh
2646,gpr_dataset_2646.in,datasets/sam-29/files/gpr_dataset_2646.in,0.1720099842908574,35.623221,38.305702,26.071077,0.0854935278231936,1.4935569473643415,2.6837289842681957,0.02,fresh
2647,gpr_dataset_2647.in,datasets/sam-29/files/gpr_dataset_2647.in,0.4023629482050042,42.765537,35.196865,22.037598,0.24660636411085596,1.4491101807658409,2.6346865350073365,0.02,fresh
2648,gpr_dataset_2648.in,datasets/sam-29/files/gpr_dataset_2648.in,0.3683745829579572,37.530515,37.451583,25.017902,0.0930904299374771,1.4217821597065727,2.6025758989380017,0.02,fresh
2649,gpr_dataset_2649.in,datasets/sam-29/files/gpr_dataset_2649.in,0.14813667779066805,46.069998,27.160294,26.769708,0.05343446111701433,1.468169015860981,2.669424140837653,0.02,fresh
2650,gpr_dataset_2650.in,datasets/sam-29/files/gpr_dataset_2650.in,0.3954946229961622,47.131862,24.660018,28.20812,0.1936067317831242,1.4758150533112602,2.6054171109530686,0.02,fresh
2651,gpr_dataset_2651.in,datasets/sam-29/files/gpr_dataset_2651.in,0.4093858838796477,39.075369,36.205717,24.718914,0.14187563775785283,1.5047426318583392,2.622402153469701,0.02,fresh
2652,gpr_dataset_2652.in,datasets/sam-29/files/gpr_dataset_2652.in,0.16325720665008375,39.10919,31.292978,29.597832,0.16149836647258844,1.5171852891471267,2.65359863120916,0.02,fresh
2653,gpr_dataset_2653.in,datasets/sam-29/files/gpr_dataset_2653.in,0.4598932564004762,48.300342,33.696939,18.002719,0.09065869011871786,1.466627581023228,2.6131528845951504,0.02,fresh
2654,gpr_dataset_2654.in,datasets/sam-29/files/gpr_dataset_2654.in,0.1268104432627339,45.442722,33.245249,21.312029,0.09335861852740604,1.4127624972265895,2.649971493815713,0.02,fresh
2655,gpr_dataset_2655.in,datasets/sam-29/files/gpr_dataset_2655.in,0.21087853234771364,48.428735,32.060158,19.511107,0.23372755908109238,1.3976778077718077,2.652145026569488,0.02,fresh
2656,gpr_dataset_2656.in,datasets/sam-29/files/gpr_dataset_2656.in,0.21953084928170732,42.987023,37.135344,19.877633,0.24231602329866314,1.5305440670139348,2.633867046621019,0.02,fresh
2657,gpr_dataset_2657.in,datasets/sam-29/files/gpr_dataset_2657.in,0.409670323897228,43.725574,30.637151,25.637275,0.13502834951711667,1.350457993226499,2.609715286007489,0.02,fresh
2658,gpr_dataset_2658.in,datasets/sam-29/files/gpr_dataset_2658.in,0.24778454536900774,44.332137,36.823445,18.844418,0.21419811611011735,1.5106705946016048,2.69437307121902,0.02,fresh
2659,gpr_dataset_2659.in,datasets/sam-29/files/gpr_dataset_2659.in,0.2210403044802196,43.015054,35.008778,21.976168,0.19704502913516192,1.5048132619058263,2.610678492587414,0.02,fresh
2660,gpr_dataset_2660.in,datasets/sam-29/files/gpr_dataset_2660.in,0.4707350007146681,47.85488,33.988933,18.156187,0.06469275202237018,1.4621803323185254,2.6097276503015467,0.02,fresh
2661,gpr_dataset_2661.in,datasets/sam-29/files/gpr_dataset_2661.in,0.16829338734511268,38.019715,33.34781,28.632475,0.10788767189344964,1.3086622489228654,2.6848826373487475,0.02,fresh
2662,gpr_dataset_2662.in,datasets/sam-29/files/gpr_dataset_2662.in,0.4585927955214092,42.930137,33.709974,23.359889,0.08291753549852968,1.3545019768656164,2.6789658490169415,0.02,fresh
2663,gpr_dataset_2663.in,datasets/sam-29/files/gpr_dataset_2663.in,0.45922072520876756,35.779073,35.742565,28.478362,0.12825084779517726,1.4041676484013499,2.6428202680777355,0.02,fresh
2664,gpr_dataset_2664.in,datasets/sam-29/files/gpr_dataset_2664.in,0.4158275111144236,36.065173,34.934517,29.00031,0.12646754364969665,1.4347435672189184,2.6064284794361563,0.02,fresh
2665,gpr_dataset_2665.in,datasets/sam-29/files/gpr_dataset_2665.in,0.21618971034931767,44.687101,27.613166,27.699733,0.08920783961708637,1.4043237926608212,2.60987866586447,0.02,fresh
2666,gpr_dataset_2666.in,datasets/sam-29/files/gpr_dataset_2666.in,0.40849704291724387,48.551392,35.367763,16.080845,0.14225107361198702,1.424332174440998,2.655941969805068,0.02,fresh
2667,gpr_dataset_2667.in,datasets/sam-29/files/gpr_dataset_2667.in,0.2514526338644272,42.386198,34.47576,23.138042,0.24635824480128726,1.5777057469947557,2.692303471252576,0.02,fresh
2668,gpr_dataset_2668.in,datasets/sam-29/files/gpr_dataset_2668.in,0.46806011979254747,40.213189,34.347976,25.438835,0.21418790792340225,1.3181871494930522,2.6314713352501142,0.02,fresh
2669,gpr_dataset_2669.in,datasets/sam-29/files/gpr_dataset_2669.in,0.20611489796143664,41.057508,37.130172,21.81232,0.0761420645639641,1.3632623054335533,2.6018853369505996,0.02,fresh
2670,gpr_dataset_2670.in,datasets/sam-29/files/gpr_dataset_2670.in,0.3004200921476635,44.919039,33.468788,21.612173,0.0782464644571437,1.304244964975904,2.657713272267955,0.02,fresh
2671,gpr_dataset_2671.in,datasets/sam-29/files/gpr_dataset_2671.in,0.36225011222307313,41.177408,31.397325,27.425267,0.21293683316216117,1.5490172603519248,2.6844842057306666,0.02,fresh
2672,gpr_dataset_2672.in,datasets/sam-29/files/gpr_dataset_2672.in,0.18006791669156852,44.220242,28.45726,27.322498,0.056120280142112615,1.5172842804448778,2.6782742971203892,0.02,fresh
2673,gpr_dataset_2673.in,datasets/sam-29/files/gpr_dataset_2673.in,0.4722758311012153,40.596799,35.919461,23.48374,0.15571759527275353,1.4223773230009482,2.6111929218008645,0.02,fresh
2674,gpr_dataset_2674.in,datasets/sam-29/files/gpr_dataset_2674.in,0.30510043788992275,44.748718,35.407485,19.843797,0.22812756372234683,1.5788378248469295,2.675183916770876,0.02,fresh
2675,gpr_dataset_2675.in,datasets/sam-29/files/gpr_dataset_2675.in,0.12816643452926588,47.857387,23.879662,28.262951,0.05052063358150434,1.4941195568244514,2.6695247744396813,0.02,fresh
2676,gpr_dataset_2676.in,datasets/sam-29/files/gpr_dataset_2676.in,0.4986495451503774,47.826127,23.192963,28.98091,0.18580911390680782,1.3607654832961382,2.6392879495926103,0.02,fresh
2677,gpr_dataset_2677.in,datasets/sam-29/files/gpr_dataset_2677.in,0.2832387940681462,42.580558,34.315623,23.103819,0.05050653547299688,1.3200940368282998,2.6919813504755363,0.02,fresh
2678,gpr_dataset_2678.in,datasets/sam-29/files/gpr_dataset_2678.in,0.2675436702799101,45.732688,28.767692,25.49962,0.08792048405646008,1.4342598535338773,2.630323724099217,0.02,fresh
2679,gpr_dataset_2679.in,datasets/sam-29/files/gpr_dataset_2679.in,0.4673511433916612,44.044197,30.023133,25.93267,0.0942359957359683,1.3947154524292755,2.680553745238811,0.02,fresh
2680,gpr_dataset_2680.in,datasets/sam-29/files/gpr_dataset_2680.in,0.19239164271117756,48.669116,25.4203,25.910584,0.09956025902205456,1.3217678946995643,2.6314856982138606,0.02,fresh
2681,gpr_dataset_2681.in,datasets/sam-29/files/gpr_dataset_2681.in,0.4544053963536221,46.287005,38.29315,15.419845,0.24577373294572208,1.387828400121018,2.6057625041874495,0.02,fresh
2682,gpr_dataset_2682.in,datasets/sam-29/files/gpr_dataset_2682.in,0.4320089655726025,46.440278,28.255168,25.304554,0.08381856806637585,1.449102720855614,2.6381094587825946,0.02,fresh
2683,gpr_dataset_2683.in,datasets/sam-29/files/gpr_dataset_2683.in,0.4318831363499218,48.675525,28.55713,22.767345,0.07048093387842123,1.332732105144766,2.6427198635729146,0.02,fresh
2684,gpr_dataset_2684.in,datasets/sam-29/files/gpr_dataset_2684.in,0.41077079197361865,42.557925,29.309084,28.132991,0.21549307642734944,1.3854928845596384,2.694879285447824,0.02,fresh
2685,gpr_dataset_2685.in,datasets/sam-29/files/gpr_dataset_2685.in,0.19396139762254372,37.32248,34.674911,28.002609,0.1266320509078735,1.3227212324228717,2.621765489006518,0.02,fresh
2686,gpr_dataset_2686.in,datasets/sam-29/files/gpr_dataset_2686.in,0.19858930551670168,38.583435,37.758041,23.658524,0.19011955777803585,1.3518263093360408,2.6659088254997396,0.02,fresh
2687,gpr_dataset_2687.in,datasets/sam-29/files/gpr_dataset_2687.in,0.13844929930868322,40.597499,31.024877,28.377624,0.1891707270809589,1.5016804932746186,2.649816041593966,0.02,fresh
2688,gpr_dataset_2688.in,datasets/sam-29/files/gpr_dataset_2688.in,0.26642009141540896,38.774642,37.202849,24.022509,0.1557894716882381,1.5084497170170987,2.6689059859387188,0.02,fresh
2689,gpr_dataset_2689.in,datasets/sam-29/files/gpr_dataset_2689.in,0.3348591578346066,45.326399,29.904081,24.76952,0.12936368676725885,1.5498001214369501,2.6765243297198347,0.02,fresh
2690,gpr_dataset_2690.in,datasets/sam-29/files/gpr_dataset_2690.in,0.4206615521113224,47.658603,36.592905,15.748492,0.11442150626944106,1.5428605918340303,2.678293743116027,0.02,fresh
2691,gpr_dataset_2691.in,datasets/sam-29/files/gpr_dataset_2691.in,0.19532775172250716,45.148459,37.507239,17.344302,0.08898088181544495,1.480075954042293,2.699158218385455,0.02,fresh
2692,gpr_dataset_2692.in,datasets/sam-29/files/gpr_dataset_2692.in,0.4044259463184884,46.885137,25.490218,27.624645,0.23197935696817107,1.5823792723663095,2.665092787337778,0.02,fresh
2693,gpr_dataset_2693.in,datasets/sam-29/files/gpr_dataset_2693.in,0.22648144381079446,43.750819,29.098427,27.150754,0.142787923883416,1.3515052890472283,2.698680801322422,0.02,fresh
2694,gpr_dataset_2694.in,datasets/sam-29/files/gpr_dataset_2694.in,0.34908229497154175,38.835049,35.631369,25.533582,0.07185905649222094,1.4159390868696757,2.66676309586636,0.02,fresh
2695,gpr_dataset_2695.in,datasets/sam-29/files/gpr_dataset_2695.in,0.39365189893534014,48.339519,30.391381,21.2691,0.16501623044937702,1.462980937399546,2.663599772770796,0.02,fresh
2696,gpr_dataset_2696.in,datasets/sam-29/files/gpr_dataset_2696.in,0.11134665225692159,45.7519,29.976075,24.272025,0.15205585759197218,1.414146275892719,2.6484206501359773,0.02,fresh
2697,gpr_dataset_2697.in,datasets/sam-29/files/gpr_dataset_2697.in,0.4079457886827279,47.759253,31.164139,21.076608,0.14549283762588572,1.5604772735816843,2.6233512857215167,0.02,fresh
2698,gpr_dataset_2698.in,datasets/sam-29/files/gpr_dataset_2698.in,0.3204626132272227,48.555288,39.51256,11.932152,0.24979725109433787,1.3578798344481295,2.6178582488802857,0.02,fresh
2699,gpr_dataset_2699.in,datasets/sam-29/files/gpr_dataset_2699.in,0.3826505565539835,46.659266,27.086072,26.254662,0.18720300341956458,1.5689778561028866,2.603341690704778,0.02,fresh
2700,gpr_dataset_2700.in,datasets/sam-29/files/gpr_dataset_2700.in,0.1438528036897512,48.371095,32.65518,18.973725,0.0930075453348026,1.5516232501905263,2.614405266796447,0.02,fresh
2701,gpr_dataset_2701.in,datasets/sam-29/files/gpr_dataset_2701.in,0.2890908567413216,35.288412,39.501822,25.209766,0.22237330967864294,1.5572141942007403,2.661937914468206,0.02,fresh
2702,gpr_dataset_2702.in,datasets/sam-29/files/gpr_dataset_2702.in,0.26940086419875164,34.845551,37.258139,27.89631,0.16929552391000605,1.4472466631918532,2.6140032989006627,0.02,fresh
2703,gpr_dataset_2703.in,datasets/sam-29/files/gpr_dataset_2703.in,0.26730904980344095,38.026608,38.364905,23.608487,0.08917418607498347,1.4640266869841438,2.6367223395972275,0.02,fresh
2704,gpr_dataset_2704.in,datasets/sam-29/files/gpr_dataset_2704.in,0.1253693261258987,39.45626,33.242862,27.300878,0.16905178723332742,1.5056956056880957,2.6022157917438444,0.02,fresh
2705,gpr_dataset_2705.in,datasets/sam-29/files/gpr_dataset_2705.in,0.18474617826139472,45.552785,32.422813,22.024402,0.12086596490688162,1.3668694343064653,2.6997306389277584,0.02,fresh
2706,gpr_dataset_2706.in,datasets/sam-29/files/gpr_dataset_2706.in,0.32789555207057935,48.604672,33.525476,17.869852,0.0814781758635302,1.5958241059942582,2.6815433048511923,0.02,fresh
2707,gpr_dataset_2707.in,datasets/sam-29/files/gpr_dataset_2707.in,0.15967081958429852,42.549553,34.760292,22.690155,0.1444091944107081,1.338851429846433,2.602998642452959,0.02,fresh
2708,gpr_dataset_2708.in,datasets/sam-29/files/gpr_dataset_2708.in,0.4088199314906703,48.927614,25.538956,25.53343,0.22749111491442597,1.5802144286308994,2.600240448135816,0.02,fresh
2709,gpr_dataset_2709.in,datasets/sam-29/files/gpr_dataset_2709.in,0.28772545682229406,33.557879,37.641671,28.80045,0.20677465988674526,1.3973898645857399,2.675668632060355,0.02,fresh
2710,gpr_dataset_2710.in,datasets/sam-29/files/gpr_dataset_2710.in,0.26509646339436355,43.090493,30.557969,26.351538,0.198269452734203,1.4164788518126312,2.6987979133276827,0.02,fresh
2711,gpr_dataset_2711.in,datasets/sam-29/files/gpr_dataset_2711.in,0.1893125364218809,48.681692,36.495423,14.822885,0.23473409916805021,1.48807076104626,2.6470133611518385,0.02,fresh
2712,gpr_dataset_2712.in,datasets/sam-29/files/gpr_dataset_2712.in,0.17254313429327628,48.765067,34.115459,17.119474,0.2257858199829338,1.412771918221647,2.6578404838217256,0.02,fresh
2713,gpr_dataset_2713.in,datasets/sam-29/files/gpr_dataset_2713.in,0.3119347560993071,45.193235,32.6771,22.129665,0.19012053767422732,1.3037148903318883,2.6173447188615224,0.02,fresh
2714,gpr_dataset_2714.in,datasets/sam-29/files/gpr_dataset_2714.in,0.3154391075775148,42.331103,33.993113,23.675784,0.18929684946100034,1.3202987109805826,2.6320365754954413,0.02,fresh
2715,gpr_dataset_2715.in,datasets/sam-29/files/gpr_dataset_2715.in,0.26397847832861865,39.928645,36.064866,24.006489,0.09174030796039878,1.5125583314045505,2.661511026896177,0.02,fresh
2716,gpr_dataset_2716.in,datasets/sam-29/files/gpr_dataset_2716.in,0.38162345087770255,40.994311,35.047673,23.958016,0.23714846687380642,1.4516136364197127,2.6249028045086704,0.02,fresh
2717,gpr_dataset_2717.in,datasets/sam-29/files/gpr_dataset_2717.in,0.4001258595350733,44.944627,33.780836,21.274537,0.21471483191667934,1.3733016756658274,2.6086875982551576,0.02,fresh
2718,gpr_dataset_2718.in,datasets/sam-29/files/gpr_dataset_2718.in,0.19521977351413933,34.869181,35.732663,29.398156,0.24428045233662476,1.3189419928249455,2.623971396607585,0.02,fresh
2719,gpr_dataset_2719.in,datasets/sam-29/files/gpr_dataset_2719.in,0.4121814983539863,44.526506,34.71964,20.753854,0.19055377468165324,1.34400881285489,2.601794963517655,0.02,fresh
2720,gpr_dataset_2720.in,datasets/sam-29/files/gpr_dataset_2720.in,0.2908530022578002,46.709297,30.954647,22.336056,0.24660868099508998,1.4128997167636785,2.6326750344287007,0.02,fresh
2721,gpr_dataset_2721.in,datasets/sam-29/files/gpr_dataset_2721.in,0.446290908627634,47.973587,26.469806,25.556607,0.17776950620013005,1.5023895850431697,2.603944387520326,0.02,fresh
2722,gpr_dataset_2722.in,datasets/sam-29/files/gpr_dataset_2722.in,0.22166389951910467,47.559003,31.255596,21.185401,0.06525412215425548,1.3656512946423613,2.6207152203790596,0.02,fresh
2723,gpr_dataset_2723.in,datasets/sam-29/files/gpr_dataset_2723.in,0.45107506402409026,44.043185,36.590378,19.366437,0.11292502228799424,1.4482643464278808,2.6805023814747093,0.02,fresh
2724,gpr_dataset_2724.in,datasets/sam-29/files/gpr_dataset_2724.in,0.36070458649778825,42.551584,32.971083,24.477333,0.1594792802975075,1.3152577331095192,2.6322676961163443,0.02,fresh
2725,gpr_dataset_2725.in,datasets/sam-29/files/gpr_dataset_2725.in,0.1391667639615157,42.579442,34.22444,23.196118,0.050706733163476896,1.382350930113139,2.6899842683695,0.02,fresh
2726,gpr_dataset_2726.in,datasets/sam-29/files/gpr_dataset_2726.in,0.3279673219326914,41.55026,32.120886,26.328854,0.19202678037010273,1.536530914446578,2.63867247248899,0.02,fresh
2727,gpr_dataset_2727.in,datasets/sam-29/files/gpr_dataset_2727.in,0.36258192859017424,42.745534,31.960363,25.294103,0.2081205171570808,1.374333072238488,2.621648587022271,0.02,fresh
2728,gpr_dataset_2728.in,datasets/sam-29/files/gpr_dataset_2728.in,0.328017182995728,44.37669,35.722336,19.900974,0.08190245614904997,1.3769118949127972,2.6789859767366893,0.02,fresh
2729,gpr_dataset_2729.in,datasets/sam-29/files/gpr_dataset_2729.in,0.3854170106203282,46.959312,31.344417,21.696271,0.2432883598526805,1.4539352334919826,2.6419332684328785,0.02,fresh
2730,gpr_dataset_2730.in,datasets/sam-29/files/gpr_dataset_2730.in,0.18468093057363477,42.758829,29.507033,27.734138,0.16697782338540768,1.3125228960414672,2.636057383089058,0.02,fresh
2731,gpr_dataset_2731.in,datasets/sam-29/files/gpr_dataset_2731.in,0.40392189522463595,44.389886,29.643896,25.966218,0.20303415072908404,1.4898914626362754,2.6431931752717497,0.02,fresh
2732,gpr_dataset_2732.in,datasets/sam-29/files/gpr_dataset_2732.in,0.42179785144812765,49.759598,25.861502,24.3789,0.17314514301635164,1.3913248100225482,2.6490266332974057,0.02,fresh
2733,gpr_dataset_2733.in,datasets/sam-29/files/gpr_dataset_2733.in,0.338144529793232,33.644321,37.557585,28.798094,0.19207325873769432,1.570398994174888,2.6504033354620304,0.02,fresh
2734,gpr_dataset_2734.in,datasets/sam-29/files/gpr_dataset_2734.in,0.1728743254276496,45.096976,29.551123,25.351901,0.23686981209496322,1.3618402137658285,2.6792195841773108,0.02,fresh
2735,gpr_dataset_2735.in,datasets/sam-29/files/gpr_dataset_2735.in,0.3436779936577177,42.477083,38.209313,19.313604,0.18731539466163938,1.5253818891719162,2.633907309744371,0.02,fresh
2736,gpr_dataset_2736.in,datasets/sam-29/files/gpr_dataset_2736.in,0.28262694373975583,44.920075,27.444135,27.63579,0.17853876312809164,1.386507887973805,2.692821827045282,0.02,fresh
2737,gpr_dataset_2737.in,datasets/sam-29/files/gpr_dataset_2737.in,0.20583175863789172,41.013072,34.809863,24.177065,0.20712307255645157,1.467302457150493,2.6546371225311156,0.02,fresh
2738,gpr_dataset_2738.in,datasets/sam-29/files/gpr_dataset_2738.in,0.40525124575170635,38.770885,33.32766,27.901455,0.18066425591289997,1.3273021260492377,2.676673830347424,0.02,fresh
2739,gpr_dataset_2739.in,datasets/sam-29/files/gpr_dataset_2739.in,0.4287294764156411,34.456896,39.749921,25.793183,0.14996315445671007,1.309260732721099,2.644860680869021,0.02,fresh
2740,gpr_dataset_2740.in,datasets/sam-29/files/gpr_dataset_2740.in,0.3634601836158081,46.385512,30.738288,22.8762,0.09097787483064729,1.5497606317347026,2.6177491536134587,0.02,fresh
2741,gpr_dataset_2741.in,datasets/sam-29/files/gpr_dataset_2741.in,0.3898584044408945,44.880113,33.923759,21.196128,0.20220136429156815,1.3654833143672267,2.676760190602682,0.02,fresh
2742,gpr_dataset_2742.in,datasets/sam-29/files/gpr_dataset_2742.in,0.1075827056793048,46.177289,33.115389,20.707322,0.12693882089878172,1.5608985141816605,2.687842961837285,0.02,fresh
2743,gpr_dataset_2743.in,datasets/sam-29/files/gpr_dataset_2743.in,0.4019813699463465,35.068758,38.817658,26.113584,0.24437644894033755,1.5068345278693769,2.6033405775298357,0.02,fresh
2744,gpr_dataset_2744.in,datasets/sam-29/files/gpr_dataset_2744.in,0.11638351190398072,45.594604,33.389391,21.016005,0.07787868052882861,1.3534664902668718,2.6148189143202893,0.02,fresh
2745,gpr_dataset_2745.in,datasets/sam-29/files/gpr_dataset_2745.in,0.48096856634609475,49.196151,30.276501,20.527348,0.2125378608760063,1.409678726102006,2.677768492548214,0.02,fresh
2746,gpr_dataset_2746.in,datasets/sam-29/files/gpr_dataset_2746.in,0.3097602161002019,42.816724,32.137949,25.045327,0.10068678870165418,1.3213118662282373,2.634762939309051,0.02,fresh
2747,gpr_dataset_2747.in,datasets/sam-29/files/gpr_dataset_2747.in,0.3575654465681115,45.841574,29.836404,24.322022,0.13146193232732012,1.4421915637651042,2.615535895218041,0.02,fresh
2748,gpr_dataset_2748.in,datasets/sam-29/files/gpr_dataset_2748.in,0.46757765141405416,43.769956,36.148372,20.081672,0.11285058148501964,1.5353627511508983,2.6465083153455278,0.02,fresh
2749,gpr_dataset_2749.in,datasets/sam-29/files/gpr_dataset_2749.in,0.14862716525885739,37.4614,36.75772,25.78088,0.21360001209403445,1.4414841166828383,2.6632838348547536,0.02,fresh
2750,gpr_dataset_2750.in,datasets/sam-29/files/gpr_dataset_2750.in,0.44367631222826576,47.278393,24.411404,28.310203,0.21426556540939362,1.574485766080906,2.6276270684150336,0.02,fresh
2751,gpr_dataset_2751.in,datasets/sam-29/files/gpr_dataset_2751.in,0.39211515470906,46.863129,36.195896,16.940975,0.1278918153439948,1.4431044179586865,2.687359521952564,0.02,fresh
2752,gpr_dataset_2752.in,datasets/sam-29/files/gpr_dataset_2752.in,0.13365186990191327,44.912595,31.401514,23.685891,0.23495152067482838,1.4516365532136597,2.655203507612156,0.02,fresh
2753,gpr_dataset_2753.in,datasets/sam-29/files/gpr_dataset_2753.in,0.45964250550165486,38.767663,39.783037,21.4493,0.21953745296811938,1.3403919390044279,2.6239176254088363,0.02,fresh
2754,gpr_dataset_2754.in,datasets/sam-29/files/gpr_dataset_2754.in,0.35846021534864514,40.073997,34.067361,25.858642,0.06522150576961892,1.456497366093974,2.6006762736512847,0.02,fresh
2755,gpr_dataset_2755.in,datasets/sam-29/files/gpr_dataset_2755.in,0.4660629795229868,39.023908,36.029484,24.946608,0.06307631047788274,1.3264663721149998,2.64735334928963,0.02,fresh
2756,gpr_dataset_2756.in,datasets/sam-29/files/gpr_dataset_2756.in,0.309921229748358,45.040679,35.352325,19.606996,0.08098460394098005,1.3596190087806777,2.613842788690982,0.02,fresh
2757,gpr_dataset_2757.in,datasets/sam-29/files/gpr_dataset_2757.in,0.4624648869307717,42.344927,31.590442,26.064631,0.11020371833899885,1.3559295048045499,2.670065883504269,0.02,fresh
2758,gpr_dataset_2758.in,datasets/sam-29/files/gpr_dataset_2758.in,0.4286209785403773,43.745633,29.129401,27.124966,0.1786358312266147,1.4452813480212157,2.6334745365483823,0.02,fresh
2759,gpr_dataset_2759.in,datasets/sam-29/files/gpr_dataset_2759.in,0.46543174054231773,39.222084,34.781501,25.996415,0.24178174182291934,1.5397476150029519,2.6625472702637345,0.02,fresh
2760,gpr_dataset_2760.in,datasets/sam-29/files/gpr_dataset_2760.in,0.14409304977634624,40.298104,30.59912,29.102776,0.24628505823611385,1.4017391074288228,2.6986817557661977,0.02,fresh
2761,gpr_dataset_2761.in,datasets/sam-29/files/gpr_dataset_2761.in,0.4481202454708001,48.435456,31.070025,20.494519,0.2092416777082609,1.3029391533411099,2.660463697302122,0.02,fresh
2762,gpr_dataset_2762.in,datasets/sam-29/files/gpr_dataset_2762.in,0.31380994014725316,42.672021,39.475582,17.852397,0.06210568967232009,1.5987629833284096,2.6853985598627657,0.02,fresh
2763,gpr_dataset_2763.in,datasets/sam-29/files/gpr_dataset_2763.in,0.24264061486480798,45.480042,35.65005,18.869908,0.06944715750081124,1.5151415022140968,2.6829611598705303,0.02,fresh
2764,gpr_dataset_2764.in,datasets/sam-29/files/gpr_dataset_2764.in,0.3633784501234435,47.163833,24.073413,28.762754,0.24580424218970776,1.3711816399162686,2.6041105139600247,0.02,fresh
2765,gpr_dataset_2765.in,datasets/sam-29/files/gpr_dataset_2765.in,0.1788663291886787,46.975109,33.322076,19.702815,0.08179513830054405,1.3102684629014199,2.693393277727147,0.02,fresh
2766,gpr_dataset_2766.in,datasets/sam-29/files/gpr_dataset_2766.in,0.3442381872168379,44.666557,26.755212,28.578231,0.1610543414712573,1.4067322330745553,2.6004925983756038,0.02,fresh
2767,gpr_dataset_2767.in,datasets/sam-29/files/gpr_dataset_2767.in,0.18232823524232097,39.042819,38.501696,22.455485,0.0892303577560719,1.4506689163145174,2.639753470266015,0.02,fresh
2768,gpr_dataset_2768.in,datasets/sam-29/files/gpr_dataset_2768.in,0.3467511425647139,49.68257,33.393125,16.924305,0.10143034683787824,1.437866520701577,2.6271953893570736,0.02,fresh
2769,gpr_dataset_2769.in,datasets/sam-29/files/gpr_dataset_2769.in,0.2581083135007397,47.109334,33.799035,19.091631,0.1601226608792681,1.3889468226066812,2.675728649744393,0.02,fresh
2770,gpr_dataset_2770.in,datasets/sam-29/files/gpr_dataset_2770.in,0.3071028869340887,43.102373,37.568486,19.329141,0.16538518627883414,1.5750972335378786,2.6646019332616793,0.02,fresh
2771,gpr_dataset_2771.in,datasets/sam-29/files/gpr_dataset_2771.in,0.2706307097277163,41.706748,38.070102,20.22315,0.15742585600659242,1.3673293233819312,2.655241366018767,0.02,fresh
2772,gpr_dataset_2772.in,datasets/sam-29/files/gpr_dataset_2772.in,0.37362853927037587,36.190089,38.337428,25.472483,0.24221740295149186,1.302230889267981,2.6192757811759297,0.02,fresh
2773,gpr_dataset_2773.in,datasets/sam-29/files/gpr_dataset_2773.in,0.41889493086559126,46.673485,32.141142,21.185373,0.18908487906349075,1.468318680371032,2.677637780023604,0.02,fresh
2774,gpr_dataset_2774.in,datasets/sam-29/files/gpr_dataset_2774.in,0.14211356162173808,38.184142,32.941735,28.874123,0.09003316319942654,1.525267257411634,2.6936561390466904,0.02,fresh
2775,gpr_dataset_2775.in,datasets/sam-29/files/gpr_dataset_2775.in,0.38373135944787995,47.647885,39.918338,12.433777,0.06966220043426968,1.3479354098566398,2.620937506654109,0.02,fresh
2776,gpr_dataset_2776.in,datasets/sam-29/files/gpr_dataset_2776.in,0.23633647169156116,42.531193,33.731286,23.737521,0.11628412459235567,1.5815723984804355,2.657215921073322,0.02,fresh
2777,gpr_dataset_2777.in,datasets/sam-29/files/gpr_dataset_2777.in,0.37683769608558115,49.959582,28.061507,21.978911,0.20155245542931716,1.5133943549710158,2.633360622877026,0.02,fresh
2778,gpr_dataset_2778.in,datasets/sam-29/files/gpr_dataset_2778.in,0.43673472044615624,48.881322,29.415365,21.703313,0.1712544811716415,1.4238607191546389,2.617233470517042,0.02,fresh
2779,gpr_dataset_2779.in,datasets/sam-29/files/gpr_dataset_2779.in,0.37731461326554816,35.545731,38.29576,26.158509,0.17890511927991698,1.4340529168696141,2.655143387636918,0.02,fresh
2780,gpr_dataset_2780.in,datasets/sam-29/files/gpr_dataset_2780.in,0.49883047153324334,42.25076,39.952885,17.796355,0.17012556780814828,1.5943965630377295,2.620687825337003,0.02,fresh
2781,gpr_dataset_2781.in,datasets/sam-29/files/gpr_dataset_2781.in,0.4680967844849665,46.120494,27.208568,26.670938,0.22240272011431267,1.513848842938187,2.6148134796305635,0.02,fresh
2782,gpr_dataset_2782.in,datasets/sam-29/files/gpr_dataset_2782.in,0.17090747795981068,45.390406,35.082202,19.527392,0.07926719182701458,1.4248132799540143,2.640709936584298,0.02,fresh
2783,gpr_dataset_2783.in,datasets/sam-29/files/gpr_dataset_2783.in,0.10514926924306162,45.66405,32.549504,21.786446,0.2200584986441349,1.3005949033583337,2.6408882587797713,0.02,fresh
2784,gpr_dataset_2784.in,datasets/sam-29/files/gpr_dataset_2784.in,0.4213550698763846,44.750566,33.163987,22.085447,0.08704210040944815,1.5360702299298088,2.635588522653269,0.02,fresh
2785,gpr_dataset_2785.in,datasets/sam-29/files/gpr_dataset_2785.in,0.14371318710385209,37.661177,34.44368,27.895143,0.10477345248788184,1.323036563987605,2.654915473349968,0.02,fresh
2786,gpr_dataset_2786.in,datasets/sam-29/files/gpr_dataset_2786.in,0.46787542316841435,38.177504,31.903849,29.918647,0.24266926328983857,1.49778352316328,2.6902756115704567,0.02,fresh
2787,gpr_dataset_2787.in,datasets/sam-29/files/gpr_dataset_2787.in,0.13059300483930128,49.113263,33.420806,17.465931,0.1478663678908565,1.4391112373397137,2.6912648000766572,0.02,fresh
2788,gpr_dataset_2788.in,datasets/sam-29/files/gpr_dataset_2788.in,0.1061757846327775,46.38131,38.608248,15.010442,0.15047572257666258,1.5283582985720856,2.6770070484658266,0.02,fresh
2789,gpr_dataset_2789.in,datasets/sam-29/files/gpr_dataset_2789.in,0.4229498053407501,41.767657,36.456664,21.775679,0.08114429903896941,1.5596271472075873,2.6362343222286952,0.02,fresh
2790,gpr_dataset_2790.in,datasets/sam-29/files/gpr_dataset_2790.in,0.3459513815018699,39.500262,33.31241,27.187328,0.0690976961800301,1.5649838624519534,2.609679909904818,0.02,fresh
2791,gpr_dataset_2791.in,datasets/sam-29/files/gpr_dataset_2791.in,0.21077749059858394,39.512236,30.990496,29.497268,0.09974157002008095,1.4127796569636761,2.6161442628201783,0.02,fresh
2792,gpr_dataset_2792.in,datasets/sam-29/files/gpr_dataset_2792.in,0.23456887809341387,44.42532,32.6767,22.89798,0.2373921352102672,1.4617488874600464,2.6197277465657822,0.02,fresh
2793,gpr_dataset_2793.in,datasets/sam-29/files/gpr_dataset_2793.in,0.4658786094210109,49.173108,29.958641,20.868251,0.17366252377219696,1.3500999789075763,2.6866143424715454,0.02,fresh
2794,gpr_dataset_2794.in,datasets/sam-29/files/gpr_dataset_2794.in,0.36796948343051306,39.006801,35.19927,25.793929,0.24012549136755662,1.3510548391731576,2.6655588696285384,0.02,fresh
2795,gpr_dataset_2795.in,datasets/sam-29/files/gpr_dataset_2795.in,0.39142900865395736,46.536008,26.125562,27.33843,0.09788497785354794,1.5146771285463136,2.6830930568591036,0.02,fresh
2796,gpr_dataset_2796.in,datasets/sam-29/files/gpr_dataset_2796.in,0.199097709694636,37.285399,34.855607,27.858994,0.11088629408890427,1.3181070992441937,2.6164030514401864,0.02,fresh
2797,gpr_dataset_2797.in,datasets/sam-29/files/gpr_dataset_2797.in,0.34330532100471445,43.123547,30.030334,26.846119,0.07095281221484079,1.3750851944003373,2.607551949219441,0.02,fresh
2798,gpr_dataset_2798.in,datasets/sam-29/files/gpr_dataset_2798.in,0.4812167725456913,45.649469,34.594906,19.755625,0.1891542552739056,1.54537777297317,2.648611669881908,0.02,fresh
2799,gpr_dataset_2799.in,datasets/sam-29/files/gpr_dataset_2799.in,0.19884110702487956,40.659617,36.752005,22.588378,0.1013198002783067,1.478178091201627,2.641667555914347,0.02,fresh
2800,gpr_dataset_2800.in,datasets/sam-29/files/gpr_dataset_2800.in,0.4645318216008767,44.946457,35.028948,20.024595,0.1473436428083829,1.3522609012229012,2.6846129536506687,0.02,fresh
2801,gpr_dataset_2801.in,datasets/sam-29/files/gpr_dataset_2801.in,0.11928954632805291,49.83217,29.344169,20.823661,0.0750888211502706,1.3493368364808975,2.6506975832120547,0.02,fresh
2802,gpr_dataset_2802.in,datasets/sam-29/files/gpr_dataset_2802.in,0.3045631909788971,40.229099,32.917905,26.852996,0.12689910583358077,1.471464148993564,2.6778459988959797,0.02,fresh
2803,gpr_dataset_2803.in,datasets/sam-29/files/gpr_dataset_2803.in,0.47194880838414655,39.802956,37.88873,22.308314,0.1976812997129047,1.319984552189162,2.6833308603842867,0.02,fresh
2804,gpr_dataset_2804.in,datasets/sam-29/files/gpr_dataset_2804.in,0.2774839612559631,42.220119,32.79919,24.980691,0.0574270748315398,1.3675497764151865,2.6388614337444167,0.02,fresh
2805,gpr_dataset_2805.in,datasets/sam-29/files/gpr_dataset_2805.in,0.33002409049456227,37.617291,35.528573,26.854136,0.14496044305222194,1.444132092352692,2.642536854123277,0.02,fresh
2806,gpr_dataset_2806.in,datasets/sam-29/files/gpr_dataset_2806.in,0.4119015698998656,41.758839,38.713412,19.527749,0.17749128264398367,1.352765076496615,2.6594358251224555,0.02,fresh
2807,gpr_dataset_2807.in,datasets/sam-29/files/gpr_dataset_2807.in,0.4713789630244115,42.596639,30.82398,26.579381,0.18822472241698407,1.4813245381142481,2.64102203680558,0.02,fresh
2808,gpr_dataset_2808.in,datasets/sam-29/files/gpr_dataset_2808.in,0.41004890227116075,41.998268,32.205362,25.79637,0.09045116025130968,1.4464661191643025,2.6726132646995917,0.02,fresh
2809,gpr_dataset_2809.in,datasets/sam-29/files/gpr_dataset_2809.in,0.2010689739907397,45.882491,37.098796,17.018713,0.16325138708079184,1.344678168878816,2.611551217339433,0.02,fresh
2810,gpr_dataset_2810.in,datasets/sam-29/files/gpr_dataset_2810.in,0.18368993070147896,43.7172,31.320047,24.962753,0.0862857835490344,1.3204401068185714,2.6490247445741395,0.02,fresh
2811,gpr_dataset_2811.in,datasets/sam-29/files/gpr_dataset_2811.in,0.38957913416445955,49.773753,32.294052,17.932195,0.22132579523763568,1.3922520231846522,2.6802601480855084,0.02,fresh
2812,gpr_dataset_2812.in,datasets/sam-29/files/gpr_dataset_2812.in,0.4562558682366934,46.642028,29.08627,24.271702,0.1800256034818311,1.5398605960587055,2.675448560412133,0.02,fresh
2813,gpr_dataset_2813.in,datasets/sam-29/files/gpr_dataset_2813.in,0.19130628178780001,43.80991,29.468395,26.721695,0.24274501942758042,1.4241769765360337,2.6414656789297735,0.02,fresh
2814,gpr_dataset_2814.in,datasets/sam-29/files/gpr_dataset_2814.in,0.36025286407606527,43.564941,31.722949,24.71211,0.090731416904067,1.4370701943334816,2.617683967762214,0.02,fresh
2815,gpr_dataset_2815.in,datasets/sam-29/files/gpr_dataset_2815.in,0.39166436918659175,48.225188,29.972992,21.80182,0.0513767257678482,1.3717819488516196,2.6558217066669316,0.02,fresh
2816,gpr_dataset_2816.in,datasets/sam-29/files/gpr_dataset_2816.in,0.4344039079701213,48.432666,33.391303,18.176031,0.09108812463424013,1.356417463850284,2.6919083704171394,0.02,fresh
2817,gpr_dataset_2817.in,datasets/sam-29/files/gpr_dataset_2817.in,0.4887451607460348,41.622014,28.726573,29.651413,0.08368805425204018,1.5247916775347152,2.624347488688265,0.02,fresh
2818,gpr_dataset_2818.in,datasets/sam-29/files/gpr_dataset_2818.in,0.13333738219151037,46.929609,36.117884,16.952507,0.15050293304588463,1.372475439625006,2.656193040358849,0.02,fresh
2819,gpr_dataset_2819.in,datasets/sam-29/files/gpr_dataset_2819.in,0.24571264654846392,40.906172,33.854996,25.238832,0.17834644720814735,1.380778983572373,2.674961509149382,0.02,fresh
2820,gpr_dataset_2820.in,datasets/sam-29/files/gpr_dataset_2820.in,0.4233959075920225,42.303435,36.311354,21.385211,0.21431359336095762,1.33729820161025,2.622905544200196,0.02,fresh
2821,gpr_dataset_2821.in,datasets/sam-29/files/gpr_dataset_2821.in,0.27634424342931485,43.18734,31.01337,25.79929,0.14127585291509087,1.382420455289918,2.6055522470908588,0.02,fresh
2822,gpr_dataset_2822.in,datasets/sam-29/files/gpr_dataset_2822.in,0.11758471546204166,37.838596,36.184053,25.977351,0.18278119956570932,1.444292379978526,2.696036585776681,0.02,fresh
2823,gpr_dataset_2823.in,datasets/sam-29/files/gpr_dataset_2823.in,0.47597577305775673,41.939564,28.091703,29.968733,0.0932819059896165,1.3497281253795639,2.648208841239786,0.02,fresh
2824,gpr_dataset_2824.in,datasets/sam-29/files/gpr_dataset_2824.in,0.3886750119221888,45.676556,31.991325,22.332119,0.13874459782917206,1.460682017722672,2.677673687255202,0.02,fresh
2825,gpr_dataset_2825.in,datasets/sam-29/files/gpr_dataset_2825.in,0.27412729400944436,44.929342,36.927355,18.143303,0.12370014376164529,1.3334881825853695,2.674809466772923,0.02,fresh
2826,gpr_dataset_2826.in,datasets/sam-29/files/gpr_dataset_2826.in,0.26100307375383236,44.572543,26.181516,29.245941,0.13231660008842266,1.515185471244052,2.6472347158240472,0.02,fresh
2827,gpr_dataset_2827.in,datasets/sam-29/files/gpr_dataset_2827.in,0.37973832127456153,47.824936,25.713264,26.4618,0.18054876466742742,1.569649901433504,2.6736564722372673,0.02,fresh
2828,gpr_dataset_2828.in,datasets/sam-29/files/gpr_dataset_2828.in,0.34153805033883766,42.077597,34.58272,23.339683,0.13368911528964283,1.4721197210802681,2.698654777580103,0.02,fresh
2829,gpr_dataset_2829.in,datasets/sam-29/files/gpr_dataset_2829.in,0.14138865328266448,44.896685,32.128318,22.974997,0.06528096601169159,1.5795107500264316,2.622539810182112,0.02,fresh
2830,gpr_dataset_2830.in,datasets/sam-29/files/gpr_dataset_2830.in,0.1330623860088268,49.762649,31.1286,19.108751,0.12663759288127424,1.4794128407775273,2.6894198941669467,0.02,fresh
2831,gpr_dataset_2831.in,datasets/sam-29/files/gpr_dataset_2831.in,0.42252282354964465,35.969687,36.488547,27.541766,0.16619623571664194,1.5406519225876454,2.6697027714619854,0.02,fresh
2832,gpr_dataset_2832.in,datasets/sam-29/files/gpr_dataset_2832.in,0.1759962805418661,36.559796,37.491864,25.94834,0.15561148608489753,1.42003890083831,2.647892516242537,0.02,fresh
2833,gpr_dataset_2833.in,datasets/sam-29/files/gpr_dataset_2833.in,0.3513768311966723,42.070641,34.766577,23.162782,0.14232313459472362,1.3123200111505513,2.642193512717883,0.02,fresh
2834,gpr_dataset_2834.in,datasets/sam-29/files/gpr_dataset_2834.in,0.41072308038069927,44.671249,29.997495,25.331256,0.06510078318331636,1.3184881505997708,2.6559362082592535,0.02,fresh
2835,gpr_dataset_2835.in,datasets/sam-29/files/gpr_dataset_2835.in,0.4210526736234784,47.04462,36.551712,16.403668,0.07863279308696523,1.3874434081475953,2.6584388858890016,0.02,fresh
2836,gpr_dataset_2836.in,datasets/sam-29/files/gpr_dataset_2836.in,0.32266094748995233,42.665421,33.526069,23.80851,0.07038950476319944,1.3950554688321903,2.694830104873968,0.02,fresh
2837,gpr_dataset_2837.in,datasets/sam-29/files/gpr_dataset_2837.in,0.46774179566565777,40.397458,39.061839,20.540703,0.23371062589475633,1.5000014173293756,2.6822489096880116,0.02,fresh
2838,gpr_dataset_2838.in,datasets/sam-29/files/gpr_dataset_2838.in,0.3504302311745907,48.19982,38.12805,13.67213,0.12979481107871033,1.3911951631384742,2.692510303577559,0.02,fresh
2839,gpr_dataset_2839.in,datasets/sam-29/files/gpr_dataset_2839.in,0.4276312984308752,40.307701,30.083083,29.609216,0.06040936177249774,1.4122905683365594,2.6960905239855215,0.02,fresh
2840,gpr_dataset_2840.in,datasets/sam-29/files/gpr_dataset_2840.in,0.4671406214093343,45.473931,33.825957,20.700112,0.14958825432089623,1.320471356818005,2.6771561525814773,0.02,fresh
2841,gpr_dataset_2841.in,datasets/sam-29/files/gpr_dataset_2841.in,0.48847677641318643,38.96822,33.282876,27.748904,0.23535852636064797,1.446690816354709,2.6674390132778076,0.02,fresh
2842,gpr_dataset_2842.in,datasets/sam-29/files/gpr_dataset_2842.in,0.45694761867076417,48.682906,33.86427,17.452824,0.22782024181369398,1.5995591535389235,2.6285324911145715,0.02,fresh
2843,gpr_dataset_2843.in,datasets/sam-29/files/gpr_dataset_2843.in,0.37544137808660494,49.831064,32.632957,17.535979,0.11350385670992076,1.3946021758566585,2.6042167317844727,0.02,fresh
2844,gpr_dataset_2844.in,datasets/sam-29/files/gpr_dataset_2844.in,0.3528679233400064,48.803877,33.477738,17.718385,0.1536021988076757,1.4965673933825334,2.6163853369633365,0.02,fresh
2845,gpr_dataset_2845.in,datasets/sam-29/files/gpr_dataset_2845.in,0.46496395414461145,47.160133,33.062334,19.777533,0.1795619260549723,1.5411732653568637,2.6331345492850162,0.02,fresh
2846,gpr_dataset_2846.in,datasets/sam-29/files/gpr_dataset_2846.in,0.4751126431148176,46.27682,29.818207,23.904973,0.0961071081713574,1.5951928956483692,2.6238039484239133,0.02,fresh
2847,gpr_dataset_2847.in,datasets/sam-29/files/gpr_dataset_2847.in,0.262924055493314,48.070422,37.903722,14.025856,0.05721057543748778,1.5355197821849427,2.6653106729134266,0.02,fresh
2848,gpr_dataset_2848.in,datasets/sam-29/files/gpr_dataset_2848.in,0.15934071803193806,47.343573,30.349504,22.306923,0.14343098952819333,1.5184034026523894,2.696386274790524,0.02,fresh
2849,gpr_dataset_2849.in,datasets/sam-29/files/gpr_dataset_2849.in,0.38480673991632297,45.055449,34.979107,19.965444,0.16028744477700954,1.312218286564604,2.684927015008216,0.02,fresh
2850,gpr_dataset_2850.in,datasets/sam-29/files/gpr_dataset_2850.in,0.18233622527996426,35.195265,39.558436,25.246299,0.2413339461871466,1.5492336055000393,2.602601053073288,0.02,fresh
2851,gpr_dataset_2851.in,datasets/sam-29/files/gpr_dataset_2851.in,0.31147326294889377,47.960764,30.852909,21.186327,0.11587850431570886,1.507512410971585,2.687431340667394,0.02,fresh
2852,gpr_dataset_2852.in,datasets/sam-29/files/gpr_dataset_2852.in,0.3381547818866833,37.882492,36.981684,25.135824,0.1169450998475833,1.4073347263196947,2.6182638533816953,0.02,fresh
2853,gpr_dataset_2853.in,datasets/sam-29/files/gpr_dataset_2853.in,0.3635996989340453,41.792766,36.045109,22.162125,0.22942033466349154,1.4504732003318503,2.6527829188769654,0.02,fresh
2854,gpr_dataset_2854.in,datasets/sam-29/files/gpr_dataset_2854.in,0.20963696960563688,49.549635,29.897226,20.553139,0.07949565550241044,1.317894572257307,2.678130023119366,0.02,fresh
2855,gpr_dataset_2855.in,datasets/sam-29/files/gpr_dataset_2855.in,0.28191057699148275,48.274144,33.105538,18.620318,0.18499917304535424,1.587704771377041,2.6315142713125463,0.02,fresh
2856,gpr_dataset_2856.in,datasets/sam-29/files/gpr_dataset_2856.in,0.41601034811662574,33.98232,37.034753,28.982927,0.16874563702305792,1.471809367817038,2.603689668746804,0.02,fresh
2857,gpr_dataset_2857.in,datasets/sam-29/files/gpr_dataset_2857.in,0.18296490307917274,49.546111,30.770808,19.683081,0.21154616654797304,1.4647388884250807,2.62882402994823,0.02,fresh
2858,gpr_dataset_2858.in,datasets/sam-29/files/gpr_dataset_2858.in,0.23711504989715274,44.048842,31.515964,24.435194,0.2064519868112366,1.439611956346146,2.690207371316841,0.02,fresh
2859,gpr_dataset_2859.in,datasets/sam-29/files/gpr_dataset_2859.in,0.4799593277476605,42.218086,36.986134,20.79578,0.2053915398462,1.4250720473380838,2.6593070539769923,0.02,fresh
2860,gpr_dataset_2860.in,datasets/sam-29/files/gpr_dataset_2860.in,0.3943613309505277,48.56795,28.956383,22.475667,0.06782602157006286,1.474947727115569,2.6190580896524875,0.02,fresh
2861,gpr_dataset_2861.in,datasets/sam-29/files/gpr_dataset_2861.in,0.3243469557466667,33.345948,37.652398,29.001654,0.1669166589210887,1.4347589764373108,2.6107273989217097,0.02,fresh
2862,gpr_dataset_2862.in,datasets/sam-29/files/gpr_dataset_2862.in,0.19899929299894958,45.315236,36.193995,18.490769,0.07899079999678238,1.4189557194913573,2.603437745296363,0.02,fresh
2863,gpr_dataset_2863.in,datasets/sam-29/files/gpr_dataset_2863.in,0.14874502988064717,47.890758,27.615194,24.494048,0.05594103239123021,1.4716601419479611,2.639525274154447,0.02,fresh
2864,gpr_dataset_2864.in,datasets/sam-29/files/gpr_dataset_2864.in,0.2478572102842143,39.924188,32.187981,27.887831,0.09389211101987974,1.4422490569612147,2.6984975156705855,0.02,fresh
2865,gpr_dataset_2865.in,datasets/sam-29/files/gpr_dataset_2865.in,0.3354360270902932,45.810696,27.605549,26.583755,0.07112995342886684,1.5181061948378005,2.6786837053071713,0.02,fresh
2866,gpr_dataset_2866.in,datasets/sam-29/files/gpr_dataset_2866.in,0.10695881127865214,47.18026,28.211916,24.607824,0.12735169761606063,1.5175872518135,2.662763925357828,0.02,fresh
2867,gpr_dataset_2867.in,datasets/sam-29/files/gpr_dataset_2867.in,0.3334428527169491,42.434116,30.761651,26.804233,0.1480717662656716,1.5510577246496071,2.6512131037342557,0.02,fresh
2868,gpr_dataset_2868.in,datasets/sam-29/files/gpr_dataset_2868.in,0.2659152705229635,43.606625,26.530779,29.862596,0.05907499678839916,1.5990438204648187,2.6818606361082673,0.02,fresh
2869,gpr_dataset_2869.in,datasets/sam-29/files/gpr_dataset_2869.in,0.472576820618579,46.390587,35.793626,17.815787,0.06713788002603878,1.4570486325421523,2.6802424729466856,0.02,fresh
2870,gpr_dataset_2870.in,datasets/sam-29/files/gpr_dataset_2870.in,0.1309599293321984,44.400273,31.331317,24.26841,0.17694096634637774,1.461953620302888,2.6970078889248974,0.02,fresh
2871,gpr_dataset_2871.in,datasets/sam-29/files/gpr_dataset_2871.in,0.37069376696263123,49.435297,26.600452,23.964251,0.12415693555168004,1.417135392139357,2.6215462757776535,0.02,fresh
2872,gpr_dataset_2872.in,datasets/sam-29/files/gpr_dataset_2872.in,0.4586919472573434,42.778891,30.77125,26.449859,0.16536411985975408,1.3982200243164822,2.693625370509388,0.02,fresh
2873,gpr_dataset_2873.in,datasets/sam-29/files/gpr_dataset_2873.in,0.4335038456792921,41.901446,33.134316,24.964238,0.12774780076734543,1.3203621617365835,2.6438739155176716,0.02,fresh
2874,gpr_dataset_2874.in,datasets/sam-29/files/gpr_dataset_2874.in,0.4085227672060283,41.634642,33.884992,24.480366,0.18139105400017141,1.4547614875205996,2.6235307195143593,0.02,fresh
2875,gpr_dataset_2875.in,datasets/sam-29/files/gpr_dataset_2875.in,0.17066818106170248,39.76548,35.580293,24.654227,0.07686873188913675,1.538675771050344,2.6531315835492104,0.02,fresh
2876,gpr_dataset_2876.in,datasets/sam-29/files/gpr_dataset_2876.in,0.42397972099349157,48.218398,36.589579,15.192023,0.1093449038009201,1.5714183606852772,2.6630373495750117,0.02,fresh
2877,gpr_dataset_2877.in,datasets/sam-29/files/gpr_dataset_2877.in,0.3743394882088006,35.677802,36.660583,27.661615,0.11764644008559325,1.3441412951746972,2.6321067564055305,0.02,fresh
2878,gpr_dataset_2878.in,datasets/sam-29/files/gpr_dataset_2878.in,0.4043556873628372,38.121721,35.480439,26.39784,0.05009779136191608,1.5884573727579214,2.666239234112848,0.02,fresh
2879,gpr_dataset_2879.in,datasets/sam-29/files/gpr_dataset_2879.in,0.364240175803174,41.327082,36.996832,21.676086,0.20091029524439458,1.4743133346562889,2.6292642741399948,0.02,fresh
2880,gpr_dataset_2880.in,datasets/sam-29/files/gpr_dataset_2880.in,0.24106594193092434,43.152026,30.711237,26.136737,0.17236364690259104,1.586255616905536,2.6674277156650614,0.02,fresh
2881,gpr_dataset_2881.in,datasets/sam-29/files/gpr_dataset_2881.in,0.4364625301711731,47.450436,36.147267,16.402297,0.23913195476513188,1.368308805706003,2.6316441567554856,0.02,fresh
2882,gpr_dataset_2882.in,datasets/sam-29/files/gpr_dataset_2882.in,0.359585489482955,42.796741,36.937752,20.265507,0.15135773543913705,1.4772930399791686,2.636410212361511,0.02,fresh
2883,gpr_dataset_2883.in,datasets/sam-29/files/gpr_dataset_2883.in,0.20848558726373856,38.071685,35.803234,26.125081,0.15156113223451054,1.416069866447454,2.627667456548681,0.02,fresh
2884,gpr_dataset_2884.in,datasets/sam-29/files/gpr_dataset_2884.in,0.2641262264397475,41.445212,32.922072,25.632716,0.0875022566957572,1.4253478193738174,2.6472352564647745,0.02,fresh
2885,gpr_dataset_2885.in,datasets/sam-29/files/gpr_dataset_2885.in,0.32446690194074856,45.991238,35.552331,18.456431,0.2197286273531429,1.5028568918994087,2.6670065526587257,0.02,fresh
2886,gpr_dataset_2886.in,datasets/sam-29/files/gpr_dataset_2886.in,0.4902804404760882,44.009201,27.052352,28.938447,0.18138773217520215,1.377250786678126,2.6508136191825646,0.02,fresh
2887,gpr_dataset_2887.in,datasets/sam-29/files/gpr_dataset_2887.in,0.39759215369946843,49.448751,27.197574,23.353675,0.09970332632113138,1.5620686038019356,2.6083902564457824,0.02,fresh
2888,gpr_dataset_2888.in,datasets/sam-29/files/gpr_dataset_2888.in,0.3020800291264578,48.486609,36.840098,14.673293,0.15011309084720642,1.4764475292075983,2.626933103172327,0.02,fresh
2889,gpr_dataset_2889.in,datasets/sam-29/files/gpr_dataset_2889.in,0.10131238156599079,42.906224,37.624016,19.46976,0.09699211778979155,1.5068641934475075,2.6886649649350467,0.02,fresh
2890,gpr_dataset_2890.in,datasets/sam-29/files/gpr_dataset_2890.in,0.34711064781648004,43.512198,33.458815,23.028987,0.17336099285745,1.5374544299356898,2.6435271567845855,0.02,fresh
2891,gpr_dataset_2891.in,datasets/sam-29/files/gpr_dataset_2891.in,0.4580278518673626,38.527697,34.226181,27.246122,0.16070228590861574,1.5270411155400434,2.6297482555550302,0.02,fresh
2892,gpr_dataset_2892.in,datasets/sam-29/files/gpr_dataset_2892.in,0.3393733344378087,44.6237,31.178168,24.198132,0.12032401762719953,1.3219985791024056,2.6058691827354665,0.02,fresh
2893,gpr_dataset_2893.in,datasets/sam-29/files/gpr_dataset_2893.in,0.3327589586782518,38.118392,39.309667,22.571941,0.15610484621192192,1.3554854799701461,2.66066267417339,0.02,fresh
2894,gpr_dataset_2894.in,datasets/sam-29/files/gpr_dataset_2894.in,0.35131332271955606,38.491118,37.806292,23.70259,0.18983930535700866,1.3659907082851397,2.692399885869207,0.02,fresh
2895,gpr_dataset_2895.in,datasets/sam-29/files/gpr_dataset_2895.in,0.3944936221097377,48.47204,34.127476,17.400484,0.19000767271925523,1.3657147039373654,2.669052172545197,0.02,fresh
2896,gpr_dataset_2896.in,datasets/sam-29/files/gpr_dataset_2896.in,0.13029196980834945,44.4694,28.126925,27.403675,0.19668222310182248,1.3388655789120762,2.611059231657711,0.02,fresh
2897,gpr_dataset_2897.in,datasets/sam-29/files/gpr_dataset_2897.in,0.3027338502283722,43.672804,30.752467,25.574729,0.1427194753579323,1.5751085431846754,2.6486597168265904,0.02,fresh
2898,gpr_dataset_2898.in,datasets/sam-29/files/gpr_dataset_2898.in,0.17438352250690628,44.040022,32.355644,23.604334,0.2449316376343058,1.3393889110872677,2.60007909638227,0.02,fresh
2899,gpr_dataset_2899.in,datasets/sam-29/files/gpr_dataset_2899.in,0.3234812206750833,46.956004,31.669526,21.37447,0.07937314053980518,1.4538438972157137,2.644807141999789,0.02,fresh
2900,gpr_dataset_2900.in,datasets/sam-29/files/gpr_dataset_2900.in,0.3596223142929149,48.655724,30.881283,20.462993,0.059836965698553526,1.3926842587791783,2.6797902259117117,0.02,fresh
2901,gpr_dataset_2901.in,datasets/sam-29/files/gpr_dataset_2901.in,0.21395605210631521,38.803749,37.942209,23.254042,0.09943133129851,1.5265695077610204,2.683396067605286,0.02,fresh
2902,gpr_dataset_2902.in,datasets/sam-29/files/gpr_dataset_2902.in,0.3959514598751438,46.345548,31.688376,21.966076,0.21133142416896772,1.5515614330869785,2.625461704758554,0.02,fresh
2903,gpr_dataset_2903.in,datasets/sam-29/files/gpr_dataset_2903.in,0.4603785357433834,46.628624,25.908421,27.462955,0.1934687489195815,1.3572652182378544,2.6837623163264106,0.02,fresh
2904,gpr_dataset_2904.in,datasets/sam-29/files/gpr_dataset_2904.in,0.38217292639784106,45.554146,30.942296,23.503558,0.10062746993823526,1.3950912948820156,2.634613906606858,0.02,fresh
2905,gpr_dataset_2905.in,datasets/sam-29/files/gpr_dataset_2905.in,0.4182484492455304,45.432248,28.51968,26.048072,0.22913251329814677,1.3686623166293708,2.626012412077378,0.02,fresh
2906,gpr_dataset_2906.in,datasets/sam-29/files/gpr_dataset_2906.in,0.24559565768007952,49.973578,35.673817,14.352605,0.12148065606664067,1.3247434782245315,2.603496959597416,0.02,fresh
2907,gpr_dataset_2907.in,datasets/sam-29/files/gpr_dataset_2907.in,0.30533833689794765,45.049564,34.729825,20.220611,0.19021448455633266,1.488282184549061,2.6188994809562627,0.02,fresh
2908,gpr_dataset_2908.in,datasets/sam-29/files/gpr_dataset_2908.in,0.3074673705992397,46.399179,35.983263,17.617558,0.12918417879561656,1.3999798040189333,2.6620491110299147,0.02,fresh
2909,gpr_dataset_2909.in,datasets/sam-29/files/gpr_dataset_2909.in,0.45769619461784095,48.156236,27.46522,24.378544,0.09885073814342434,1.4577453344381137,2.663177416655828,0.02,fresh
2910,gpr_dataset_2910.in,datasets/sam-29/files/gpr_dataset_2910.in,0.4863225452287835,43.791833,34.070477,22.13769,0.11852259226354399,1.3602485153859585,2.6002867010794364,0.02,fresh
2911,gpr_dataset_2911.in,datasets/sam-29/files/gpr_dataset_2911.in,0.17176633806117475,38.666269,35.581583,25.752148,0.1746393317065283,1.3226825828333746,2.694351860972384,0.02,fresh
2912,gpr_dataset_2912.in,datasets/sam-29/files/gpr_dataset_2912.in,0.4455049587913965,44.222176,36.038218,19.739606,0.202334926864916,1.3939736447289346,2.607472643259271,0.02,fresh
2913,gpr_dataset_2913.in,datasets/sam-29/files/gpr_dataset_2913.in,0.1532602655544952,48.467824,37.332879,14.199297,0.22739051293626128,1.3486388662900515,2.600940593382789,0.02,fresh
2914,gpr_dataset_2914.in,datasets/sam-29/files/gpr_dataset_2914.in,0.290170982189451,42.24387,34.876521,22.879609,0.13523893253078523,1.4423900476536682,2.6131900294883095,0.02,fresh
2915,gpr_dataset_2915.in,datasets/sam-29/files/gpr_dataset_2915.in,0.23655647118746562,47.203185,27.17721,25.619605,0.06667056487622514,1.4968341839774164,2.6337706883110883,0.02,fresh
2916,gpr_dataset_2916.in,datasets/sam-29/files/gpr_dataset_2916.in,0.2981206974611865,49.114556,23.369441,27.516003,0.22338016341198058,1.5781144736874704,2.6164851512603597,0.02,fresh
2917,gpr_dataset_2917.in,datasets/sam-29/files/gpr_dataset_2917.in,0.10852336014123357,44.414337,33.369866,22.215797,0.0967817771712036,1.3957708419960497,2.6605984925403017,0.02,fresh
2918,gpr_dataset_2918.in,datasets/sam-29/files/gpr_dataset_2918.in,0.16289690723144873,46.570451,29.102188,24.327361,0.1447833729548992,1.441334853439086,2.6858192871139273,0.02,fresh
2919,gpr_dataset_2919.in,datasets/sam-29/files/gpr_dataset_2919.in,0.2580115357539359,45.418103,30.293252,24.288645,0.22517344903924963,1.466769635581707,2.685070784570832,0.02,fresh
2920,gpr_dataset_2920.in,datasets/sam-29/files/gpr_dataset_2920.in,0.3638535328959044,48.321357,28.465537,23.213106,0.11805786085215159,1.3350983930756921,2.6920809651564097,0.02,fresh
2921,gpr_dataset_2921.in,datasets/sam-29/files/gpr_dataset_2921.in,0.22724692503516422,46.065607,34.222693,19.7117,0.06357013730959726,1.550944589238656,2.6151611386019122,0.02,fresh
2922,gpr_dataset_2922.in,datasets/sam-29/files/gpr_dataset_2922.in,0.3263320805872938,42.831699,32.578614,24.589687,0.20287389606248574,1.4343259506686943,2.612357550682504,0.02,fresh
2923,gpr_dataset_2923.in,datasets/sam-29/files/gpr_dataset_2923.in,0.1750249603146181,49.599454,27.514615,22.885931,0.23327383733081597,1.5952518618649771,2.6823552577817735,0.02,fresh
2924,gpr_dataset_2924.in,datasets/sam-29/files/gpr_dataset_2924.in,0.41612849676908625,49.425618,37.030804,13.543578,0.1558219904929865,1.3763768563888754,2.6058042052656214,0.02,fresh
2925,gpr_dataset_2925.in,datasets/sam-29/files/gpr_dataset_2925.in,0.18547836546517163,44.95082,25.325179,29.724001,0.11354171740987791,1.3899051716975745,2.6058633592450215,0.02,fresh
2926,gpr_dataset_2926.in,datasets/sam-29/files/gpr_dataset_2926.in,0.38703137286761513,40.52636,38.060288,21.413352,0.19135259579321512,1.5726882756449447,2.6392107306817563,0.02,fresh
2927,gpr_dataset_2927.in,datasets/sam-29/files/gpr_dataset_2927.in,0.3943004249592965,37.356348,36.597314,26.046338,0.06321467114177806,1.3789435023573797,2.6025872411647546,0.02,fresh
2928,gpr_dataset_2928.in,datasets/sam-29/files/gpr_dataset_2928.in,0.3978653695778922,46.598117,33.511531,19.890352,0.1712504605094579,1.366827052474801,2.6537453965883246,0.02,fresh
2929,gpr_dataset_2929.in,datasets/sam-29/files/gpr_dataset_2929.in,0.26909813586480613,48.827504,35.012623,16.159873,0.18341085894079628,1.4876712774020822,2.634471691762352,0.02,fresh
2930,gpr_dataset_2930.in,datasets/sam-29/files/gpr_dataset_2930.in,0.3504239966462168,40.938751,31.563645,27.497604,0.19930640894457913,1.517484354831271,2.6514416451692844,0.02,fresh
2931,gpr_dataset_2931.in,datasets/sam-29/files/gpr_dataset_2931.in,0.22684505764026297,42.748259,36.437683,20.814058,0.23881907462573132,1.3713178322314563,2.6162731381734794,0.02,fresh
2932,gpr_dataset_2932.in,datasets/sam-29/files/gpr_dataset_2932.in,0.41006042387788566,46.871948,25.279308,27.848744,0.14675541319513022,1.5681693674686386,2.6704450220790115,0.02,fresh
2933,gpr_dataset_2933.in,datasets/sam-29/files/gpr_dataset_2933.in,0.3008204694143676,47.959697,38.475084,13.565219,0.18492690010551316,1.3136152554480216,2.6732024031269828,0.02,fresh
2934,gpr_dataset_2934.in,datasets/sam-29/files/gpr_dataset_2934.in,0.2075815081928584,49.037196,29.571406,21.391398,0.0852837350633715,1.4261932724203252,2.6809983269392417,0.02,fresh
2935,gpr_dataset_2935.in,datasets/sam-29/files/gpr_dataset_2935.in,0.26797950790524705,46.228221,36.765948,17.005831,0.24387837347660785,1.3604299682885679,2.656180341164271,0.02,fresh
2936,gpr_dataset_2936.in,datasets/sam-29/files/gpr_dataset_2936.in,0.41619689495302625,32.674291,37.801106,29.524603,0.233713906146166,1.3146060692492583,2.6472993904607502,0.02,fresh
2937,gpr_dataset_2937.in,datasets/sam-29/files/gpr_dataset_2937.in,0.46998259409676824,41.85623,35.113462,23.030308,0.10209963893240728,1.368641606683335,2.641559530944267,0.02,fresh
2938,gpr_dataset_2938.in,datasets/sam-29/files/gpr_dataset_2938.in,0.1656485370933657,41.010109,29.349723,29.640168,0.08333433997862566,1.3180506809865118,2.6442004055938644,0.02,fresh
2939,gpr_dataset_2939.in,datasets/sam-29/files/gpr_dataset_2939.in,0.4639201214699795,48.464972,32.418346,19.116682,0.14746294692038603,1.3292563860884035,2.6567597968302126,0.02,fresh
2940,gpr_dataset_2940.in,datasets/sam-29/files/gpr_dataset_2940.in,0.35164507679580614,39.830921,35.811897,24.357182,0.08106039957280742,1.3056156425431151,2.683348324049027,0.02,fresh
2941,gpr_dataset_2941.in,datasets/sam-29/files/gpr_dataset_2941.in,0.20322075314200486,47.596343,30.711154,21.692503,0.23224585032974643,1.3433048374804102,2.606251025596161,0.02,fresh
2942,gpr_dataset_2942.in,datasets/sam-29/files/gpr_dataset_2942.in,0.2723781991509929,44.576147,27.277782,28.146071,0.06727899699248173,1.3314098549182942,2.6489899660486667,0.02,fresh
2943,gpr_dataset_2943.in,datasets/sam-29/files/gpr_dataset_2943.in,0.11075463271541519,48.241561,29.242295,22.516144,0.17516477387390178,1.506201742128599,2.6803556589206607,0.02,fresh
2944,gpr_dataset_2944.in,datasets/sam-29/files/gpr_dataset_2944.in,0.37888496189127807,48.488829,25.202809,26.308362,0.09611822604635106,1.3822200405208436,2.6952205760064003,0.02,fresh
2945,gpr_dataset_2945.in,datasets/sam-29/files/gpr_dataset_2945.in,0.2205850685799772,45.658543,32.479398,21.862059,0.2113771796576253,1.3194086954458664,2.64507532812894,0.02,fresh
2946,gpr_dataset_2946.in,datasets/sam-29/files/gpr_dataset_2946.in,0.38570567079058604,37.725842,33.559008,28.71515,0.1952943997171402,1.5397008761873574,2.608612392575597,0.02,fresh
2947,gpr_dataset_2947.in,datasets/sam-29/files/gpr_dataset_2947.in,0.35025320388007,44.983802,28.485485,26.530713,0.12642786645543158,1.4208844754888477,2.605416445926763,0.02,fresh
2948,gpr_dataset_2948.in,datasets/sam-29/files/gpr_dataset_2948.in,0.1636595967895909,45.526062,27.105638,27.3683,0.11165581411857853,1.5226328662802133,2.6671600460916918,0.02,fresh
2949,gpr_dataset_2949.in,datasets/sam-29/files/gpr_dataset_2949.in,0.3811519954787519,48.858439,25.729952,25.411609,0.17301836224685568,1.396105567006912,2.6638151609130647,0.02,fresh
2950,gpr_dataset_2950.in,datasets/sam-29/files/gpr_dataset_2950.in,0.2941214790869119,48.379561,37.109708,14.510731,0.2473966447036519,1.5881317953269134,2.6492965518488587,0.02,fresh
2951,gpr_dataset_2951.in,datasets/sam-29/files/gpr_dataset_2951.in,0.11355092004538721,47.315694,25.163013,27.521293,0.14152154400501038,1.4321107426757431,2.626332289222275,0.02,fresh
2952,gpr_dataset_2952.in,datasets/sam-29/files/gpr_dataset_2952.in,0.17124175191534585,37.539159,33.009921,29.45092,0.10632261721013339,1.4320573891536603,2.624717121719164,0.02,fresh
2953,gpr_dataset_2953.in,datasets/sam-29/files/gpr_dataset_2953.in,0.16291114336844026,39.244075,39.74566,21.010265,0.22752991471943884,1.346444873303523,2.6333703384937897,0.02,fresh
2954,gpr_dataset_2954.in,datasets/sam-29/files/gpr_dataset_2954.in,0.30692077751540237,37.120764,33.94262,28.936616,0.15253067498185452,1.4829975896368832,2.688796296785558,0.02,fresh
2955,gpr_dataset_2955.in,datasets/sam-29/files/gpr_dataset_2955.in,0.36222345934175204,49.196337,25.109396,25.694267,0.24224476186595284,1.4673057094173736,2.6900928180570354,0.02,fresh
2956,gpr_dataset_2956.in,datasets/sam-29/files/gpr_dataset_2956.in,0.41392911555585077,48.005707,34.651093,17.3432,0.21894801456578383,1.4550668531932645,2.64851908435642,0.02,fresh
2957,gpr_dataset_2957.in,datasets/sam-29/files/gpr_dataset_2957.in,0.47381257569425517,45.427387,37.600319,16.972294,0.09651675514983674,1.5075708534757286,2.6776254326965896,0.02,fresh
2958,gpr_dataset_2958.in,datasets/sam-29/files/gpr_dataset_2958.in,0.3315079437661934,47.543644,26.774177,25.682179,0.19176921367201583,1.4964149749738418,2.669272357077773,0.02,fresh
2959,gpr_dataset_2959.in,datasets/sam-29/files/gpr_dataset_2959.in,0.23870821592001865,44.664034,27.798106,27.53786,0.09214295257161105,1.5969836438585876,2.681396960519963,0.02,fresh
2960,gpr_dataset_2960.in,datasets/sam-29/files/gpr_dataset_2960.in,0.23049223411741782,47.795322,35.357358,16.84732,0.24960041879412326,1.4275533796252249,2.666424401378606,0.02,fresh
2961,gpr_dataset_2961.in,datasets/sam-29/files/gpr_dataset_2961.in,0.26471125428274056,35.947457,38.397537,25.655006,0.17046268148289737,1.4565630461840806,2.631284113942033,0.02,fresh
2962,gpr_dataset_2962.in,datasets/sam-29/files/gpr_dataset_2962.in,0.38380601232565803,34.300696,38.229274,27.47003,0.10937242145479045,1.3950968182391394,2.641943384001392,0.02,fresh
2963,gpr_dataset_2963.in,datasets/sam-29/files/gpr_dataset_2963.in,0.16672177128321203,41.046514,31.352436,27.60105,0.13578537700944143,1.4443605515525864,2.633373879785908,0.02,fresh
2964,gpr_dataset_2964.in,datasets/sam-29/files/gpr_dataset_2964.in,0.4170136746187594,44.228437,34.060294,21.711269,0.2000890941409968,1.4249561220598408,2.6601852528919716,0.02,fresh
2965,gpr_dataset_2965.in,datasets/sam-29/files/gpr_dataset_2965.in,0.11219276096596853,45.692993,35.442409,18.864598,0.08239711464204041,1.4563237660651562,2.6745525503566148,0.02,fresh
2966,gpr_dataset_2966.in,datasets/sam-29/files/gpr_dataset_2966.in,0.3859588749107613,48.088141,36.206299,15.70556,0.11193568345300903,1.30343307859074,2.6599703173071703,0.02,fresh
2967,gpr_dataset_2967.in,datasets/sam-29/files/gpr_dataset_2967.in,0.17299289645792096,47.305302,37.484375,15.210323,0.14716091322715763,1.4606244278270009,2.674300594108757,0.02,fresh
2968,gpr_dataset_2968.in,datasets/sam-29/files/gpr_dataset_2968.in,0.4203381305184656,43.703392,34.710711,21.585897,0.08014851089728806,1.3229162336584797,2.6887015913535883,0.02,fresh
2969,gpr_dataset_2969.in,datasets/sam-29/files/gpr_dataset_2969.in,0.41970625890189117,48.385921,25.769205,25.844874,0.06683707507135035,1.410341635751695,2.632837303175407,0.02,fresh
2970,gpr_dataset_2970.in,datasets/sam-29/files/gpr_dataset_2970.in,0.34900828290377117,32.660617,39.602992,27.736391,0.16824054224839308,1.5997773825329304,2.6674302242777945,0.02,fresh
2971,gpr_dataset_2971.in,datasets/sam-29/files/gpr_dataset_2971.in,0.48004370606001967,48.853875,36.868036,14.278089,0.14738246069014133,1.5855855195741946,2.6399615301120734,0.02,fresh
2972,gpr_dataset_2972.in,datasets/sam-29/files/gpr_dataset_2972.in,0.37647688465259843,42.949584,27.536216,29.5142,0.1503597965764239,1.457631976400898,2.672938926365871,0.02,fresh
2973,gpr_dataset_2973.in,datasets/sam-29/files/gpr_dataset_2973.in,0.13404215211784357,32.794756,37.65704,29.548204,0.07609256860671815,1.393292140767388,2.696244715680912,0.02,fresh
2974,gpr_dataset_2974.in,datasets/sam-29/files/gpr_dataset_2974.in,0.2370641374496076,41.939184,38.849489,19.211327,0.195861645347776,1.3085149821641886,2.6648340464498954,0.02,fresh
2975,gpr_dataset_2975.in,datasets/sam-29/files/gpr_dataset_2975.in,0.164795310331604,37.664298,34.137148,28.198554,0.13421769620566887,1.4120969290905674,2.612086239131178,0.02,fresh
2976,gpr_dataset_2976.in,datasets/sam-29/files/gpr_dataset_2976.in,0.4299089445385369,47.942133,22.898182,29.159685,0.17002026121590452,1.3155984552812545,2.672784096056702,0.02,fresh
2977,gpr_dataset_2977.in,datasets/sam-29/files/gpr_dataset_2977.in,0.36187153876566747,42.692778,27.538441,29.768781,0.19201894522419516,1.4837972226029323,2.609525161533791,0.02,fresh
2978,gpr_dataset_2978.in,datasets/sam-29/files/gpr_dataset_2978.in,0.43300574431899086,47.420136,30.911065,21.668799,0.18456440078305547,1.4443297229291563,2.640512086425631,0.02,fresh
2979,gpr_dataset_2979.in,datasets/sam-29/files/gpr_dataset_2979.in,0.1703292725729421,42.40107,34.296967,23.301963,0.22393434774421506,1.3833986025630924,2.6998138258563054,0.02,fresh
2980,gpr_dataset_2980.in,datasets/sam-29/files/gpr_dataset_2980.in,0.3330082562760166,38.382071,36.376987,25.240942,0.12946386449857117,1.370243610081638,2.6942414333259443,0.02,fresh
2981,gpr_dataset_2981.in,datasets/sam-29/files/gpr_dataset_2981.in,0.3282081426439093,37.112063,37.145101,25.742836,0.161650127428218,1.3040367567787992,2.6004991846626058,0.02,fresh
2982,gpr_dataset_2982.in,datasets/sam-29/files/gpr_dataset_2982.in,0.2105662530429112,48.958162,23.127782,27.914056,0.08791062094094163,1.4791816239975668,2.6830087790224026,0.02,fresh
2983,gpr_dataset_2983.in,datasets/sam-29/files/gpr_dataset_2983.in,0.429192384561789,47.908164,29.562918,22.528918,0.20283621009841118,1.3356086979446182,2.6950439791548586,0.02,fresh
2984,gpr_dataset_2984.in,datasets/sam-29/files/gpr_dataset_2984.in,0.41214041529895484,42.048769,38.911637,19.039594,0.1301523287179817,1.3813375604486844,2.638123159691735,0.02,fresh
2985,gpr_dataset_2985.in,datasets/sam-29/files/gpr_dataset_2985.in,0.32306156385908236,35.641387,36.991583,27.36703,0.20149213030906626,1.5294995423024833,2.605767816408742,0.02,fresh
2986,gpr_dataset_2986.in,datasets/sam-29/files/gpr_dataset_2986.in,0.32112994474268075,46.399987,30.442062,23.157951,0.10948253121191853,1.3959856339163574,2.651932142742474,0.02,fresh
2987,gpr_dataset_2987.in,datasets/sam-29/files/gpr_dataset_2987.in,0.18251233560722058,41.204728,32.527291,26.267981,0.07151355748260779,1.5277287614742856,2.6450391957761905,0.02,fresh
2988,gpr_dataset_2988.in,datasets/sam-29/files/gpr_dataset_2988.in,0.3488900225239333,40.115951,33.673495,26.210554,0.24522649573373706,1.325409636317284,2.608314129653306,0.02,fresh
2989,gpr_dataset_2989.in,datasets/sam-29/files/gpr_dataset_2989.in,0.4071327046902097,45.893241,29.316123,24.790636,0.1999106853225115,1.3471449737953274,2.654449060362102,0.02,fresh
2990,gpr_dataset_2990.in,datasets/sam-29/files/gpr_dataset_2990.in,0.4049010057692768,47.897638,33.987907,18.114455,0.19435905395989028,1.5597586038830589,2.682294087326294,0.02,fresh
2991,gpr_dataset_2991.in,datasets/sam-29/files/gpr_dataset_2991.in,0.465296664348548,42.967307,35.3549,21.677793,0.1539870295130049,1.5241229937559742,2.6059121809287715,0.02,fresh
2992,gpr_dataset_2992.in,datasets/sam-29/files/gpr_dataset_2992.in,0.2874359489090542,48.992326,30.402867,20.604807,0.10432474368594057,1.538122944424859,2.645698855240055,0.02,fresh
2993,gpr_dataset_2993.in,datasets/sam-29/files/gpr_dataset_2993.in,0.22269476591765766,38.98797,31.96225,29.04978,0.13447477879488023,1.372038276617989,2.6721651453095014,0.02,fresh
2994,gpr_dataset_2994.in,datasets/sam-29/files/gpr_dataset_2994.in,0.23864799048281757,47.649127,24.308215,28.042658,0.15233281424504808,1.412472031280539,2.603841488015925,0.02,fresh
2995,gpr_dataset_2995.in,datasets/sam-29/files/gpr_dataset_2995.in,0.15704599320954662,47.18951,27.755755,25.054735,0.09910354283442394,1.4253992784433023,2.688907710855241,0.02,fresh
2996,gpr_dataset_2996.in,datasets/sam-29/files/gpr_dataset_2996.in,0.12841778352009361,46.621691,32.047817,21.330492,0.17660270811160367,1.349943492384387,2.6776411449177693,0.02,fresh
2997,gpr_dataset_2997.in,datasets/sam-29/files/gpr_dataset_2997.in,0.2801941059617993,40.498852,34.235148,25.266,0.17268048906376815,1.5504601062167485,2.6549651562883114,0.02,fresh
2998,gpr_dataset_2998.in,datasets/sam-29/files/gpr_dataset_2998.in,0.3745673808142388,38.260809,32.987406,28.751785,0.20753031738458333,1.3776378452076399,2.6321858067007367,0.02,fresh
2999,gpr_dataset_2999.in,datasets/sam-29/files/gpr_dataset_2999.in,0.1678207863327278,46.014953,32.423809,21.561238,0.15107386838764564,1.3687115817366993,2.6383024753868924,0.02,fresh
3000,gpr_dataset_3000.in,datasets/sam-29/files/gpr_dataset_3000.in,0.13879221421191562,45.989423,36.1535,17.857077,0.053985999199665916,1.3479539254863697,2.6368188606190417,0.02,fresh
3001,gpr_dataset_3001.in,datasets/sam-29/files/gpr_dataset_3001.in,0.4358382943279757,49.608654,33.467409,16.923937,0.1679271641815343,1.4161625843480103,2.692656900304704,0.02,fresh
3002,gpr_dataset_3002.in,datasets/sam-29/files/gpr_dataset_3002.in,0.3952772258438192,48.643999,31.636482,19.719519,0.15982922644776498,1.5352031562191677,2.6427615179728603,0.02,fresh
3003,gpr_dataset_3003.in,datasets/sam-29/files/gpr_dataset_3003.in,0.3269448130028372,47.236462,28.285532,24.478006,0.16289505606653512,1.420895589534091,2.608739356719562,0.02,fresh
3004,gpr_dataset_3004.in,datasets/sam-29/files/gpr_dataset_3004.in,0.1087860737622946,43.548197,28.022077,28.429726,0.1498594164968842,1.308445201794038,2.643619599430052,0.02,fresh
3005,gpr_dataset_3005.in,datasets/sam-29/files/gpr_dataset_3005.in,0.34190779759238554,44.052865,36.085917,19.861218,0.15801947717752532,1.5853151610233822,2.66311115398015,0.02,fresh
3006,gpr_dataset_3006.in,datasets/sam-29/files/gpr_dataset_3006.in,0.25037266598541963,41.967572,32.143519,25.888909,0.06294033180760557,1.3709721176273666,2.6143888066118546,0.02,fresh
3007,gpr_dataset_3007.in,datasets/sam-29/files/gpr_dataset_3007.in,0.32783794471803496,44.7768,38.247989,16.975211,0.16554259991763498,1.5687688273953007,2.645827394092335,0.02,fresh
3008,gpr_dataset_3008.in,datasets/sam-29/files/gpr_dataset_3008.in,0.44950246044006825,47.471215,30.797923,21.730862,0.21066564288672118,1.447704077526672,2.6390662699662424,0.02,fresh
3009,gpr_dataset_3009.in,datasets/sam-29/files/gpr_dataset_3009.in,0.16100455308907569,40.2466,37.055806,22.697594,0.1169018344813118,1.3468902603554915,2.617737706468499,0.02,fresh
3010,gpr_dataset_3010.in,datasets/sam-29/files/gpr_dataset_3010.in,0.2662275322982318,48.78368,35.892798,15.323522,0.21286819377667127,1.5522681640111013,2.665064859760639,0.02,fresh
3011,gpr_dataset_3011.in,datasets/sam-29/files/gpr_dataset_3011.in,0.3969623445972955,39.900938,34.428483,25.670579,0.2336977822856623,1.345288157223433,2.6365300559364924,0.02,fresh
3012,gpr_dataset_3012.in,datasets/sam-29/files/gpr_dataset_3012.in,0.3273564317020217,36.701706,39.080388,24.217906,0.19324267502764975,1.5843031021047302,2.6009894904399937,0.02,fresh
3013,gpr_dataset_3013.in,datasets/sam-29/files/gpr_dataset_3013.in,0.33668590943831544,46.206259,35.274994,18.518747,0.09444369717372668,1.5715191288097927,2.6517547437380644,0.02,fresh
3014,gpr_dataset_3014.in,datasets/sam-29/files/gpr_dataset_3014.in,0.15592187612569597,38.883836,35.574162,25.542002,0.19722405977057533,1.5046747694775848,2.6649705677594464,0.02,fresh
3015,gpr_dataset_3015.in,datasets/sam-29/files/gpr_dataset_3015.in,0.2002144515317077,41.463265,34.66014,23.876595,0.219769086392612,1.3466629289976568,2.621869975924353,0.02,fresh
3016,gpr_dataset_3016.in,datasets/sam-29/files/gpr_dataset_3016.in,0.3929031892501328,43.537348,38.763612,17.69904,0.12631203129268678,1.5781287452747779,2.609690424556034,0.02,fresh
3017,gpr_dataset_3017.in,datasets/sam-29/files/gpr_dataset_3017.in,0.20790365131524915,34.492087,37.307115,28.200798,0.17525069885928557,1.5333626322755987,2.6686065409965685,0.02,fresh
3018,gpr_dataset_3018.in,datasets/sam-29/files/gpr_dataset_3018.in,0.2982578500334654,47.067408,31.613506,21.319086,0.19832102271416496,1.5449714269958803,2.6898585709434157,0.02,fresh
3019,gpr_dataset_3019.in,datasets/sam-29/files/gpr_dataset_3019.in,0.15404282159749352,37.47427,35.33481,27.19092,0.22538098085242514,1.5813229259268085,2.618923307036158,0.02,fresh
3020,gpr_dataset_3020.in,datasets/sam-29/files/gpr_dataset_3020.in,0.432779072732021,44.873811,34.812425,20.313764,0.23484591007992034,1.575791502813464,2.678950278899044,0.02,fresh
3021,gpr_dataset_3021.in,datasets/sam-29/files/gpr_dataset_3021.in,0.39692724897209275,43.647676,28.23225,28.120074,0.06350023395973091,1.4917920836150955,2.6060381383478397,0.02,fresh
3022,gpr_dataset_3022.in,datasets/sam-29/files/gpr_dataset_3022.in,0.27313762208433,40.553671,30.258584,29.187745,0.1937088281588924,1.3411430067585473,2.6254829975794616,0.02,fresh
3023,gpr_dataset_3023.in,datasets/sam-29/files/gpr_dataset_3023.in,0.15124909134509099,48.673371,36.76551,14.561119,0.21667083191460795,1.4297099517480558,2.6167396229558886,0.02,fresh
3024,gpr_dataset_3024.in,datasets/sam-29/files/gpr_dataset_3024.in,0.493595576356065,49.074516,29.433994,21.49149,0.06891584330235356,1.4533453180682807,2.677030188660415,0.02,fresh
3025,gpr_dataset_3025.in,datasets/sam-29/files/gpr_dataset_3025.in,0.4164572232915952,42.101912,34.735107,23.162981,0.15898487522607607,1.3302279961805183,2.6936910131666805,0.02,fresh
3026,gpr_dataset_3026.in,datasets/sam-29/files/gpr_dataset_3026.in,0.3715617089676504,48.540708,30.857721,20.601571,0.22326831470815373,1.4428131192608356,2.6242356974212737,0.02,fresh
3027,gpr_dataset_3027.in,datasets/sam-29/files/gpr_dataset_3027.in,0.4515095512769174,45.094663,34.262379,20.642958,0.19295010855113742,1.5289109706098352,2.6228397010928637,0.02,fresh
3028,gpr_dataset_3028.in,datasets/sam-29/files/gpr_dataset_3028.in,0.12605168904643743,48.836332,32.465007,18.698661,0.23698465507764832,1.365089226580749,2.6748705444759393,0.02,fresh
3029,gpr_dataset_3029.in,datasets/sam-29/files/gpr_dataset_3029.in,0.28520513161425654,45.558406,31.739038,22.702556,0.21287034281828637,1.387388680790898,2.635978113551792,0.02,fresh
3030,gpr_dataset_3030.in,datasets/sam-29/files/gpr_dataset_3030.in,0.32471736744362684,41.907556,35.491017,22.601427,0.17028924330059558,1.3933285664635033,2.6474709024727967,0.02,fresh
3031,gpr_dataset_3031.in,datasets/sam-29/files/gpr_dataset_3031.in,0.23151525230093706,41.96001,28.797875,29.242115,0.24433810086634922,1.3856147490819106,2.6693706058743687,0.02,fresh
3032,gpr_dataset_3032.in,datasets/sam-29/files/gpr_dataset_3032.in,0.15618280323419828,47.506694,31.566841,20.926465,0.18652814601169948,1.4072924822923407,2.6701310959552913,0.02,fresh
3033,gpr_dataset_3033.in,datasets/sam-29/files/gpr_dataset_3033.in,0.20903098892380148,35.431867,36.143583,28.42455,0.14493781868569294,1.53075011382455,2.6625860279985574,0.02,fresh
3034,gpr_dataset_3034.in,datasets/sam-29/files/gpr_dataset_3034.in,0.4005561690018127,47.197024,38.418672,14.384304,0.1156039940348151,1.563122896068599,2.6987688975111435,0.02,fresh
3035,gpr_dataset_3035.in,datasets/sam-29/files/gpr_dataset_3035.in,0.20981024830254436,38.454766,35.254613,26.290621,0.09919915747734438,1.4300277829067136,2.6256273372054415,0.02,fresh
3036,gpr_dataset_3036.in,datasets/sam-29/files/gpr_dataset_3036.in,0.4646012127386634,47.234243,29.633426,23.132331,0.051467833084164055,1.5275622950874936,2.6499680133370873,0.02,fresh
3037,gpr_dataset_3037.in,datasets/sam-29/files/gpr_dataset_3037.in,0.353532520696181,46.338245,31.347872,22.313883,0.23432936742585547,1.3394014251619095,2.67512649470417,0.02,fresh
3038,gpr_dataset_3038.in,datasets/sam-29/files/gpr_dataset_3038.in,0.3895402061081602,48.464316,36.116582,15.419102,0.18226409722187414,1.3670007153469776,2.6035654912167647,0.02,fresh
3039,gpr_dataset_3039.in,datasets/sam-29/files/gpr_dataset_3039.in,0.17711183397006894,47.211774,29.11239,23.675836,0.24161127064040389,1.5375476193688622,2.6643538801486013,0.02,fresh
3040,gpr_dataset_3040.in,datasets/sam-29/files/gpr_dataset_3040.in,0.21999134145140942,39.893176,34.560779,25.546045,0.18187487452630607,1.5170795650624875,2.6518979738755224,0.02,fresh
3041,gpr_dataset_3041.in,datasets/sam-29/files/gpr_dataset_3041.in,0.17201016797948823,38.596277,39.023194,22.380529,0.18025414745694096,1.4615518970709438,2.671337821222809,0.02,fresh
3042,gpr_dataset_3042.in,datasets/sam-29/files/gpr_dataset_3042.in,0.4131318472327623,45.040997,35.084339,19.874664,0.1066087885344471,1.4634843322454558,2.6514169335791338,0.02,fresh
3043,gpr_dataset_3043.in,datasets/sam-29/files/gpr_dataset_3043.in,0.3629825807643282,46.167896,24.604167,29.227937,0.08695014614708976,1.3870443600519256,2.655296974550788,0.02,fresh
3044,gpr_dataset_3044.in,datasets/sam-29/files/gpr_dataset_3044.in,0.17479919751742834,42.509949,39.869422,17.620629,0.19084344279871462,1.5398287063929463,2.6134677616024056,0.02,fresh
3045,gpr_dataset_3045.in,datasets/sam-29/files/gpr_dataset_3045.in,0.3233741754181525,40.822296,34.805518,24.372186,0.1846810170178464,1.5048708889071511,2.664072030109412,0.02,fresh
3046,gpr_dataset_3046.in,datasets/sam-29/files/gpr_dataset_3046.in,0.43482032805607673,46.261507,29.333687,24.404806,0.21202746178830628,1.4649891249210982,2.6333856671842564,0.02,fresh
3047,gpr_dataset_3047.in,datasets/sam-29/files/gpr_dataset_3047.in,0.3985538572678061,47.421543,26.766465,25.811992,0.12219777354079969,1.323091072481949,2.6275938569305,0.02,fresh
3048,gpr_dataset_3048.in,datasets/sam-29/files/gpr_dataset_3048.in,0.1386047772809702,40.900863,35.753852,23.345285,0.09888549686280074,1.3990680599773466,2.6890108664172394,0.02,fresh
3049,gpr_dataset_3049.in,datasets/sam-29/files/gpr_dataset_3049.in,0.1608067748849354,40.575099,29.672932,29.751969,0.08184660161732021,1.5516590585757952,2.672868879716394,0.02,fresh
3050,gpr_dataset_3050.in,datasets/sam-29/files/gpr_dataset_3050.in,0.3182266503784791,47.775118,39.082953,13.141929,0.20535502387339283,1.5553906792154637,2.6157016618040165,0.02,fresh
3051,gpr_dataset_3051.in,datasets/sam-29/files/gpr_dataset_3051.in,0.4585444737209896,47.53171,34.349938,18.118352,0.062060517413011954,1.5623931962404147,2.683645131188975,0.02,fresh
3052,gpr_dataset_3052.in,datasets/sam-29/files/gpr_dataset_3052.in,0.4376617221785032,45.782141,29.193742,25.024117,0.20541774893046316,1.4207567630489233,2.682987157543695,0.02,fresh
3053,gpr_dataset_3053.in,datasets/sam-29/files/gpr_dataset_3053.in,0.13077957783133512,45.305753,29.290829,25.403418,0.15403519834621376,1.4812181674782812,2.6441317690816577,0.02,fresh
3054,gpr_dataset_3054.in,datasets/sam-29/files/gpr_dataset_3054.in,0.4623530769755534,39.490806,31.55166,28.957534,0.17626453815880477,1.5730143908170784,2.6292853796576163,0.02,fresh
3055,gpr_dataset_3055.in,datasets/sam-29/files/gpr_dataset_3055.in,0.4781332458792156,42.518305,34.414187,23.067508,0.18096523227628697,1.3750835153895271,2.6095393292158238,0.02,fresh
3056,gpr_dataset_3056.in,datasets/sam-29/files/gpr_dataset_3056.in,0.3137161742861405,38.660589,34.709888,26.629523,0.11113353296729928,1.331385128855769,2.69170280040169,0.02,fresh
3057,gpr_dataset_3057.in,datasets/sam-29/files/gpr_dataset_3057.in,0.10629463823021848,42.787186,31.982298,25.230516,0.2302178913963005,1.4408367886128108,2.610968038696276,0.02,fresh
3058,gpr_dataset_3058.in,datasets/sam-29/files/gpr_dataset_3058.in,0.3921583012963322,47.645891,24.760491,27.593618,0.17566871887646524,1.3196670141684077,2.6817879842750862,0.02,fresh
3059,gpr_dataset_3059.in,datasets/sam-29/files/gpr_dataset_3059.in,0.48069399810963853,45.158145,28.086023,26.755832,0.07788619557902735,1.3313408238414604,2.6693736899517515,0.02,fresh
3060,gpr_dataset_3060.in,datasets/sam-29/files/gpr_dataset_3060.in,0.2769489287600514,46.402899,39.916889,13.680212,0.19662229873709447,1.5441958077648208,2.6876074995812447,0.02,fresh
3061,gpr_dataset_3061.in,datasets/sam-29/files/gpr_dataset_3061.in,0.49076669224258673,45.634198,27.125302,27.2405,0.1921866709922116,1.492215111879585,2.6803287422707167,0.02,fresh
3062,gpr_dataset_3062.in,datasets/sam-29/files/gpr_dataset_3062.in,0.4101273099871372,45.644674,35.858304,18.497022,0.05839813815978439,1.4199540952087206,2.6015900417703905,0.02,fresh
3063,gpr_dataset_3063.in,datasets/sam-29/files/gpr_dataset_3063.in,0.41526312841756385,40.458013,33.605101,25.936886,0.15183073963656704,1.458834590504189,2.6806234968746763,0.02,fresh
3064,gpr_dataset_3064.in,datasets/sam-29/files/gpr_dataset_3064.in,0.10679996486365405,45.488958,30.989135,23.521907,0.19666041164305925,1.5307261122921694,2.6706796913943203,0.02,fresh
3065,gpr_dataset_3065.in,datasets/sam-29/files/gpr_dataset_3065.in,0.38939986209953503,45.604218,29.785359,24.610423,0.10313037119932096,1.402047407049232,2.683908823742455,0.02,fresh
3066,gpr_dataset_3066.in,datasets/sam-29/files/gpr_dataset_3066.in,0.4445860145474504,40.234035,31.820062,27.945903,0.05574833973588922,1.530630683494505,2.679013228355892,0.02,fresh
3067,gpr_dataset_3067.in,datasets/sam-29/files/gpr_dataset_3067.in,0.11729428524483493,46.214288,35.308871,18.476841,0.10872039036652022,1.5353250657768798,2.6424907532689517,0.02,fresh
3068,gpr_dataset_3068.in,datasets/sam-29/files/gpr_dataset_3068.in,0.1468437642979036,47.53233,39.987491,12.480179,0.15710333373259572,1.5715156767794156,2.6236268198618675,0.02,fresh
3069,gpr_dataset_3069.in,datasets/sam-29/files/gpr_dataset_3069.in,0.2263238941331904,42.454401,36.123772,21.421827,0.15801360414681237,1.5889099128022364,2.6148673574355956,0.02,fresh
3070,gpr_dataset_3070.in,datasets/sam-29/files/gpr_dataset_3070.in,0.1430220765532674,34.614633,39.060847,26.32452,0.2307078651452888,1.3230354347434279,2.690294448913307,0.02,fresh
3071,gpr_dataset_3071.in,datasets/sam-29/files/gpr_dataset_3071.in,0.2652480646074463,48.37403,36.648466,14.977504,0.16537913228779605,1.3765318327083125,2.6879938010962188,0.02,fresh
3072,gpr_dataset_3072.in,datasets/sam-29/files/gpr_dataset_3072.in,0.25270388970086555,45.934071,34.8628,19.203129,0.2383660837569016,1.3716159122214844,2.6608074785232128,0.02,fresh
3073,gpr_dataset_3073.in,datasets/sam-29/files/gpr_dataset_3073.in,0.13439570346665392,44.662695,28.460616,26.876689,0.13821751204070792,1.4838426214422094,2.639801941178209,0.02,fresh
3074,gpr_dataset_3074.in,datasets/sam-29/files/gpr_dataset_3074.in,0.16056641988927495,43.858181,36.133251,20.008568,0.22740847543322906,1.4320629412526569,2.6705579522385525,0.02,fresh
3075,gpr_dataset_3075.in,datasets/sam-29/files/gpr_dataset_3075.in,0.23159701071718827,42.742557,30.897227,26.360216,0.19531970003840898,1.3404191164947188,2.6793904579575982,0.02,fresh
3076,gpr_dataset_3076.in,datasets/sam-29/files/gpr_dataset_3076.in,0.23606535099986845,35.308928,37.402044,27.289028,0.20740796890157365,1.398142791200474,2.6643706876001265,0.02,fresh
3077,gpr_dataset_3077.in,datasets/sam-29/files/gpr_dataset_3077.in,0.3789496909350989,47.028185,29.027713,23.944102,0.09778091497776023,1.4144926946707728,2.6206618941019117,0.02,fresh
3078,gpr_dataset_3078.in,datasets/sam-29/files/gpr_dataset_3078.in,0.42214483032500405,46.223955,37.179188,16.596857,0.1107726314555267,1.4760586944931944,2.6664179279374594,0.02,fresh
3079,gpr_dataset_3079.in,datasets/sam-29/files/gpr_dataset_3079.in,0.41386189436698617,46.159838,32.201558,21.638604,0.09136502212034539,1.3340487766097062,2.6630647084439554,0.02,fresh
3080,gpr_dataset_3080.in,datasets/sam-29/files/gpr_dataset_3080.in,0.23679300889461882,47.704824,38.848533,13.446643,0.2311822069292851,1.5850628433300227,2.693564839286076,0.02,fresh
3081,gpr_dataset_3081.in,datasets/sam-29/files/gpr_dataset_3081.in,0.19312574756555276,42.700013,32.88354,24.416447,0.21046139356251953,1.3574410854332453,2.6552813026085547,0.02,fresh
3082,gpr_dataset_3082.in,datasets/sam-29/files/gpr_dataset_3082.in,0.14302716132544857,39.217489,30.974741,29.80777,0.11709971013375065,1.5180305550992883,2.6731715942241356,0.02,fresh
3083,gpr_dataset_3083.in,datasets/sam-29/files/gpr_dataset_3083.in,0.4936272942156271,40.059694,37.816916,22.12339,0.11201582455173226,1.381528307079014,2.6690804376753263,0.02,fresh
3084,gpr_dataset_3084.in,datasets/sam-29/files/gpr_dataset_3084.in,0.454887938024483,40.29332,36.741951,22.964729,0.21465350049551102,1.4860787677323193,2.6844787295112447,0.02,fresh
3085,gpr_dataset_3085.in,datasets/sam-29/files/gpr_dataset_3085.in,0.3665769274824269,47.622734,29.203321,23.173945,0.07504013418322922,1.580605098693373,2.6704562743242595,0.02,fresh
3086,gpr_dataset_3086.in,datasets/sam-29/files/gpr_dataset_3086.in,0.37893455166691825,44.580909,30.492606,24.926485,0.07323047067505839,1.5503117164631515,2.6428034327050467,0.02,fresh
3087,gpr_dataset_3087.in,datasets/sam-29/files/gpr_dataset_3087.in,0.46509657009702543,43.04333,34.002413,22.954257,0.22115946742368336,1.5688029231831777,2.658766880764799,0.02,fresh
3088,gpr_dataset_3088.in,datasets/sam-29/files/gpr_dataset_3088.in,0.2698304763700613,44.871284,34.050068,21.078648,0.2310524622928783,1.3556402559634306,2.6833665397666593,0.02,fresh
3089,gpr_dataset_3089.in,datasets/sam-29/files/gpr_dataset_3089.in,0.19090399936740088,47.855244,32.711113,19.433643,0.051993238886075814,1.3735491881467163,2.6146010047114703,0.02,fresh
3090,gpr_dataset_3090.in,datasets/sam-29/files/gpr_dataset_3090.in,0.4954655812412957,45.665598,39.368206,14.966196,0.05691677534508366,1.5692932553734695,2.6496508475034304,0.02,fresh
3091,gpr_dataset_3091.in,datasets/sam-29/files/gpr_dataset_3091.in,0.37453693433248836,48.020721,36.792971,15.186308,0.05813826917891558,1.3001236787624737,2.656247099054822,0.02,fresh
3092,gpr_dataset_3092.in,datasets/sam-29/files/gpr_dataset_3092.in,0.27354351111692204,46.528092,34.885399,18.586509,0.220948813566139,1.5382154259990208,2.65988116104176,0.02,fresh
3093,gpr_dataset_3093.in,datasets/sam-29/files/gpr_dataset_3093.in,0.43532086096170597,48.352458,23.295437,28.352105,0.11281388248628449,1.4194353522982766,2.6562292008629513,0.02,fresh
3094,gpr_dataset_3094.in,datasets/sam-29/files/gpr_dataset_3094.in,0.11318403747892002,47.193333,32.577319,20.229348,0.22706980973686824,1.5321279192155752,2.6187182755202567,0.02,fresh
3095,gpr_dataset_3095.in,datasets/sam-29/files/gpr_dataset_3095.in,0.233777916573911,45.925386,33.273296,20.801318,0.1359604936055792,1.4508795058626425,2.6882756997501196,0.02,fresh
3096,gpr_dataset_3096.in,datasets/sam-29/files/gpr_dataset_3096.in,0.21885611608320074,44.307677,30.30513,25.387193,0.24992254193443492,1.3912753214409548,2.607717670764834,0.02,fresh
3097,gpr_dataset_3097.in,datasets/sam-29/files/gpr_dataset_3097.in,0.43699350504780454,46.388359,27.493228,26.118413,0.21097913118725403,1.3747130825593383,2.6703794921012545,0.02,fresh
3098,gpr_dataset_3098.in,datasets/sam-29/files/gpr_dataset_3098.in,0.12075682023794042,44.400103,37.23578,18.364117,0.13192184232705312,1.3176162082356158,2.6046471135292806,0.02,fresh
3099,gpr_dataset_3099.in,datasets/sam-29/files/gpr_dataset_3099.in,0.32515986140334974,42.641103,29.388015,27.970882,0.059500785524598435,1.4136245301691608,2.644723172443069,0.02,fresh
3100,gpr_dataset_3100.in,datasets/sam-29/files/gpr_dataset_3100.in,0.30434036311878465,47.247635,31.031693,21.720672,0.1431495553094383,1.4236089522564557,2.620657652726755,0.02,fresh
3101,gpr_dataset_3101.in,datasets/sam-29/files/gpr_dataset_3101.in,0.43638979753382,43.002103,37.443326,19.554571,0.22414045493159174,1.4968145518512939,2.6304324006914537,0.02,fresh
3102,gpr_dataset_3102.in,datasets/sam-29/files/gpr_dataset_3102.in,0.13057759058902452,43.177646,31.799249,25.023105,0.2032393408082378,1.3336603055032799,2.6096291104455682,0.02,fresh
3103,gpr_dataset_3103.in,datasets/sam-29/files/gpr_dataset_3103.in,0.2668672658674514,47.768381,30.2331,21.998519,0.203164525331479,1.390503361516237,2.6774762291997565,0.02,fresh
3104,gpr_dataset_3104.in,datasets/sam-29/files/gpr_dataset_3104.in,0.2806745047351832,43.787596,36.85447,19.357934,0.09088536692547694,1.4251988382012473,2.682617552767207,0.02,fresh
3105,gpr_dataset_3105.in,datasets/sam-29/files/gpr_dataset_3105.in,0.2136983238496847,36.296037,37.310343,26.39362,0.1974826031987032,1.5208631644227444,2.649652640385508,0.02,fresh
3106,gpr_dataset_3106.in,datasets/sam-29/files/gpr_dataset_3106.in,0.3639092480775824,46.451741,39.286778,14.261481,0.19739071180018986,1.470971005873218,2.614013765132658,0.02,fresh
3107,gpr_dataset_3107.in,datasets/sam-29/files/gpr_dataset_3107.in,0.2734301695903566,45.288124,27.476831,27.235045,0.15856836099326466,1.3620989145738545,2.6258437448050937,0.02,fresh
3108,gpr_dataset_3108.in,datasets/sam-29/files/gpr_dataset_3108.in,0.498083132776589,45.644021,28.582722,25.773257,0.08609321444584056,1.3981476348428599,2.649622975339682,0.02,fresh
3109,gpr_dataset_3109.in,datasets/sam-29/files/gpr_dataset_3109.in,0.1506264693743108,44.315448,35.618739,20.065813,0.12531998128967073,1.5420236434187573,2.683309701422685,0.02,fresh
3110,gpr_dataset_3110.in,datasets/sam-29/files/gpr_dataset_3110.in,0.35028793404989345,46.139606,34.83047,19.029924,0.1336133968295003,1.4045346091737718,2.6941464821257113,0.02,fresh
3111,gpr_dataset_3111.in,datasets/sam-29/files/gpr_dataset_3111.in,0.3263841460861113,43.496104,39.598564,16.905332,0.1832890746498586,1.37800382989915,2.6065633597952904,0.02,fresh
3112,gpr_dataset_3112.in,datasets/sam-29/files/gpr_dataset_3112.in,0.21259743751775806,43.542863,28.468827,27.98831,0.0770033895369363,1.4054847335372498,2.657154934231678,0.02,fresh
3113,gpr_dataset_3113.in,datasets/sam-29/files/gpr_dataset_3113.in,0.44697619179305204,39.843866,38.698261,21.457873,0.15918334079903712,1.4548548458518578,2.662786023786048,0.02,fresh
3114,gpr_dataset_3114.in,datasets/sam-29/files/gpr_dataset_3114.in,0.22940293145030075,47.083419,35.280727,17.635854,0.20312655187848466,1.5250040020185178,2.6783858417445496,0.02,fresh
3115,gpr_dataset_3115.in,datasets/sam-29/files/gpr_dataset_3115.in,0.3844166582308767,49.698581,34.259702,16.041717,0.05808923687377013,1.4827879635852108,2.6119850918542533,0.02,fresh
3116,gpr_dataset_3116.in,datasets/sam-29/files/gpr_dataset_3116.in,0.3251113936550418,42.634348,33.723029,23.642623,0.054415625294087125,1.5619668921763805,2.67224518815029,0.02,fresh
3117,gpr_dataset_3117.in,datasets/sam-29/files/gpr_dataset_3117.in,0.15322282065515394,47.503053,35.926107,16.57084,0.06770323890655966,1.442872485871664,2.6060261488288177,0.02,fresh
3118,gpr_dataset_3118.in,datasets/sam-29/files/gpr_dataset_3118.in,0.38729551935033346,49.493643,35.136435,15.369922,0.07185755715576514,1.3259396538472907,2.6135724616081393,0.02,fresh
3119,gpr_dataset_3119.in,datasets/sam-29/files/gpr_dataset_3119.in,0.4912402354216848,45.407423,34.5496,20.042977,0.16593833319767465,1.4440606243342542,2.6931459466483973,0.02,fresh
3120,gpr_dataset_3120.in,datasets/sam-29/files/gpr_dataset_3120.in,0.16145888923508447,45.783803,35.896255,18.319942,0.05802300640837919,1.5278546237185795,2.6747900759146903,0.02,fresh
3121,gpr_dataset_3121.in,datasets/sam-29/files/gpr_dataset_3121.in,0.19320416370272225,39.306198,32.593716,28.100086,0.1641531739659245,1.3294885953729614,2.6100225487396864,0.02,fresh
3122,gpr_dataset_3122.in,datasets/sam-29/files/gpr_dataset_3122.in,0.3175362386602405,49.159287,28.878767,21.961946,0.16914646648644516,1.4148776673372356,2.6051575495631845,0.02,fresh
3123,gpr_dataset_3123.in,datasets/sam-29/files/gpr_dataset_3123.in,0.37361743577566,36.989481,34.616242,28.394277,0.09229155035366805,1.5209633849720803,2.686996590898125,0.02,fresh
3124,gpr_dataset_3124.in,datasets/sam-29/files/gpr_dataset_3124.in,0.14880376244862897,39.419974,38.330345,22.249681,0.059222575992547835,1.4076386644862797,2.6021785492007634,0.02,fresh
3125,gpr_dataset_3125.in,datasets/sam-29/files/gpr_dataset_3125.in,0.4961687051386897,46.542569,34.418077,19.039354,0.17203831746395937,1.3027567084824787,2.636592702877639,0.02,fresh
3126,gpr_dataset_3126.in,datasets/sam-29/files/gpr_dataset_3126.in,0.28605263027418976,41.680928,39.586822,18.73225,0.23912004210025722,1.515394667481402,2.6028262386221557,0.02,fresh
3127,gpr_dataset_3127.in,datasets/sam-29/files/gpr_dataset_3127.in,0.43248946286466305,46.349143,33.736343,19.914514,0.23637075110619515,1.4950288830056202,2.698918314653328,0.02,fresh
3128,gpr_dataset_3128.in,datasets/sam-29/files/gpr_dataset_3128.in,0.2164934434329276,41.115017,29.71504,29.169943,0.052647330998799174,1.5798455013893578,2.6639339899272114,0.02,fresh
3129,gpr_dataset_3129.in,datasets/sam-29/files/gpr_dataset_3129.in,0.3160066138400226,45.184863,34.630828,20.184309,0.2262454964028658,1.3353750129809894,2.615776213949215,0.02,fresh
3130,gpr_dataset_3130.in,datasets/sam-29/files/gpr_dataset_3130.in,0.36184483807960544,49.669282,37.952918,12.3778,0.17595169900563912,1.5700159891476722,2.6260943814017854,0.02,fresh
3131,gpr_dataset_3131.in,datasets/sam-29/files/gpr_dataset_3131.in,0.2516476465618813,38.955035,37.301504,23.743461,0.06242211242468008,1.4866814196813098,2.61931743668524,0.02,fresh
3132,gpr_dataset_3132.in,datasets/sam-29/files/gpr_dataset_3132.in,0.2570513918966869,36.374117,37.978518,25.647365,0.09655763776785758,1.3037418063272752,2.6074713021921654,0.02,fresh
3133,gpr_dataset_3133.in,datasets/sam-29/files/gpr_dataset_3133.in,0.19280157467613113,41.385208,34.434665,24.180127,0.09346348518450467,1.5725299993209565,2.6988449518475615,0.02,fresh
3134,gpr_dataset_3134.in,datasets/sam-29/files/gpr_dataset_3134.in,0.2683501510151315,47.554923,39.742488,12.702589,0.2386489707595439,1.4066304004075716,2.6744976649994237,0.02,fresh
3135,gpr_dataset_3135.in,datasets/sam-29/files/gpr_dataset_3135.in,0.10173502027942694,49.048698,26.570401,24.380901,0.21313994200259678,1.5448470963498164,2.655761473707749,0.02,fresh
3136,gpr_dataset_3136.in,datasets/sam-29/files/gpr_dataset_3136.in,0.15985797585769734,42.799101,32.91457,24.286329,0.12490177654437018,1.4796844462404093,2.666547761015447,0.02,fresh
3137,gpr_dataset_3137.in,datasets/sam-29/files/gpr_dataset_3137.in,0.48294795961595116,40.593786,34.187831,25.218383,0.10673693207518567,1.3805875190514953,2.665379816904658,0.02,fresh
3138,gpr_dataset_3138.in,datasets/sam-29/files/gpr_dataset_3138.in,0.15320518209936715,43.028692,30.653331,26.317977,0.18539365261981516,1.368522774078714,2.6056501587389125,0.02,fresh
3139,gpr_dataset_3139.in,datasets/sam-29/files/gpr_dataset_3139.in,0.10277083980433602,43.158644,35.87117,20.970186,0.22837808119097547,1.5134099804004624,2.661432288095681,0.02,fresh
3140,gpr_dataset_3140.in,datasets/sam-29/files/gpr_dataset_3140.in,0.44717719911589393,44.519046,36.347859,19.133095,0.11354995873319079,1.5994957758509478,2.6339535648646315,0.02,fresh
3141,gpr_dataset_3141.in,datasets/sam-29/files/gpr_dataset_3141.in,0.43033145392875904,48.899656,30.640742,20.459602,0.12467999978381157,1.3855212190589616,2.6758545203833877,0.02,fresh
3142,gpr_dataset_3142.in,datasets/sam-29/files/gpr_dataset_3142.in,0.4723609798286422,37.588094,37.51466,24.897246,0.0792938964885695,1.4723022324854225,2.6719823087493233,0.02,fresh
3143,gpr_dataset_3143.in,datasets/sam-29/files/gpr_dataset_3143.in,0.4139061639292808,47.401625,36.612271,15.986104,0.1977927535092896,1.4500295349106134,2.662221842314584,0.02,fresh
3144,gpr_dataset_3144.in,datasets/sam-29/files/gpr_dataset_3144.in,0.26552781217958754,46.837736,25.040061,28.122203,0.06380263549775259,1.5503959693423979,2.6118207470833084,0.02,fresh
3145,gpr_dataset_3145.in,datasets/sam-29/files/gpr_dataset_3145.in,0.18515433806738935,38.127203,35.799581,26.073216,0.08907553771517658,1.3016569235211446,2.6277901858974895,0.02,fresh
3146,gpr_dataset_3146.in,datasets/sam-29/files/gpr_dataset_3146.in,0.3265882177425775,47.890913,35.075682,17.033405,0.0606028818391277,1.4752480844580929,2.6359720637266304,0.02,fresh
3147,gpr_dataset_3147.in,datasets/sam-29/files/gpr_dataset_3147.in,0.12401205068588515,45.430285,29.291162,25.278553,0.09962508430769523,1.3832721462989688,2.6566546650240936,0.02,fresh
3148,gpr_dataset_3148.in,datasets/sam-29/files/gpr_dataset_3148.in,0.16967315921452025,47.652002,28.791609,23.556389,0.18936146835754503,1.5142247831399231,2.624176958778394,0.02,fresh
3149,gpr_dataset_3149.in,datasets/sam-29/files/gpr_dataset_3149.in,0.28834611683567407,44.505645,35.926178,19.568177,0.1880080666770843,1.4596789100733158,2.6995592457351982,0.02,fresh
3150,gpr_dataset_3150.in,datasets/sam-29/files/gpr_dataset_3150.in,0.39028521725161947,48.159487,23.079654,28.760859,0.10518743932817186,1.3818163194956437,2.6093417092339046,0.02,fresh
3151,gpr_dataset_3151.in,datasets/sam-29/files/gpr_dataset_3151.in,0.277932039238938,40.568036,30.038051,29.393913,0.2261713298253184,1.333322491836424,2.636334715584505,0.02,fresh
3152,gpr_dataset_3152.in,datasets/sam-29/files/gpr_dataset_3152.in,0.4933726446911336,41.61139,30.508185,27.880425,0.20534605402317258,1.590112082528127,2.6726770875334784,0.02,fresh
3153,gpr_dataset_3153.in,datasets/sam-29/files/gpr_dataset_3153.in,0.41226325370581385,45.955594,28.748265,25.296141,0.20078838790843528,1.5407310661100517,2.6487758293637556,0.02,fresh
3154,gpr_dataset_3154.in,datasets/sam-29/files/gpr_dataset_3154.in,0.1555177076124824,34.771034,38.213421,27.015545,0.15600301608197853,1.3887698205042474,2.641332624621216,0.02,fresh
3155,gpr_dataset_3155.in,datasets/sam-29/files/gpr_dataset_3155.in,0.36904711401637913,39.535792,35.012032,25.452176,0.08064902714301021,1.5648439595331347,2.640900611537669,0.02,fresh
3156,gpr_dataset_3156.in,datasets/sam-29/files/gpr_dataset_3156.in,0.35285006035160904,47.492249,29.01396,23.493791,0.08575063467558905,1.4531892368925807,2.644236353605423,0.02,fresh
3157,gpr_dataset_3157.in,datasets/sam-29/files/gpr_dataset_3157.in,0.31058556013161065,46.020166,36.416743,17.563091,0.18151024093819274,1.3311867701188962,2.660559057525326,0.02,fresh
3158,gpr_dataset_3158.in,datasets/sam-29/files/gpr_dataset_3158.in,0.12472665585206114,49.781018,26.152786,24.066196,0.15060442031403443,1.5403226312751037,2.605980499441515,0.02,fresh
3159,gpr_dataset_3159.in,datasets/sam-29/files/gpr_dataset_3159.in,0.17004668738639675,41.93886,28.685684,29.375456,0.08224428370079703,1.5634803456247286,2.607946262884449,0.02,fresh
3160,gpr_dataset_3160.in,datasets/sam-29/files/gpr_dataset_3160.in,0.1446582503859043,41.228038,36.416138,22.355824,0.14318918994729862,1.440212487080719,2.6349979255293885,0.02,fresh
3161,gpr_dataset_3161.in,datasets/sam-29/files/gpr_dataset_3161.in,0.4193724282817768,40.235563,35.702873,24.061564,0.10496695080967032,1.4040727762255976,2.628909878974492,0.02,fresh
3162,gpr_dataset_3162.in,datasets/sam-29/files/gpr_dataset_3162.in,0.4321661470345871,43.318827,39.956934,16.724239,0.22571927507912842,1.3161944687593148,2.6891875839477484,0.02,fresh
3163,gpr_dataset_3163.in,datasets/sam-29/files/gpr_dataset_3163.in,0.23466434732183866,47.426619,25.660438,26.912943,0.16822984942883726,1.35094136727053,2.670340452511849,0.02,fresh
3164,gpr_dataset_3164.in,datasets/sam-29/files/gpr_dataset_3164.in,0.2352571112593377,44.334828,29.923252,25.74192,0.0782048902314533,1.5542170134814082,2.6186605421460647,0.02,fresh
3165,gpr_dataset_3165.in,datasets/sam-29/files/gpr_dataset_3165.in,0.4672479437938468,40.827359,33.891947,25.280694,0.07498394427080789,1.3918317615921398,2.660764873206548,0.02,fresh
3166,gpr_dataset_3166.in,datasets/sam-29/files/gpr_dataset_3166.in,0.3854714072835709,39.294936,36.284252,24.420812,0.06670856172006101,1.4069266849479132,2.6281956437239193,0.02,fresh
3167,gpr_dataset_3167.in,datasets/sam-29/files/gpr_dataset_3167.in,0.4748234645337106,44.349782,27.538143,28.112075,0.15372700109784837,1.31793510935138,2.645274128714604,0.02,fresh
3168,gpr_dataset_3168.in,datasets/sam-29/files/gpr_dataset_3168.in,0.45738425678318806,44.27482,34.576052,21.149128,0.0770587680835873,1.4221738916170912,2.6998998344372445,0.02,fresh
3169,gpr_dataset_3169.in,datasets/sam-29/files/gpr_dataset_3169.in,0.48055743443694354,39.907272,30.486833,29.605895,0.15047612293536855,1.4517696055429052,2.672385073527188,0.02,fresh
3170,gpr_dataset_3170.in,datasets/sam-29/files/gpr_dataset_3170.in,0.47143874456886303,40.423098,33.593002,25.9839,0.1276535332639131,1.330546546613273,2.62436086296064,0.02,fresh
3171,gpr_dataset_3171.in,datasets/sam-29/files/gpr_dataset_3171.in,0.18754787494947445,49.10389,31.738165,19.157945,0.07866104303572106,1.3130187659665409,2.653721769763417,0.02,fresh
3172,gpr_dataset_3172.in,datasets/sam-29/files/gpr_dataset_3172.in,0.39900092418098543,46.347064,29.863727,23.789209,0.19967595819506706,1.5390744436234054,2.68461105651918,0.02,fresh
3173,gpr_dataset_3173.in,datasets/sam-29/files/gpr_dataset_3173.in,0.32226271211000224,45.898248,37.313156,16.788596,0.11606752939933561,1.422292831333499,2.6972736679707032,0.02,fresh
3174,gpr_dataset_3174.in,datasets/sam-29/files/gpr_dataset_3174.in,0.41138281053075754,44.912504,37.357604,17.729892,0.17307662258892137,1.368547565451605,2.6762498781492225,0.02,fresh
3175,gpr_dataset_3175.in,datasets/sam-29/files/gpr_dataset_3175.in,0.14469360312515123,32.49614,38.783965,28.719895,0.17634012055951825,1.545804775533927,2.6440751942820397,0.02,fresh
3176,gpr_dataset_3176.in,datasets/sam-29/files/gpr_dataset_3176.in,0.3744180386884318,47.933313,22.715593,29.351094,0.0781853557762198,1.3605963716480405,2.6495667555140954,0.02,fresh
3177,gpr_dataset_3177.in,datasets/sam-29/files/gpr_dataset_3177.in,0.2997156472456043,42.336261,34.927509,22.73623,0.06756349127646555,1.5911919139650375,2.6630112990096473,0.02,fresh
3178,gpr_dataset_3178.in,datasets/sam-29/files/gpr_dataset_3178.in,0.3131582838583791,40.407186,36.416399,23.176415,0.06791954787573506,1.4161658231430614,2.6571633043418212,0.02,fresh
3179,gpr_dataset_3179.in,datasets/sam-29/files/gpr_dataset_3179.in,0.3013790048810807,44.711959,30.824116,24.463925,0.22542257733295018,1.3614850231072686,2.6424040134416673,0.02,fresh
3180,gpr_dataset_3180.in,datasets/sam-29/files/gpr_dataset_3180.in,0.42705934925294176,46.278107,38.730056,14.991837,0.2334081770494077,1.5670743103902118,2.6142686478776613,0.02,fresh
3181,gpr_dataset_3181.in,datasets/sam-29/files/gpr_dataset_3181.in,0.4461892118841233,42.442056,33.299035,24.258909,0.05998328494696939,1.3645117525495378,2.6011127263025235,0.02,fresh
3182,gpr_dataset_3182.in,datasets/sam-29/files/gpr_dataset_3182.in,0.186376062751207,41.899592,30.586266,27.514142,0.16828079936794507,1.5665237782414057,2.623380351785486,0.02,fresh
3183,gpr_dataset_3183.in,datasets/sam-29/files/gpr_dataset_3183.in,0.13564948567494628,42.34419,38.272987,19.382823,0.09936215824864657,1.4430226672712503,2.6671876606205793,0.02,fresh
3184,gpr_dataset_3184.in,datasets/sam-29/files/gpr_dataset_3184.in,0.15231299407977894,37.125987,36.467214,26.406799,0.05422101169402771,1.5418646052304303,2.6854747081035417,0.02,fresh
3185,gpr_dataset_3185.in,datasets/sam-29/files/gpr_dataset_3185.in,0.2785524923903034,45.835965,32.538125,21.62591,0.17582547652630914,1.339570853834287,2.64231630173846,0.02,fresh
3186,gpr_dataset_3186.in,datasets/sam-29/files/gpr_dataset_3186.in,0.13963291907482583,46.678113,32.130172,21.191715,0.13286419457263535,1.3641295238681834,2.6914489373204864,0.02,fresh
3187,gpr_dataset_3187.in,datasets/sam-29/files/gpr_dataset_3187.in,0.2130921707410799,47.515076,28.09691,24.388014,0.14857633080730442,1.587833986489594,2.695490789895519,0.02,fresh
3188,gpr_dataset_3188.in,datasets/sam-29/files/gpr_dataset_3188.in,0.3469752638224678,44.533434,36.511102,18.955464,0.11371858149508762,1.4676413188500248,2.6134178056421336,0.02,fresh
3189,gpr_dataset_3189.in,datasets/sam-29/files/gpr_dataset_3189.in,0.24510562266374372,46.925144,32.552956,20.5219,0.23337700026735764,1.4373182505878228,2.6338977424745518,0.02,fresh
3190,gpr_dataset_3190.in,datasets/sam-29/files/gpr_dataset_3190.in,0.37609637833881215,44.518983,30.353446,25.127571,0.0642469582175606,1.576087224616742,2.655326255182796,0.02,fresh
3191,gpr_dataset_3191.in,datasets/sam-29/files/gpr_dataset_3191.in,0.34321330069555245,45.011935,34.944254,20.043811,0.24993297720803637,1.3318330184611207,2.617722830425679,0.02,fresh
3192,gpr_dataset_3192.in,datasets/sam-29/files/gpr_dataset_3192.in,0.13938385846731768,47.563786,26.238164,26.19805,0.10027680633602493,1.4937511650592101,2.6245561801330246,0.02,fresh
3193,gpr_dataset_3193.in,datasets/sam-29/files/gpr_dataset_3193.in,0.1725202298485125,49.313659,35.613778,15.072563,0.10706742607395914,1.376910875570988,2.611471924516077,0.02,fresh
3194,gpr_dataset_3194.in,datasets/sam-29/files/gpr_dataset_3194.in,0.1472774225901722,48.01514,34.586909,17.397951,0.16313428123098633,1.4284894554499847,2.6422663664608153,0.02,fresh
3195,gpr_dataset_3195.in,datasets/sam-29/files/gpr_dataset_3195.in,0.2277347955171031,42.373226,31.864276,25.762498,0.1067875078465218,1.3703855148304427,2.625991511277663,0.02,fresh
3196,gpr_dataset_3196.in,datasets/sam-29/files/gpr_dataset_3196.in,0.306493081411533,46.826816,32.593493,20.579691,0.1602844655280983,1.408262637563475,2.623797702846299,0.02,fresh
3197,gpr_dataset_3197.in,datasets/sam-29/files/gpr_dataset_3197.in,0.3519676600342133,49.526029,34.460716,16.013255,0.1417736092990365,1.4251560613847247,2.6329442825594147,0.02,fresh
3198,gpr_dataset_3198.in,datasets/sam-29/files/gpr_dataset_3198.in,0.3532067376039657,38.6716,36.940513,24.387887,0.2080082599607096,1.434494250829755,2.685979675289471,0.02,fresh
3199,gpr_dataset_3199.in,datasets/sam-29/files/gpr_dataset_3199.in,0.3556366623283612,44.651464,35.695637,19.652899,0.1563430662453567,1.431823523223547,2.636305125706543,0.02,fresh
3200,gpr_dataset_3200.in,datasets/sam-29/files/gpr_dataset_3200.in,0.4833415158851858,39.671098,37.137985,23.190917,0.2233493352047411,1.3043412926325575,2.6677599520722697,0.02,fresh
3201,gpr_dataset_3201.in,datasets/sam-29/files/gpr_dataset_3201.in,0.2319538943880685,46.584929,38.062253,15.352818,0.20614147786205106,1.3088796774155291,2.6821750998273077,0.02,fresh
3202,gpr_dataset_3202.in,datasets/sam-29/files/gpr_dataset_3202.in,0.4385648729543883,43.814731,31.190402,24.994867,0.05317375507925026,1.4533187928722007,2.6929971485078616,0.02,fresh
3203,gpr_dataset_3203.in,datasets/sam-29/files/gpr_dataset_3203.in,0.2833288025977857,44.353551,30.813776,24.832673,0.1625366901401033,1.4492036049077854,2.6630066304867013,0.02,fresh
3204,gpr_dataset_3204.in,datasets/sam-29/files/gpr_dataset_3204.in,0.2723010278313033,45.424188,30.691623,23.884189,0.23039489158575244,1.4524273832233463,2.678193983336203,0.02,fresh
3205,gpr_dataset_3205.in,datasets/sam-29/files/gpr_dataset_3205.in,0.4613388874129283,44.384006,36.321598,19.294396,0.22264828524260294,1.3415246784549133,2.6025751021322447,0.02,fresh
3206,gpr_dataset_3206.in,datasets/sam-29/files/gpr_dataset_3206.in,0.4074800349412301,38.758748,37.09561,24.145642,0.2353531604698615,1.348163747435509,2.612641273288966,0.02,fresh
3207,gpr_dataset_3207.in,datasets/sam-29/files/gpr_dataset_3207.in,0.12060787221122792,42.287328,30.620627,27.092045,0.08162479541754655,1.3062455122305776,2.676620617758791,0.02,fresh
3208,gpr_dataset_3208.in,datasets/sam-29/files/gpr_dataset_3208.in,0.19349471442292523,48.911131,26.899616,24.189253,0.09492555364951405,1.5312933081112305,2.61996738669256,0.02,fresh
3209,gpr_dataset_3209.in,datasets/sam-29/files/gpr_dataset_3209.in,0.18346551193699542,46.570368,28.712034,24.717598,0.16923306739298893,1.3474857123393342,2.6325655458370525,0.02,fresh
3210,gpr_dataset_3210.in,datasets/sam-29/files/gpr_dataset_3210.in,0.4287808307116834,48.873903,32.672218,18.453879,0.23342035155856133,1.5519627037732047,2.634161600311633,0.02,fresh
3211,gpr_dataset_3211.in,datasets/sam-29/files/gpr_dataset_3211.in,0.49861355696587095,47.932344,26.524919,25.542737,0.23331846764268127,1.4047648048570192,2.650549374496733,0.02,fresh
3212,gpr_dataset_3212.in,datasets/sam-29/files/gpr_dataset_3212.in,0.2754904400239724,48.013191,37.339682,14.647127,0.15986593080462033,1.3958745001479922,2.6633723701037155,0.02,fresh
3213,gpr_dataset_3213.in,datasets/sam-29/files/gpr_dataset_3213.in,0.4143626416717815,40.395437,37.085722,22.518841,0.1717083117589046,1.3368288652241707,2.65711915473264,0.02,fresh
3214,gpr_dataset_3214.in,datasets/sam-29/files/gpr_dataset_3214.in,0.3911233527234873,44.654407,30.854375,24.491218,0.23985668270666227,1.3639848288152543,2.6995366205663145,0.02,fresh
3215,gpr_dataset_3215.in,datasets/sam-29/files/gpr_dataset_3215.in,0.37035623560441355,46.186606,39.459358,14.354036,0.24468869324111953,1.5611834489562144,2.6181159095486803,0.02,fresh
3216,gpr_dataset_3216.in,datasets/sam-29/files/gpr_dataset_3216.in,0.12299835941616051,43.516544,35.53037,20.953086,0.1621128222603621,1.5472796203881896,2.687211644181413,0.02,fresh
3217,gpr_dataset_3217.in,datasets/sam-29/files/gpr_dataset_3217.in,0.29400117034995,46.856732,23.762586,29.380682,0.06110708038316018,1.561432364261636,2.645312955605789,0.02,fresh
3218,gpr_dataset_3218.in,datasets/sam-29/files/gpr_dataset_3218.in,0.15464963760585704,35.178505,39.690805,25.13069,0.05271691317201919,1.3692907375849543,2.6592639901811768,0.02,fresh
3219,gpr_dataset_3219.in,datasets/sam-29/files/gpr_dataset_3219.in,0.31250762123022074,47.623309,34.641572,17.735119,0.2487446982618884,1.486747696380475,2.602784952553948,0.02,fresh
3220,gpr_dataset_3220.in,datasets/sam-29/files/gpr_dataset_3220.in,0.11513435065501106,46.683105,32.485982,20.830913,0.24040322155666266,1.3610488553717308,2.6701004134801694,0.02,fresh
3221,gpr_dataset_3221.in,datasets/sam-29/files/gpr_dataset_3221.in,0.27678532513770937,45.338967,29.738318,24.922715,0.17825871268734889,1.3172648439884864,2.6706443251719953,0.02,fresh
3222,gpr_dataset_3222.in,datasets/sam-29/files/gpr_dataset_3222.in,0.3829612420584151,42.684886,33.830912,23.484202,0.11306539039914601,1.3693217703756349,2.637161204701539,0.02,fresh
3223,gpr_dataset_3223.in,datasets/sam-29/files/gpr_dataset_3223.in,0.15002119668989788,46.731455,29.432863,23.835682,0.22803854674929042,1.5645703036781462,2.614143551201629,0.02,fresh
3224,gpr_dataset_3224.in,datasets/sam-29/files/gpr_dataset_3224.in,0.2916841716080393,48.897027,23.725298,27.377675,0.057173672784311805,1.4709319048062295,2.6467051331124396,0.02,fresh
3225,gpr_dataset_3225.in,datasets/sam-29/files/gpr_dataset_3225.in,0.27757602036794987,31.8896,39.009987,29.100413,0.16063071624318337,1.4673178891993444,2.6610886664822826,0.02,fresh
3226,gpr_dataset_3226.in,datasets/sam-29/files/gpr_dataset_3226.in,0.45137213885628225,48.575907,27.096175,24.327918,0.13179402344474267,1.3033019702472992,2.601703778179728,0.02,fresh
3227,gpr_dataset_3227.in,datasets/sam-29/files/gpr_dataset_3227.in,0.1776221456235988,48.106412,27.246565,24.647023,0.14532292688839366,1.4653368441838208,2.6860128042843976,0.02,fresh
3228,gpr_dataset_3228.in,datasets/sam-29/files/gpr_dataset_3228.in,0.3061732165177778,40.196711,37.917988,21.885301,0.15430707220993073,1.404341954560389,2.6995321686029103,0.02,fresh
3229,gpr_dataset_3229.in,datasets/sam-29/files/gpr_dataset_3229.in,0.10602819699046365,49.824123,34.606168,15.569709,0.22258329018389017,1.5638950623883086,2.6956222299854726,0.02,fresh
3230,gpr_dataset_3230.in,datasets/sam-29/files/gpr_dataset_3230.in,0.2396732582905271,42.521049,28.573972,28.904979,0.08274164159251447,1.3373263945728084,2.6979256821130604,0.02,fresh
3231,gpr_dataset_3231.in,datasets/sam-29/files/gpr_dataset_3231.in,0.16982974043273863,45.639763,28.767671,25.592566,0.24914763647791582,1.533439778307522,2.690746795731747,0.02,fresh
3232,gpr_dataset_3232.in,datasets/sam-29/files/gpr_dataset_3232.in,0.24162976665262575,47.10717,39.170635,13.722195,0.21299395552625527,1.4759580961055274,2.6158437429855583,0.02,fresh
3233,gpr_dataset_3233.in,datasets/sam-29/files/gpr_dataset_3233.in,0.15951229009609436,39.546727,36.520821,23.932452,0.21609576818403942,1.5019955569228634,2.694386891124717,0.02,fresh
3234,gpr_dataset_3234.in,datasets/sam-29/files/gpr_dataset_3234.in,0.19742551013019938,47.133472,35.181113,17.685415,0.0655341501013264,1.5014613018791048,2.6833152753931127,0.02,fresh
3235,gpr_dataset_3235.in,datasets/sam-29/files/gpr_dataset_3235.in,0.39479536705693474,47.461935,34.890549,17.647516,0.14547143343727326,1.4640620816240673,2.6687140894210692,0.02,fresh
3236,gpr_dataset_3236.in,datasets/sam-29/files/gpr_dataset_3236.in,0.27278107583522204,48.539637,30.065725,21.394638,0.15650816358522635,1.3171389182879956,2.6179879585690555,0.02,fresh
3237,gpr_dataset_3237.in,datasets/sam-29/files/gpr_dataset_3237.in,0.20487931663310466,44.696164,35.093685,20.210151,0.10686584771272359,1.3077944879442613,2.645456067637999,0.02,fresh
3238,gpr_dataset_3238.in,datasets/sam-29/files/gpr_dataset_3238.in,0.44264668426101206,46.760085,25.802267,27.437648,0.2078385081629177,1.3735057359462957,2.6775458823630625,0.02,fresh
3239,gpr_dataset_3239.in,datasets/sam-29/files/gpr_dataset_3239.in,0.25505807373736233,44.019798,37.380291,18.599911,0.07619593678280688,1.3738871424041958,2.671676581684604,0.02,fresh
3240,gpr_dataset_3240.in,datasets/sam-29/files/gpr_dataset_3240.in,0.24124008188843096,45.142207,29.385205,25.472588,0.0825287175897092,1.5266424919579913,2.6276385656484424,0.02,fresh
3241,gpr_dataset_3241.in,datasets/sam-29/files/gpr_dataset_3241.in,0.4336043218780097,47.206342,35.65226,17.141398,0.08620565120723236,1.435766436146137,2.637241378277955,0.02,fresh
3242,gpr_dataset_3242.in,datasets/sam-29/files/gpr_dataset_3242.in,0.49712321990277397,48.084366,37.966857,13.948777,0.09312098385676358,1.5411898612852983,2.694953988579436,0.02,fresh
3243,gpr_dataset_3243.in,datasets/sam-29/files/gpr_dataset_3243.in,0.1285592818356027,39.853906,35.227067,24.919027,0.16278132456724909,1.5759645873870842,2.643268452038427,0.02,fresh
3244,gpr_dataset_3244.in,datasets/sam-29/files/gpr_dataset_3244.in,0.1430637608975301,35.175411,39.865653,24.958936,0.22573703946623058,1.381157213066414,2.65638822977422,0.02,fresh
3245,gpr_dataset_3245.in,datasets/sam-29/files/gpr_dataset_3245.in,0.2077039866506981,47.733187,39.395065,12.871748,0.09574492080757624,1.5436555567077506,2.676715294126743,0.02,fresh
3246,gpr_dataset_3246.in,datasets/sam-29/files/gpr_dataset_3246.in,0.49003752071374784,33.108132,39.69781,27.194058,0.13479628244685182,1.37898350543184,2.672888391916688,0.02,fresh
3247,gpr_dataset_3247.in,datasets/sam-29/files/gpr_dataset_3247.in,0.24374590960045844,48.729502,29.443222,21.827276,0.15972862746721084,1.3660511189987912,2.669650107575242,0.02,fresh
3248,gpr_dataset_3248.in,datasets/sam-29/files/gpr_dataset_3248.in,0.3069632764198703,41.258123,38.198505,20.543372,0.11581734328490093,1.5948001438376491,2.650990593137261,0.02,fresh
3249,gpr_dataset_3249.in,datasets/sam-29/files/gpr_dataset_3249.in,0.4013344660022844,48.995332,23.803105,27.201563,0.1307110552018239,1.5435793543781855,2.6416257987082945,0.02,fresh
3250,gpr_dataset_3250.in,datasets/sam-29/files/gpr_dataset_3250.in,0.3393313208759286,46.581611,35.72978,17.688609,0.19978463130783425,1.4881672481923798,2.613422568986403,0.02,fresh
3251,gpr_dataset_3251.in,datasets/sam-29/files/gpr_dataset_3251.in,0.25430545118030823,39.548915,37.316864,23.134221,0.2310702192073899,1.4367270743861995,2.6959165302183337,0.02,fresh
3252,gpr_dataset_3252.in,datasets/sam-29/files/gpr_dataset_3252.in,0.48793355092855883,43.990321,39.959908,16.049771,0.07031716530451644,1.5061283592681252,2.6375819379897423,0.02,fresh
3253,gpr_dataset_3253.in,datasets/sam-29/files/gpr_dataset_3253.in,0.38184100426232814,45.577364,38.047956,16.37468,0.21112934124870825,1.5892159489803046,2.6370139921233235,0.02,fresh
3254,gpr_dataset_3254.in,datasets/sam-29/files/gpr_dataset_3254.in,0.1544517374309077,37.258199,38.352756,24.389045,0.15837253357767173,1.5438437639886955,2.6082114176726385,0.02,fresh
3255,gpr_dataset_3255.in,datasets/sam-29/files/gpr_dataset_3255.in,0.30044471865128386,41.738725,35.960482,22.300793,0.1796064698442182,1.3922786811226926,2.685860018334093,0.02,fresh
3256,gpr_dataset_3256.in,datasets/sam-29/files/gpr_dataset_3256.in,0.3404680624055834,47.061456,32.388672,20.549872,0.08821454095917691,1.3525858556610209,2.6835094992833817,0.02,fresh
3257,gpr_dataset_3257.in,datasets/sam-29/files/gpr_dataset_3257.in,0.43079619517215617,40.277064,37.554611,22.168325,0.17644571930915542,1.5638034437378066,2.6357012126346357,0.02,fresh
3258,gpr_dataset_3258.in,datasets/sam-29/files/gpr_dataset_3258.in,0.27311096771961824,47.520133,29.783555,22.696312,0.24661968657720218,1.5165399918857605,2.6461328304413922,0.02,fresh
3259,gpr_dataset_3259.in,datasets/sam-29/files/gpr_dataset_3259.in,0.4523048688960508,46.139271,31.655526,22.205203,0.07024075360692456,1.3099202809020318,2.681174343389684,0.02,fresh
3260,gpr_dataset_3260.in,datasets/sam-29/files/gpr_dataset_3260.in,0.4818627034816373,38.363113,32.523867,29.11302,0.24786128628404397,1.310923522660552,2.6862298922463745,0.02,fresh
3261,gpr_dataset_3261.in,datasets/sam-29/files/gpr_dataset_3261.in,0.4865206643769099,46.700534,27.224914,26.074552,0.16863536886318214,1.309444479551239,2.6538453798144874,0.02,fresh
3262,gpr_dataset_3262.in,datasets/sam-29/files/gpr_dataset_3262.in,0.3511293076269256,44.364402,38.484342,17.151256,0.21323306469992054,1.406845205816107,2.622638686753886,0.02,fresh
3263,gpr_dataset_3263.in,datasets/sam-29/files/gpr_dataset_3263.in,0.11071943709222132,38.739437,34.991649,26.268914,0.22178159168998812,1.4425988699716352,2.6196438001187006,0.02,fresh
3264,gpr_dataset_3264.in,datasets/sam-29/files/gpr_dataset_3264.in,0.3047796529254594,47.628838,28.014664,24.356498,0.06504716658895004,1.391344546128156,2.6668878881793145,0.02,fresh
3265,gpr_dataset_3265.in,datasets/sam-29/files/gpr_dataset_3265.in,0.14609760235564237,40.729146,34.623081,24.647773,0.2477460933315157,1.492083145627983,2.690921605353408,0.02,fresh
3266,gpr_dataset_3266.in,datasets/sam-29/files/gpr_dataset_3266.in,0.3142075338017315,48.631021,29.840022,21.528957,0.14765633352306634,1.3308436723298225,2.673874066928755,0.02,fresh
3267,gpr_dataset_3267.in,datasets/sam-29/files/gpr_dataset_3267.in,0.40166458106172065,47.959437,35.650922,16.389641,0.2281298125461949,1.5566086864284814,2.6005371843277234,0.02,fresh
3268,gpr_dataset_3268.in,datasets/sam-29/files/gpr_dataset_3268.in,0.28753931428621626,46.602295,29.24524,24.152465,0.14225470766579185,1.4384471914714871,2.6395920839506273,0.02,fresh
3269,gpr_dataset_3269.in,datasets/sam-29/files/gpr_dataset_3269.in,0.396962902635962,43.657664,36.916683,19.425653,0.10352847590161623,1.305996734344536,2.658755519807483,0.02,fresh
3270,gpr_dataset_3270.in,datasets/sam-29/files/gpr_dataset_3270.in,0.10325468385120753,46.255563,35.691444,18.052993,0.1403810664033987,1.319619934026105,2.6741732351826784,0.02,fresh
3271,gpr_dataset_3271.in,datasets/sam-29/files/gpr_dataset_3271.in,0.10174552078923434,45.94214,36.958269,17.099591,0.18035704448740542,1.544166427023153,2.646528053851723,0.02,fresh
3272,gpr_dataset_3272.in,datasets/sam-29/files/gpr_dataset_3272.in,0.23053813848854243,45.354594,33.25805,21.387356,0.11857990918936755,1.595666480015856,2.672419356377078,0.02,fresh
3273,gpr_dataset_3273.in,datasets/sam-29/files/gpr_dataset_3273.in,0.12093265125258085,36.11408,35.223042,28.662878,0.12988074841424918,1.4612713186754922,2.616077059356682,0.02,fresh
3274,gpr_dataset_3274.in,datasets/sam-29/files/gpr_dataset_3274.in,0.2614877577928063,49.410997,32.888692,17.700311,0.24710263643962604,1.3045367397087158,2.6630640573233393,0.02,fresh
3275,gpr_dataset_3275.in,datasets/sam-29/files/gpr_dataset_3275.in,0.21027275771440213,34.59486,36.927143,28.477997,0.15575644869193375,1.5867674228130315,2.605924959810224,0.02,fresh
3276,gpr_dataset_3276.in,datasets/sam-29/files/gpr_dataset_3276.in,0.32925943639713445,45.839346,37.470563,16.690091,0.22612120484130888,1.5252544685598992,2.623662698643697,0.02,fresh
3277,gpr_dataset_3277.in,datasets/sam-29/files/gpr_dataset_3277.in,0.301730013241706,35.549076,37.926463,26.524461,0.15129680661271377,1.3712141113035081,2.658222375180824,0.02,fresh
3278,gpr_dataset_3278.in,datasets/sam-29/files/gpr_dataset_3278.in,0.38005266377701086,46.671622,32.834924,20.493454,0.1299531797369034,1.3457488383980503,2.6408459536127373,0.02,fresh
3279,gpr_dataset_3279.in,datasets/sam-29/files/gpr_dataset_3279.in,0.129967195691556,47.911989,37.97174,14.116271,0.10106774179521115,1.4590315837114638,2.6237037004545596,0.02,fresh
3280,gpr_dataset_3280.in,datasets/sam-29/files/gpr_dataset_3280.in,0.15303446130654474,48.562752,32.423548,19.0137,0.14785898072591064,1.4869621376313695,2.6918738251524528,0.02,fresh
3281,gpr_dataset_3281.in,datasets/sam-29/files/gpr_dataset_3281.in,0.4076513284349813,37.194032,36.409916,26.396052,0.06551815805201495,1.5295226695810764,2.635178262469058,0.02,fresh
3282,gpr_dataset_3282.in,datasets/sam-29/files/gpr_dataset_3282.in,0.26472833323170586,47.493853,27.94116,24.564987,0.052338467394089386,1.3518975048320594,2.616350109143704,0.02,fresh
3283,gpr_dataset_3283.in,datasets/sam-29/files/gpr_dataset_3283.in,0.15446073081931636,43.240391,36.017014,20.742595,0.22826066831274155,1.4305461715406562,2.663562387780936,0.02,fresh
3284,gpr_dataset_3284.in,datasets/sam-29/files/gpr_dataset_3284.in,0.16910410925218694,42.405327,37.855785,19.738888,0.19881805900322608,1.515068978017456,2.6902877397798277,0.02,fresh
3285,gpr_dataset_3285.in,datasets/sam-29/files/gpr_dataset_3285.in,0.14206644030648322,41.649667,33.033699,25.316634,0.19885563021756875,1.3440788996547186,2.64053923628426,0.02,fresh
3286,gpr_dataset_3286.in,datasets/sam-29/files/gpr_dataset_3286.in,0.13396293722626496,49.25176,34.161987,16.586253,0.07944662430235394,1.3161234892829552,2.6253902809830354,0.02,fresh
3287,gpr_dataset_3287.in,datasets/sam-29/files/gpr_dataset_3287.in,0.1789253855185462,45.39737,29.62394,24.97869,0.07349795864763063,1.5329774128374136,2.637553873420683,0.02,fresh
3288,gpr_dataset_3288.in,datasets/sam-29/files/gpr_dataset_3288.in,0.4120777927376664,48.729687,30.291365,20.978948,0.09435871187870173,1.336647290436349,2.6388148641960805,0.02,fresh
3289,gpr_dataset_3289.in,datasets/sam-29/files/gpr_dataset_3289.in,0.1049962517596387,49.349756,32.459337,18.190907,0.0857783690260451,1.3083331552826671,2.681273931968367,0.02,fresh
3290,gpr_dataset_3290.in,datasets/sam-29/files/gpr_dataset_3290.in,0.45274684795696074,44.18808,28.032828,27.779092,0.24851926063094187,1.5133298449873127,2.6048692348874347,0.02,fresh
3291,gpr_dataset_3291.in,datasets/sam-29/files/gpr_dataset_3291.in,0.45506126859325235,38.500488,39.277878,22.221634,0.23361439534739653,1.5303730270885432,2.67459015454462,0.02,fresh
3292,gpr_dataset_3292.in,datasets/sam-29/files/gpr_dataset_3292.in,0.4991391580658605,42.295207,32.64928,25.055513,0.1693504312680093,1.4289534323758173,2.6294446877491158,0.02,fresh
3293,gpr_dataset_3293.in,datasets/sam-29/files/gpr_dataset_3293.in,0.18110279403430096,45.592322,26.651649,27.756029,0.15009043597945654,1.320430084757753,2.6179875711284986,0.02,fresh
3294,gpr_dataset_3294.in,datasets/sam-29/files/gpr_dataset_3294.in,0.15546288029279262,43.023811,39.275933,17.700256,0.17617682364293152,1.547837777441162,2.6193138160735034,0.02,fresh
3295,gpr_dataset_3295.in,datasets/sam-29/files/gpr_dataset_3295.in,0.34409162636975754,49.028701,29.596246,21.375053,0.155922135725862,1.4817001560826273,2.65413383849684,0.02,fresh
3296,gpr_dataset_3296.in,datasets/sam-29/files/gpr_dataset_3296.in,0.1988630617745137,47.191185,28.021975,24.78684,0.21753930499016066,1.4923053574594194,2.6445742649937,0.02,fresh
3297,gpr_dataset_3297.in,datasets/sam-29/files/gpr_dataset_3297.in,0.37654435375039363,48.602264,35.10258,16.295156,0.12914652927722114,1.3787763371448927,2.606493993556682,0.02,fresh
3298,gpr_dataset_3298.in,datasets/sam-29/files/gpr_dataset_3298.in,0.23984838794306432,45.257782,35.64601,19.096208,0.06227612784601291,1.4965237113947234,2.6173390183060286,0.02,fresh
3299,gpr_dataset_3299.in,datasets/sam-29/files/gpr_dataset_3299.in,0.46505860317219416,38.974891,34.97278,26.052329,0.24548048405254203,1.3742384442151316,2.6271449920104226,0.02,fresh
3300,gpr_dataset_3300.in,datasets/sam-29/files/gpr_dataset_3300.in,0.11002590645715515,47.969727,28.246022,23.784251,0.06311062409857082,1.5704056923860539,2.600420982466151,0.02,fresh
3301,gpr_dataset_3301.in,datasets/sam-29/files/gpr_dataset_3301.in,0.3520920179499166,49.901318,33.170656,16.928026,0.1640329980436676,1.32694791344197,2.6382734332423627,0.02,fresh
3302,gpr_dataset_3302.in,datasets/sam-29/files/gpr_dataset_3302.in,0.4090012029760899,39.612883,32.093622,28.293495,0.08675583469563192,1.3868059510386275,2.6447004088041317,0.02,fresh
3303,gpr_dataset_3303.in,datasets/sam-29/files/gpr_dataset_3303.in,0.12914597776277775,47.034228,29.305764,23.660008,0.24162552841424845,1.323068203460341,2.6732980615837327,0.02,fresh
3304,gpr_dataset_3304.in,datasets/sam-29/files/gpr_dataset_3304.in,0.13599712932931213,45.244353,31.198998,23.556649,0.22467865225206557,1.413875148157168,2.6166095952132853,0.02,fresh
3305,gpr_dataset_3305.in,datasets/sam-29/files/gpr_dataset_3305.in,0.38183725937909807,48.580055,36.508624,14.911321,0.1112534450288768,1.5102549261699192,2.640608385626058,0.02,fresh
3306,gpr_dataset_3306.in,datasets/sam-29/files/gpr_dataset_3306.in,0.2912654626032374,48.839315,36.5269,14.633785,0.1716510446554419,1.39480709298218,2.613072254502701,0.02,fresh
3307,gpr_dataset_3307.in,datasets/sam-29/files/gpr_dataset_3307.in,0.49710941689968857,48.037859,26.814746,25.147395,0.1552660848539713,1.5292295532863724,2.6516509365415817,0.02,fresh
3308,gpr_dataset_3308.in,datasets/sam-29/files/gpr_dataset_3308.in,0.2105078204088359,45.742368,39.109073,15.148559,0.18421450114639687,1.4474177936310457,2.6646799941435484,0.02,fresh
3309,gpr_dataset_3309.in,datasets/sam-29/files/gpr_dataset_3309.in,0.47893128372275007,42.083633,32.138841,25.777526,0.223018407094474,1.3816675652965735,2.6210545422661284,0.02,fresh
3310,gpr_dataset_3310.in,datasets/sam-29/files/gpr_dataset_3310.in,0.11817958916284801,46.072422,27.430664,26.496914,0.20690807674106598,1.5031458266524387,2.6709427666770598,0.02,fresh
3311,gpr_dataset_3311.in,datasets/sam-29/files/gpr_dataset_3311.in,0.15249572533902056,46.121668,30.266447,23.611885,0.15135748732458915,1.466931382037191,2.648292434108495,0.02,fresh
3312,gpr_dataset_3312.in,datasets/sam-29/files/gpr_dataset_3312.in,0.2998011143353151,45.472504,33.453718,21.073778,0.1072460287515106,1.4883338216648454,2.6480870340832094,0.02,fresh
3313,gpr_dataset_3313.in,datasets/sam-29/files/gpr_dataset_3313.in,0.46999461738690884,49.888439,31.955084,18.156477,0.17225816124003612,1.5495217363834835,2.6839100902620667,0.02,fresh
3314,gpr_dataset_3314.in,datasets/sam-29/files/gpr_dataset_3314.in,0.24644569287722315,45.526754,27.568095,26.905151,0.13174211579774386,1.3346970341099225,2.649329810021213,0.02,fresh
3315,gpr_dataset_3315.in,datasets/sam-29/files/gpr_dataset_3315.in,0.2935241684215344,44.833793,31.336088,23.830119,0.09897544261286993,1.559511253550436,2.645468802020015,0.02,fresh
3316,gpr_dataset_3316.in,datasets/sam-29/files/gpr_dataset_3316.in,0.3074007351961695,41.291776,36.430825,22.277399,0.07598764803591791,1.5751247960531478,2.6374957010891276,0.02,fresh
3317,gpr_dataset_3317.in,datasets/sam-29/files/gpr_dataset_3317.in,0.3314773140746286,38.186092,35.639961,26.173947,0.12622626746225274,1.3376000394077177,2.608763897891557,0.02,fresh
3318,gpr_dataset_3318.in,datasets/sam-29/files/gpr_dataset_3318.in,0.4633086496232256,46.365199,37.950163,15.684638,0.1875327439046624,1.5078531274960016,2.624419012049684,0.02,fresh
3319,gpr_dataset_3319.in,datasets/sam-29/files/gpr_dataset_3319.in,0.38615388298119047,44.336426,36.218254,19.44532,0.24863142211954725,1.4394547341070443,2.6307933404018455,0.02,fresh
3320,gpr_dataset_3320.in,datasets/sam-29/files/gpr_dataset_3320.in,0.42223371003702725,36.808835,38.119492,25.071673,0.11978469728334405,1.3687294583997884,2.6952501671633398,0.02,fresh
3321,gpr_dataset_3321.in,datasets/sam-29/files/gpr_dataset_3321.in,0.3395237903383941,47.322956,38.479734,14.19731,0.20352427442333543,1.5121031963301905,2.605302255474317,0.02,fresh
3322,gpr_dataset_3322.in,datasets/sam-29/files/gpr_dataset_3322.in,0.3887824612495714,49.741049,30.515479,19.743472,0.07479731442628468,1.412534147285744,2.665315905714052,0.02,fresh
3323,gpr_dataset_3323.in,datasets/sam-29/files/gpr_dataset_3323.in,0.13351721835630972,43.975168,33.844238,22.180594,0.13529544538471672,1.5379838272908477,2.696104737265202,0.02,fresh
3324,gpr_dataset_3324.in,datasets/sam-29/files/gpr_dataset_3324.in,0.14873701301793202,37.027358,34.064636,28.908006,0.15594575655202006,1.5226364066456917,2.6704880089087544,0.02,fresh
3325,gpr_dataset_3325.in,datasets/sam-29/files/gpr_dataset_3325.in,0.14742655039424488,37.928463,35.000608,27.070929,0.1510950036515905,1.466611258873789,2.690767154172573,0.02,fresh
3326,gpr_dataset_3326.in,datasets/sam-29/files/gpr_dataset_3326.in,0.4031131150033451,49.315111,22.594111,28.090778,0.2331595613838875,1.4326756493736252,2.6648869840894807,0.02,fresh
3327,gpr_dataset_3327.in,datasets/sam-29/files/gpr_dataset_3327.in,0.3299276518831418,39.393492,36.638424,23.968084,0.2494112781088716,1.4491078813479146,2.6997159053423307,0.02,fresh
3328,gpr_dataset_3328.in,datasets/sam-29/files/gpr_dataset_3328.in,0.21373508877077155,46.891264,38.888076,14.22066,0.06183110724312993,1.3299020903204162,2.670522755158987,0.02,fresh
3329,gpr_dataset_3329.in,datasets/sam-29/files/gpr_dataset_3329.in,0.4281503818407295,42.394647,34.418429,23.186924,0.22486908485032625,1.4111547239883875,2.6706231272698964,0.02,fresh
3330,gpr_dataset_3330.in,datasets/sam-29/files/gpr_dataset_3330.in,0.18192745991249845,46.787055,34.524919,18.688026,0.06956789531439955,1.3134315982123184,2.6890991143110567,0.02,fresh
3331,gpr_dataset_3331.in,datasets/sam-29/files/gpr_dataset_3331.in,0.3020252814021349,48.70141,38.876362,12.422228,0.21221824477272772,1.3379251881255718,2.6797523222362405,0.02,fresh
3332,gpr_dataset_3332.in,datasets/sam-29/files/gpr_dataset_3332.in,0.2014998062430797,43.69926,27.04809,29.25265,0.05072955660627896,1.4569386094312908,2.6162878848363658,0.02,fresh
3333,gpr_dataset_3333.in,datasets/sam-29/files/gpr_dataset_3333.in,0.1430532913624123,42.833781,27.690796,29.475423,0.20515747158050274,1.5808668004750834,2.6591103169065056,0.02,fresh
3334,gpr_dataset_3334.in,datasets/sam-29/files/gpr_dataset_3334.in,0.28500538587576807,42.408887,28.940005,28.651108,0.11389799306771145,1.4716038803295532,2.689754879456891,0.02,fresh
3335,gpr_dataset_3335.in,datasets/sam-29/files/gpr_dataset_3335.in,0.4274356613274751,41.834046,35.548184,22.61777,0.15344982171613658,1.3387780509750615,2.6347303684140737,0.02,fresh
3336,gpr_dataset_3336.in,datasets/sam-29/files/gpr_dataset_3336.in,0.4667907547419604,43.085515,37.809094,19.105391,0.18561624412758326,1.3317654687030605,2.6545586999695994,0.02,fresh
3337,gpr_dataset_3337.in,datasets/sam-29/files/gpr_dataset_3337.in,0.1665507520945475,45.243753,29.808283,24.947964,0.09583682806811814,1.38978960733262,2.633476804502623,0.02,fresh
3338,gpr_dataset_3338.in,datasets/sam-29/files/gpr_dataset_3338.in,0.4084253205144365,42.978296,38.768234,18.25347,0.23002341577529178,1.4620381269794835,2.6283626660511774,0.02,fresh
3339,gpr_dataset_3339.in,datasets/sam-29/files/gpr_dataset_3339.in,0.29320522909277547,44.640677,26.013932,29.345391,0.22619629930622992,1.5846775192948404,2.676064765738085,0.02,fresh
3340,gpr_dataset_3340.in,datasets/sam-29/files/gpr_dataset_3340.in,0.12098424504950311,33.871307,37.07685,29.051843,0.19742710794554158,1.3668668497884653,2.6793641032790205,0.02,fresh
3341,gpr_dataset_3341.in,datasets/sam-29/files/gpr_dataset_3341.in,0.2398616087042308,40.935629,37.29914,21.765231,0.1422791919811255,1.522884149164068,2.6150347817162753,0.02,fresh
3342,gpr_dataset_3342.in,datasets/sam-29/files/gpr_dataset_3342.in,0.27311704472015375,41.804107,28.93167,29.264223,0.24466556339770595,1.5108208062604582,2.604276526948351,0.02,fresh
3343,gpr_dataset_3343.in,datasets/sam-29/files/gpr_dataset_3343.in,0.13474922151183524,47.86119,37.536068,14.602742,0.07030594445299249,1.3381031641620462,2.6744088422852066,0.02,fresh
3344,gpr_dataset_3344.in,datasets/sam-29/files/gpr_dataset_3344.in,0.16879803617403716,45.641406,35.922773,18.435821,0.1868429203304825,1.4464217129389418,2.6992999709642387,0.02,fresh
3345,gpr_dataset_3345.in,datasets/sam-29/files/gpr_dataset_3345.in,0.13673327425156476,40.998469,33.829776,25.171755,0.1882020482796637,1.4379769912886753,2.620992900942499,0.02,fresh
3346,gpr_dataset_3346.in,datasets/sam-29/files/gpr_dataset_3346.in,0.1467649653543931,46.109619,28.726636,25.163745,0.20074561078526315,1.3776888451600104,2.6363823346106905,0.02,fresh
3347,gpr_dataset_3347.in,datasets/sam-29/files/gpr_dataset_3347.in,0.4591170418649644,43.633171,33.931335,22.435494,0.06471856167651031,1.4262947836698883,2.668653813242626,0.02,fresh
3348,gpr_dataset_3348.in,datasets/sam-29/files/gpr_dataset_3348.in,0.31683265314865966,41.227185,32.850186,25.922629,0.1341441185574668,1.3713104041729918,2.6774514681033414,0.02,fresh
3349,gpr_dataset_3349.in,datasets/sam-29/files/gpr_dataset_3349.in,0.1548400836182504,39.721727,34.330044,25.948229,0.23573655803146132,1.4904598197522272,2.6030604699521067,0.02,fresh
3350,gpr_dataset_3350.in,datasets/sam-29/files/gpr_dataset_3350.in,0.3412349529629604,32.984861,37.407675,29.607464,0.09740727477434252,1.44854464990728,2.6020910425310038,0.02,fresh
3351,gpr_dataset_3351.in,datasets/sam-29/files/gpr_dataset_3351.in,0.3931230523419388,47.210657,29.576601,23.212742,0.1762818443299115,1.4185472255841214,2.6118866881866354,0.02,fresh
3352,gpr_dataset_3352.in,datasets/sam-29/files/gpr_dataset_3352.in,0.2587876963439707,37.7464,38.128508,24.125092,0.18545472426183734,1.4710945571875786,2.6331777966157914,0.02,fresh
3353,gpr_dataset_3353.in,datasets/sam-29/files/gpr_dataset_3353.in,0.293910151083684,49.19583,30.504004,20.300166,0.07019171019826612,1.400766648985438,2.6202701560658324,0.02,fresh
3354,gpr_dataset_3354.in,datasets/sam-29/files/gpr_dataset_3354.in,0.26753602866016896,48.729694,35.502512,15.767794,0.1617157338628828,1.5816784221587283,2.6432022869517886,0.02,fresh
3355,gpr_dataset_3355.in,datasets/sam-29/files/gpr_dataset_3355.in,0.33313248304809073,40.828866,37.30453,21.866604,0.2105804062336601,1.4218098692805747,2.6052600393794587,0.02,fresh
3356,gpr_dataset_3356.in,datasets/sam-29/files/gpr_dataset_3356.in,0.3537083241474773,39.032519,37.492247,23.475234,0.1093527728739326,1.5385688982692822,2.68623016783625,0.02,fresh
3357,gpr_dataset_3357.in,datasets/sam-29/files/gpr_dataset_3357.in,0.19923336429890265,48.83,34.129275,17.040725,0.22795250345718088,1.4825333085104204,2.6686121841543606,0.02,fresh
3358,gpr_dataset_3358.in,datasets/sam-29/files/gpr_dataset_3358.in,0.30161712040170086,44.46668,34.689047,20.844273,0.23095622533631877,1.5808052791297604,2.6420705391377544,0.02,fresh
3359,gpr_dataset_3359.in,datasets/sam-29/files/gpr_dataset_3359.in,0.41973447462200075,47.589972,38.135993,14.274035,0.2213992764621775,1.300413049824795,2.615412147221087,0.02,fresh
3360,gpr_dataset_3360.in,datasets/sam-29/files/gpr_dataset_3360.in,0.39779736154969625,42.967943,27.462284,29.569773,0.05043237026347165,1.4989200909602867,2.603997692714799,0.02,fresh
3361,gpr_dataset_3361.in,datasets/sam-29/files/gpr_dataset_3361.in,0.3549633879213415,45.798422,36.292608,17.90897,0.19725687987676843,1.3881938449739104,2.6193257220891697,0.02,fresh
3362,gpr_dataset_3362.in,datasets/sam-29/files/gpr_dataset_3362.in,0.33425737125404864,36.430281,34.369473,29.200246,0.2347032515761166,1.47629850260048,2.64863958005978,0.02,fresh
3363,gpr_dataset_3363.in,datasets/sam-29/files/gpr_dataset_3363.in,0.3623744670733954,47.683036,29.210002,23.106962,0.2273721899507935,1.370561765164262,2.612221258390791,0.02,fresh
3364,gpr_dataset_3364.in,datasets/sam-29/files/gpr_dataset_3364.in,0.2867968272156005,36.164998,36.711229,27.123773,0.16760156645794413,1.3576371847931192,2.692800244251458,0.02,fresh
3365,gpr_dataset_3365.in,datasets/sam-29/files/gpr_dataset_3365.in,0.32883611377383987,45.155708,34.134601,20.709691,0.24163830038968032,1.433993487484906,2.6062638772020548,0.02,fresh
3366,gpr_dataset_3366.in,datasets/sam-29/files/gpr_dataset_3366.in,0.17921914979651912,38.172229,39.680384,22.147387,0.17789466343536992,1.4733240924511608,2.693128290871711,0.02,fresh
3367,gpr_dataset_3367.in,datasets/sam-29/files/gpr_dataset_3367.in,0.47088383836758696,45.9752,37.01557,17.00923,0.11330064949335093,1.3616941272412475,2.6973358685746156,0.02,fresh
3368,gpr_dataset_3368.in,datasets/sam-29/files/gpr_dataset_3368.in,0.37609672937423,42.53486,35.178194,22.286946,0.12548965321253586,1.564814944340958,2.6854030977205134,0.02,fresh
3369,gpr_dataset_3369.in,datasets/sam-29/files/gpr_dataset_3369.in,0.22761385421127975,38.075834,37.809898,24.114268,0.05518017553233892,1.5935244795092758,2.638136080687048,0.02,fresh
3370,gpr_dataset_3370.in,datasets/sam-29/files/gpr_dataset_3370.in,0.43349436463699076,42.364867,36.237102,21.398031,0.21212453955435479,1.4736993285180637,2.616798541129272,0.02,fresh
3371,gpr_dataset_3371.in,datasets/sam-29/files/gpr_dataset_3371.in,0.1012179068170167,39.628493,35.671999,24.699508,0.1715967319428932,1.4862033780499098,2.6431662242171665,0.02,fresh
3372,gpr_dataset_3372.in,datasets/sam-29/files/gpr_dataset_3372.in,0.1042711985317943,39.544883,36.037916,24.417201,0.11162746909189641,1.3535340742686883,2.6612481122658695,0.02,fresh
3373,gpr_dataset_3373.in,datasets/sam-29/files/gpr_dataset_3373.in,0.3546440957074637,46.772674,25.888322,27.339004,0.18976118593685598,1.3782222715437895,2.60274746683586,0.02,fresh
3374,gpr_dataset_3374.in,datasets/sam-29/files/gpr_dataset_3374.in,0.46951383581985606,43.446194,33.342703,23.211103,0.1734266592196672,1.4344895797518884,2.641807992085598,0.02,fresh
3375,gpr_dataset_3375.in,datasets/sam-29/files/gpr_dataset_3375.in,0.33391661219672814,47.569306,27.228049,25.202645,0.0957952202840742,1.4379461550814603,2.67356977938214,0.02,fresh
3376,gpr_dataset_3376.in,datasets/sam-29/files/gpr_dataset_3376.in,0.15170791334608227,33.876914,38.643576,27.47951,0.1050168065580168,1.3627191392303273,2.6315934954317877,0.02,fresh
3377,gpr_dataset_3377.in,datasets/sam-29/files/gpr_dataset_3377.in,0.41513001932996874,42.307617,34.563558,23.128825,0.1484369013063756,1.3879420998919647,2.6022306511764026,0.02,fresh
3378,gpr_dataset_3378.in,datasets/sam-29/files/gpr_dataset_3378.in,0.44700446179847886,44.682371,31.332045,23.985584,0.16645083189253113,1.3408866098334646,2.63855802745101,0.02,fresh
3379,gpr_dataset_3379.in,datasets/sam-29/files/gpr_dataset_3379.in,0.4183278176183184,44.503206,34.388827,21.107967,0.2254835999711028,1.3073902681069574,2.6950553474232612,0.02,fresh
3380,gpr_dataset_3380.in,datasets/sam-29/files/gpr_dataset_3380.in,0.3221746584133096,40.7265,31.06404,28.20946,0.12084192454003427,1.4264545143688723,2.6661559854381864,0.02,fresh
3381,gpr_dataset_3381.in,datasets/sam-29/files/gpr_dataset_3381.in,0.2236782800666009,38.673819,37.347291,23.97889,0.06806734553201288,1.414133031329404,2.6485158316655144,0.02,fresh
3382,gpr_dataset_3382.in,datasets/sam-29/files/gpr_dataset_3382.in,0.2020852150442238,46.406001,33.996013,19.597986,0.22296419205525841,1.4776036309208174,2.624716235988191,0.02,fresh
3383,gpr_dataset_3383.in,datasets/sam-29/files/gpr_dataset_3383.in,0.31530897595303525,47.180579,32.838575,19.980846,0.1908947540893139,1.5876139102064166,2.6452806744410435,0.02,fresh
3384,gpr_dataset_3384.in,datasets/sam-29/files/gpr_dataset_3384.in,0.2139387461324077,49.291945,29.065741,21.642314,0.18532815708637457,1.568319340599458,2.624562505859313,0.02,fresh
3385,gpr_dataset_3385.in,datasets/sam-29/files/gpr_dataset_3385.in,0.11019147885409053,47.308196,36.303602,16.388202,0.18521594081656423,1.442037861849974,2.6476425674311925,0.02,fresh
3386,gpr_dataset_3386.in,datasets/sam-29/files/gpr_dataset_3386.in,0.4650006155301526,46.936951,23.067527,29.995522,0.05916960267511684,1.5751589599980629,2.6815522368963323,0.02,fresh
3387,gpr_dataset_3387.in,datasets/sam-29/files/gpr_dataset_3387.in,0.4837028549024326,43.761618,39.857668,16.380714,0.14368459227490604,1.457038052348253,2.6845837342045407,0.02,fresh
3388,gpr_dataset_3388.in,datasets/sam-29/files/gpr_dataset_3388.in,0.40148088540271487,46.430884,39.312147,14.256969,0.1391567042867789,1.4685670704758835,2.661146829457063,0.02,fresh
3389,gpr_dataset_3389.in,datasets/sam-29/files/gpr_dataset_3389.in,0.3515141999909024,41.045316,35.648712,23.305972,0.2315143998366248,1.3447596383814173,2.650601146469731,0.02,fresh
3390,gpr_dataset_3390.in,datasets/sam-29/files/gpr_dataset_3390.in,0.214096352372912,48.410114,24.731868,26.858018,0.061362865641551,1.5508762825524762,2.6914848950045567,0.02,fresh
3391,gpr_dataset_3391.in,datasets/sam-29/files/gpr_dataset_3391.in,0.3725652269502301,42.181935,38.741036,19.077029,0.18184048730072283,1.548658485820711,2.6936992025507482,0.02,fresh
3392,gpr_dataset_3392.in,datasets/sam-29/files/gpr_dataset_3392.in,0.40997569038601644,36.946475,34.99256,28.060965,0.18864424723841727,1.3086503007325792,2.6845071451190705,0.02,fresh
3393,gpr_dataset_3393.in,datasets/sam-29/files/gpr_dataset_3393.in,0.4463936795297351,43.94279,37.351103,18.706107,0.07964798800435349,1.380585112980596,2.6315549251182913,0.02,fresh
3394,gpr_dataset_3394.in,datasets/sam-29/files/gpr_dataset_3394.in,0.48524094917779015,38.195076,32.664372,29.140552,0.1957680595313741,1.4471126170033586,2.6121534789836005,0.02,fresh
3395,gpr_dataset_3395.in,datasets/sam-29/files/gpr_dataset_3395.in,0.13427170215530693,40.083304,38.974701,20.941995,0.08417305865246297,1.5408891830606144,2.631016964655004,0.02,fresh
3396,gpr_dataset_3396.in,datasets/sam-29/files/gpr_dataset_3396.in,0.22569639442307843,35.954728,37.22677,26.818502,0.1975326834461139,1.4926434739568264,2.641374037012872,0.02,fresh
3397,gpr_dataset_3397.in,datasets/sam-29/files/gpr_dataset_3397.in,0.4709198897495358,47.822574,27.55479,24.622636,0.10301319175841361,1.375088662008001,2.6211375060304416,0.02,fresh
3398,gpr_dataset_3398.in,datasets/sam-29/files/gpr_dataset_3398.in,0.22629339482582067,43.864952,35.455507,20.679541,0.06103100149390106,1.357353328203509,2.6514468933396835,0.02,fresh
3399,gpr_dataset_3399.in,datasets/sam-29/files/gpr_dataset_3399.in,0.4902141819845961,49.397375,31.130087,19.472538,0.12709282183897141,1.42507512028736,2.6407795011589164,0.02,fresh
3400,gpr_dataset_3400.in,datasets/sam-29/files/gpr_dataset_3400.in,0.13718802611035188,44.120714,39.744134,16.135152,0.19961896790303107,1.390155731514365,2.641745301589128,0.02,fresh
3401,gpr_dataset_3401.in,datasets/sam-29/files/gpr_dataset_3401.in,0.2581041326832952,49.230485,27.179976,23.589539,0.06659554092834125,1.593565857021255,2.6716634040507037,0.02,fresh
3402,gpr_dataset_3402.in,datasets/sam-29/files/gpr_dataset_3402.in,0.22215579743220504,46.269117,29.591931,24.138952,0.19750887857241262,1.4606421947745143,2.6843111120383827,0.02,fresh
3403,gpr_dataset_3403.in,datasets/sam-29/files/gpr_dataset_3403.in,0.2345284362856185,48.324327,32.956887,18.718786,0.11580363526933966,1.410519934971661,2.6377608917594513,0.02,fresh
3404,gpr_dataset_3404.in,datasets/sam-29/files/gpr_dataset_3404.in,0.22884635632278172,45.64339,32.769594,21.587016,0.19661532266294174,1.5358943413644761,2.6615509171503673,0.02,fresh
3405,gpr_dataset_3405.in,datasets/sam-29/files/gpr_dataset_3405.in,0.3151978896570402,45.666527,33.936194,20.397279,0.1937620793045367,1.3777429096298446,2.671361000831253,0.02,fresh
3406,gpr_dataset_3406.in,datasets/sam-29/files/gpr_dataset_3406.in,0.2659031924641785,44.882566,31.920871,23.196563,0.13675833197665133,1.497882192620359,2.662550638368056,0.02,fresh
3407,gpr_dataset_3407.in,datasets/sam-29/files/gpr_dataset_3407.in,0.31049010465377413,41.409016,31.02194,27.569044,0.11696640387778477,1.505285847077159,2.654370422085501,0.02,fresh
3408,gpr_dataset_3408.in,datasets/sam-29/files/gpr_dataset_3408.in,0.32849082462645063,42.248904,36.867653,20.883443,0.15730041490315205,1.3303136605266592,2.6794758652394095,0.02,fresh
3409,gpr_dataset_3409.in,datasets/sam-29/files/gpr_dataset_3409.in,0.4058283991606697,36.586618,37.776337,25.637045,0.17637261071367033,1.3815928576683665,2.6202191001136956,0.02,fresh
3410,gpr_dataset_3410.in,datasets/sam-29/files/gpr_dataset_3410.in,0.3699956704371813,49.152103,22.263764,28.584133,0.22647959893557967,1.4126840378379104,2.678596647090821,0.02,fresh
3411,gpr_dataset_3411.in,datasets/sam-29/files/gpr_dataset_3411.in,0.29768919843431685,44.393577,31.265963,24.34046,0.05747888881788646,1.47813966491875,2.6663533514517277,0.02,fresh
3412,gpr_dataset_3412.in,datasets/sam-29/files/gpr_dataset_3412.in,0.34115453535754675,40.175468,33.547545,26.276987,0.15188000150009,1.3442631546981358,2.615532596504844,0.02,fresh
3413,gpr_dataset_3413.in,datasets/sam-29/files/gpr_dataset_3413.in,0.48800770968361074,39.670703,31.757541,28.571756,0.19166185059655155,1.5979364829640583,2.608016299329949,0.02,fresh
3414,gpr_dataset_3414.in,datasets/sam-29/files/gpr_dataset_3414.in,0.3269071572644421,37.554138,39.167049,23.278813,0.0701647466123728,1.3618211359818146,2.6913342739860724,0.02,fresh
3415,gpr_dataset_3415.in,datasets/sam-29/files/gpr_dataset_3415.in,0.20997866219342598,44.655061,33.772349,21.57259,0.09146003449275064,1.464355094614103,2.628554275574634,0.02,fresh
3416,gpr_dataset_3416.in,datasets/sam-29/files/gpr_dataset_3416.in,0.44203634265364533,47.004729,30.255213,22.740058,0.06793413812339266,1.4182225580940568,2.623979384268594,0.02,fresh
3417,gpr_dataset_3417.in,datasets/sam-29/files/gpr_dataset_3417.in,0.47335763212356174,42.288054,31.882444,25.829502,0.1869164579832701,1.4859553953389377,2.685375646136381,0.02,fresh
3418,gpr_dataset_3418.in,datasets/sam-29/files/gpr_dataset_3418.in,0.23869128394406297,47.300033,29.72412,22.975847,0.09137844564817099,1.4606055720828288,2.611882999273467,0.02,fresh
3419,gpr_dataset_3419.in,datasets/sam-29/files/gpr_dataset_3419.in,0.13808071968400826,46.757766,28.779704,24.46253,0.17869354117126696,1.5540649100174337,2.6082202764256035,0.02,fresh
3420,gpr_dataset_3420.in,datasets/sam-29/files/gpr_dataset_3420.in,0.458888851752572,41.023092,32.730431,26.246477,0.07894912036837008,1.4605142310944625,2.6681519150070683,0.02,fresh
3421,gpr_dataset_3421.in,datasets/sam-29/files/gpr_dataset_3421.in,0.4141203086604607,45.889797,33.71673,20.393473,0.20118957103677,1.5097107979814173,2.6129467719956305,0.02,fresh
3422,gpr_dataset_3422.in,datasets/sam-29/files/gpr_dataset_3422.in,0.2868438732417735,46.962561,26.066865,26.970574,0.20901985899090048,1.5331552283843048,2.659462645639554,0.02,fresh
3423,gpr_dataset_3423.in,datasets/sam-29/files/gpr_dataset_3423.in,0.192286876555067,47.089354,36.459747,16.450899,0.05284016949384729,1.3478101046452569,2.62149120958048,0.02,fresh
3424,gpr_dataset_3424.in,datasets/sam-29/files/gpr_dataset_3424.in,0.39469262540052075,42.9344,33.480138,23.585462,0.09051693775537378,1.335047629411568,2.6689313285780534,0.02,fresh
3425,gpr_dataset_3425.in,datasets/sam-29/files/gpr_dataset_3425.in,0.4563211703203174,39.738636,36.030612,24.230752,0.06292447233814694,1.3250159960200758,2.6823067246190115,0.02,fresh
3426,gpr_dataset_3426.in,datasets/sam-29/files/gpr_dataset_3426.in,0.4726958966383875,42.484101,37.157083,20.358816,0.08802727924292636,1.489052513258566,2.6379285640536487,0.02,fresh
3427,gpr_dataset_3427.in,datasets/sam-29/files/gpr_dataset_3427.in,0.42813265872519557,45.732887,24.585581,29.681532,0.0819799821341852,1.5917765969057045,2.6584689921100164,0.02,fresh
3428,gpr_dataset_3428.in,datasets/sam-29/files/gpr_dataset_3428.in,0.3716577672362156,44.942082,30.475335,24.582583,0.09789231745803147,1.448145540939635,2.6758649126237612,0.02,fresh
3429,gpr_dataset_3429.in,datasets/sam-29/files/gpr_dataset_3429.in,0.1976208782897035,43.69128,37.915631,18.393089,0.10253270408105074,1.3442007163139982,2.6695758573626804,0.02,fresh
3430,gpr_dataset_3430.in,datasets/sam-29/files/gpr_dataset_3430.in,0.2248545474596565,38.438671,34.436559,27.12477,0.20860258188324748,1.577383688084886,2.6966139568085077,0.02,fresh
3431,gpr_dataset_3431.in,datasets/sam-29/files/gpr_dataset_3431.in,0.3049890144063039,41.67867,36.433881,21.887449,0.23916955677669033,1.4478183090756445,2.629804185574829,0.02,fresh
3432,gpr_dataset_3432.in,datasets/sam-29/files/gpr_dataset_3432.in,0.375281217660685,40.703137,34.963916,24.332947,0.18826149202548437,1.4403261642921465,2.6759907480313667,0.02,fresh
3433,gpr_dataset_3433.in,datasets/sam-29/files/gpr_dataset_3433.in,0.3464583081370079,39.473723,34.794519,25.731758,0.23089564637458632,1.4134608085418439,2.626040827643908,0.02,fresh
3434,gpr_dataset_3434.in,datasets/sam-29/files/gpr_dataset_3434.in,0.330391137666454,38.413585,35.415521,26.170894,0.09090500451525174,1.471493502738341,2.638190999052466,0.02,fresh
3435,gpr_dataset_3435.in,datasets/sam-29/files/gpr_dataset_3435.in,0.36009558689727816,40.42149,34.133422,25.445088,0.09372779830149287,1.426605436171439,2.600079065817109,0.02,fresh
3436,gpr_dataset_3436.in,datasets/sam-29/files/gpr_dataset_3436.in,0.4937427128259425,48.897809,24.65264,26.449551,0.08964824086882116,1.5597690388240046,2.6417433060638147,0.02,fresh
3437,gpr_dataset_3437.in,datasets/sam-29/files/gpr_dataset_3437.in,0.4857705141481323,43.906495,33.497094,22.596411,0.18414767260014503,1.3177520513480712,2.6714718801224686,0.02,fresh
3438,gpr_dataset_3438.in,datasets/sam-29/files/gpr_dataset_3438.in,0.29713933342550536,37.668314,34.397951,27.933735,0.213129750597934,1.5528454167923684,2.665329393227452,0.02,fresh
3439,gpr_dataset_3439.in,datasets/sam-29/files/gpr_dataset_3439.in,0.47263893608810925,48.84854,34.157899,16.993561,0.07274872883858206,1.4758630548158926,2.6876390614756076,0.02,fresh
3440,gpr_dataset_3440.in,datasets/sam-29/files/gpr_dataset_3440.in,0.1993492991344438,42.627965,34.391433,22.980602,0.1414032492490142,1.346155009982268,2.6847473094683236,0.02,fresh
3441,gpr_dataset_3441.in,datasets/sam-29/files/gpr_dataset_3441.in,0.46280081321858235,43.089224,36.17794,20.732836,0.05677680763551845,1.5805718132522468,2.6308047726181485,0.02,fresh
3442,gpr_dataset_3442.in,datasets/sam-29/files/gpr_dataset_3442.in,0.19398207185416771,42.902768,39.571547,17.525685,0.11874146697009427,1.3201317491352884,2.616332439237628,0.02,fresh
3443,gpr_dataset_3443.in,datasets/sam-29/files/gpr_dataset_3443.in,0.46039547104846934,48.17455,25.691841,26.133609,0.053913551575361734,1.4277322188877717,2.6991120115901728,0.02,fresh
3444,gpr_dataset_3444.in,datasets/sam-29/files/gpr_dataset_3444.in,0.17868933076310684,43.689112,28.885978,27.42491,0.17193539612171538,1.4633466115525051,2.6642071166484422,0.02,fresh
3445,gpr_dataset_3445.in,datasets/sam-29/files/gpr_dataset_3445.in,0.40913962701714424,38.497643,35.93497,25.567387,0.09529246905588314,1.4250434220506483,2.643640844307236,0.02,fresh
3446,gpr_dataset_3446.in,datasets/sam-29/files/gpr_dataset_3446.in,0.2714596244005977,43.586424,36.390728,20.022848,0.22316435746131974,1.317650129140342,2.685681688408616,0.02,fresh
3447,gpr_dataset_3447.in,datasets/sam-29/files/gpr_dataset_3447.in,0.3165073982489937,41.495161,38.503732,20.001107,0.1948372749179747,1.4890162614385523,2.6711971833382293,0.02,fresh
3448,gpr_dataset_3448.in,datasets/sam-29/files/gpr_dataset_3448.in,0.2103513081605819,38.409699,39.015424,22.574877,0.21084672412389616,1.319521822574493,2.6435906932062103,0.02,fresh
3449,gpr_dataset_3449.in,datasets/sam-29/files/gpr_dataset_3449.in,0.10071928014271819,42.752597,36.376991,20.870412,0.1385029240844688,1.3384555936900369,2.677077698260881,0.02,fresh
3450,gpr_dataset_3450.in,datasets/sam-29/files/gpr_dataset_3450.in,0.4455075868789895,42.351815,27.954713,29.693472,0.09758436422725048,1.4981482355704465,2.6358272955019246,0.02,fresh
3451,gpr_dataset_3451.in,datasets/sam-29/files/gpr_dataset_3451.in,0.24627739452938974,46.487838,26.357561,27.154601,0.12300375960641788,1.4427938685451451,2.698989180383559,0.02,fresh
3452,gpr_dataset_3452.in,datasets/sam-29/files/gpr_dataset_3452.in,0.18762393672778616,33.960243,36.121637,29.91812,0.16567432757073042,1.5007798473612544,2.677857558448394,0.02,fresh
3453,gpr_dataset_3453.in,datasets/sam-29/files/gpr_dataset_3453.in,0.15253125311539933,42.691981,33.755255,23.552764,0.2430992130340925,1.3341438774493937,2.692970240699013,0.02,fresh
3454,gpr_dataset_3454.in,datasets/sam-29/files/gpr_dataset_3454.in,0.294061889110139,35.306614,36.5782,28.115186,0.24101698729205828,1.4081218299632292,2.6213708565641225,0.02,fresh
3455,gpr_dataset_3455.in,datasets/sam-29/files/gpr_dataset_3455.in,0.27425553032300065,39.050909,33.008765,27.940326,0.09982413775895914,1.3156006509898477,2.6744340982219077,0.02,fresh
3456,gpr_dataset_3456.in,datasets/sam-29/files/gpr_dataset_3456.in,0.3623727425504152,43.83763,37.903309,18.259061,0.10943191747445989,1.3737341470894904,2.6433939986327015,0.02,fresh
3457,gpr_dataset_3457.in,datasets/sam-29/files/gpr_dataset_3457.in,0.460395916258323,46.085261,27.415866,26.498873,0.236847526174844,1.5026582694763382,2.667197776135133,0.02,fresh
3458,gpr_dataset_3458.in,datasets/sam-29/files/gpr_dataset_3458.in,0.2762256242120642,40.885754,36.946084,22.168162,0.1030579784445864,1.5228877051985725,2.601798276730815,0.02,fresh
3459,gpr_dataset_3459.in,datasets/sam-29/files/gpr_dataset_3459.in,0.2623596249617036,38.214382,36.319396,25.466222,0.07489056374114267,1.3986394178785095,2.6250762730529233,0.02,fresh
3460,gpr_dataset_3460.in,datasets/sam-29/files/gpr_dataset_3460.in,0.17040829819120806,42.584852,30.96328,26.451868,0.15653478996909553,1.3438834354021176,2.6425118764516498,0.02,fresh
3461,gpr_dataset_3461.in,datasets/sam-29/files/gpr_dataset_3461.in,0.46603510572760976,45.045771,29.877727,25.076502,0.18869545793625198,1.379492364689228,2.6492705657006685,0.02,fresh
3462,gpr_dataset_3462.in,datasets/sam-29/files/gpr_dataset_3462.in,0.44267265984284354,37.221979,33.633627,29.144394,0.246721181799553,1.4734268478747883,2.6332961250238336,0.02,fresh
3463,gpr_dataset_3463.in,datasets/sam-29/files/gpr_dataset_3463.in,0.3597135810567216,45.290339,27.559657,27.150004,0.169944284815515,1.3625862340234671,2.643370983781565,0.02,fresh
3464,gpr_dataset_3464.in,datasets/sam-29/files/gpr_dataset_3464.in,0.31340494573598066,48.445277,33.215687,18.339036,0.11057289130919422,1.579794676556271,2.6324965916318637,0.02,fresh
3465,gpr_dataset_3465.in,datasets/sam-29/files/gpr_dataset_3465.in,0.47877469271890827,44.837668,33.630623,21.531709,0.10584435063114728,1.572372034434524,2.6101198773042773,0.02,fresh
3466,gpr_dataset_3466.in,datasets/sam-29/files/gpr_dataset_3466.in,0.2400118716207257,43.583753,33.345203,23.071044,0.06650278881737809,1.5738810584770775,2.6372904193873556,0.02,fresh
3467,gpr_dataset_3467.in,datasets/sam-29/files/gpr_dataset_3467.in,0.37144663148366586,42.186957,37.76501,20.048033,0.1172975249340323,1.3057607673548952,2.6069690443876707,0.02,fresh
3468,gpr_dataset_3468.in,datasets/sam-29/files/gpr_dataset_3468.in,0.20536065883318702,45.688463,31.757097,22.55444,0.14218895168370493,1.4631028713490486,2.6638780603291674,0.02,fresh
3469,gpr_dataset_3469.in,datasets/sam-29/files/gpr_dataset_3469.in,0.3806091805629943,42.92173,36.219858,20.858412,0.0758569020632077,1.4576324944772088,2.6428567601686814,0.02,fresh
3470,gpr_dataset_3470.in,datasets/sam-29/files/gpr_dataset_3470.in,0.47870745881777543,43.813156,32.149853,24.036991,0.21821576431901102,1.596517076968438,2.6784546617264837,0.02,fresh
3471,gpr_dataset_3471.in,datasets/sam-29/files/gpr_dataset_3471.in,0.3518175506037652,38.271951,32.706783,29.021266,0.07163704182924009,1.5690903336376492,2.653891175002137,0.02,fresh
3472,gpr_dataset_3472.in,datasets/sam-29/files/gpr_dataset_3472.in,0.3045728332958255,44.007016,28.504437,27.488547,0.14520540871630716,1.4727755260624549,2.632681119009251,0.02,fresh
3473,gpr_dataset_3473.in,datasets/sam-29/files/gpr_dataset_3473.in,0.4526510324151921,45.187889,34.281173,20.530938,0.1792204332068888,1.4123034435180197,2.6704240848209366,0.02,fresh
3474,gpr_dataset_3474.in,datasets/sam-29/files/gpr_dataset_3474.in,0.47265094032943167,44.706235,32.319174,22.974591,0.190121305616813,1.4817124217129916,2.6006775443369516,0.02,fresh
3475,gpr_dataset_3475.in,datasets/sam-29/files/gpr_dataset_3475.in,0.24878248021163546,49.792859,29.126143,21.080998,0.0976666871047959,1.557230472005674,2.649964446726865,0.02,fresh
3476,gpr_dataset_3476.in,datasets/sam-29/files/gpr_dataset_3476.in,0.3244319403142861,42.011569,38.775301,19.21313,0.2099022970842197,1.4277029055284318,2.615266616044612,0.02,fresh
3477,gpr_dataset_3477.in,datasets/sam-29/files/gpr_dataset_3477.in,0.2606275963010588,43.829513,29.82422,26.346267,0.1531595968170542,1.41989347121359,2.6172277484598943,0.02,fresh
3478,gpr_dataset_3478.in,datasets/sam-29/files/gpr_dataset_3478.in,0.288320244262156,42.521742,34.034264,23.443994,0.16995976915228161,1.5043702242466301,2.626604334605525,0.02,fresh
3479,gpr_dataset_3479.in,datasets/sam-29/files/gpr_dataset_3479.in,0.3993245630922627,37.332805,38.778909,23.888286,0.07969339129978392,1.328117194425784,2.645919578094733,0.02,fresh
3480,gpr_dataset_3480.in,datasets/sam-29/files/gpr_dataset_3480.in,0.2921570824201346,49.602271,38.054698,12.343031,0.23919635313056647,1.5726343669557667,2.626637877153689,0.02,fresh
3481,gpr_dataset_3481.in,datasets/sam-29/files/gpr_dataset_3481.in,0.21572121533975316,36.807823,34.190416,29.001761,0.13323477173265585,1.3273207116253856,2.633134048541876,0.02,fresh
3482,gpr_dataset_3482.in,datasets/sam-29/files/gpr_dataset_3482.in,0.4760425790792161,44.299041,37.018206,18.682753,0.20237303619069613,1.5454875875439515,2.651538231879285,0.02,fresh
3483,gpr_dataset_3483.in,datasets/sam-29/files/gpr_dataset_3483.in,0.3172626090312119,33.411598,37.537582,29.05082,0.12573271095912478,1.318015296950728,2.6783420879662403,0.02,fresh
3484,gpr_dataset_3484.in,datasets/sam-29/files/gpr_dataset_3484.in,0.15299534737114517,41.544092,35.994205,22.461703,0.06589125932926605,1.4472567823836158,2.6061693017901173,0.02,fresh
3485,gpr_dataset_3485.in,datasets/sam-29/files/gpr_dataset_3485.in,0.37596899236031467,44.278594,37.82962,17.891786,0.14168891216764645,1.4066789377458857,2.6336081647878005,0.02,fresh
3486,gpr_dataset_3486.in,datasets/sam-29/files/gpr_dataset_3486.in,0.39797076867204073,47.69865,25.887679,26.413671,0.17223739654066175,1.4854420402369855,2.6945032144061685,0.02,fresh
3487,gpr_dataset_3487.in,datasets/sam-29/files/gpr_dataset_3487.in,0.1465624343048579,41.125712,35.194867,23.679421,0.06721769632808097,1.4797361281453032,2.608021901799216,0.02,fresh
3488,gpr_dataset_3488.in,datasets/sam-29/files/gpr_dataset_3488.in,0.14729289422812997,39.169412,38.54018,22.290408,0.2435571907860185,1.4412813857520366,2.634643911123639,0.02,fresh
3489,gpr_dataset_3489.in,datasets/sam-29/files/gpr_dataset_3489.in,0.32935460325774457,43.351576,30.362933,26.285491,0.060359369554199696,1.3976749970360416,2.6380697699534528,0.02,fresh
3490,gpr_dataset_3490.in,datasets/sam-29/files/gpr_dataset_3490.in,0.2587661622538806,36.036128,38.130715,25.833157,0.0873512892541187,1.4786211560975335,2.6483944471597276,0.02,fresh
3491,gpr_dataset_3491.in,datasets/sam-29/files/gpr_dataset_3491.in,0.14837440588964365,46.567694,26.5449,26.887406,0.08203158252062767,1.5123113371414638,2.60659001330223,0.02,fresh
3492,gpr_dataset_3492.in,datasets/sam-29/files/gpr_dataset_3492.in,0.46805242389187984,49.766481,26.706686,23.526833,0.20685795728030637,1.3276930063506687,2.623946441805079,0.02,fresh
3493,gpr_dataset_3493.in,datasets/sam-29/files/gpr_dataset_3493.in,0.24880034129631948,48.009402,23.162705,28.827893,0.1359331884006903,1.4692480497610587,2.6365029784544527,0.02,fresh
3494,gpr_dataset_3494.in,datasets/sam-29/files/gpr_dataset_3494.in,0.3786162552350931,39.256656,39.813691,20.929653,0.1305191696474827,1.5547913424786295,2.668597071455837,0.02,fresh
3495,gpr_dataset_3495.in,datasets/sam-29/files/gpr_dataset_3495.in,0.13274041882538962,46.194703,24.327197,29.4781,0.24514855041434647,1.4441258088578188,2.6624990751293507,0.02,fresh
3496,gpr_dataset_3496.in,datasets/sam-29/files/gpr_dataset_3496.in,0.2650686436734654,44.858554,38.292988,16.848458,0.2291700049559745,1.3183451623842828,2.662397255046802,0.02,fresh
3497,gpr_dataset_3497.in,datasets/sam-29/files/gpr_dataset_3497.in,0.31088609026847075,41.171063,33.410776,25.418161,0.09938340428339043,1.3951074529558132,2.63740100314199,0.02,fresh
3498,gpr_dataset_3498.in,datasets/sam-29/files/gpr_dataset_3498.in,0.13062549608157933,46.827371,32.776859,20.39577,0.1847259597071318,1.497022510075196,2.635047194565511,0.02,fresh
3499,gpr_dataset_3499.in,datasets/sam-29/files/gpr_dataset_3499.in,0.14054091485696577,47.743145,30.822199,21.434656,0.13846670166137764,1.4112856479974736,2.6403209333488706,0.02,fresh
3500,gpr_dataset_3500.in,datasets/sam-29/files/gpr_dataset_3500.in,0.3195412813547128,33.222349,39.617483,27.160168,0.13728399262507102,1.5244516176214313,2.6456247963665938,0.02,fresh
3501,gpr_dataset_3501.in,datasets/sam-29/files/gpr_dataset_3501.in,0.18256349531269286,45.044866,27.509429,27.445705,0.14971988107405582,1.5179045277253231,2.637121248076986,0.02,fresh
3502,gpr_dataset_3502.in,datasets/sam-29/files/gpr_dataset_3502.in,0.45834440454801695,42.01867,34.100456,23.880874,0.17868860491778804,1.5200494704961311,2.6637104524757533,0.02,fresh
3503,gpr_dataset_3503.in,datasets/sam-29/files/gpr_dataset_3503.in,0.47013238837588667,41.045784,34.563708,24.390508,0.2275289939890947,1.5786611129496355,2.6627923658814763,0.02,fresh
3504,gpr_dataset_3504.in,datasets/sam-29/files/gpr_dataset_3504.in,0.10719306515147604,47.875373,30.016564,22.108063,0.20957260036928083,1.3650990392882576,2.6342626528567967,0.02,fresh
3505,gpr_dataset_3505.in,datasets/sam-29/files/gpr_dataset_3505.in,0.29922197997631306,47.015165,36.309968,16.674867,0.21874782530715026,1.5468790958696823,2.660246666441818,0.02,fresh
3506,gpr_dataset_3506.in,datasets/sam-29/files/gpr_dataset_3506.in,0.4686051839767482,47.321497,31.618792,21.059711,0.07545283672084097,1.5253860206850636,2.6963631912340635,0.02,fresh
3507,gpr_dataset_3507.in,datasets/sam-29/files/gpr_dataset_3507.in,0.3072930075443,42.907168,32.815797,24.277035,0.2005684307382386,1.4566654357867888,2.6944285489927347,0.02,fresh
3508,gpr_dataset_3508.in,datasets/sam-29/files/gpr_dataset_3508.in,0.11031331713738655,45.371804,31.606082,23.022114,0.1505178367185086,1.4662978853842839,2.6755705109875567,0.02,fresh
3509,gpr_dataset_3509.in,datasets/sam-29/files/gpr_dataset_3509.in,0.3793334168897595,48.682104,22.31747,29.000426,0.24167272359827563,1.3982433816159139,2.6624945579735213,0.02,fresh
3510,gpr_dataset_3510.in,datasets/sam-29/files/gpr_dataset_3510.in,0.25266303489239217,49.491411,31.304256,19.204333,0.181101311574225,1.5534365523393638,2.6591881714415013,0.02,fresh
3511,gpr_dataset_3511.in,datasets/sam-29/files/gpr_dataset_3511.in,0.43691061845548407,42.218605,35.084478,22.696917,0.19406948007262875,1.3665423014669842,2.6944694071960704,0.02,fresh
3512,gpr_dataset_3512.in,datasets/sam-29/files/gpr_dataset_3512.in,0.14951287854510065,37.296674,39.850802,22.852524,0.08229394926386624,1.5682663408513169,2.6333686898290853,0.02,fresh
3513,gpr_dataset_3513.in,datasets/sam-29/files/gpr_dataset_3513.in,0.49951170911532816,41.386356,34.972079,23.641565,0.18558891781698322,1.5361279159430845,2.6354614783219747,0.02,fresh
3514,gpr_dataset_3514.in,datasets/sam-29/files/gpr_dataset_3514.in,0.30857671782887597,45.973188,28.962534,25.064278,0.22611667007727498,1.5886674706569228,2.6701236262702643,0.02,fresh
3515,gpr_dataset_3515.in,datasets/sam-29/files/gpr_dataset_3515.in,0.3563509663098047,37.39221,34.216499,28.391291,0.0926445728666274,1.3620919281186643,2.65356736458289,0.02,fresh
3516,gpr_dataset_3516.in,datasets/sam-29/files/gpr_dataset_3516.in,0.4078989132529335,38.905028,35.795246,25.299726,0.23084835480486765,1.468858334551856,2.650479798337393,0.02,fresh
3517,gpr_dataset_3517.in,datasets/sam-29/files/gpr_dataset_3517.in,0.2822043398930555,49.706603,30.173805,20.119592,0.2160280131791344,1.3491612241821518,2.6141585626216624,0.02,fresh
3518,gpr_dataset_3518.in,datasets/sam-29/files/gpr_dataset_3518.in,0.21682670556851638,47.427297,35.853981,16.718722,0.21368651770927288,1.516758803751534,2.6119072620607815,0.02,fresh
3519,gpr_dataset_3519.in,datasets/sam-29/files/gpr_dataset_3519.in,0.44046140669617717,40.688596,35.588614,23.72279,0.054789261315511144,1.5626389180247426,2.669801688658737,0.02,fresh
3520,gpr_dataset_3520.in,datasets/sam-29/files/gpr_dataset_3520.in,0.21858031831876393,48.325291,28.459484,23.215225,0.20573105784387913,1.3114299377810352,2.654935466190035,0.02,fresh
3521,gpr_dataset_3521.in,datasets/sam-29/files/gpr_dataset_3521.in,0.2020153016629266,45.55699,30.641115,23.801895,0.05843185805842584,1.4647572649309286,2.675388423286258,0.02,fresh
3522,gpr_dataset_3522.in,datasets/sam-29/files/gpr_dataset_3522.in,0.11585175790563121,45.974358,27.237271,26.788371,0.22872696872678694,1.4094304827893551,2.622978805670928,0.02,fresh
3523,gpr_dataset_3523.in,datasets/sam-29/files/gpr_dataset_3523.in,0.49483600552810103,46.564083,30.855206,22.580711,0.06150528354202798,1.3249578871173635,2.623879135264462,0.02,fresh
3524,gpr_dataset_3524.in,datasets/sam-29/files/gpr_dataset_3524.in,0.21285528924541777,42.176594,34.41967,23.403736,0.05116858201895705,1.3919087636997325,2.6920194293278388,0.02,fresh
3525,gpr_dataset_3525.in,datasets/sam-29/files/gpr_dataset_3525.in,0.2523653155707533,48.376643,25.051939,26.571418,0.0704874327040528,1.4696829454967453,2.673932776295868,0.02,fresh
3526,gpr_dataset_3526.in,datasets/sam-29/files/gpr_dataset_3526.in,0.3177015917641046,40.078552,33.758636,26.162812,0.11393947088039105,1.5638434505414875,2.6362814923753852,0.02,fresh
3527,gpr_dataset_3527.in,datasets/sam-29/files/gpr_dataset_3527.in,0.47330796608751513,38.555804,32.239907,29.204289,0.06176463959030998,1.339409062355491,2.6075127522377777,0.02,fresh
3528,gpr_dataset_3528.in,datasets/sam-29/files/gpr_dataset_3528.in,0.27542789009675006,44.171183,28.893812,26.935005,0.1416137318752409,1.5486406245472422,2.6855367393252525,0.02,fresh
3529,gpr_dataset_3529.in,datasets/sam-29/files/gpr_dataset_3529.in,0.3778250162179241,38.690786,31.775077,29.534137,0.18016461006143436,1.5312369566942714,2.6893207970160633,0.02,fresh
3530,gpr_dataset_3530.in,datasets/sam-29/files/gpr_dataset_3530.in,0.12257343946722249,46.300633,38.517036,15.182331,0.06268783121524453,1.3621835839309284,2.6440528993648837,0.02,fresh
3531,gpr_dataset_3531.in,datasets/sam-29/files/gpr_dataset_3531.in,0.32702455334397373,39.979022,35.232589,24.788389,0.22180604786679126,1.5241197919443459,2.656592319183373,0.02,fresh
3532,gpr_dataset_3532.in,datasets/sam-29/files/gpr_dataset_3532.in,0.34818307120352965,40.25314,34.487492,25.259368,0.15952054469593635,1.4499310897678475,2.606881166687143,0.02,fresh
3533,gpr_dataset_3533.in,datasets/sam-29/files/gpr_dataset_3533.in,0.25368145732022596,43.151123,37.562402,19.286475,0.1702761829308827,1.5428592039269762,2.665388928780547,0.02,fresh
3534,gpr_dataset_3534.in,datasets/sam-29/files/gpr_dataset_3534.in,0.17808125777062536,44.324708,29.170825,26.504467,0.20470330551714527,1.5683614350709723,2.653765006373021,0.02,fresh
3535,gpr_dataset_3535.in,datasets/sam-29/files/gpr_dataset_3535.in,0.19563818850491935,44.233339,33.925239,21.841422,0.2175099559377709,1.3058295984582535,2.649331753974063,0.02,fresh
3536,gpr_dataset_3536.in,datasets/sam-29/files/gpr_dataset_3536.in,0.13788126385531907,42.901158,33.008737,24.090105,0.12816614861268927,1.4895852218367374,2.6538619136035453,0.02,fresh
3537,gpr_dataset_3537.in,datasets/sam-29/files/gpr_dataset_3537.in,0.25158059012650025,43.248201,29.549828,27.201971,0.23047012881150414,1.3192744701399657,2.693664038728319,0.02,fresh
3538,gpr_dataset_3538.in,datasets/sam-29/files/gpr_dataset_3538.in,0.2669499155102838,44.133377,30.351078,25.515545,0.18082375804916484,1.485981351989293,2.6796076753334663,0.02,fresh
3539,gpr_dataset_3539.in,datasets/sam-29/files/gpr_dataset_3539.in,0.4415478586847098,44.66627,29.103943,26.229787,0.17928025864911057,1.5357602118466707,2.6745846752890436,0.02,fresh
3540,gpr_dataset_3540.in,datasets/sam-29/files/gpr_dataset_3540.in,0.36646620087203186,38.73594,33.70999,27.55407,0.2041379620379582,1.5734783431738766,2.6981033094106044,0.02,fresh
3541,gpr_dataset_3541.in,datasets/sam-29/files/gpr_dataset_3541.in,0.1386816239654999,35.080161,39.264268,25.655571,0.06272930264036805,1.3527963762130193,2.6784315022502683,0.02,fresh
3542,gpr_dataset_3542.in,datasets/sam-29/files/gpr_dataset_3542.in,0.24905022961060796,48.053011,37.851193,14.095796,0.14468102607294978,1.5462933510411803,2.6644014353653205,0.02,fresh
3543,gpr_dataset_3543.in,datasets/sam-29/files/gpr_dataset_3543.in,0.18828919927966714,35.96563,39.741902,24.292468,0.17464234467355572,1.5755016366978094,2.6008211462814006,0.02,fresh
3544,gpr_dataset_3544.in,datasets/sam-29/files/gpr_dataset_3544.in,0.11562985179406252,46.56503,39.379755,14.055215,0.09026233087353706,1.5503318453936468,2.650448910716096,0.02,fresh
3545,gpr_dataset_3545.in,datasets/sam-29/files/gpr_dataset_3545.in,0.2780404219231104,35.723921,36.543651,27.732428,0.11984958948225283,1.3269466574890505,2.613257796626188,0.02,fresh
3546,gpr_dataset_3546.in,datasets/sam-29/files/gpr_dataset_3546.in,0.3305779239951353,46.859187,37.787142,15.353671,0.16080617906086708,1.4815164208297802,2.642433627295708,0.02,fresh
3547,gpr_dataset_3547.in,datasets/sam-29/files/gpr_dataset_3547.in,0.36072723033864196,49.854462,28.7961,21.349438,0.1884347542044632,1.52608863571727,2.6740583383455183,0.02,fresh
3548,gpr_dataset_3548.in,datasets/sam-29/files/gpr_dataset_3548.in,0.4100336032435754,49.409037,25.506866,25.084097,0.11468182586479364,1.5091333696672082,2.667255019186565,0.02,fresh
3549,gpr_dataset_3549.in,datasets/sam-29/files/gpr_dataset_3549.in,0.3759501365843948,48.150141,36.687717,15.162142,0.16058121326277497,1.549044868925939,2.6839881809723165,0.02,fresh
3550,gpr_dataset_3550.in,datasets/sam-29/files/gpr_dataset_3550.in,0.4853630608052073,39.156048,33.20305,27.640902,0.17355474046718722,1.431931465901541,2.6313035866810774,0.02,fresh
3551,gpr_dataset_3551.in,datasets/sam-29/files/gpr_dataset_3551.in,0.43677556350740776,46.108764,26.275619,27.615617,0.22315624326831002,1.3675698703816068,2.637052501012286,0.02,fresh
3552,gpr_dataset_3552.in,datasets/sam-29/files/gpr_dataset_3552.in,0.18574482695537406,41.792429,35.664289,22.543282,0.19598234733890058,1.4475253623036728,2.6754211812541016,0.02,fresh
3553,gpr_dataset_3553.in,datasets/sam-29/files/gpr_dataset_3553.in,0.3503967654156174,49.115605,35.119623,15.764772,0.23633871590940547,1.4446911722496472,2.686374352222358,0.02,fresh
3554,gpr_dataset_3554.in,datasets/sam-29/files/gpr_dataset_3554.in,0.35692137864580575,39.558644,35.922147,24.519209,0.15989391268493947,1.3014670721004429,2.6263153818497953,0.02,fresh
3555,gpr_dataset_3555.in,datasets/sam-29/files/gpr_dataset_3555.in,0.24884671571111863,47.356966,28.16142,24.481614,0.1190100052808496,1.4433608742369792,2.6299004307169063,0.02,fresh
3556,gpr_dataset_3556.in,datasets/sam-29/files/gpr_dataset_3556.in,0.43730106876688224,47.785292,34.553622,17.661086,0.05170350854541057,1.525008865365462,2.6771524113603724,0.02,fresh
3557,gpr_dataset_3557.in,datasets/sam-29/files/gpr_dataset_3557.in,0.28550041940259174,35.591197,34.802788,29.606015,0.1629042122849922,1.3115352965726308,2.620432651804096,0.02,fresh
3558,gpr_dataset_3558.in,datasets/sam-29/files/gpr_dataset_3558.in,0.4241703661105264,40.227082,33.657489,26.115429,0.06888229218806513,1.3599328018496721,2.6522992756828097,0.02,fresh
3559,gpr_dataset_3559.in,datasets/sam-29/files/gpr_dataset_3559.in,0.237736852110393,49.522279,31.332846,19.144875,0.2265754806934494,1.3993521591234608,2.6873527971353064,0.02,fresh
3560,gpr_dataset_3560.in,datasets/sam-29/files/gpr_dataset_3560.in,0.46329923630381253,45.187791,37.443203,17.369006,0.10983555463369166,1.5131674998214848,2.684862942423408,0.02,fresh
3561,gpr_dataset_3561.in,datasets/sam-29/files/gpr_dataset_3561.in,0.16594249870806776,46.38137,34.149519,19.469111,0.12472248649287668,1.3864502190553991,2.6911073650635013,0.02,fresh
3562,gpr_dataset_3562.in,datasets/sam-29/files/gpr_dataset_3562.in,0.2815296324415608,42.339233,34.60491,23.055857,0.1396564636577315,1.5835943609583791,2.6252904632775755,0.02,fresh
3563,gpr_dataset_3563.in,datasets/sam-29/files/gpr_dataset_3563.in,0.4191003804148279,36.713278,35.222624,28.064098,0.20543119963220385,1.5989546406472934,2.6833436650390627,0.02,fresh
3564,gpr_dataset_3564.in,datasets/sam-29/files/gpr_dataset_3564.in,0.1721565108658804,46.253398,29.0939,24.652702,0.06133100655949919,1.3512102894247617,2.6128666980545843,0.02,fresh
3565,gpr_dataset_3565.in,datasets/sam-29/files/gpr_dataset_3565.in,0.24010768907095847,46.644702,28.635445,24.719853,0.19727223415531442,1.3315463897085231,2.6756704010720993,0.02,fresh
3566,gpr_dataset_3566.in,datasets/sam-29/files/gpr_dataset_3566.in,0.19756205111288563,34.67631,36.693871,28.629819,0.15012722880704243,1.5678693965667825,2.6192124347215984,0.02,fresh
3567,gpr_dataset_3567.in,datasets/sam-29/files/gpr_dataset_3567.in,0.43943000205369076,45.078216,37.109151,17.812633,0.10515599147736994,1.4648523089219803,2.6512518202754687,0.02,fresh
3568,gpr_dataset_3568.in,datasets/sam-29/files/gpr_dataset_3568.in,0.10689626232814083,49.464057,35.582155,14.953788,0.11774423870655347,1.569343835246964,2.6259189907486964,0.02,fresh
3569,gpr_dataset_3569.in,datasets/sam-29/files/gpr_dataset_3569.in,0.43805887768361373,39.222079,34.277177,26.500744,0.11741137567638026,1.4669255275772866,2.602448002493623,0.02,fresh
3570,gpr_dataset_3570.in,datasets/sam-29/files/gpr_dataset_3570.in,0.3615898719432905,41.368231,31.66599,26.965779,0.22712265658457398,1.49248981813069,2.6205217491914112,0.02,fresh
3571,gpr_dataset_3571.in,datasets/sam-29/files/gpr_dataset_3571.in,0.27918873646206965,42.390356,36.558786,21.050858,0.05485475787270129,1.5900733065729682,2.6946961343853406,0.02,fresh
3572,gpr_dataset_3572.in,datasets/sam-29/files/gpr_dataset_3572.in,0.10833670236835272,46.931606,30.087305,22.981089,0.24321291635925057,1.559751299132722,2.6282559521506896,0.02,fresh
3573,gpr_dataset_3573.in,datasets/sam-29/files/gpr_dataset_3573.in,0.4119727098939824,41.521474,36.686788,21.791738,0.10707242329622291,1.3065741717734427,2.6380673061565387,0.02,fresh
3574,gpr_dataset_3574.in,datasets/sam-29/files/gpr_dataset_3574.in,0.12528758271597826,38.822192,33.041311,28.136497,0.09719944108783612,1.352714272278084,2.658040049045389,0.02,fresh
3575,gpr_dataset_3575.in,datasets/sam-29/files/gpr_dataset_3575.in,0.3171511906608938,41.444364,33.302365,25.253271,0.21325565624707327,1.3209243711942011,2.674933379264558,0.02,fresh
3576,gpr_dataset_3576.in,datasets/sam-29/files/gpr_dataset_3576.in,0.34524032577398633,44.399855,29.914371,25.685774,0.2469119160213738,1.4807162004232808,2.695436130961972,0.02,fresh
3577,gpr_dataset_3577.in,datasets/sam-29/files/gpr_dataset_3577.in,0.21661498921802474,38.530232,35.397488,26.07228,0.22188714524949088,1.3493720829835223,2.688387053712586,0.02,fresh
3578,gpr_dataset_3578.in,datasets/sam-29/files/gpr_dataset_3578.in,0.45920866875532995,45.245087,34.089285,20.665628,0.16252434800600712,1.396307951194235,2.687688606107124,0.02,fresh
3579,gpr_dataset_3579.in,datasets/sam-29/files/gpr_dataset_3579.in,0.11361218919530508,47.972685,32.702916,19.324399,0.161390321214314,1.3597887553521921,2.6563187338964105,0.02,fresh
3580,gpr_dataset_3580.in,datasets/sam-29/files/gpr_dataset_3580.in,0.17025489125935392,45.692796,39.04093,15.266274,0.20514241493590518,1.3251098808992603,2.676675115502947,0.02,fresh
3581,gpr_dataset_3581.in,datasets/sam-29/files/gpr_dataset_3581.in,0.22259828029387593,47.964036,29.134921,22.901043,0.15381605872566498,1.5426851843202969,2.635828323798045,0.02,fresh
3582,gpr_dataset_3582.in,datasets/sam-29/files/gpr_dataset_3582.in,0.3544544093426739,42.736456,33.647025,23.616519,0.13008250573062388,1.372731287533417,2.646920023761884,0.02,fresh
3583,gpr_dataset_3583.in,datasets/sam-29/files/gpr_dataset_3583.in,0.3978644388558197,44.416976,31.421611,24.161413,0.18091911502829822,1.4958067595388176,2.671498323051073,0.02,fresh
3584,gpr_dataset_3584.in,datasets/sam-29/files/gpr_dataset_3584.in,0.48438593567302735,49.210637,29.435621,21.353742,0.18433056554442878,1.3295232514602338,2.665848392444413,0.02,fresh
3585,gpr_dataset_3585.in,datasets/sam-29/files/gpr_dataset_3585.in,0.38526800369365677,45.814141,35.231872,18.953987,0.21993777510462215,1.484664013519482,2.6605768890795516,0.02,fresh
3586,gpr_dataset_3586.in,datasets/sam-29/files/gpr_dataset_3586.in,0.2897246350143868,45.478644,27.142692,27.378664,0.08277871099862211,1.4605275457056905,2.6792351011287754,0.02,fresh
3587,gpr_dataset_3587.in,datasets/sam-29/files/gpr_dataset_3587.in,0.25742146629073714,42.314612,38.337527,19.347861,0.2120395792484841,1.5978476379277011,2.696227249615484,0.02,fresh
3588,gpr_dataset_3588.in,datasets/sam-29/files/gpr_dataset_3588.in,0.2389875859239412,44.73147,26.629855,28.638675,0.11441785644080962,1.4945208985628688,2.6412125842508645,0.02,fresh
3589,gpr_dataset_3589.in,datasets/sam-29/files/gpr_dataset_3589.in,0.4293483785397404,41.651661,29.861636,28.486703,0.062096723967663726,1.4662365255082013,2.620311387721817,0.02,fresh
3590,gpr_dataset_3590.in,datasets/sam-29/files/gpr_dataset_3590.in,0.3505620218745227,49.694763,34.77549,15.529747,0.1520918640676081,1.4948419517173366,2.6968143720935047,0.02,fresh
3591,gpr_dataset_3591.in,datasets/sam-29/files/gpr_dataset_3591.in,0.1063643850879569,48.967017,29.344418,21.688565,0.08884618236266398,1.444077828588342,2.6631716855043663,0.02,fresh
3592,gpr_dataset_3592.in,datasets/sam-29/files/gpr_dataset_3592.in,0.36319828035193147,45.419186,30.504558,24.076256,0.13495862229572897,1.32739390420948,2.657496142055831,0.02,fresh
3593,gpr_dataset_3593.in,datasets/sam-29/files/gpr_dataset_3593.in,0.40108466227259465,44.156276,32.084434,23.75929,0.08110843019253328,1.4679993380166234,2.656917647127363,0.02,fresh
3594,gpr_dataset_3594.in,datasets/sam-29/files/gpr_dataset_3594.in,0.4839535299329967,46.936895,33.251735,19.81137,0.23288313368872032,1.3730733187686337,2.6733951912004144,0.02,fresh
3595,gpr_dataset_3595.in,datasets/sam-29/files/gpr_dataset_3595.in,0.4743248331789903,43.41703,33.939735,22.643235,0.2039124300020146,1.489950561050263,2.67561521088505,0.02,fresh
3596,gpr_dataset_3596.in,datasets/sam-29/files/gpr_dataset_3596.in,0.20788647532969293,49.738556,31.867289,18.394155,0.07106067956576967,1.5966733267713562,2.659596608301147,0.02,fresh
3597,gpr_dataset_3597.in,datasets/sam-29/files/gpr_dataset_3597.in,0.4868428963106274,44.938582,39.572586,15.488832,0.16600976347208213,1.491153164618293,2.6810011155059916,0.02,fresh
3598,gpr_dataset_3598.in,datasets/sam-29/files/gpr_dataset_3598.in,0.21578912849267323,48.066675,26.494303,25.439022,0.24383112375884075,1.3141724204215293,2.6424145169352453,0.02,fresh
3599,gpr_dataset_3599.in,datasets/sam-29/files/gpr_dataset_3599.in,0.25368757486543114,43.534346,32.227144,24.23851,0.22376905145686438,1.322404523854337,2.6029991590406545,0.02,fresh
3600,gpr_dataset_3600.in,datasets/sam-29/files/gpr_dataset_3600.in,0.3256716609100826,48.722489,23.385773,27.891738,0.14210424920283174,1.5965162528011845,2.6067631140949463,0.02,fresh
3601,gpr_dataset_3601.in,datasets/sam-29/files/gpr_dataset_3601.in,0.3288795864361377,45.920946,30.944102,23.134952,0.14593724956723056,1.5549233472692099,2.680701674584152,0.02,fresh
3602,gpr_dataset_3602.in,datasets/sam-29/files/gpr_dataset_3602.in,0.3555365300210934,48.085541,23.46007,28.454389,0.24874385605664656,1.4050938155050585,2.664767694571601,0.02,fresh
3603,gpr_dataset_3603.in,datasets/sam-29/files/gpr_dataset_3603.in,0.21783512091484558,49.413716,33.081474,17.50481,0.2445664749360011,1.4215494468107759,2.604003875172489,0.02,fresh
3604,gpr_dataset_3604.in,datasets/sam-29/files/gpr_dataset_3604.in,0.12420679306935761,42.093861,32.585408,25.320731,0.0685415976090569,1.4146084406984187,2.6241435611640456,0.02,fresh
3605,gpr_dataset_3605.in,datasets/sam-29/files/gpr_dataset_3605.in,0.18480123674228632,45.017261,32.81305,22.169689,0.07111646274928994,1.498881761381178,2.6780259357353464,0.02,fresh
3606,gpr_dataset_3606.in,datasets/sam-29/files/gpr_dataset_3606.in,0.14485557299491753,45.06901,39.172655,15.758335,0.20109383782968043,1.4720866420321819,2.6449849357803377,0.02,fresh
3607,gpr_dataset_3607.in,datasets/sam-29/files/gpr_dataset_3607.in,0.23909806197778447,42.412086,30.897827,26.690087,0.18146768139320468,1.5035754078050174,2.623484379411869,0.02,fresh
3608,gpr_dataset_3608.in,datasets/sam-29/files/gpr_dataset_3608.in,0.3349445823472724,43.373614,27.866557,28.759829,0.14947782887897978,1.4888105982601962,2.6476298562629283,0.02,fresh
3609,gpr_dataset_3609.in,datasets/sam-29/files/gpr_dataset_3609.in,0.19033219672268312,37.436831,35.623077,26.940092,0.08495864153786384,1.582446345082342,2.6786607235104634,0.02,fresh
3610,gpr_dataset_3610.in,datasets/sam-29/files/gpr_dataset_3610.in,0.24329102118161844,47.350252,36.674487,15.975261,0.16257732720069995,1.3579224928235698,2.6878645249749975,0.02,fresh
3611,gpr_dataset_3611.in,datasets/sam-29/files/gpr_dataset_3611.in,0.3777628035686301,46.923073,28.276325,24.800602,0.08451697227189954,1.3836756577217644,2.6135182261470327,0.02,fresh
3612,gpr_dataset_3612.in,datasets/sam-29/files/gpr_dataset_3612.in,0.3572779103386371,41.14163,31.635281,27.223089,0.08539472412978996,1.4039585597171247,2.6440387503772214,0.02,fresh
3613,gpr_dataset_3613.in,datasets/sam-29/files/gpr_dataset_3613.in,0.30325623720388395,46.917298,39.54596,13.536742,0.1360440196993008,1.368189080967715,2.685172970909748,0.02,fresh
3614,gpr_dataset_3614.in,datasets/sam-29/files/gpr_dataset_3614.in,0.16493325441250556,42.29231,37.981153,19.726537,0.20001171118657746,1.538243188385876,2.670182628799599,0.02,fresh
3615,gpr_dataset_3615.in,datasets/sam-29/files/gpr_dataset_3615.in,0.41222070779481723,46.083312,25.969466,27.947222,0.12674251067602194,1.3812960645202823,2.6521634151691695,0.02,fresh
3616,gpr_dataset_3616.in,datasets/sam-29/files/gpr_dataset_3616.in,0.40931357987017425,37.124989,35.280037,27.594974,0.1287129500167167,1.4444955107069601,2.638919139138842,0.02,fresh
3617,gpr_dataset_3617.in,datasets/sam-29/files/gpr_dataset_3617.in,0.42724735580772255,42.647899,27.875119,29.476982,0.23659252951283066,1.4481078383993964,2.6909703339219764,0.02,fresh
3618,gpr_dataset_3618.in,datasets/sam-29/files/gpr_dataset_3618.in,0.31298266153057497,45.096308,29.606902,25.29679,0.0881734524357706,1.5531049882466534,2.6144532374540437,0.02,fresh
3619,gpr_dataset_3619.in,datasets/sam-29/files/gpr_dataset_3619.in,0.18103658362031172,41.762967,37.96424,20.272793,0.06280148020637898,1.3053106479486214,2.6416969931041114,0.02,fresh
3620,gpr_dataset_3620.in,datasets/sam-29/files/gpr_dataset_3620.in,0.2784256099605438,49.898383,30.874814,19.226803,0.07666076162772745,1.5596250189590868,2.679804181795555,0.02,fresh
3621,gpr_dataset_3621.in,datasets/sam-29/files/gpr_dataset_3621.in,0.25134538678538965,46.223509,29.862667,23.913824,0.05940692498065299,1.4535909622433418,2.6897989378800977,0.02,fresh
3622,gpr_dataset_3622.in,datasets/sam-29/files/gpr_dataset_3622.in,0.3768227641579486,45.43648,29.742658,24.820862,0.15550392701021443,1.504765723343439,2.6382207891569025,0.02,fresh
3623,gpr_dataset_3623.in,datasets/sam-29/files/gpr_dataset_3623.in,0.46333785035523456,36.415586,37.510713,26.073701,0.20822849231966184,1.4037686433196732,2.6468840838669823,0.02,fresh
3624,gpr_dataset_3624.in,datasets/sam-29/files/gpr_dataset_3624.in,0.1838118055017061,46.011334,38.06214,15.926526,0.07127755256355083,1.3012606620140665,2.605120368697502,0.02,fresh
3625,gpr_dataset_3625.in,datasets/sam-29/files/gpr_dataset_3625.in,0.3203944675721989,46.006493,26.743487,27.25002,0.14672335485625287,1.43200780226948,2.663425394847761,0.02,fresh
3626,gpr_dataset_3626.in,datasets/sam-29/files/gpr_dataset_3626.in,0.486093155054814,46.037537,29.188205,24.774258,0.2032333302058424,1.4922044428865733,2.6269974494269484,0.02,fresh
3627,gpr_dataset_3627.in,datasets/sam-29/files/gpr_dataset_3627.in,0.11036129695998903,42.147609,32.610683,25.241708,0.09263049400706769,1.5495263540228925,2.6261431393717825,0.02,fresh
3628,gpr_dataset_3628.in,datasets/sam-29/files/gpr_dataset_3628.in,0.3926509509870143,48.359976,29.066191,22.573833,0.18355326074833378,1.3968670698102006,2.640375756817321,0.02,fresh
3629,gpr_dataset_3629.in,datasets/sam-29/files/gpr_dataset_3629.in,0.14768743072332968,45.80463,34.462079,19.733291,0.19728217867888237,1.3515825617216342,2.6580936248131892,0.02,fresh
3630,gpr_dataset_3630.in,datasets/sam-29/files/gpr_dataset_3630.in,0.3695982233997036,43.351718,32.40586,24.242422,0.2131168703858995,1.3345705458741717,2.6953681064327433,0.02,fresh
3631,gpr_dataset_3631.in,datasets/sam-29/files/gpr_dataset_3631.in,0.17828729998527187,38.491518,32.573361,28.935121,0.23409528862025625,1.5013989879380032,2.6499198655621075,0.02,fresh
3632,gpr_dataset_3632.in,datasets/sam-29/files/gpr_dataset_3632.in,0.1837595639807532,33.536811,37.157714,29.305475,0.19043068640993682,1.5242116811641777,2.6173429690018195,0.02,fresh
3633,gpr_dataset_3633.in,datasets/sam-29/files/gpr_dataset_3633.in,0.2649738210410868,45.878312,31.597138,22.52455,0.1776525123740147,1.478974750354467,2.670443974495998,0.02,fresh
3634,gpr_dataset_3634.in,datasets/sam-29/files/gpr_dataset_3634.in,0.1675473471528789,48.667144,34.095629,17.237227,0.07191153929712349,1.312831372825144,2.6537511891339243,0.02,fresh
3635,gpr_dataset_3635.in,datasets/sam-29/files/gpr_dataset_3635.in,0.3746273606134174,45.52512,28.365917,26.108963,0.07865868325023317,1.5596829948770048,2.6262289370623435,0.02,fresh
3636,gpr_dataset_3636.in,datasets/sam-29/files/gpr_dataset_3636.in,0.33079210784426843,42.603821,39.087291,18.308888,0.153968532012903,1.5678449856305852,2.600765373888556,0.02,fresh
3637,gpr_dataset_3637.in,datasets/sam-29/files/gpr_dataset_3637.in,0.2984705358747458,44.736931,27.232503,28.030566,0.06335033597842477,1.323179347507994,2.629602108836268,0.02,fresh
3638,gpr_dataset_3638.in,datasets/sam-29/files/gpr_dataset_3638.in,0.2512456203745156,36.502357,34.50374,28.993903,0.18641648569712277,1.3515094566162595,2.6522422893947093,0.02,fresh
3639,gpr_dataset_3639.in,datasets/sam-29/files/gpr_dataset_3639.in,0.33486515222290736,48.471783,36.902861,14.625356,0.06180240540237081,1.4552447843593765,2.609643311076945,0.02,fresh
3640,gpr_dataset_3640.in,datasets/sam-29/files/gpr_dataset_3640.in,0.3286897304365238,46.192486,35.74929,18.058224,0.1737618802080201,1.5098769632096354,2.669750063277647,0.02,fresh
3641,gpr_dataset_3641.in,datasets/sam-29/files/gpr_dataset_3641.in,0.431246882480231,43.264149,35.391719,21.344132,0.08508606516594719,1.3456793024132268,2.671127441415026,0.02,fresh
3642,gpr_dataset_3642.in,datasets/sam-29/files/gpr_dataset_3642.in,0.4139154248829494,48.206085,31.012941,20.780974,0.15435830897439445,1.5465970062926053,2.667302832865904,0.02,fresh
3643,gpr_dataset_3643.in,datasets/sam-29/files/gpr_dataset_3643.in,0.18822238071899125,35.427945,34.849011,29.723044,0.19260255889856998,1.3809691766303913,2.6406753567333654,0.02,fresh
3644,gpr_dataset_3644.in,datasets/sam-29/files/gpr_dataset_3644.in,0.3814654645809856,47.403702,28.692487,23.903811,0.16389333167909592,1.37892785341123,2.628383644419844,0.02,fresh
3645,gpr_dataset_3645.in,datasets/sam-29/files/gpr_dataset_3645.in,0.3775225758200542,34.963079,37.912781,27.12414,0.17993391591023616,1.445981359267614,2.6537477192743575,0.02,fresh
3646,gpr_dataset_3646.in,datasets/sam-29/files/gpr_dataset_3646.in,0.3692272304181424,43.317169,34.305991,22.37684,0.20677822462614598,1.3427120068818488,2.647609926122389,0.02,fresh
3647,gpr_dataset_3647.in,datasets/sam-29/files/gpr_dataset_3647.in,0.23370676544179433,48.282941,35.350361,16.366698,0.09439095829235869,1.4622245954214181,2.6683937686144628,0.02,fresh
3648,gpr_dataset_3648.in,datasets/sam-29/files/gpr_dataset_3648.in,0.2337111605198403,45.664125,26.75383,27.582045,0.1466411973021053,1.4241167073088052,2.678378293626987,0.02,fresh
3649,gpr_dataset_3649.in,datasets/sam-29/files/gpr_dataset_3649.in,0.36973922153250305,49.173038,35.953831,14.873131,0.15887931403569622,1.5244771907143089,2.6710997656410123,0.02,fresh
3650,gpr_dataset_3650.in,datasets/sam-29/files/gpr_dataset_3650.in,0.26458539871753783,46.848984,31.616574,21.534442,0.204421397634113,1.371633832165203,2.6402922540929565,0.02,fresh
3651,gpr_dataset_3651.in,datasets/sam-29/files/gpr_dataset_3651.in,0.42039332384273786,42.008342,33.703195,24.288463,0.18070735533297216,1.340570749594752,2.6512936169679584,0.02,fresh
3652,gpr_dataset_3652.in,datasets/sam-29/files/gpr_dataset_3652.in,0.4404431077106752,44.397968,33.340941,22.261091,0.18692997922392146,1.3689063977397635,2.606647616807219,0.02,fresh
3653,gpr_dataset_3653.in,datasets/sam-29/files/gpr_dataset_3653.in,0.2903494351217182,48.716456,31.071114,20.21243,0.15936172191864934,1.3010049488777562,2.6213847839201354,0.02,fresh
3654,gpr_dataset_3654.in,datasets/sam-29/files/gpr_dataset_3654.in,0.13999639491334778,48.387898,38.595868,13.016234,0.1813753791177537,1.5320307203655146,2.6304354928372837,0.02,fresh
3655,gpr_dataset_3655.in,datasets/sam-29/files/gpr_dataset_3655.in,0.20424580504833745,35.391207,36.974753,27.63404,0.2422704263565631,1.552300066148763,2.655811267197103,0.02,fresh
3656,gpr_dataset_3656.in,datasets/sam-29/files/gpr_dataset_3656.in,0.15063829484748603,47.973335,34.773288,17.253377,0.2134954106999703,1.5295209799129053,2.6606190924773854,0.02,fresh
3657,gpr_dataset_3657.in,datasets/sam-29/files/gpr_dataset_3657.in,0.32630584363054044,45.730846,27.567134,26.70202,0.0911212076991455,1.4121927335703175,2.602633925842751,0.02,fresh
3658,gpr_dataset_3658.in,datasets/sam-29/files/gpr_dataset_3658.in,0.328208217618254,49.124747,32.610302,18.264951,0.22681813919439814,1.5790274076342212,2.6292067839025606,0.02,fresh
3659,gpr_dataset_3659.in,datasets/sam-29/files/gpr_dataset_3659.in,0.44680396948853307,42.585718,39.365344,18.048938,0.24705847111304197,1.3287940301135708,2.648339000821764,0.02,fresh
3660,gpr_dataset_3660.in,datasets/sam-29/files/gpr_dataset_3660.in,0.3139162590117164,36.025212,39.033912,24.940876,0.20913759644814772,1.572787102520472,2.6200766123095827,0.02,fresh
3661,gpr_dataset_3661.in,datasets/sam-29/files/gpr_dataset_3661.in,0.11551824497749777,40.522086,39.78105,19.696864,0.08142200106745565,1.405256871572941,2.628137456425795,0.02,fresh
3662,gpr_dataset_3662.in,datasets/sam-29/files/gpr_dataset_3662.in,0.32093158125522675,46.773965,28.091617,25.134418,0.10162164657553062,1.3446709703736743,2.647917606496273,0.02,fresh
3663,gpr_dataset_3663.in,datasets/sam-29/files/gpr_dataset_3663.in,0.3804950248742981,48.212553,29.614274,22.173173,0.07607464896407322,1.535404059153293,2.6435398772737235,0.02,fresh
3664,gpr_dataset_3664.in,datasets/sam-29/files/gpr_dataset_3664.in,0.41417194717958294,42.204408,28.46925,29.326342,0.16519652872197033,1.3973606873683397,2.6323574083116155,0.02,fresh
3665,gpr_dataset_3665.in,datasets/sam-29/files/gpr_dataset_3665.in,0.340836690388996,39.220806,37.550884,23.22831,0.18206718976350084,1.452927047096597,2.6726711152901466,0.02,fresh
3666,gpr_dataset_3666.in,datasets/sam-29/files/gpr_dataset_3666.in,0.4119966532479402,44.322507,29.552888,26.124605,0.12827000158406557,1.520449438686148,2.615140412295947,0.02,fresh
3667,gpr_dataset_3667.in,datasets/sam-29/files/gpr_dataset_3667.in,0.47213752364062533,40.257473,30.887109,28.855418,0.22089674475560084,1.4897810688471824,2.6208207891319253,0.02,fresh
3668,gpr_dataset_3668.in,datasets/sam-29/files/gpr_dataset_3668.in,0.33238009011576014,47.325487,39.72854,12.945973,0.21813312852384686,1.3309064070345948,2.624503124679101,0.02,fresh
3669,gpr_dataset_3669.in,datasets/sam-29/files/gpr_dataset_3669.in,0.30301797040133716,35.059517,38.859054,26.081429,0.057553273473567604,1.4675260210905174,2.6139736952710058,0.02,fresh
3670,gpr_dataset_3670.in,datasets/sam-29/files/gpr_dataset_3670.in,0.23444305815162012,39.825013,34.277492,25.897495,0.08300947860832969,1.520545566745038,2.651031277343128,0.02,fresh
3671,gpr_dataset_3671.in,datasets/sam-29/files/gpr_dataset_3671.in,0.21452940435374274,46.427068,32.139408,21.433524,0.0678571526636935,1.5298345430441305,2.6911024807448767,0.02,fresh
3672,gpr_dataset_3672.in,datasets/sam-29/files/gpr_dataset_3672.in,0.22705411702623068,46.36914,33.99212,19.63874,0.24585720566465596,1.4631146797651073,2.646061937472049,0.02,fresh
3673,gpr_dataset_3673.in,datasets/sam-29/files/gpr_dataset_3673.in,0.3424610540423077,46.317,27.028205,26.654795,0.19117399285738235,1.4874174885274445,2.6217498034404603,0.02,fresh
3674,gpr_dataset_3674.in,datasets/sam-29/files/gpr_dataset_3674.in,0.11979299172963538,48.766398,35.908119,15.325483,0.12054494311249474,1.435279884589283,2.6768624370170393,0.02,fresh
3675,gpr_dataset_3675.in,datasets/sam-29/files/gpr_dataset_3675.in,0.29001325352316565,44.46477,31.071126,24.464104,0.20946339189583696,1.4664901785009274,2.6985965662913842,0.02,fresh
3676,gpr_dataset_3676.in,datasets/sam-29/files/gpr_dataset_3676.in,0.1697679421916024,44.474928,27.378546,28.146526,0.17096945022341617,1.5087585956703755,2.661539890575256,0.02,fresh
3677,gpr_dataset_3677.in,datasets/sam-29/files/gpr_dataset_3677.in,0.3547790288899665,41.984584,38.310789,19.704627,0.24004855538384923,1.4024396164657964,2.670945903063117,0.02,fresh
3678,gpr_dataset_3678.in,datasets/sam-29/files/gpr_dataset_3678.in,0.10538128981132631,41.729917,38.58204,19.688043,0.1827225193959719,1.4992967239637536,2.6337445250784173,0.02,fresh
3679,gpr_dataset_3679.in,datasets/sam-29/files/gpr_dataset_3679.in,0.32143433404290245,37.113154,35.564167,27.322679,0.06578436670210518,1.4266252775411778,2.6948600601568304,0.02,fresh
3680,gpr_dataset_3680.in,datasets/sam-29/files/gpr_dataset_3680.in,0.4082992519419536,49.23519,27.875872,22.888938,0.21437383617081346,1.4105939560948852,2.6558299468953486,0.02,fresh
3681,gpr_dataset_3681.in,datasets/sam-29/files/gpr_dataset_3681.in,0.3462654209085193,44.777781,34.040416,21.181803,0.055716829325201216,1.3447154916523931,2.6175075152143434,0.02,fresh
3682,gpr_dataset_3682.in,datasets/sam-29/files/gpr_dataset_3682.in,0.3320733852421023,38.990837,32.540268,28.468895,0.1256961564798511,1.4930205670915577,2.6632354915128915,0.02,fresh
3683,gpr_dataset_3683.in,datasets/sam-29/files/gpr_dataset_3683.in,0.2798684568154358,40.472746,34.460193,25.067061,0.17050095850702934,1.4821839481440287,2.627537919286714,0.02,fresh
3684,gpr_dataset_3684.in,datasets/sam-29/files/gpr_dataset_3684.in,0.19159859671832585,40.691845,36.274419,23.033736,0.1667655944476305,1.3799312732038582,2.6262294877540895,0.02,fresh
3685,gpr_dataset_3685.in,datasets/sam-29/files/gpr_dataset_3685.in,0.18055917592252002,43.017727,32.702805,24.279468,0.06812954201016704,1.356277736101196,2.652116214673913,0.02,fresh
3686,gpr_dataset_3686.in,datasets/sam-29/files/gpr_dataset_3686.in,0.21972495179031326,40.069731,39.91076,20.019509,0.1050961133636139,1.3994405930988698,2.6431965657000642,0.02,fresh
3687,gpr_dataset_3687.in,datasets/sam-29/files/gpr_dataset_3687.in,0.4073882117030775,48.964644,28.473345,22.562011,0.11800796202431939,1.4928894923804812,2.624046852628844,0.02,fresh
3688,gpr_dataset_3688.in,datasets/sam-29/files/gpr_dataset_3688.in,0.3291875082357108,42.04397,32.333616,25.622414,0.16436738808308718,1.5161642776590205,2.655133980446897,0.02,fresh
3689,gpr_dataset_3689.in,datasets/sam-29/files/gpr_dataset_3689.in,0.32228759701639786,49.625916,31.006445,19.367639,0.10941249703136564,1.308848663702708,2.6613492246586508,0.02,fresh
3690,gpr_dataset_3690.in,datasets/sam-29/files/gpr_dataset_3690.in,0.11875017986903678,49.499291,38.347689,12.15302,0.07638958563189009,1.4958437528629138,2.6985811610008286,0.02,fresh
3691,gpr_dataset_3691.in,datasets/sam-29/files/gpr_dataset_3691.in,0.15889757997047282,36.731306,34.622521,28.646173,0.15311874416044507,1.5485837431174923,2.6288798818444246,0.02,fresh
3692,gpr_dataset_3692.in,datasets/sam-29/files/gpr_dataset_3692.in,0.4241604260449343,48.955261,28.269227,22.775512,0.07225272238375165,1.4705686838588319,2.680731928930593,0.02,fresh
3693,gpr_dataset_3693.in,datasets/sam-29/files/gpr_dataset_3693.in,0.11064123859280205,48.067974,34.666545,17.265481,0.08654109773002275,1.5453220825453646,2.6707286092044766,0.02,fresh
3694,gpr_dataset_3694.in,datasets/sam-29/files/gpr_dataset_3694.in,0.11700955371445616,46.40155,36.967903,16.630547,0.11226897090519215,1.3131417274913109,2.625096478315151,0.02,fresh
3695,gpr_dataset_3695.in,datasets/sam-29/files/gpr_dataset_3695.in,0.4724756697815571,33.066222,39.675594,27.258184,0.06278971149441814,1.3856693527626491,2.6510874605147037,0.02,fresh
3696,gpr_dataset_3696.in,datasets/sam-29/files/gpr_dataset_3696.in,0.2634330867595669,42.99259,39.457753,17.549657,0.15435160959514785,1.3291793445185163,2.6122523621761036,0.02,fresh
3697,gpr_dataset_3697.in,datasets/sam-29/files/gpr_dataset_3697.in,0.4693013687443428,42.158475,37.346303,20.495222,0.21160133667323233,1.3438364100147566,2.649728662210629,0.02,fresh
3698,gpr_dataset_3698.in,datasets/sam-29/files/gpr_dataset_3698.in,0.22258041145643503,39.612981,34.699226,25.687793,0.12041551264349573,1.3519353577650077,2.699292313393483,0.02,fresh
3699,gpr_dataset_3699.in,datasets/sam-29/files/gpr_dataset_3699.in,0.32280490795402583,45.870132,34.407152,19.722716,0.22291013679522087,1.4295505944959848,2.6933981691902895,0.02,fresh
3700,gpr_dataset_3700.in,datasets/sam-29/files/gpr_dataset_3700.in,0.22659000475596414,43.432914,32.104745,24.462341,0.2250235188673665,1.4464741830128633,2.653542219168915,0.02,fresh
3701,gpr_dataset_3701.in,datasets/sam-29/files/gpr_dataset_3701.in,0.31229808549316185,47.525828,31.383174,21.090998,0.19315502462077366,1.5652642644967112,2.679320856413459,0.02,fresh
3702,gpr_dataset_3702.in,datasets/sam-29/files/gpr_dataset_3702.in,0.2130538643839146,38.601814,31.891895,29.506291,0.23141405364434942,1.5341839130354769,2.617703267295112,0.02,fresh
3703,gpr_dataset_3703.in,datasets/sam-29/files/gpr_dataset_3703.in,0.14551222889379242,47.445514,35.066602,17.487884,0.19119456988629308,1.3511235679884372,2.684832688836449,0.02,fresh
3704,gpr_dataset_3704.in,datasets/sam-29/files/gpr_dataset_3704.in,0.24836488434363277,35.474469,39.648118,24.877413,0.14331162350800608,1.479151667038639,2.6568027594759567,0.02,fresh
3705,gpr_dataset_3705.in,datasets/sam-29/files/gpr_dataset_3705.in,0.4843931812582557,38.126907,38.963301,22.909792,0.059245052668435605,1.5095134839937026,2.672554994741526,0.02,fresh
3706,gpr_dataset_3706.in,datasets/sam-29/files/gpr_dataset_3706.in,0.40417953310403154,44.385815,37.351821,18.262364,0.16108768329534576,1.344488372351399,2.6999597805733795,0.02,fresh
3707,gpr_dataset_3707.in,datasets/sam-29/files/gpr_dataset_3707.in,0.4890282709343513,44.553264,35.329832,20.116904,0.22247770831057118,1.3242621542652764,2.6158361191312096,0.02,fresh
3708,gpr_dataset_3708.in,datasets/sam-29/files/gpr_dataset_3708.in,0.4056925826593579,45.1119,39.471097,15.417003,0.17955243952963768,1.521631883879144,2.6209889872096666,0.02,fresh
3709,gpr_dataset_3709.in,datasets/sam-29/files/gpr_dataset_3709.in,0.21184151993946343,32.760828,38.469817,28.769355,0.2211723184318521,1.5604876124523586,2.614701305375131,0.02,fresh
3710,gpr_dataset_3710.in,datasets/sam-29/files/gpr_dataset_3710.in,0.11811443090650178,49.418428,33.260058,17.321514,0.12582560694301106,1.4320095921281444,2.6899934957455978,0.02,fresh
3711,gpr_dataset_3711.in,datasets/sam-29/files/gpr_dataset_3711.in,0.1358279104277884,38.855428,39.465755,21.678817,0.07182122596446888,1.3552904086418975,2.613399209533531,0.02,fresh
3712,gpr_dataset_3712.in,datasets/sam-29/files/gpr_dataset_3712.in,0.4638021957119087,48.87548,36.003107,15.121413,0.23901361407510024,1.4883267431664944,2.6973555133443825,0.02,fresh
3713,gpr_dataset_3713.in,datasets/sam-29/files/gpr_dataset_3713.in,0.2217820082850647,49.261247,22.352211,28.386542,0.19551960855973544,1.5420711733968193,2.6778492649959236,0.02,fresh
3714,gpr_dataset_3714.in,datasets/sam-29/files/gpr_dataset_3714.in,0.17998826132489765,46.959348,33.177546,19.863106,0.1734922948166031,1.3647886489973111,2.663578858825398,0.02,fresh
3715,gpr_dataset_3715.in,datasets/sam-29/files/gpr_dataset_3715.in,0.10481602610348323,49.514964,35.909306,14.57573,0.23915019590863917,1.4888300187571952,2.6505339440776403,0.02,fresh
3716,gpr_dataset_3716.in,datasets/sam-29/files/gpr_dataset_3716.in,0.1323883997205486,49.619404,39.057806,11.32279,0.11706376658405145,1.5814257392886435,2.6349708475635647,0.02,fresh
3717,gpr_dataset_3717.in,datasets/sam-29/files/gpr_dataset_3717.in,0.3699440096150385,41.706788,37.266706,21.026506,0.18482791471520615,1.3768371997085536,2.6091665294464823,0.02,fresh
3718,gpr_dataset_3718.in,datasets/sam-29/files/gpr_dataset_3718.in,0.347098250350095,47.0177,31.191699,21.790601,0.21816540919646243,1.307119861444508,2.6554436170911213,0.02,fresh
3719,gpr_dataset_3719.in,datasets/sam-29/files/gpr_dataset_3719.in,0.47491650645150685,49.719735,27.38744,22.892825,0.10084446760271051,1.584789797589181,2.6441571375150583,0.02,fresh
3720,gpr_dataset_3720.in,datasets/sam-29/files/gpr_dataset_3720.in,0.13632035283990063,43.104457,38.559583,18.33596,0.14744601416809477,1.3768525501918187,2.6568471725020837,0.02,fresh
3721,gpr_dataset_3721.in,datasets/sam-29/files/gpr_dataset_3721.in,0.4677003765679636,46.396306,29.009811,24.593883,0.11975762908103232,1.3505637010232838,2.6313257656128055,0.02,fresh
3722,gpr_dataset_3722.in,datasets/sam-29/files/gpr_dataset_3722.in,0.36013040971248855,35.172213,36.705745,28.122042,0.0891862560429869,1.3489654244940406,2.6153380376091917,0.02,fresh
3723,gpr_dataset_3723.in,datasets/sam-29/files/gpr_dataset_3723.in,0.35932779734651754,37.44931,33.181739,29.368951,0.16624240964215975,1.3378609456672248,2.6496325958912355,0.02,fresh
3724,gpr_dataset_3724.in,datasets/sam-29/files/gpr_dataset_3724.in,0.36321444030999595,49.868043,22.527792,27.604165,0.10792924909993429,1.3928759707054625,2.6733832350877575,0.02,fresh
3725,gpr_dataset_3725.in,datasets/sam-29/files/gpr_dataset_3725.in,0.141424668003814,38.705592,35.246318,26.04809,0.10215089173226961,1.5083194403766407,2.675368814635909,0.02,fresh
3726,gpr_dataset_3726.in,datasets/sam-29/files/gpr_dataset_3726.in,0.23522888400347708,37.906,33.092764,29.001236,0.11344648024861548,1.5388559641815347,2.6127516763390264,0.02,fresh
3727,gpr_dataset_3727.in,datasets/sam-29/files/gpr_dataset_3727.in,0.25374488300435594,46.446896,30.719673,22.833431,0.17457567043442052,1.350752738045843,2.6214122898430126,0.02,fresh
3728,gpr_dataset_3728.in,datasets/sam-29/files/gpr_dataset_3728.in,0.47130794335095827,42.85895,32.176518,24.964532,0.21516165442534602,1.5040751117283744,2.6300645821338007,0.02,fresh
3729,gpr_dataset_3729.in,datasets/sam-29/files/gpr_dataset_3729.in,0.42488724126279154,40.547741,34.61189,24.840369,0.19286604654810902,1.3770210860299603,2.62782057805982,0.02,fresh
3730,gpr_dataset_3730.in,datasets/sam-29/files/gpr_dataset_3730.in,0.2728970092177619,42.151076,38.422803,19.426121,0.07101388314726383,1.4969651786836706,2.621390601628289,0.02,fresh
3731,gpr_dataset_3731.in,datasets/sam-29/files/gpr_dataset_3731.in,0.13474153127197286,45.658508,30.293033,24.048459,0.17322567931316335,1.3748325548511249,2.671432806222735,0.02,fresh
3732,gpr_dataset_3732.in,datasets/sam-29/files/gpr_dataset_3732.in,0.3191718866185319,44.244207,26.917851,28.837942,0.07923912116168555,1.5908597913569076,2.615991039263602,0.02,fresh
3733,gpr_dataset_3733.in,datasets/sam-29/files/gpr_dataset_3733.in,0.38241421669667375,42.200096,28.386569,29.413335,0.17682343688320523,1.3878888107053262,2.6759173739429754,0.02,fresh
3734,gpr_dataset_3734.in,datasets/sam-29/files/gpr_dataset_3734.in,0.36406031383500226,42.234757,32.401172,25.364071,0.2030205648270637,1.57364681399123,2.6218276680666746,0.02,fresh
3735,gpr_dataset_3735.in,datasets/sam-29/files/gpr_dataset_3735.in,0.37442843564195705,42.951713,30.737205,26.311082,0.15242032498577784,1.4388882549476958,2.640878591771089,0.02,fresh
3736,gpr_dataset_3736.in,datasets/sam-29/files/gpr_dataset_3736.in,0.29742459482785893,46.827149,26.129361,27.04349,0.15795578196861182,1.5348612316348595,2.674860235150377,0.02,fresh
3737,gpr_dataset_3737.in,datasets/sam-29/files/gpr_dataset_3737.in,0.11454703050000692,45.03999,26.286671,28.673339,0.0654544129781415,1.498701219914215,2.6969974989068213,0.02,fresh
3738,gpr_dataset_3738.in,datasets/sam-29/files/gpr_dataset_3738.in,0.15847375938622751,42.555654,35.557926,21.88642,0.09265046279715093,1.3628523718795758,2.6894350944391596,0.02,fresh
3739,gpr_dataset_3739.in,datasets/sam-29/files/gpr_dataset_3739.in,0.46946936175333287,48.119533,33.56532,18.315147,0.20388526828770964,1.3745367581085164,2.6219618058863388,0.02,fresh
3740,gpr_dataset_3740.in,datasets/sam-29/files/gpr_dataset_3740.in,0.20363880509062038,45.037294,30.279806,24.6829,0.21295471170822172,1.4280471495012559,2.683174688675587,0.02,fresh
3741,gpr_dataset_3741.in,datasets/sam-29/files/gpr_dataset_3741.in,0.4163080325849501,39.391192,33.917572,26.691236,0.06267204825490387,1.5291319893190616,2.6420980463495765,0.02,fresh
3742,gpr_dataset_3742.in,datasets/sam-29/files/gpr_dataset_3742.in,0.12143052852280456,41.257256,36.931785,21.810959,0.1914735209233807,1.542564538308984,2.649818369067889,0.02,fresh
3743,gpr_dataset_3743.in,datasets/sam-29/files/gpr_dataset_3743.in,0.1788455174164656,40.562394,31.034174,28.403432,0.07155790894277801,1.4175939739564805,2.6446904232401027,0.02,fresh
3744,gpr_dataset_3744.in,datasets/sam-29/files/gpr_dataset_3744.in,0.4097445340628275,37.191295,36.006801,26.801904,0.07774751441880952,1.3312302150821869,2.655931293249825,0.02,fresh
3745,gpr_dataset_3745.in,datasets/sam-29/files/gpr_dataset_3745.in,0.49851611279579633,44.441438,25.944585,29.613977,0.10315910917725696,1.3471955496431989,2.653806011880005,0.02,fresh
3746,gpr_dataset_3746.in,datasets/sam-29/files/gpr_dataset_3746.in,0.46551234980987255,39.566437,31.186333,29.24723,0.15449589648227538,1.3546490076390714,2.6262859135961993,0.02,fresh
3747,gpr_dataset_3747.in,datasets/sam-29/files/gpr_dataset_3747.in,0.39264329898117345,44.89833,39.262818,15.838852,0.11874669405017978,1.3927025273483364,2.67759654844856,0.02,fresh
3748,gpr_dataset_3748.in,datasets/sam-29/files/gpr_dataset_3748.in,0.3157982893470649,44.417875,39.404795,16.17733,0.20385378723341208,1.4005511052259838,2.6450994867601376,0.02,fresh
3749,gpr_dataset_3749.in,datasets/sam-29/files/gpr_dataset_3749.in,0.486768604883847,45.344892,34.548388,20.10672,0.0962658949994268,1.3077571251386377,2.6211691221910605,0.02,fresh
3750,gpr_dataset_3750.in,datasets/sam-29/files/gpr_dataset_3750.in,0.14335766525931667,45.976015,24.439616,29.584369,0.08591914479845397,1.3294419645151148,2.6641314305530805,0.02,fresh
3751,gpr_dataset_3751.in,datasets/sam-29/files/gpr_dataset_3751.in,0.17479194945710158,43.331644,33.219423,23.448933,0.21286355874347918,1.5386759395501213,2.6520185683867834,0.02,fresh
3752,gpr_dataset_3752.in,datasets/sam-29/files/gpr_dataset_3752.in,0.34858342544722115,41.304144,37.206181,21.489675,0.10482349246617434,1.4104696907334053,2.6684426559371075,0.02,fresh
3753,gpr_dataset_3753.in,datasets/sam-29/files/gpr_dataset_3753.in,0.12404061722568455,43.190454,33.474733,23.334813,0.07134232975644186,1.3239276208724442,2.6775006430470243,0.02,fresh
3754,gpr_dataset_3754.in,datasets/sam-29/files/gpr_dataset_3754.in,0.3627584749121293,44.427303,38.968118,16.604579,0.05978913973860714,1.5708057264628068,2.6369520862941678,0.02,fresh
3755,gpr_dataset_3755.in,datasets/sam-29/files/gpr_dataset_3755.in,0.4599155388413312,45.873234,29.362348,24.764418,0.21374054277761106,1.342682426318504,2.682977340471171,0.02,fresh
3756,gpr_dataset_3756.in,datasets/sam-29/files/gpr_dataset_3756.in,0.33949004013700557,40.713152,34.216537,25.070311,0.15282128800628786,1.3699570306581108,2.697575211803122,0.02,fresh
3757,gpr_dataset_3757.in,datasets/sam-29/files/gpr_dataset_3757.in,0.4477296820053357,45.026211,34.997635,19.976154,0.09015994309417957,1.3013569134714846,2.637953521969547,0.02,fresh
3758,gpr_dataset_3758.in,datasets/sam-29/files/gpr_dataset_3758.in,0.3485361640774998,42.834286,39.423816,17.741898,0.10305789846204241,1.334903271980189,2.6153477756862413,0.02,fresh
3759,gpr_dataset_3759.in,datasets/sam-29/files/gpr_dataset_3759.in,0.27943762280115636,46.693747,24.047091,29.259162,0.2214953683529009,1.5155215209874033,2.6375848105539452,0.02,fresh
3760,gpr_dataset_3760.in,datasets/sam-29/files/gpr_dataset_3760.in,0.14117647744733253,40.780053,30.268974,28.950973,0.1337490379343617,1.4912460310335103,2.692633427094341,0.02,fresh
3761,gpr_dataset_3761.in,datasets/sam-29/files/gpr_dataset_3761.in,0.18631684630574208,47.438034,28.069081,24.492885,0.23071815194815365,1.4072239859878612,2.6096513514929125,0.02,fresh
3762,gpr_dataset_3762.in,datasets/sam-29/files/gpr_dataset_3762.in,0.10967710126628193,44.054863,35.603172,20.341965,0.2372798818614767,1.5162423624792238,2.6316166374689596,0.02,fresh
3763,gpr_dataset_3763.in,datasets/sam-29/files/gpr_dataset_3763.in,0.13667317626857978,46.356268,32.471191,21.172541,0.195942061910862,1.513745562334229,2.6353824994333355,0.02,fresh
3764,gpr_dataset_3764.in,datasets/sam-29/files/gpr_dataset_3764.in,0.4309158126995771,42.182031,34.341893,23.476076,0.21603802127306437,1.3025940435434378,2.6590482742922017,0.02,fresh
3765,gpr_dataset_3765.in,datasets/sam-29/files/gpr_dataset_3765.in,0.3550916998357696,45.079988,37.360149,17.559863,0.1380397037040456,1.545681102845713,2.688422237908678,0.02,fresh
3766,gpr_dataset_3766.in,datasets/sam-29/files/gpr_dataset_3766.in,0.305911140935342,40.683073,33.804097,25.51283,0.07485903486953156,1.5364271927685813,2.665387436084174,0.02,fresh
3767,gpr_dataset_3767.in,datasets/sam-29/files/gpr_dataset_3767.in,0.22161082898606246,42.809942,28.101216,29.088842,0.2125503559929915,1.4570159738930004,2.6673755481783874,0.02,fresh
3768,gpr_dataset_3768.in,datasets/sam-29/files/gpr_dataset_3768.in,0.2366767018409025,42.048395,32.281289,25.670316,0.184644710716793,1.464680712709744,2.6312565645344095,0.02,fresh
3769,gpr_dataset_3769.in,datasets/sam-29/files/gpr_dataset_3769.in,0.3238907391583965,43.12638,30.721703,26.151917,0.088137316503974,1.3042686095491975,2.607883373422114,0.02,fresh
3770,gpr_dataset_3770.in,datasets/sam-29/files/gpr_dataset_3770.in,0.23279721884619908,40.619071,33.219414,26.161515,0.05630056150437582,1.3799411757460969,2.6789242616172744,0.02,fresh
3771,gpr_dataset_3771.in,datasets/sam-29/files/gpr_dataset_3771.in,0.1321951544653994,44.502428,32.445318,23.052254,0.12368591298972349,1.3460270121350226,2.697634921447883,0.02,fresh
3772,gpr_dataset_3772.in,datasets/sam-29/files/gpr_dataset_3772.in,0.304689355068307,47.909274,32.224153,19.866573,0.17452909347127046,1.3909967175236848,2.681203106651499,0.02,fresh
3773,gpr_dataset_3773.in,datasets/sam-29/files/gpr_dataset_3773.in,0.2541965574663001,45.673541,35.597702,18.728757,0.0540802005746516,1.528685555559638,2.6814400714895212,0.02,fresh
3774,gpr_dataset_3774.in,datasets/sam-29/files/gpr_dataset_3774.in,0.3191995739120639,47.215644,33.112148,19.672208,0.09435554783170082,1.5658464840711788,2.6206780882967298,0.02,fresh
3775,gpr_dataset_3775.in,datasets/sam-29/files/gpr_dataset_3775.in,0.36083924450697114,38.296492,35.32537,26.378138,0.18985957825913752,1.3346965413845164,2.6347017864542255,0.02,fresh
3776,gpr_dataset_3776.in,datasets/sam-29/files/gpr_dataset_3776.in,0.2807679369080341,38.962138,32.383449,28.654413,0.22118462731973,1.3976471499573326,2.6204349082550458,0.02,fresh
3777,gpr_dataset_3777.in,datasets/sam-29/files/gpr_dataset_3777.in,0.46315996476439936,38.897788,36.842092,24.26012,0.06785107528615267,1.541259296375309,2.675583900950107,0.02,fresh
3778,gpr_dataset_3778.in,datasets/sam-29/files/gpr_dataset_3778.in,0.4091539219767931,41.264856,28.737701,29.997443,0.09335353714475508,1.3733286336457884,2.665943680762089,0.02,fresh
3779,gpr_dataset_3779.in,datasets/sam-29/files/gpr_dataset_3779.in,0.3982761594914209,36.357941,37.389951,26.252108,0.055632732310283366,1.4844096338640853,2.6658508608686775,0.02,fresh
3780,gpr_dataset_3780.in,datasets/sam-29/files/gpr_dataset_3780.in,0.4475827950441392,45.719787,36.105919,18.174294,0.13755993461402916,1.5242212781084294,2.6019571285334977,0.02,fresh
3781,gpr_dataset_3781.in,datasets/sam-29/files/gpr_dataset_3781.in,0.33884593502897287,37.912499,35.651383,26.436118,0.21306295977381862,1.4861788254982031,2.6413621045186524,0.02,fresh
3782,gpr_dataset_3782.in,datasets/sam-29/files/gpr_dataset_3782.in,0.45370606981051165,47.001325,35.082071,17.916604,0.24060363119349143,1.4730697321514516,2.651204530322856,0.02,fresh
3783,gpr_dataset_3783.in,datasets/sam-29/files/gpr_dataset_3783.in,0.19434650339653273,46.67623,29.039273,24.284497,0.24901903732403263,1.5791609440916832,2.685616338627844,0.02,fresh
3784,gpr_dataset_3784.in,datasets/sam-29/files/gpr_dataset_3784.in,0.15530285741196917,41.277457,39.779692,18.942851,0.21007923177350368,1.4955207175593979,2.635193254427206,0.02,fresh
3785,gpr_dataset_3785.in,datasets/sam-29/files/gpr_dataset_3785.in,0.239670678332979,41.62139,31.590923,26.787687,0.08625618349152575,1.3061164156513692,2.671803445903588,0.02,fresh
3786,gpr_dataset_3786.in,datasets/sam-29/files/gpr_dataset_3786.in,0.3125456010582712,46.436986,34.914038,18.648976,0.10777254750802388,1.5748263745602178,2.6702431017226984,0.02,fresh
3787,gpr_dataset_3787.in,datasets/sam-29/files/gpr_dataset_3787.in,0.45468674338629533,45.790604,33.534399,20.674997,0.17033511067298762,1.5268773406135594,2.6424229502496273,0.02,fresh
3788,gpr_dataset_3788.in,datasets/sam-29/files/gpr_dataset_3788.in,0.4343792276949421,34.849605,35.299779,29.850616,0.11597599657344329,1.4642495255029013,2.6491544585721076,0.02,fresh
3789,gpr_dataset_3789.in,datasets/sam-29/files/gpr_dataset_3789.in,0.4078868032521683,42.982387,31.029296,25.988317,0.20916668433887664,1.325061939614074,2.6642720636289368,0.02,fresh
3790,gpr_dataset_3790.in,datasets/sam-29/files/gpr_dataset_3790.in,0.37582871079241176,48.03567,34.436059,17.528271,0.06320965317273396,1.5281073573838195,2.622701521602533,0.02,fresh
3791,gpr_dataset_3791.in,datasets/sam-29/files/gpr_dataset_3791.in,0.39166944707106655,39.347345,33.720118,26.932537,0.2143353557046564,1.4905054104882245,2.637675505824919,0.02,fresh
3792,gpr_dataset_3792.in,datasets/sam-29/files/gpr_dataset_3792.in,0.3799013192113827,35.876104,36.173123,27.950773,0.11338250080071653,1.310661901906577,2.606016157232914,0.02,fresh
3793,gpr_dataset_3793.in,datasets/sam-29/files/gpr_dataset_3793.in,0.38289293422525394,37.532626,33.214375,29.252999,0.12954677010044452,1.4620459311937897,2.6955777070837366,0.02,fresh
3794,gpr_dataset_3794.in,datasets/sam-29/files/gpr_dataset_3794.in,0.33188777277268544,47.775648,34.24164,17.982712,0.1953392996146726,1.455000099140355,2.6656407535120854,0.02,fresh
3795,gpr_dataset_3795.in,datasets/sam-29/files/gpr_dataset_3795.in,0.1404251244304653,47.514843,30.148731,22.336426,0.06564143806739386,1.498914965837277,2.6430470118939873,0.02,fresh
3796,gpr_dataset_3796.in,datasets/sam-29/files/gpr_dataset_3796.in,0.4312041418704218,43.581168,27.479447,28.939385,0.1402761404664828,1.4604503309869075,2.6760776155958745,0.02,fresh
3797,gpr_dataset_3797.in,datasets/sam-29/files/gpr_dataset_3797.in,0.15142554267184574,41.166608,28.910861,29.922531,0.1147436388537342,1.542011690969983,2.6092235343758112,0.02,fresh
3798,gpr_dataset_3798.in,datasets/sam-29/files/gpr_dataset_3798.in,0.46579354382287774,36.945543,36.911137,26.14332,0.08742181309629363,1.3596028400509517,2.6440491597346996,0.02,fresh
3799,gpr_dataset_3799.in,datasets/sam-29/files/gpr_dataset_3799.in,0.3795788203210302,43.252516,37.413529,19.333955,0.23737857785498329,1.5835222733273007,2.607859582393807,0.02,fresh
3800,gpr_dataset_3800.in,datasets/sam-29/files/gpr_dataset_3800.in,0.12578418686743467,40.974314,31.617022,27.408664,0.06080350502016803,1.3726742491395014,2.682748164931889,0.02,fresh
3801,gpr_dataset_3801.in,datasets/sam-29/files/gpr_dataset_3801.in,0.18292192499969248,39.952307,30.12144,29.926253,0.2445581236805326,1.4677384803588613,2.6597668695568104,0.02,fresh
3802,gpr_dataset_3802.in,datasets/sam-29/files/gpr_dataset_3802.in,0.31081642063668413,49.686933,21.584494,28.728573,0.10613640895381055,1.4709298102667836,2.6287199362060876,0.02,fresh
3803,gpr_dataset_3803.in,datasets/sam-29/files/gpr_dataset_3803.in,0.4737211372406518,38.479479,39.621775,21.898746,0.1317068741771164,1.4073086337114813,2.6736030534533377,0.02,fresh
3804,gpr_dataset_3804.in,datasets/sam-29/files/gpr_dataset_3804.in,0.43874092421065736,47.614675,25.421541,26.963784,0.07219077051401104,1.5615772093867517,2.6390047009456863,0.02,fresh
3805,gpr_dataset_3805.in,datasets/sam-29/files/gpr_dataset_3805.in,0.3946181866134396,46.118821,25.209198,28.671981,0.20133532760623868,1.3487332166277004,2.636254252180178,0.02,fresh
3806,gpr_dataset_3806.in,datasets/sam-29/files/gpr_dataset_3806.in,0.3678286114616516,49.000122,38.08498,12.914898,0.10879654450439463,1.4908204531034555,2.6991393057449367,0.02,fresh
3807,gpr_dataset_3807.in,datasets/sam-29/files/gpr_dataset_3807.in,0.3009997961133737,44.493739,31.57771,23.928551,0.20804773211420208,1.515399432172851,2.617205600002375,0.02,fresh
3808,gpr_dataset_3808.in,datasets/sam-29/files/gpr_dataset_3808.in,0.4775948311074131,47.310898,37.507278,15.181824,0.1412214952954527,1.3483114342868117,2.66121562793443,0.02,fresh
3809,gpr_dataset_3809.in,datasets/sam-29/files/gpr_dataset_3809.in,0.2971499551301021,43.605714,33.560291,22.833995,0.14421321227794687,1.5305159474493693,2.62943852212993,0.02,fresh
3810,gpr_dataset_3810.in,datasets/sam-29/files/gpr_dataset_3810.in,0.39716034494674035,47.600855,31.236421,21.162724,0.17992014015373625,1.5262743539165475,2.6573022875281,0.02,fresh
3811,gpr_dataset_3811.in,datasets/sam-29/files/gpr_dataset_3811.in,0.18454683342640182,42.454672,33.872041,23.673287,0.22737423653921196,1.363453344578718,2.6695187904578987,0.02,fresh
3812,gpr_dataset_3812.in,datasets/sam-29/files/gpr_dataset_3812.in,0.48626754842690845,49.156006,33.691113,17.152881,0.19948044029531808,1.571632734553628,2.6584194428716237,0.02,fresh
3813,gpr_dataset_3813.in,datasets/sam-29/files/gpr_dataset_3813.in,0.23822986525519677,43.171737,31.243405,25.584858,0.05252219053213301,1.5652057223580491,2.6000483352317936,0.02,fresh
3814,gpr_dataset_3814.in,datasets/sam-29/files/gpr_dataset_3814.in,0.1432911698298404,47.854409,35.895623,16.249968,0.10403952652698178,1.5288181074791398,2.630173861100766,0.02,fresh
3815,gpr_dataset_3815.in,datasets/sam-29/files/gpr_dataset_3815.in,0.21453290909726808,37.672109,37.324242,25.003649,0.1404090693335977,1.3928220152571342,2.6743864281555427,0.02,fresh
3816,gpr_dataset_3816.in,datasets/sam-29/files/gpr_dataset_3816.in,0.4349383966981909,36.010868,37.433917,26.555215,0.08633037776729108,1.3518967198920426,2.671394312336501,0.02,fresh
3817,gpr_dataset_3817.in,datasets/sam-29/files/gpr_dataset_3817.in,0.11376979302067883,41.305273,30.985142,27.709585,0.16723846321916225,1.4127454124440941,2.6748732350975324,0.02,fresh
3818,gpr_dataset_3818.in,datasets/sam-29/files/gpr_dataset_3818.in,0.10597496015123152,44.990474,27.73352,27.276006,0.18865365672749979,1.4548232944126935,2.6324750389654876,0.02,fresh
3819,gpr_dataset_3819.in,datasets/sam-29/files/gpr_dataset_3819.in,0.45872266117588,44.627701,36.365244,19.007055,0.2113834646783801,1.5665741210079525,2.674556578404008,0.02,fresh
3820,gpr_dataset_3820.in,datasets/sam-29/files/gpr_dataset_3820.in,0.23685237451268365,46.878722,23.153065,29.968213,0.23869975842750885,1.5300877588980155,2.6616992069795824,0.02,fresh
3821,gpr_dataset_3821.in,datasets/sam-29/files/gpr_dataset_3821.in,0.2156014971128698,42.873203,34.998623,22.128174,0.07323415405850582,1.5145014877234988,2.615654572775762,0.02,fresh
3822,gpr_dataset_3822.in,datasets/sam-29/files/gpr_dataset_3822.in,0.14817574388009336,41.520975,38.922634,19.556391,0.06543750950422192,1.380168931002913,2.6366174171357666,0.02,fresh
3823,gpr_dataset_3823.in,datasets/sam-29/files/gpr_dataset_3823.in,0.11873686664550083,37.309275,36.019004,26.671721,0.19334788216772109,1.3786833438996506,2.6882081965190627,0.02,fresh
3824,gpr_dataset_3824.in,datasets/sam-29/files/gpr_dataset_3824.in,0.28467142179886196,41.113019,30.57693,28.310051,0.23847639602197584,1.3640015095456632,2.661005790072252,0.02,fresh
3825,gpr_dataset_3825.in,datasets/sam-29/files/gpr_dataset_3825.in,0.1687411106488057,44.756982,29.640562,25.602456,0.24209706343804377,1.4479162758627169,2.6779063857851773,0.02,fresh
3826,gpr_dataset_3826.in,datasets/sam-29/files/gpr_dataset_3826.in,0.43060052085316747,45.739642,28.023661,26.236697,0.1650088054379736,1.5033820667035305,2.6080223660877544,0.02,fresh
3827,gpr_dataset_3827.in,datasets/sam-29/files/gpr_dataset_3827.in,0.38132514339599166,43.433354,39.59252,16.974126,0.2042060853256406,1.4291556930871514,2.6749776203031854,0.02,fresh
3828,gpr_dataset_3828.in,datasets/sam-29/files/gpr_dataset_3828.in,0.4443015748804685,43.302554,37.536533,19.160913,0.10401556075097412,1.549450720873064,2.6905389379687974,0.02,fresh
3829,gpr_dataset_3829.in,datasets/sam-29/files/gpr_dataset_3829.in,0.1549940449962524,38.925306,36.410139,24.664555,0.21342200682661733,1.5344222076780845,2.6656719114066254,0.02,fresh
3830,gpr_dataset_3830.in,datasets/sam-29/files/gpr_dataset_3830.in,0.27030316919192043,45.979295,26.390475,27.63023,0.057272294286489236,1.457924594139543,2.6292315861381,0.02,fresh
3831,gpr_dataset_3831.in,datasets/sam-29/files/gpr_dataset_3831.in,0.44124579473478676,43.192382,30.754396,26.053222,0.11443449698045932,1.5301138764055562,2.677011670324558,0.02,fresh
3832,gpr_dataset_3832.in,datasets/sam-29/files/gpr_dataset_3832.in,0.2613396053045925,45.085782,38.861103,16.053115,0.055424975948477576,1.3793649154466359,2.6732856976237254,0.02,fresh
3833,gpr_dataset_3833.in,datasets/sam-29/files/gpr_dataset_3833.in,0.21664095003897776,41.292579,35.411261,23.29616,0.23635492382769602,1.5848087994603202,2.632664910052966,0.02,fresh
3834,gpr_dataset_3834.in,datasets/sam-29/files/gpr_dataset_3834.in,0.22755724449505146,39.218048,39.791988,20.989964,0.15687802808348683,1.3184756179825619,2.611475015480579,0.02,fresh
3835,gpr_dataset_3835.in,datasets/sam-29/files/gpr_dataset_3835.in,0.15598689906938393,41.349053,34.672444,23.978503,0.0727712832906399,1.4057897126333185,2.607332233548903,0.02,fresh
3836,gpr_dataset_3836.in,datasets/sam-29/files/gpr_dataset_3836.in,0.16480484768204487,43.608881,34.712814,21.678305,0.11442448107622316,1.3096737978116024,2.6283240708467983,0.02,fresh
3837,gpr_dataset_3837.in,datasets/sam-29/files/gpr_dataset_3837.in,0.21136731353668503,43.470694,34.561023,21.968283,0.0775059817538148,1.4768388846398532,2.605922979569765,0.02,fresh
3838,gpr_dataset_3838.in,datasets/sam-29/files/gpr_dataset_3838.in,0.27591253697103896,47.367829,32.64484,19.987331,0.2414066706705884,1.5864667113827724,2.668850932766506,0.02,fresh
3839,gpr_dataset_3839.in,datasets/sam-29/files/gpr_dataset_3839.in,0.49433925670673173,40.71745,31.982947,27.299603,0.05874536930103287,1.5676891112370372,2.658987645537321,0.02,fresh
3840,gpr_dataset_3840.in,datasets/sam-29/files/gpr_dataset_3840.in,0.1815164742636308,46.872339,28.873678,24.253983,0.18144410929502625,1.3165830484381982,2.637269970622418,0.02,fresh
3841,gpr_dataset_3841.in,datasets/sam-29/files/gpr_dataset_3841.in,0.16085547011261567,42.735474,33.862511,23.402015,0.12047551510473456,1.4801216061507523,2.6444411371610244,0.02,fresh
3842,gpr_dataset_3842.in,datasets/sam-29/files/gpr_dataset_3842.in,0.3608010551726858,43.460771,33.934183,22.605046,0.17059544129472803,1.5951515349941172,2.6991661101154603,0.02,fresh
3843,gpr_dataset_3843.in,datasets/sam-29/files/gpr_dataset_3843.in,0.3718024908597354,47.400505,39.528774,13.070721,0.19560502422196624,1.4248677052267649,2.660834982392139,0.02,fresh
3844,gpr_dataset_3844.in,datasets/sam-29/files/gpr_dataset_3844.in,0.318790752329335,39.437203,39.267426,21.295371,0.14336323652603394,1.3897308606356586,2.6019129873458806,0.02,fresh
3845,gpr_dataset_3845.in,datasets/sam-29/files/gpr_dataset_3845.in,0.23162862779906535,37.589809,39.106645,23.303546,0.16425765020408806,1.560582737946234,2.6136086945346197,0.02,fresh
3846,gpr_dataset_3846.in,datasets/sam-29/files/gpr_dataset_3846.in,0.12648130822665393,43.879009,35.745029,20.375962,0.18271190281755417,1.466821708811041,2.668777485186546,0.02,fresh
3847,gpr_dataset_3847.in,datasets/sam-29/files/gpr_dataset_3847.in,0.10637074888715997,45.4583,39.067538,15.474162,0.052829206136098254,1.5700654766287168,2.614323894355188,0.02,fresh
3848,gpr_dataset_3848.in,datasets/sam-29/files/gpr_dataset_3848.in,0.14987685463876446,41.09042,33.47659,25.43299,0.07881204076914042,1.3128974578414065,2.617903695308577,0.02,fresh
3849,gpr_dataset_3849.in,datasets/sam-29/files/gpr_dataset_3849.in,0.3703652892014905,41.643526,31.254193,27.102281,0.10948256275597852,1.482892115492572,2.6281394879981974,0.02,fresh
3850,gpr_dataset_3850.in,datasets/sam-29/files/gpr_dataset_3850.in,0.2921785704568617,48.764739,27.625368,23.609893,0.0710766738527413,1.5148815194204661,2.627678769008743,0.02,fresh
3851,gpr_dataset_3851.in,datasets/sam-29/files/gpr_dataset_3851.in,0.23682080984493542,47.949446,39.702343,12.348211,0.24331488739508905,1.3014675887329108,2.6988451941396154,0.02,fresh
3852,gpr_dataset_3852.in,datasets/sam-29/files/gpr_dataset_3852.in,0.3621063499118661,43.407024,30.607076,25.9859,0.10016841342690619,1.4350171736599702,2.683430893489482,0.02,fresh
3853,gpr_dataset_3853.in,datasets/sam-29/files/gpr_dataset_3853.in,0.42128977974252346,49.782013,31.517497,18.70049,0.14488001521317675,1.3845769519583366,2.6091083544442304,0.02,fresh
3854,gpr_dataset_3854.in,datasets/sam-29/files/gpr_dataset_3854.in,0.2153232436868168,48.304369,34.966944,16.728687,0.08982972906525528,1.4736567083148167,2.665241121876297,0.02,fresh
3855,gpr_dataset_3855.in,datasets/sam-29/files/gpr_dataset_3855.in,0.36903898688086023,43.075439,28.439153,28.485408,0.1468043659872008,1.3975039200732124,2.6315257430088703,0.02,fresh
3856,gpr_dataset_3856.in,datasets/sam-29/files/gpr_dataset_3856.in,0.16116958849318813,41.674029,34.738362,23.587609,0.08462083724911487,1.3033475827495211,2.6621103448338532,0.02,fresh
3857,gpr_dataset_3857.in,datasets/sam-29/files/gpr_dataset_3857.in,0.11273740332452174,46.915768,34.202854,18.881378,0.24516581560274392,1.5346439466196924,2.6954670581422007,0.02,fresh
3858,gpr_dataset_3858.in,datasets/sam-29/files/gpr_dataset_3858.in,0.2771533050629712,44.898317,29.23534,25.866343,0.05264744467436691,1.3148671609063127,2.6848293683797593,0.02,fresh
3859,gpr_dataset_3859.in,datasets/sam-29/files/gpr_dataset_3859.in,0.41590716125558813,49.020499,30.255428,20.724073,0.1057258056213447,1.3744610958238292,2.6597054752136273,0.02,fresh
3860,gpr_dataset_3860.in,datasets/sam-29/files/gpr_dataset_3860.in,0.2735124657925194,45.027251,34.173683,20.799066,0.17471674678503116,1.3415328035363026,2.643748443930778,0.02,fresh
3861,gpr_dataset_3861.in,datasets/sam-29/files/gpr_dataset_3861.in,0.32521568528008915,38.753244,34.877068,26.369688,0.08744186149591832,1.4704700096590169,2.6203958444398463,0.02,fresh
3862,gpr_dataset_3862.in,datasets/sam-29/files/gpr_dataset_3862.in,0.48994243302305485,44.542498,36.913173,18.544329,0.21817379238782492,1.3248190611383317,2.6506540218815644,0.02,fresh
3863,gpr_dataset_3863.in,datasets/sam-29/files/gpr_dataset_3863.in,0.42705996860002227,47.958358,28.833844,23.207798,0.13780581753940657,1.5371679990626796,2.637365806559251,0.02,fresh
3864,gpr_dataset_3864.in,datasets/sam-29/files/gpr_dataset_3864.in,0.31091925338932624,41.378223,33.796307,24.82547,0.22153239398505148,1.572282037236925,2.6686662215591848,0.02,fresh
3865,gpr_dataset_3865.in,datasets/sam-29/files/gpr_dataset_3865.in,0.3893403685095408,47.766441,32.925105,19.308454,0.20801891272603473,1.585317662975787,2.685792504209272,0.02,fresh
3866,gpr_dataset_3866.in,datasets/sam-29/files/gpr_dataset_3866.in,0.34209146896382686,47.75665,29.828698,22.414652,0.07733445369358419,1.319100097557859,2.6107459818969785,0.02,fresh
3867,gpr_dataset_3867.in,datasets/sam-29/files/gpr_dataset_3867.in,0.34032187232547717,40.131833,34.589445,25.278722,0.13907517357579283,1.461365952251684,2.6480830284729877,0.02,fresh
3868,gpr_dataset_3868.in,datasets/sam-29/files/gpr_dataset_3868.in,0.24011306700633678,47.494322,29.675922,22.829756,0.241305549941549,1.4996438441486033,2.612422788808395,0.02,fresh
3869,gpr_dataset_3869.in,datasets/sam-29/files/gpr_dataset_3869.in,0.46875039155171716,42.317052,36.162787,21.520161,0.14318305426568217,1.3069538645011933,2.657001797630402,0.02,fresh
3870,gpr_dataset_3870.in,datasets/sam-29/files/gpr_dataset_3870.in,0.3646178289288814,46.8441,29.725964,23.429936,0.17831288272946255,1.3866443679913907,2.65301497157487,0.02,fresh
3871,gpr_dataset_3871.in,datasets/sam-29/files/gpr_dataset_3871.in,0.16188421166444705,43.778128,30.204757,26.017115,0.08380147227463142,1.34700427705158,2.646263509904175,0.02,fresh
3872,gpr_dataset_3872.in,datasets/sam-29/files/gpr_dataset_3872.in,0.370845214396745,46.888046,28.615869,24.496085,0.18860615442831208,1.3421206271133503,2.6276224886153647,0.02,fresh
3873,gpr_dataset_3873.in,datasets/sam-29/files/gpr_dataset_3873.in,0.4065694004534549,43.552126,36.293104,20.15477,0.11369259154916272,1.386556592800878,2.630123706845774,0.02,fresh
3874,gpr_dataset_3874.in,datasets/sam-29/files/gpr_dataset_3874.in,0.4432723797271644,46.660968,38.747527,14.591505,0.11855304164517055,1.4048573266811932,2.6998049053945556,0.02,fresh
3875,gpr_dataset_3875.in,datasets/sam-29/files/gpr_dataset_3875.in,0.4562457446635154,46.457519,37.051651,16.49083,0.15086746609380386,1.5717607071806539,2.6476189805477546,0.02,fresh
3876,gpr_dataset_3876.in,datasets/sam-29/files/gpr_dataset_3876.in,0.4346454380256438,37.9682,38.503434,23.528366,0.21538807957139,1.3446980176344934,2.647461005014431,0.02,fresh
3877,gpr_dataset_3877.in,datasets/sam-29/files/gpr_dataset_3877.in,0.20534700723051102,48.306174,29.288829,22.404997,0.09462364593275026,1.3632266996991222,2.6372878777367905,0.02,fresh
3878,gpr_dataset_3878.in,datasets/sam-29/files/gpr_dataset_3878.in,0.272522697071239,38.478971,33.595454,27.925575,0.14606289037103282,1.5794320209073474,2.6714468362665484,0.02,fresh
3879,gpr_dataset_3879.in,datasets/sam-29/files/gpr_dataset_3879.in,0.438446481308177,42.520669,39.040651,18.43868,0.19535003392249628,1.4019406797234208,2.6785463219584726,0.02,fresh
3880,gpr_dataset_3880.in,datasets/sam-29/files/gpr_dataset_3880.in,0.4252858700864698,44.844085,29.154403,26.001512,0.10702640520024576,1.4181301544457798,2.692176629003707,0.02,fresh
3881,gpr_dataset_3881.in,datasets/sam-29/files/gpr_dataset_3881.in,0.26683137121648126,49.325987,30.919455,19.754558,0.08814043179983669,1.5623606542017823,2.606391896957813,0.02,fresh
3882,gpr_dataset_3882.in,datasets/sam-29/files/gpr_dataset_3882.in,0.3128911491539924,46.682995,38.459103,14.857902,0.21050475697828358,1.316824497015037,2.629968236028735,0.02,fresh
3883,gpr_dataset_3883.in,datasets/sam-29/files/gpr_dataset_3883.in,0.1101339888225116,40.455549,36.935576,22.608875,0.08710239457953224,1.5350141897436238,2.6195337728815544,0.02,fresh
3884,gpr_dataset_3884.in,datasets/sam-29/files/gpr_dataset_3884.in,0.20074935003796526,35.206459,39.589415,25.204126,0.06287240580875296,1.3430539697122594,2.6316123308250905,0.02,fresh
3885,gpr_dataset_3885.in,datasets/sam-29/files/gpr_dataset_3885.in,0.4917454743604559,42.532762,31.489959,25.977279,0.24011760669430965,1.3572480454888591,2.6080582256334903,0.02,fresh
3886,gpr_dataset_3886.in,datasets/sam-29/files/gpr_dataset_3886.in,0.4277431582170331,43.89355,26.773918,29.332532,0.23933475817916433,1.4313676978727419,2.6573356671373127,0.02,fresh
3887,gpr_dataset_3887.in,datasets/sam-29/files/gpr_dataset_3887.in,0.43744516261694344,42.557641,32.123436,25.318923,0.06404776329263995,1.3472042095046075,2.6451497368547496,0.02,fresh
3888,gpr_dataset_3888.in,datasets/sam-29/files/gpr_dataset_3888.in,0.3808982498542305,35.309585,39.422457,25.267958,0.0935189308683782,1.3201645694533142,2.640151611670893,0.02,fresh
3889,gpr_dataset_3889.in,datasets/sam-29/files/gpr_dataset_3889.in,0.2666937341357428,46.293653,35.951555,17.754792,0.18161595962726879,1.3030128213474015,2.6511407258697464,0.02,fresh
3890,gpr_dataset_3890.in,datasets/sam-29/files/gpr_dataset_3890.in,0.46890549249276525,47.014324,35.828711,17.156965,0.13230902055853633,1.5836911478026945,2.646681794851532,0.02,fresh
3891,gpr_dataset_3891.in,datasets/sam-29/files/gpr_dataset_3891.in,0.16582412199201274,48.867825,23.876869,27.255306,0.08995917700048978,1.3078122098107612,2.677022076787904,0.02,fresh
3892,gpr_dataset_3892.in,datasets/sam-29/files/gpr_dataset_3892.in,0.15718449834965062,33.014191,37.753244,29.232565,0.1000042405925776,1.5243539795416374,2.6767661330737478,0.02,fresh
3893,gpr_dataset_3893.in,datasets/sam-29/files/gpr_dataset_3893.in,0.4087433912807774,41.466943,34.774271,23.758786,0.08330096035952947,1.352545939871184,2.63474275355638,0.02,fresh
3894,gpr_dataset_3894.in,datasets/sam-29/files/gpr_dataset_3894.in,0.10809551118870915,46.623529,33.364997,20.011474,0.07826269993021436,1.5442447269521273,2.6162891575394074,0.02,fresh
3895,gpr_dataset_3895.in,datasets/sam-29/files/gpr_dataset_3895.in,0.349362606957608,42.793486,37.404147,19.802367,0.08175656105884618,1.524349918039742,2.675233930868797,0.02,fresh
3896,gpr_dataset_3896.in,datasets/sam-29/files/gpr_dataset_3896.in,0.42815211489394656,40.743193,33.593862,25.662945,0.24194191682923782,1.413402610203319,2.6582121305980473,0.02,fresh
3897,gpr_dataset_3897.in,datasets/sam-29/files/gpr_dataset_3897.in,0.47117493922118114,44.552258,38.69787,16.749872,0.14007868428073417,1.5001844233865886,2.634673998498108,0.02,fresh
3898,gpr_dataset_3898.in,datasets/sam-29/files/gpr_dataset_3898.in,0.2942033517057193,49.727131,25.687634,24.585235,0.09027814020273771,1.4593365518990127,2.6391157195435384,0.02,fresh
3899,gpr_dataset_3899.in,datasets/sam-29/files/gpr_dataset_3899.in,0.16680366880874345,39.694116,35.300311,25.005573,0.10054560028455009,1.5263700821191655,2.6300194141092956,0.02,fresh
3900,gpr_dataset_3900.in,datasets/sam-29/files/gpr_dataset_3900.in,0.2769082668804205,39.088996,34.505914,26.40509,0.15572336350370852,1.5709819679493793,2.602510631619882,0.02,fresh
3901,gpr_dataset_3901.in,datasets/sam-29/files/gpr_dataset_3901.in,0.20649101421257277,42.494703,30.627332,26.877965,0.06731237812953852,1.4630611295434937,2.6233508327274864,0.02,fresh
3902,gpr_dataset_3902.in,datasets/sam-29/files/gpr_dataset_3902.in,0.4951854811383892,38.552274,34.800486,26.64724,0.09536730576887478,1.5491447664253128,2.659165236631461,0.02,fresh
3903,gpr_dataset_3903.in,datasets/sam-29/files/gpr_dataset_3903.in,0.10978620959758056,38.188373,34.883007,26.92862,0.24243187863273552,1.3409684440244927,2.6170758827624794,0.02,fresh
3904,gpr_dataset_3904.in,datasets/sam-29/files/gpr_dataset_3904.in,0.4221933555749481,37.698176,35.247892,27.053932,0.16553546757609353,1.3873267224605208,2.679670519695545,0.02,fresh
3905,gpr_dataset_3905.in,datasets/sam-29/files/gpr_dataset_3905.in,0.10514751497060898,49.311802,32.516859,18.171339,0.15465707223210326,1.4616001224541073,2.6467686990064467,0.02,fresh
3906,gpr_dataset_3906.in,datasets/sam-29/files/gpr_dataset_3906.in,0.40817352165973964,46.388267,28.159102,25.452631,0.18783079635729105,1.4895811766711216,2.6949339659931053,0.02,fresh
3907,gpr_dataset_3907.in,datasets/sam-29/files/gpr_dataset_3907.in,0.14744284092175494,45.233268,28.064346,26.702386,0.20685502211377982,1.5401355019539114,2.6741689426765194,0.02,fresh
3908,gpr_dataset_3908.in,datasets/sam-29/files/gpr_dataset_3908.in,0.4519345954109649,46.16433,34.647718,19.187952,0.2223809330632724,1.4992578942042236,2.6924285490780955,0.02,fresh
3909,gpr_dataset_3909.in,datasets/sam-29/files/gpr_dataset_3909.in,0.34401485351790667,47.784907,37.785188,14.429905,0.059628768916446244,1.394763356696594,2.6498137626520144,0.02,fresh
3910,gpr_dataset_3910.in,datasets/sam-29/files/gpr_dataset_3910.in,0.4117360860040665,38.544726,36.437603,25.017671,0.06887109279778819,1.4012110952342098,2.6488509369032576,0.02,fresh
3911,gpr_dataset_3911.in,datasets/sam-29/files/gpr_dataset_3911.in,0.156528687862589,31.638829,38.406895,29.954276,0.22278042038966556,1.3029349441249758,2.66765823982361,0.02,fresh
3912,gpr_dataset_3912.in,datasets/sam-29/files/gpr_dataset_3912.in,0.46856738101700146,46.75515,38.810664,14.434186,0.24819649014148132,1.5634596957798896,2.6735164796949658,0.02,fresh
3913,gpr_dataset_3913.in,datasets/sam-29/files/gpr_dataset_3913.in,0.16722449349809432,47.755953,23.20177,29.042277,0.21381746535819546,1.511561992666121,2.6582012734751945,0.02,fresh
3914,gpr_dataset_3914.in,datasets/sam-29/files/gpr_dataset_3914.in,0.21403911428171407,44.101492,27.594094,28.304414,0.06458577849872549,1.3340974640366683,2.67441186415123,0.02,fresh
3915,gpr_dataset_3915.in,datasets/sam-29/files/gpr_dataset_3915.in,0.22875724073067571,36.555794,38.149365,25.294841,0.08021993971349767,1.3914415179110176,2.6628404356396214,0.02,fresh
3916,gpr_dataset_3916.in,datasets/sam-29/files/gpr_dataset_3916.in,0.11309855846975499,48.756678,32.080043,19.163279,0.23091172228123463,1.3535129302726265,2.645509034017919,0.02,fresh
3917,gpr_dataset_3917.in,datasets/sam-29/files/gpr_dataset_3917.in,0.2784332687939771,40.701236,35.02497,24.273794,0.24466470048818856,1.3067312719339748,2.6354967247825782,0.02,fresh
3918,gpr_dataset_3918.in,datasets/sam-29/files/gpr_dataset_3918.in,0.19117375406150539,43.024592,35.316854,21.658554,0.0994437007561843,1.3917986931257957,2.6011832080191732,0.02,fresh
3919,gpr_dataset_3919.in,datasets/sam-29/files/gpr_dataset_3919.in,0.12423430312816874,42.424243,32.1226,25.453157,0.1543873905741639,1.5228609011284981,2.6715731026665996,0.02,fresh
3920,gpr_dataset_3920.in,datasets/sam-29/files/gpr_dataset_3920.in,0.32015785942499475,43.462832,32.842909,23.694259,0.05644150014233249,1.4546823506264528,2.650516949938371,0.02,fresh
3921,gpr_dataset_3921.in,datasets/sam-29/files/gpr_dataset_3921.in,0.1569562766676585,46.376582,38.664629,14.958789,0.1280454066261708,1.418649629841365,2.6876839250914033,0.02,fresh
3922,gpr_dataset_3922.in,datasets/sam-29/files/gpr_dataset_3922.in,0.1650807610024536,49.558717,31.257828,19.183455,0.1380099379309927,1.439392580902696,2.637839344733293,0.02,fresh
3923,gpr_dataset_3923.in,datasets/sam-29/files/gpr_dataset_3923.in,0.319363006861878,47.011444,26.515904,26.472652,0.15460089646108813,1.5187788939670752,2.6658440588249093,0.02,fresh
3924,gpr_dataset_3924.in,datasets/sam-29/files/gpr_dataset_3924.in,0.422990180199023,40.242167,31.124015,28.633818,0.09902958286742224,1.519939430416747,2.613207652652202,0.02,fresh
3925,gpr_dataset_3925.in,datasets/sam-29/files/gpr_dataset_3925.in,0.16724004001904053,40.587501,34.497015,24.915484,0.23389105915449493,1.5278080744367653,2.62723393885431,0.02,fresh
3926,gpr_dataset_3926.in,datasets/sam-29/files/gpr_dataset_3926.in,0.2410141563156002,40.714492,39.724859,19.560649,0.0701293210053505,1.5903671278261107,2.636000555469903,0.02,fresh
3927,gpr_dataset_3927.in,datasets/sam-29/files/gpr_dataset_3927.in,0.2907976780058612,43.848689,35.461086,20.690225,0.1062220036125628,1.387411492981219,2.6594513424370896,0.02,fresh
3928,gpr_dataset_3928.in,datasets/sam-29/files/gpr_dataset_3928.in,0.4483079280414701,41.987005,36.204785,21.80821,0.09419432712418654,1.5960795530590994,2.637913295734495,0.02,fresh
3929,gpr_dataset_3929.in,datasets/sam-29/files/gpr_dataset_3929.in,0.45158185033970843,46.713437,28.711658,24.574905,0.11008217835650952,1.4496881676173576,2.676154881012915,0.02,fresh
3930,gpr_dataset_3930.in,datasets/sam-29/files/gpr_dataset_3930.in,0.45182898344641953,47.37187,27.890269,24.737861,0.19405929773012676,1.5660260623631561,2.6767396561066197,0.02,fresh
3931,gpr_dataset_3931.in,datasets/sam-29/files/gpr_dataset_3931.in,0.4928889246440653,46.178802,25.482111,28.339087,0.09355817512802594,1.4118034967244546,2.6444625001033333,0.02,fresh
3932,gpr_dataset_3932.in,datasets/sam-29/files/gpr_dataset_3932.in,0.3729060160989003,46.596224,28.580226,24.82355,0.0639611798727692,1.3143838500831169,2.6147325278675244,0.02,fresh
3933,gpr_dataset_3933.in,datasets/sam-29/files/gpr_dataset_3933.in,0.4278342037814684,38.429535,34.149632,27.420833,0.11537935383125873,1.4549722434040018,2.6740909986509203,0.02,fresh
3934,gpr_dataset_3934.in,datasets/sam-29/files/gpr_dataset_3934.in,0.1129069186314482,40.693647,36.322256,22.984097,0.22452103616793556,1.584278120499373,2.6198624992168424,0.02,fresh
3935,gpr_dataset_3935.in,datasets/sam-29/files/gpr_dataset_3935.in,0.2193504507135954,48.037847,37.342499,14.619654,0.06283930973257285,1.3073380413317222,2.672309825463307,0.02,fresh
3936,gpr_dataset_3936.in,datasets/sam-29/files/gpr_dataset_3936.in,0.327560638372687,43.784146,35.234929,20.980925,0.18895721783891561,1.3801142636316732,2.6515874363962064,0.02,fresh
3937,gpr_dataset_3937.in,datasets/sam-29/files/gpr_dataset_3937.in,0.13023895619231976,45.300018,37.193535,17.506447,0.1529595182049272,1.5476682242132336,2.6689435405925175,0.02,fresh
3938,gpr_dataset_3938.in,datasets/sam-29/files/gpr_dataset_3938.in,0.20112585103602276,46.778354,35.322538,17.899108,0.2408980181275306,1.5543289455612195,2.6909101776795903,0.02,fresh
3939,gpr_dataset_3939.in,datasets/sam-29/files/gpr_dataset_3939.in,0.23913878032102792,43.155946,36.976197,19.867857,0.24891801814347297,1.3574567738992167,2.631759768844278,0.02,fresh
3940,gpr_dataset_3940.in,datasets/sam-29/files/gpr_dataset_3940.in,0.18207591987556215,43.959783,32.718512,23.321705,0.08758301923470418,1.34705524303923,2.635909448891796,0.02,fresh
3941,gpr_dataset_3941.in,datasets/sam-29/files/gpr_dataset_3941.in,0.2623184081956538,39.58392,36.200026,24.216054,0.19974619819637845,1.477753200504499,2.6179785335793255,0.02,fresh
3942,gpr_dataset_3942.in,datasets/sam-29/files/gpr_dataset_3942.in,0.341910258514884,46.754914,35.806983,17.438103,0.1678055937845499,1.3093845668499926,2.634955711925801,0.02,fresh
3943,gpr_dataset_3943.in,datasets/sam-29/files/gpr_dataset_3943.in,0.3712013801096471,49.651781,27.073345,23.274874,0.12074714545225534,1.4529274847311293,2.673983929744471,0.02,fresh
3944,gpr_dataset_3944.in,datasets/sam-29/files/gpr_dataset_3944.in,0.3748693999851923,45.963008,36.268321,17.768671,0.1962455256726749,1.3826646553012134,2.668722493129603,0.02,fresh
3945,gpr_dataset_3945.in,datasets/sam-29/files/gpr_dataset_3945.in,0.1830971031602837,49.093933,28.3271,22.578967,0.21498952454876774,1.473084562663407,2.6519233354270906,0.02,fresh
3946,gpr_dataset_3946.in,datasets/sam-29/files/gpr_dataset_3946.in,0.11375790681726548,39.808182,33.122508,27.06931,0.2160992620167438,1.598213692955083,2.656911955987244,0.02,fresh
3947,gpr_dataset_3947.in,datasets/sam-29/files/gpr_dataset_3947.in,0.40416572141589013,37.566783,38.58029,23.852927,0.24511207337714808,1.5313984540567003,2.620443579095151,0.02,fresh
3948,gpr_dataset_3948.in,datasets/sam-29/files/gpr_dataset_3948.in,0.3066956710143128,38.238265,34.130564,27.631171,0.24882966779409776,1.5469216292265529,2.6924673460906643,0.02,fresh
3949,gpr_dataset_3949.in,datasets/sam-29/files/gpr_dataset_3949.in,0.42700800802804795,40.357832,36.236869,23.405299,0.08291803019209071,1.575655695183656,2.6230949085109003,0.02,fresh
3950,gpr_dataset_3950.in,datasets/sam-29/files/gpr_dataset_3950.in,0.1373486860051287,42.428745,35.381716,22.189539,0.11629027966573538,1.4809528547781312,2.6257989227576295,0.02,fresh
3951,gpr_dataset_3951.in,datasets/sam-29/files/gpr_dataset_3951.in,0.11873732796813924,49.730838,23.096348,27.172814,0.17488082909952687,1.4902406174837042,2.646359282266852,0.02,fresh
3952,gpr_dataset_3952.in,datasets/sam-29/files/gpr_dataset_3952.in,0.22597580696812358,44.139448,28.628734,27.231818,0.19016190744822015,1.369969206564168,2.6623468622704602,0.02,fresh
3953,gpr_dataset_3953.in,datasets/sam-29/files/gpr_dataset_3953.in,0.49636445844521815,46.405199,30.074604,23.520197,0.0874779778619213,1.3392300813126485,2.6265949837168026,0.02,fresh
3954,gpr_dataset_3954.in,datasets/sam-29/files/gpr_dataset_3954.in,0.2637556618266431,45.378071,36.296728,18.325201,0.17706088658290753,1.5079592625215374,2.674583700971108,0.02,fresh
3955,gpr_dataset_3955.in,datasets/sam-29/files/gpr_dataset_3955.in,0.48256733364851123,41.529781,32.652702,25.817517,0.09786337626981663,1.599068060809856,2.6640518103174373,0.02,fresh
3956,gpr_dataset_3956.in,datasets/sam-29/files/gpr_dataset_3956.in,0.19082740249568675,42.41114,30.205427,27.383433,0.1390387698731052,1.3679158192275456,2.6165962095725415,0.02,fresh
3957,gpr_dataset_3957.in,datasets/sam-29/files/gpr_dataset_3957.in,0.1090435493177227,43.086711,30.157329,26.75596,0.17423021737117309,1.44247705373013,2.601635684982316,0.02,fresh
3958,gpr_dataset_3958.in,datasets/sam-29/files/gpr_dataset_3958.in,0.37907678508628606,46.139512,37.87802,15.982468,0.19118518254408912,1.377450311664074,2.661843684879721,0.02,fresh
3959,gpr_dataset_3959.in,datasets/sam-29/files/gpr_dataset_3959.in,0.40583163452072757,45.552738,33.375388,21.071874,0.24693122674161316,1.5024346543533391,2.6386924831457197,0.02,fresh
3960,gpr_dataset_3960.in,datasets/sam-29/files/gpr_dataset_3960.in,0.35331951815233,43.308234,31.082943,25.608823,0.07929913788137238,1.5516820929245403,2.6878743601830557,0.02,fresh
3961,gpr_dataset_3961.in,datasets/sam-29/files/gpr_dataset_3961.in,0.2883960163235838,38.914243,35.530391,25.555366,0.0935925576308921,1.451504984405354,2.6431642369008483,0.02,fresh
3962,gpr_dataset_3962.in,datasets/sam-29/files/gpr_dataset_3962.in,0.2600945489319708,45.82892,36.612578,17.558502,0.09184839639207931,1.4732245109770912,2.6081404254364937,0.02,fresh
3963,gpr_dataset_3963.in,datasets/sam-29/files/gpr_dataset_3963.in,0.14597671592981287,37.280108,36.889949,25.829943,0.060517870127915964,1.5823072787298245,2.6622375911195406,0.02,fresh
3964,gpr_dataset_3964.in,datasets/sam-29/files/gpr_dataset_3964.in,0.18786752970246923,42.296439,36.55081,21.152751,0.09076939594659823,1.3803118731363282,2.6818053368253003,0.02,fresh
3965,gpr_dataset_3965.in,datasets/sam-29/files/gpr_dataset_3965.in,0.122748822181946,42.709918,32.428566,24.861516,0.09212190475891709,1.343440455931192,2.6308239431819596,0.02,fresh
3966,gpr_dataset_3966.in,datasets/sam-29/files/gpr_dataset_3966.in,0.43941640058346254,42.438843,28.817639,28.743518,0.1309961628462375,1.3329824032439477,2.6782914380574767,0.02,fresh
3967,gpr_dataset_3967.in,datasets/sam-29/files/gpr_dataset_3967.in,0.18240524433330904,48.971502,33.128467,17.900031,0.21103329453026232,1.506320733902283,2.6223777668889436,0.02,fresh
3968,gpr_dataset_3968.in,datasets/sam-29/files/gpr_dataset_3968.in,0.47064764354119926,41.423726,29.4824,29.093874,0.227526487616662,1.3158012397180732,2.621514308280523,0.02,fresh
3969,gpr_dataset_3969.in,datasets/sam-29/files/gpr_dataset_3969.in,0.3404191142538361,37.502307,33.12006,29.377633,0.15482774064060933,1.3079456031872139,2.6087030434971497,0.02,fresh
3970,gpr_dataset_3970.in,datasets/sam-29/files/gpr_dataset_3970.in,0.4326053834825857,47.837481,28.065988,24.096531,0.11816948246363486,1.312516649973703,2.6574190163537743,0.02,fresh
3971,gpr_dataset_3971.in,datasets/sam-29/files/gpr_dataset_3971.in,0.1221540451415931,46.701717,28.35946,24.938823,0.2392136278828707,1.45207687403866,2.646472240704903,0.02,fresh
3972,gpr_dataset_3972.in,datasets/sam-29/files/gpr_dataset_3972.in,0.16224510392573346,42.72333,31.074149,26.202521,0.08104001979970113,1.4172287230953549,2.663332769409471,0.02,fresh
3973,gpr_dataset_3973.in,datasets/sam-29/files/gpr_dataset_3973.in,0.36076720024795306,49.849735,38.503417,11.646848,0.2235864040159698,1.3919400727220528,2.673149409486624,0.02,fresh
3974,gpr_dataset_3974.in,datasets/sam-29/files/gpr_dataset_3974.in,0.44653212339764525,46.269833,29.047197,24.68297,0.13540783395485828,1.469342311371367,2.6530877578414125,0.02,fresh
3975,gpr_dataset_3975.in,datasets/sam-29/files/gpr_dataset_3975.in,0.3423236205928716,45.140702,30.92065,23.938648,0.08062236514812576,1.4877302924233546,2.618804512974306,0.02,fresh
3976,gpr_dataset_3976.in,datasets/sam-29/files/gpr_dataset_3976.in,0.1636191496588516,47.85855,25.897201,26.244249,0.07480026284279984,1.5881453014944469,2.694830542310659,0.02,fresh
3977,gpr_dataset_3977.in,datasets/sam-29/files/gpr_dataset_3977.in,0.38456154309530455,44.314708,30.765188,24.920104,0.07551778433349876,1.3768143109539257,2.652014659517404,0.02,fresh
3978,gpr_dataset_3978.in,datasets/sam-29/files/gpr_dataset_3978.in,0.4000453279285613,34.725889,36.084843,29.189268,0.11820046069202775,1.582935861876494,2.6561685195564837,0.02,fresh
3979,gpr_dataset_3979.in,datasets/sam-29/files/gpr_dataset_3979.in,0.44081388767740426,43.387104,34.081597,22.531299,0.18195659722051322,1.3514609592695856,2.6278621020256394,0.02,fresh
3980,gpr_dataset_3980.in,datasets/sam-29/files/gpr_dataset_3980.in,0.3217250271158792,49.391363,29.403516,21.205121,0.23416199477216343,1.5301399402577038,2.6865084171701823,0.02,fresh
3981,gpr_dataset_3981.in,datasets/sam-29/files/gpr_dataset_3981.in,0.1818079712702,41.923166,32.916428,25.160406,0.08197688704515507,1.3773276664921712,2.6647842363113665,0.02,fresh
3982,gpr_dataset_3982.in,datasets/sam-29/files/gpr_dataset_3982.in,0.43443687564030153,49.344163,35.211092,15.444745,0.20049083332502415,1.43777105988013,2.6208042893509407,0.02,fresh
3983,gpr_dataset_3983.in,datasets/sam-29/files/gpr_dataset_3983.in,0.1769415954916283,36.620962,34.381125,28.997913,0.05569188548223181,1.3495779434059743,2.6112656559860996,0.02,fresh
3984,gpr_dataset_3984.in,datasets/sam-29/files/gpr_dataset_3984.in,0.11531093005327447,32.673858,37.771703,29.554439,0.15157943484747533,1.4566892253854222,2.644634943267593,0.02,fresh
3985,gpr_dataset_3985.in,datasets/sam-29/files/gpr_dataset_3985.in,0.3711129428874489,46.201981,31.534437,22.263582,0.08701754827731956,1.5833248223327177,2.664695073042115,0.02,fresh
3986,gpr_dataset_3986.in,datasets/sam-29/files/gpr_dataset_3986.in,0.3893069995289645,37.429646,34.516759,28.053595,0.05194090746752,1.4359838032025554,2.6698529526823322,0.02,fresh
3987,gpr_dataset_3987.in,datasets/sam-29/files/gpr_dataset_3987.in,0.49902418420831796,43.434784,33.884904,22.680312,0.06850619684235307,1.4797917090036976,2.6191135621484536,0.02,fresh
3988,gpr_dataset_3988.in,datasets/sam-29/files/gpr_dataset_3988.in,0.3967802508866599,42.455502,34.253439,23.291059,0.10957403422671613,1.4162047863672165,2.6631169579744745,0.02,fresh
3989,gpr_dataset_3989.in,datasets/sam-29/files/gpr_dataset_3989.in,0.19383254342895492,38.629342,39.591871,21.778787,0.24962372613323874,1.529751392393469,2.658446384941137,0.02,fresh
3990,gpr_dataset_3990.in,datasets/sam-29/files/gpr_dataset_3990.in,0.2889002966649131,44.01694,29.639804,26.343256,0.13873573789181481,1.3345467455034683,2.649278625124554,0.02,fresh
3991,gpr_dataset_3991.in,datasets/sam-29/files/gpr_dataset_3991.in,0.4387287368522206,48.700189,26.913564,24.386247,0.2310686753550945,1.5588319712286811,2.6840178989266663,0.02,fresh
3992,gpr_dataset_3992.in,datasets/sam-29/files/gpr_dataset_3992.in,0.3916273475377522,48.488396,35.751753,15.759851,0.1930762839475319,1.541475237722364,2.6225652240228317,0.02,fresh
3993,gpr_dataset_3993.in,datasets/sam-29/files/gpr_dataset_3993.in,0.13476849497398075,46.163268,35.220524,18.616208,0.24164442221015642,1.5780619936556621,2.6422242517799472,0.02,fresh
3994,gpr_dataset_3994.in,datasets/sam-29/files/gpr_dataset_3994.in,0.1155977995432978,42.83048,33.325012,23.844508,0.2308041009455294,1.3738476739305818,2.6837582913953204,0.02,fresh
3995,gpr_dataset_3995.in,datasets/sam-29/files/gpr_dataset_3995.in,0.2213080993588633,44.238153,31.434991,24.326856,0.10346598288602715,1.580425355198416,2.620029629287381,0.02,fresh
3996,gpr_dataset_3996.in,datasets/sam-29/files/gpr_dataset_3996.in,0.22867156030931027,48.652855,37.813264,13.533881,0.1757977557317867,1.5730385232224304,2.6990813890697085,0.02,fresh
3997,gpr_dataset_3997.in,datasets/sam-29/files/gpr_dataset_3997.in,0.39590190677199477,45.713065,37.757245,16.52969,0.13541008945873026,1.5088957807515904,2.6685824372331592,0.02,fresh
3998,gpr_dataset_3998.in,datasets/sam-29/files/gpr_dataset_3998.in,0.29445594863163316,33.33508,38.577088,28.087832,0.07453957127459782,1.415434188837153,2.6579859480966,0.02,fresh
3999,gpr_dataset_3999.in,datasets/sam-29/files/gpr_dataset_3999.in,0.35307207434676335,47.487876,38.67086,13.841264,0.07226391644709496,1.3831495209553297,2.6826415236699956,0.02,fresh
4000,gpr_dataset_4000.in,datasets/sam-29/files/gpr_dataset_4000.in,0.4115740295687168,43.066881,32.133065,24.800054,0.09810393794317791,1.5782553060600801,2.675056540778183,0.02,fresh
4001,gpr_dataset_4001.in,datasets/sam-29/files/gpr_dataset_4001.in,0.2990435944031269,43.06445,33.584671,23.350879,0.1359997549244749,1.5744729389938614,2.621077654788954,0.02,fresh
4002,gpr_dataset_4002.in,datasets/sam-29/files/gpr_dataset_4002.in,0.16194538406651315,49.315885,36.100199,14.583916,0.22434152108927696,1.378246745142426,2.666653048499329,0.02,fresh
4003,gpr_dataset_4003.in,datasets/sam-29/files/gpr_dataset_4003.in,0.44668028598067966,43.847223,29.411887,26.74089,0.0845108160978963,1.5577191352026223,2.6485030895011925,0.02,fresh
4004,gpr_dataset_4004.in,datasets/sam-29/files/gpr_dataset_4004.in,0.13140101805561866,38.612938,34.423335,26.963727,0.13221510522709168,1.507014747645185,2.645504977279414,0.02,fresh
4005,gpr_dataset_4005.in,datasets/sam-29/files/gpr_dataset_4005.in,0.21137892885853563,41.615944,37.677889,20.706167,0.17613105652871924,1.5677890255551927,2.6938143153383427,0.02,fresh
4006,gpr_dataset_4006.in,datasets/sam-29/files/gpr_dataset_4006.in,0.15454248523849193,43.638451,26.559294,29.802255,0.08585559256721415,1.3904838379805269,2.613446201994972,0.02,fresh
4007,gpr_dataset_4007.in,datasets/sam-29/files/gpr_dataset_4007.in,0.4180421666337253,36.031572,37.604571,26.363857,0.09506947984907098,1.5515903437299188,2.6289530742462928,0.02,fresh
4008,gpr_dataset_4008.in,datasets/sam-29/files/gpr_dataset_4008.in,0.46736958590281785,44.146097,33.046844,22.807059,0.20156342488558887,1.4023558636087687,2.6486634256516175,0.02,fresh
4009,gpr_dataset_4009.in,datasets/sam-29/files/gpr_dataset_4009.in,0.2364749320962908,47.230249,37.075324,15.694427,0.24023494642810306,1.3552352468877968,2.6201743746367168,0.02,fresh
4010,gpr_dataset_4010.in,datasets/sam-29/files/gpr_dataset_4010.in,0.4884374469064645,38.593886,38.816272,22.589842,0.13348716363523372,1.3607794725656612,2.6278481536896194,0.02,fresh
4011,gpr_dataset_4011.in,datasets/sam-29/files/gpr_dataset_4011.in,0.2150622424282299,34.606006,38.641694,26.7523,0.22702083504138432,1.4970861720621131,2.693699791692542,0.02,fresh
4012,gpr_dataset_4012.in,datasets/sam-29/files/gpr_dataset_4012.in,0.16153035339953914,44.473407,35.646529,19.880064,0.23424583975314217,1.5551773938779245,2.6969778187419937,0.02,fresh
4013,gpr_dataset_4013.in,datasets/sam-29/files/gpr_dataset_4013.in,0.18546459396396503,44.429962,36.050102,19.519936,0.2312104868633229,1.3418380945129749,2.630989865634171,0.02,fresh
4014,gpr_dataset_4014.in,datasets/sam-29/files/gpr_dataset_4014.in,0.1990270035482154,38.992914,35.762628,25.244458,0.2195966953106161,1.3194243722763066,2.6688511372848023,0.02,fresh
4015,gpr_dataset_4015.in,datasets/sam-29/files/gpr_dataset_4015.in,0.21086307254963865,47.639512,35.033057,17.327431,0.20243155344803354,1.49188786184442,2.664992109435669,0.02,fresh
4016,gpr_dataset_4016.in,datasets/sam-29/files/gpr_dataset_4016.in,0.33657234355553844,41.845132,32.683115,25.471753,0.20249435315958336,1.3699335741967138,2.618889832665539,0.02,fresh
4017,gpr_dataset_4017.in,datasets/sam-29/files/gpr_dataset_4017.in,0.11216353136944868,43.722918,38.139625,18.137457,0.20411980317045747,1.3679615390668285,2.614198875616866,0.02,fresh
4018,gpr_dataset_4018.in,datasets/sam-29/files/gpr_dataset_4018.in,0.17738180179532606,45.882094,35.26544,18.852466,0.2388878174863136,1.3408965689678698,2.6686221090059012,0.02,fresh
4019,gpr_dataset_4019.in,datasets/sam-29/files/gpr_dataset_4019.in,0.2776704792548732,35.056023,36.370936,28.573041,0.18510250609484813,1.5200928897849093,2.6872165366378975,0.02,fresh
4020,gpr_dataset_4020.in,datasets/sam-29/files/gpr_dataset_4020.in,0.4482198805743809,44.842916,35.987335,19.169749,0.23297949525035339,1.4934383808018559,2.689483165631383,0.02,fresh
4021,gpr_dataset_4021.in,datasets/sam-29/files/gpr_dataset_4021.in,0.4484966321563524,46.654782,34.271314,19.073904,0.12228244511438394,1.5669036603226403,2.601318481095416,0.02,fresh
4022,gpr_dataset_4022.in,datasets/sam-29/files/gpr_dataset_4022.in,0.10470222601569673,45.547867,30.073891,24.378242,0.14231826496443273,1.4805485553614788,2.6292551578569996,0.02,fresh
4023,gpr_dataset_4023.in,datasets/sam-29/files/gpr_dataset_4023.in,0.3591146489629282,43.734338,35.47132,20.794342,0.16070725267712133,1.3270039162637732,2.6121106270012096,0.02,fresh
4024,gpr_dataset_4024.in,datasets/sam-29/files/gpr_dataset_4024.in,0.3756430344125744,45.22797,36.464619,18.307411,0.18384510951147764,1.4297163539154036,2.699838283682744,0.02,fresh
4025,gpr_dataset_4025.in,datasets/sam-29/files/gpr_dataset_4025.in,0.34312689572742305,43.450766,33.957985,22.591249,0.2206684702335679,1.4568394669100702,2.6121981321598766,0.02,fresh
4026,gpr_dataset_4026.in,datasets/sam-29/files/gpr_dataset_4026.in,0.3520648212748807,49.859875,27.961356,22.178769,0.1603519375587676,1.5877035336195509,2.6017947590003634,0.02,fresh
4027,gpr_dataset_4027.in,datasets/sam-29/files/gpr_dataset_4027.in,0.11221095368180896,44.466088,30.538487,24.995425,0.1302920629674026,1.5665460800841053,2.6963687439247046,0.02,fresh
4028,gpr_dataset_4028.in,datasets/sam-29/files/gpr_dataset_4028.in,0.3160767590053266,39.600292,34.026514,26.373194,0.21206404434749293,1.307035243953775,2.6850403261755833,0.02,fresh
4029,gpr_dataset_4029.in,datasets/sam-29/files/gpr_dataset_4029.in,0.40177716171825784,45.462947,36.112317,18.424736,0.15859737893730566,1.3882452194155754,2.6789529955432987,0.02,fresh
4030,gpr_dataset_4030.in,datasets/sam-29/files/gpr_dataset_4030.in,0.46094959792355095,48.458379,22.160484,29.381137,0.15599488034139686,1.4287289160740895,2.6396903629145,0.02,fresh
4031,gpr_dataset_4031.in,datasets/sam-29/files/gpr_dataset_4031.in,0.2512275990981987,45.078103,37.50313,17.418767,0.16924909784547698,1.4430623717440365,2.679424568306859,0.02,fresh
4032,gpr_dataset_4032.in,datasets/sam-29/files/gpr_dataset_4032.in,0.10941220815094983,47.541634,39.398511,13.059855,0.07069908314187108,1.422747511085867,2.6149872333728714,0.02,fresh
4033,gpr_dataset_4033.in,datasets/sam-29/files/gpr_dataset_4033.in,0.3641738371499632,46.714348,38.435081,14.850571,0.10570911368488592,1.5240381122286963,2.67944415633829,0.02,fresh
4034,gpr_dataset_4034.in,datasets/sam-29/files/gpr_dataset_4034.in,0.41928071408886536,41.974106,36.257974,21.76792,0.1281328579967,1.3504141374736265,2.639837484730889,0.02,fresh
4035,gpr_dataset_4035.in,datasets/sam-29/files/gpr_dataset_4035.in,0.3946376605591938,44.901948,26.946025,28.152027,0.07132163850599627,1.433014080450437,2.6769185043714296,0.02,fresh
4036,gpr_dataset_4036.in,datasets/sam-29/files/gpr_dataset_4036.in,0.12230380989770043,41.019612,35.891904,23.088484,0.13795408882135912,1.5955251456970339,2.6904279199056162,0.02,fresh
4037,gpr_dataset_4037.in,datasets/sam-29/files/gpr_dataset_4037.in,0.4724477617663638,38.996482,35.063442,25.940076,0.19151796359759993,1.4207521388855648,2.677113891090915,0.02,fresh
4038,gpr_dataset_4038.in,datasets/sam-29/files/gpr_dataset_4038.in,0.15762664263873877,35.968964,38.995957,25.035079,0.0871433807947263,1.4752552734507975,2.6814406305785856,0.02,fresh
4039,gpr_dataset_4039.in,datasets/sam-29/files/gpr_dataset_4039.in,0.4588438252022293,37.329003,39.184845,23.486152,0.1221769586427509,1.522815422184102,2.6892898412228363,0.02,fresh
4040,gpr_dataset_4040.in,datasets/sam-29/files/gpr_dataset_4040.in,0.23751391239175512,41.492338,32.408711,26.098951,0.1322116270668744,1.4236672321915405,2.641010670427532,0.02,fresh
4041,gpr_dataset_4041.in,datasets/sam-29/files/gpr_dataset_4041.in,0.48300264699306517,35.194848,37.126015,27.679137,0.22795213872088416,1.3720322480441522,2.6998105747735166,0.02,fresh
4042,gpr_dataset_4042.in,datasets/sam-29/files/gpr_dataset_4042.in,0.3453556686409677,41.722276,30.223915,28.053809,0.19725833078799648,1.3886787833635121,2.6356220735254436,0.02,fresh
4043,gpr_dataset_4043.in,datasets/sam-29/files/gpr_dataset_4043.in,0.14938918268523205,43.616479,28.242181,28.14134,0.16403006920332885,1.451582542994089,2.6834078794650766,0.02,fresh
4044,gpr_dataset_4044.in,datasets/sam-29/files/gpr_dataset_4044.in,0.4557237011899944,39.181244,31.771004,29.047752,0.050388365100466605,1.3889789737092917,2.6528857077076697,0.02,fresh
4045,gpr_dataset_4045.in,datasets/sam-29/files/gpr_dataset_4045.in,0.3704521193542205,42.907826,37.023275,20.068899,0.0838395776443204,1.3600816761828372,2.6249156067764057,0.02,fresh
4046,gpr_dataset_4046.in,datasets/sam-29/files/gpr_dataset_4046.in,0.44367065019342256,45.913858,38.854773,15.231369,0.21796461806596729,1.4812118830661023,2.68883656533181,0.02,fresh
4047,gpr_dataset_4047.in,datasets/sam-29/files/gpr_dataset_4047.in,0.27293116792830874,46.835628,30.00031,23.164062,0.07855781145466403,1.5177735852856302,2.6385524301168313,0.02,fresh
4048,gpr_dataset_4048.in,datasets/sam-29/files/gpr_dataset_4048.in,0.16221191144578412,45.115979,30.155623,24.728398,0.23899449901441244,1.5856847685589088,2.657627637941596,0.02,fresh
4049,gpr_dataset_4049.in,datasets/sam-29/files/gpr_dataset_4049.in,0.16001359792494588,49.997584,27.894287,22.108129,0.14789008259275827,1.5756142348196627,2.6016716693714033,0.02,fresh
4050,gpr_dataset_4050.in,datasets/sam-29/files/gpr_dataset_4050.in,0.1854824465302851,49.929652,23.527859,26.542489,0.09317459018267334,1.4208999248417038,2.6718603321582077,0.02,fresh
4051,gpr_dataset_4051.in,datasets/sam-29/files/gpr_dataset_4051.in,0.24144188421636922,37.645454,35.128271,27.226275,0.1567633081974758,1.5973190609816528,2.631763702444724,0.02,fresh
4052,gpr_dataset_4052.in,datasets/sam-29/files/gpr_dataset_4052.in,0.3229070760503291,34.566308,39.710078,25.723614,0.23961738772701419,1.5449630117355695,2.6338892243713037,0.02,fresh
4053,gpr_dataset_4053.in,datasets/sam-29/files/gpr_dataset_4053.in,0.10627473913438164,44.916687,37.508849,17.574464,0.20192961508832524,1.5256138407581583,2.667974415477525,0.02,fresh
4054,gpr_dataset_4054.in,datasets/sam-29/files/gpr_dataset_4054.in,0.4706379465841811,48.785536,37.233611,13.980853,0.15225446313921198,1.3389930246253618,2.6077708241318422,0.02,fresh
4055,gpr_dataset_4055.in,datasets/sam-29/files/gpr_dataset_4055.in,0.3211126359409971,47.188869,29.096565,23.714566,0.05898451759566579,1.5874009562208946,2.653258058465967,0.02,fresh
4056,gpr_dataset_4056.in,datasets/sam-29/files/gpr_dataset_4056.in,0.4306307116065583,44.758217,38.190242,17.051541,0.16126973604968003,1.3535419650607117,2.6855341553706715,0.02,fresh
4057,gpr_dataset_4057.in,datasets/sam-29/files/gpr_dataset_4057.in,0.11087835655792144,48.067287,24.709458,27.223255,0.2264337045508525,1.4082732399565052,2.6493534089393416,0.02,fresh
4058,gpr_dataset_4058.in,datasets/sam-29/files/gpr_dataset_4058.in,0.3659520313274617,48.988925,28.237895,22.77318,0.051605639114871926,1.3221952972374604,2.6386667240139916,0.02,fresh
4059,gpr_dataset_4059.in,datasets/sam-29/files/gpr_dataset_4059.in,0.13057775000956565,48.359144,36.225859,15.414997,0.20808818811683188,1.5730740728190664,2.6525560199948472,0.02,fresh
4060,gpr_dataset_4060.in,datasets/sam-29/files/gpr_dataset_4060.in,0.32432599619779356,47.330164,27.886505,24.783331,0.05089414406685769,1.43202889124951,2.6349929020710783,0.02,fresh
4061,gpr_dataset_4061.in,datasets/sam-29/files/gpr_dataset_4061.in,0.3891408403579045,40.819777,32.381854,26.798369,0.22717675898138978,1.368007483617892,2.6182792963852513,0.02,fresh
4062,gpr_dataset_4062.in,datasets/sam-29/files/gpr_dataset_4062.in,0.3040452027376717,41.676674,34.651413,23.671913,0.22058197083657732,1.5469817200695557,2.6830217778676255,0.02,fresh
4063,gpr_dataset_4063.in,datasets/sam-29/files/gpr_dataset_4063.in,0.21592905029448675,42.501806,27.72823,29.769964,0.11574028851887903,1.4029458844401743,2.624871579390605,0.02,fresh
4064,gpr_dataset_4064.in,datasets/sam-29/files/gpr_dataset_4064.in,0.4086378280963303,47.744188,30.262292,21.99352,0.24237048061348992,1.448757789764763,2.613881977420582,0.02,fresh
4065,gpr_dataset_4065.in,datasets/sam-29/files/gpr_dataset_4065.in,0.12644649645582395,45.511628,32.449843,22.038529,0.06103532073952134,1.3898775026475712,2.674550741380233,0.02,fresh
4066,gpr_dataset_4066.in,datasets/sam-29/files/gpr_dataset_4066.in,0.28918954663991797,46.783955,31.039701,22.176344,0.15244347118771723,1.3531900388919067,2.621053388199987,0.02,fresh
4067,gpr_dataset_4067.in,datasets/sam-29/files/gpr_dataset_4067.in,0.33391155502098235,45.851954,28.994697,25.153349,0.22613386434958332,1.4103932144322997,2.658778751930786,0.02,fresh
4068,gpr_dataset_4068.in,datasets/sam-29/files/gpr_dataset_4068.in,0.23405823780925716,45.371488,34.540058,20.088454,0.13259654833180962,1.5013415204113914,2.687306669256913,0.02,fresh
4069,gpr_dataset_4069.in,datasets/sam-29/files/gpr_dataset_4069.in,0.41525817998801506,44.572836,33.300111,22.127053,0.21387437001249138,1.3474762418570527,2.644642139948517,0.02,fresh
4070,gpr_dataset_4070.in,datasets/sam-29/files/gpr_dataset_4070.in,0.24161316630527932,49.325464,26.099483,24.575053,0.13821337526215885,1.4702054212519657,2.6116852023085975,0.02,fresh
4071,gpr_dataset_4071.in,datasets/sam-29/files/gpr_dataset_4071.in,0.17113013795502108,38.817998,33.964982,27.21702,0.23522423232787576,1.3029395382241047,2.646353441152456,0.02,fresh
4072,gpr_dataset_4072.in,datasets/sam-29/files/gpr_dataset_4072.in,0.28857327818591527,48.787903,39.603516,11.608581,0.07220239937167126,1.527636407714685,2.6993176549483295,0.02,fresh
4073,gpr_dataset_4073.in,datasets/sam-29/files/gpr_dataset_4073.in,0.1974352142131572,41.980761,29.984023,28.035216,0.2493619914670604,1.3559302427378,2.645138388835448,0.02,fresh
4074,gpr_dataset_4074.in,datasets/sam-29/files/gpr_dataset_4074.in,0.186641786827089,46.53681,31.076905,22.386285,0.15546644442464352,1.419135729248661,2.671899382623921,0.02,fresh
4075,gpr_dataset_4075.in,datasets/sam-29/files/gpr_dataset_4075.in,0.3024080936323974,49.288894,33.100874,17.610232,0.17734380444011677,1.4865719375361244,2.6826888346834137,0.02,fresh
4076,gpr_dataset_4076.in,datasets/sam-29/files/gpr_dataset_4076.in,0.13118124595807756,45.30483,31.292724,23.402446,0.13923537866371097,1.375106851405446,2.6581033102073373,0.02,fresh
4077,gpr_dataset_4077.in,datasets/sam-29/files/gpr_dataset_4077.in,0.1185741964479127,44.590928,30.0955,25.313572,0.2192557592075115,1.475594011855452,2.66127115906337,0.02,fresh
4078,gpr_dataset_4078.in,datasets/sam-29/files/gpr_dataset_4078.in,0.3463412943013273,47.300432,24.866548,27.83302,0.1074636433192753,1.3901123186046098,2.623836248515102,0.02,fresh
4079,gpr_dataset_4079.in,datasets/sam-29/files/gpr_dataset_4079.in,0.15159490204720305,49.125712,23.528893,27.345395,0.21259247594624953,1.325211854011819,2.6130010945019744,0.02,fresh
4080,gpr_dataset_4080.in,datasets/sam-29/files/gpr_dataset_4080.in,0.1637652352995964,37.162808,39.384702,23.45249,0.22797555139300568,1.3128004942485747,2.630262827005962,0.02,fresh
4081,gpr_dataset_4081.in,datasets/sam-29/files/gpr_dataset_4081.in,0.408014279654323,49.080707,32.103466,18.815827,0.09841528016288321,1.5285104650121601,2.6700566851703518,0.02,fresh
4082,gpr_dataset_4082.in,datasets/sam-29/files/gpr_dataset_4082.in,0.32782562788985703,45.91517,29.649745,24.435085,0.24692911500778203,1.5330433536049553,2.645911768104312,0.02,fresh
4083,gpr_dataset_4083.in,datasets/sam-29/files/gpr_dataset_4083.in,0.10419487563694992,48.606705,26.248599,25.144696,0.23809311919706988,1.4109563433798769,2.6752154823539005,0.02,fresh
4084,gpr_dataset_4084.in,datasets/sam-29/files/gpr_dataset_4084.in,0.232505993518232,41.00509,33.403553,25.591357,0.16899011169513384,1.5794174553805167,2.66604081578079,0.02,fresh
4085,gpr_dataset_4085.in,datasets/sam-29/files/gpr_dataset_4085.in,0.39191979662324905,36.123165,39.010669,24.866166,0.22306564695680586,1.5275242258366961,2.6157969494967834,0.02,fresh
4086,gpr_dataset_4086.in,datasets/sam-29/files/gpr_dataset_4086.in,0.23575549222783995,47.75295,35.743501,16.503549,0.10596051101450028,1.450490886588933,2.6766629343142387,0.02,fresh
4087,gpr_dataset_4087.in,datasets/sam-29/files/gpr_dataset_4087.in,0.36270689223596764,40.384654,35.678317,23.937029,0.13764873467535393,1.4779101321642514,2.60610450733761,0.02,fresh
4088,gpr_dataset_4088.in,datasets/sam-29/files/gpr_dataset_4088.in,0.11178709224023856,40.928601,32.962509,26.10889,0.14117631834280642,1.5386975410993475,2.673289078240881,0.02,fresh
4089,gpr_dataset_4089.in,datasets/sam-29/files/gpr_dataset_4089.in,0.1706866376554581,46.553033,27.971289,25.475678,0.2264938009945912,1.5811121071101166,2.6397430295990976,0.02,fresh
4090,gpr_dataset_4090.in,datasets/sam-29/files/gpr_dataset_4090.in,0.1435710591390844,44.908991,30.846872,24.244137,0.20641153961805964,1.3269413412073345,2.600933317077539,0.02,fresh
4091,gpr_dataset_4091.in,datasets/sam-29/files/gpr_dataset_4091.in,0.47614069525346814,48.388995,34.418176,17.192829,0.10543971009101023,1.5809211024866816,2.641699407578998,0.02,fresh
4092,gpr_dataset_4092.in,datasets/sam-29/files/gpr_dataset_4092.in,0.46230318825770955,44.147664,31.971793,23.880543,0.05918771953432489,1.5800483625229798,2.600087081586242,0.02,fresh
4093,gpr_dataset_4093.in,datasets/sam-29/files/gpr_dataset_4093.in,0.37260745425972397,39.481122,37.469568,23.04931,0.23635361891173418,1.3612461669209888,2.676737199852309,0.02,fresh
4094,gpr_dataset_4094.in,datasets/sam-29/files/gpr_dataset_4094.in,0.28257500694351056,41.986794,34.930019,23.083187,0.19354948974629255,1.5853527670110168,2.6828825155922833,0.02,fresh
4095,gpr_dataset_4095.in,datasets/sam-29/files/gpr_dataset_4095.in,0.41949123662321897,43.539453,37.131911,19.328636,0.07682122167930523,1.5663567727822667,2.6280103147314846,0.02,fresh
4096,gpr_dataset_4096.in,datasets/sam-29/files/gpr_dataset_4096.in,0.37384148061115186,49.719123,27.991847,22.28903,0.12917987684056892,1.4546512670132903,2.642255051104899,0.02,fresh
4097,gpr_dataset_4097.in,datasets/sam-29/files/gpr_dataset_4097.in,0.32948780036782055,43.309327,33.458162,23.232511,0.14187388279489588,1.4934843956410346,2.6437468345786215,0.02,fresh
4098,gpr_dataset_4098.in,datasets/sam-29/files/gpr_dataset_4098.in,0.26521729129929783,42.380118,29.021698,28.598184,0.13995492850106384,1.4149551963436475,2.671383039244084,0.02,fresh
4099,gpr_dataset_4099.in,datasets/sam-29/files/gpr_dataset_4099.in,0.4469998418217527,49.763985,25.261737,24.974278,0.10259063689454971,1.5000443718474714,2.6354900335916334,0.02,fresh
4100,gpr_dataset_4100.in,datasets/sam-29/files/gpr_dataset_4100.in,0.15292684086534566,39.438872,34.777444,25.783684,0.104986350976304,1.3272421170542887,2.6115504703477845,0.02,fresh
4101,gpr_dataset_4101.in,datasets/sam-29/files/gpr_dataset_4101.in,0.217451158867216,43.795899,29.569779,26.634322,0.2324588560573359,1.5610040750804073,2.603758692377016,0.02,fresh
4102,gpr_dataset_4102.in,datasets/sam-29/files/gpr_dataset_4102.in,0.49969838059768446,46.398711,25.575973,28.025316,0.10464600086847767,1.5832841181198556,2.695027735454976,0.02,fresh
4103,gpr_dataset_4103.in,datasets/sam-29/files/gpr_dataset_4103.in,0.2747574597626088,43.208402,27.278105,29.513493,0.19634066106893477,1.580371422217338,2.634325019844581,0.02,fresh
4104,gpr_dataset_4104.in,datasets/sam-29/files/gpr_dataset_4104.in,0.43658967299579066,40.680947,33.616267,25.702786,0.1794863218417534,1.5647375896767266,2.6818902682496946,0.02,fresh
4105,gpr_dataset_4105.in,datasets/sam-29/files/gpr_dataset_4105.in,0.3910283506372264,48.85221,21.916121,29.231669,0.12019784738650513,1.505980686734973,2.6853319003947425,0.02,fresh
4106,gpr_dataset_4106.in,datasets/sam-29/files/gpr_dataset_4106.in,0.4038126434797249,44.428262,29.765531,25.806207,0.23725648296231577,1.4135321811028136,2.6930219569403255,0.02,fresh
4107,gpr_dataset_4107.in,datasets/sam-29/files/gpr_dataset_4107.in,0.18925056707664534,45.305316,25.667413,29.027271,0.23777206794882527,1.5064268810948278,2.645087323474122,0.02,fresh
4108,gpr_dataset_4108.in,datasets/sam-29/files/gpr_dataset_4108.in,0.19710940184310335,43.767101,28.244402,27.988497,0.06939214428719608,1.4165385958262513,2.631817322666715,0.02,fresh
4109,gpr_dataset_4109.in,datasets/sam-29/files/gpr_dataset_4109.in,0.4348241349196068,44.165334,32.901722,22.932944,0.14696527369677687,1.5100280477917132,2.6488505431098193,0.02,fresh
4110,gpr_dataset_4110.in,datasets/sam-29/files/gpr_dataset_4110.in,0.2331837269854604,47.551322,26.629911,25.818767,0.20970305717929877,1.4158898654318761,2.638966260511703,0.02,fresh
4111,gpr_dataset_4111.in,datasets/sam-29/files/gpr_dataset_4111.in,0.3284921070972201,46.234242,28.721688,25.04407,0.05982586289873884,1.5752974989458073,2.6127265025916717,0.02,fresh
4112,gpr_dataset_4112.in,datasets/sam-29/files/gpr_dataset_4112.in,0.11178115391553366,49.484227,38.471928,12.043845,0.06828998998693561,1.518827727960916,2.698195141470622,0.02,fresh
4113,gpr_dataset_4113.in,datasets/sam-29/files/gpr_dataset_4113.in,0.4470886890194541,42.316203,36.501587,21.18221,0.06838706635690786,1.5784488468151834,2.6263641618587212,0.02,fresh
4114,gpr_dataset_4114.in,datasets/sam-29/files/gpr_dataset_4114.in,0.39309188848703847,40.973311,36.137284,22.889405,0.09494484420060578,1.5492977111045443,2.6379054105326216,0.02,fresh
4115,gpr_dataset_4115.in,datasets/sam-29/files/gpr_dataset_4115.in,0.19057922087252144,36.313072,37.037209,26.649719,0.10962207510744829,1.3863260285908534,2.665858230797269,0.02,fresh
4116,gpr_dataset_4116.in,datasets/sam-29/files/gpr_dataset_4116.in,0.43808643358809973,45.811192,38.949335,15.239473,0.10352152837903168,1.5850296225833491,2.6766048910835467,0.02,fresh
4117,gpr_dataset_4117.in,datasets/sam-29/files/gpr_dataset_4117.in,0.1792863123491527,38.756401,34.025696,27.217903,0.11020361661548198,1.537130934941073,2.6124681948835384,0.02,fresh
4118,gpr_dataset_4118.in,datasets/sam-29/files/gpr_dataset_4118.in,0.44846090345214285,40.582227,36.964578,22.453195,0.1409503191613574,1.573117892580496,2.633844352587885,0.02,fresh
4119,gpr_dataset_4119.in,datasets/sam-29/files/gpr_dataset_4119.in,0.3694385331411032,43.836688,34.409334,21.753978,0.12435561778826909,1.5193866814820605,2.6082592662747475,0.02,fresh
4120,gpr_dataset_4120.in,datasets/sam-29/files/gpr_dataset_4120.in,0.22573703284516508,31.625903,38.816523,29.557574,0.16025674001068996,1.534533117174346,2.645979126972098,0.02,fresh
4121,gpr_dataset_4121.in,datasets/sam-29/files/gpr_dataset_4121.in,0.1116349243001658,49.760937,34.426873,15.81219,0.2415298806907228,1.494520469105751,2.6592376833464133,0.02,fresh
4122,gpr_dataset_4122.in,datasets/sam-29/files/gpr_dataset_4122.in,0.4694373581803212,48.774425,22.178306,29.047269,0.12639620093828957,1.5490055978639097,2.689246580125003,0.02,fresh
4123,gpr_dataset_4123.in,datasets/sam-29/files/gpr_dataset_4123.in,0.24512945001835962,43.603736,36.156656,20.239608,0.21581467697792178,1.5478740191056324,2.6762515143587646,0.02,fresh
4124,gpr_dataset_4124.in,datasets/sam-29/files/gpr_dataset_4124.in,0.23790943101572448,45.016078,30.156588,24.827334,0.20356145678533716,1.5320732301315556,2.6380510681032723,0.02,fresh
4125,gpr_dataset_4125.in,datasets/sam-29/files/gpr_dataset_4125.in,0.3552791896798001,42.940368,27.214622,29.84501,0.22447198936948437,1.327994458302675,2.6928538486834155,0.02,fresh
4126,gpr_dataset_4126.in,datasets/sam-29/files/gpr_dataset_4126.in,0.3973878662893964,38.343486,34.841446,26.815068,0.08520664245095949,1.3889677150708755,2.6358738842714144,0.02,fresh
4127,gpr_dataset_4127.in,datasets/sam-29/files/gpr_dataset_4127.in,0.4188362140732669,47.626505,34.745737,17.627758,0.05652089613733169,1.360287443232546,2.6328321692597028,0.02,fresh
4128,gpr_dataset_4128.in,datasets/sam-29/files/gpr_dataset_4128.in,0.18547190265748653,40.443035,33.560292,25.996673,0.11399309194098582,1.5627233917555718,2.6084369269676726,0.02,fresh
4129,gpr_dataset_4129.in,datasets/sam-29/files/gpr_dataset_4129.in,0.3588458054685344,38.869534,35.240447,25.890019,0.056330645793637425,1.3438506727634414,2.6049709172790956,0.02,fresh
4130,gpr_dataset_4130.in,datasets/sam-29/files/gpr_dataset_4130.in,0.18472454192764234,44.457235,31.214829,24.327936,0.18583650929155687,1.4538154076380982,2.627198136099997,0.02,fresh
4131,gpr_dataset_4131.in,datasets/sam-29/files/gpr_dataset_4131.in,0.2830426950302092,48.007855,36.40812,15.584025,0.13069900905789378,1.3815853140557797,2.621827304875421,0.02,fresh
4132,gpr_dataset_4132.in,datasets/sam-29/files/gpr_dataset_4132.in,0.2992970267023156,44.381929,35.10624,20.511831,0.10519217939362076,1.5296015990571563,2.6544836736417015,0.02,fresh
4133,gpr_dataset_4133.in,datasets/sam-29/files/gpr_dataset_4133.in,0.24587717345971735,39.338532,33.221678,27.43979,0.13134141622199474,1.5157558747714235,2.6162282437385773,0.02,fresh
4134,gpr_dataset_4134.in,datasets/sam-29/files/gpr_dataset_4134.in,0.49093214374808747,40.765295,30.085658,29.149047,0.14982505927314038,1.3192474863214863,2.6468486322520515,0.02,fresh
4135,gpr_dataset_4135.in,datasets/sam-29/files/gpr_dataset_4135.in,0.25743141930234326,44.272458,29.704647,26.022895,0.19421772617560817,1.581554540712678,2.6400504370699505,0.02,fresh
4136,gpr_dataset_4136.in,datasets/sam-29/files/gpr_dataset_4136.in,0.2971713348195908,45.852728,34.206214,19.941058,0.05879757948688338,1.4798896285057772,2.6370993568147623,0.02,fresh
4137,gpr_dataset_4137.in,datasets/sam-29/files/gpr_dataset_4137.in,0.47306777661323607,45.113382,30.805372,24.081246,0.11130148320450779,1.3784099206593516,2.6433327721861106,0.02,fresh
4138,gpr_dataset_4138.in,datasets/sam-29/files/gpr_dataset_4138.in,0.26586912964243703,48.439785,33.780596,17.779619,0.15851753576587957,1.4531886825190243,2.620591063244643,0.02,fresh
4139,gpr_dataset_4139.in,datasets/sam-29/files/gpr_dataset_4139.in,0.16919183513065628,48.332525,32.397162,19.270313,0.1974460608296859,1.5556665113027512,2.6632393385201945,0.02,fresh
4140,gpr_dataset_4140.in,datasets/sam-29/files/gpr_dataset_4140.in,0.23926618587917126,41.726912,37.845288,20.4278,0.17329389931384753,1.3930737992037667,2.614049295600054,0.02,fresh
4141,gpr_dataset_4141.in,datasets/sam-29/files/gpr_dataset_4141.in,0.31973564530178344,42.758911,31.926074,25.315015,0.18359762018481574,1.3114553100393147,2.644470669116479,0.02,fresh
4142,gpr_dataset_4142.in,datasets/sam-29/files/gpr_dataset_4142.in,0.35091179893313384,45.921319,26.366047,27.712634,0.20185746665887827,1.4000641331820316,2.645101307317483,0.02,fresh
4143,gpr_dataset_4143.in,datasets/sam-29/files/gpr_dataset_4143.in,0.2536030796279466,34.419584,36.776736,28.80368,0.18098736108455893,1.5510048344257832,2.6236697104042213,0.02,fresh
4144,gpr_dataset_4144.in,datasets/sam-29/files/gpr_dataset_4144.in,0.42416436075219033,49.271308,36.836633,13.892059,0.23777319759944476,1.4611195976441806,2.6287880205351875,0.02,fresh
4145,gpr_dataset_4145.in,datasets/sam-29/files/gpr_dataset_4145.in,0.11778919867400894,43.587427,29.53083,26.881743,0.22532791738205543,1.3778208789712756,2.6486816589727757,0.02,fresh
4146,gpr_dataset_4146.in,datasets/sam-29/files/gpr_dataset_4146.in,0.31942222465476566,40.253779,32.694999,27.051222,0.06766112315952669,1.5775818841317817,2.622249087084178,0.02,fresh
4147,gpr_dataset_4147.in,datasets/sam-29/files/gpr_dataset_4147.in,0.4747391815661818,42.209962,34.379366,23.410672,0.07209040479164137,1.4748748184208733,2.696313421698729,0.02,fresh
4148,gpr_dataset_4148.in,datasets/sam-29/files/gpr_dataset_4148.in,0.4611738975559524,34.902264,36.134294,28.963442,0.18453229765251333,1.3824673592363632,2.6244827194900933,0.02,fresh
4149,gpr_dataset_4149.in,datasets/sam-29/files/gpr_dataset_4149.in,0.13017206404913495,48.956278,24.144092,26.89963,0.2088586563602925,1.535900921046878,2.685987849302354,0.02,fresh
4150,gpr_dataset_4150.in,datasets/sam-29/files/gpr_dataset_4150.in,0.1521622566571666,45.429561,27.303021,27.267418,0.11834253310471166,1.3894096865892218,2.613090195913499,0.02,fresh
4151,gpr_dataset_4151.in,datasets/sam-29/files/gpr_dataset_4151.in,0.13831830385585175,43.884268,34.862419,21.253313,0.09167010660071549,1.5458098518537402,2.684120588253782,0.02,fresh
4152,gpr_dataset_4152.in,datasets/sam-29/files/gpr_dataset_4152.in,0.19436716724656425,42.545559,34.902153,22.552288,0.08644648549050611,1.5838542802237159,2.6380928756095883,0.02,fresh
4153,gpr_dataset_4153.in,datasets/sam-29/files/gpr_dataset_4153.in,0.3984548703832027,49.066786,25.29824,25.634974,0.05636240703225215,1.4093924712296901,2.630312651238649,0.02,fresh
4154,gpr_dataset_4154.in,datasets/sam-29/files/gpr_dataset_4154.in,0.11382456721467,40.998784,33.453653,25.547563,0.23528584531165192,1.4867766000996145,2.6860638947455695,0.02,fresh
4155,gpr_dataset_4155.in,datasets/sam-29/files/gpr_dataset_4155.in,0.25088609849334265,43.124081,36.216794,20.659125,0.23601493585661742,1.438001238510065,2.6321542335624644,0.02,fresh
4156,gpr_dataset_4156.in,datasets/sam-29/files/gpr_dataset_4156.in,0.30106781711364894,42.772012,36.235164,20.992824,0.1364210842164422,1.5595028361200636,2.6046627954484696,0.02,fresh
4157,gpr_dataset_4157.in,datasets/sam-29/files/gpr_dataset_4157.in,0.2873659698944933,46.160529,29.145092,24.694379,0.07197067178098815,1.4646038031707136,2.662759555751031,0.02,fresh
4158,gpr_dataset_4158.in,datasets/sam-29/files/gpr_dataset_4158.in,0.15889570091133,39.056893,39.21575,21.727357,0.19256490577251917,1.4738978881027407,2.6411293234878803,0.02,fresh
4159,gpr_dataset_4159.in,datasets/sam-29/files/gpr_dataset_4159.in,0.25401098730603455,49.249929,39.197889,11.552182,0.2057275672610483,1.5930682471610416,2.642397480826606,0.02,fresh
4160,gpr_dataset_4160.in,datasets/sam-29/files/gpr_dataset_4160.in,0.4596064038917811,39.648824,34.697514,25.653662,0.1690055033640007,1.3820106802434573,2.6950759614126425,0.02,fresh
4161,gpr_dataset_4161.in,datasets/sam-29/files/gpr_dataset_4161.in,0.12388166758438485,41.190349,35.172379,23.637272,0.0803185940414088,1.4448907691135549,2.6625036382415397,0.02,fresh
4162,gpr_dataset_4162.in,datasets/sam-29/files/gpr_dataset_4162.in,0.21499143703557122,47.794154,22.652396,29.55345,0.1755127235645585,1.5548212980853824,2.6313770131039314,0.02,fresh
4163,gpr_dataset_4163.in,datasets/sam-29/files/gpr_dataset_4163.in,0.4287701578749804,41.265354,33.550223,25.184423,0.2018220316215117,1.3715193169630155,2.673797358042182,0.02,fresh
4164,gpr_dataset_4164.in,datasets/sam-29/files/gpr_dataset_4164.in,0.11534016474880367,48.299372,30.817522,20.883106,0.06176764092081066,1.5924047775190848,2.6174484390781947,0.02,fresh
4165,gpr_dataset_4165.in,datasets/sam-29/files/gpr_dataset_4165.in,0.22222525286803016,40.11142,38.700968,21.187612,0.22009903535674424,1.4668824641414548,2.617897329262419,0.02,fresh
4166,gpr_dataset_4166.in,datasets/sam-29/files/gpr_dataset_4166.in,0.4701288096453762,42.910681,34.396699,22.69262,0.17873668134141263,1.3316508991719755,2.652827634896678,0.02,fresh
4167,gpr_dataset_4167.in,datasets/sam-29/files/gpr_dataset_4167.in,0.29822084970746365,48.222073,39.440913,12.337014,0.07871466004678807,1.5089015785024964,2.670128273434205,0.02,fresh
4168,gpr_dataset_4168.in,datasets/sam-29/files/gpr_dataset_4168.in,0.3045702015549133,34.567742,38.405245,27.027013,0.12050292871571232,1.3352329150718962,2.6816138868562422,0.02,fresh
4169,gpr_dataset_4169.in,datasets/sam-29/files/gpr_dataset_4169.in,0.4428671473857465,42.298061,37.571171,20.130768,0.24988628326570228,1.3609522754202399,2.634979681826126,0.02,fresh
4170,gpr_dataset_4170.in,datasets/sam-29/files/gpr_dataset_4170.in,0.36167835434155304,44.56235,27.444619,27.993031,0.19985764066150175,1.3487879126116185,2.6561925762155427,0.02,fresh
4171,gpr_dataset_4171.in,datasets/sam-29/files/gpr_dataset_4171.in,0.2403615244253675,39.532342,31.314537,29.153121,0.11689245532864784,1.5938921170722313,2.655695639910404,0.02,fresh
4172,gpr_dataset_4172.in,datasets/sam-29/files/gpr_dataset_4172.in,0.15705142695973207,48.045533,24.998306,26.956161,0.24681070821634493,1.3713647584175017,2.6072454875714457,0.02,fresh
4173,gpr_dataset_4173.in,datasets/sam-29/files/gpr_dataset_4173.in,0.3253798215391391,48.27555,25.400226,26.324224,0.15094729787094124,1.4620613654619168,2.625514047063269,0.02,fresh
4174,gpr_dataset_4174.in,datasets/sam-29/files/gpr_dataset_4174.in,0.3981355786799068,45.278487,35.042779,19.678734,0.18287981148078053,1.3206698471151415,2.699607918049145,0.02,fresh
4175,gpr_dataset_4175.in,datasets/sam-29/files/gpr_dataset_4175.in,0.4387125994630382,39.569519,36.548586,23.881895,0.12558720911097254,1.5156180225115388,2.66071342910267,0.02,fresh
4176,gpr_dataset_4176.in,datasets/sam-29/files/gpr_dataset_4176.in,0.4287706023360992,49.06341,37.076964,13.859626,0.1297542582394064,1.3368700490899874,2.6596552700581952,0.02,fresh
4177,gpr_dataset_4177.in,datasets/sam-29/files/gpr_dataset_4177.in,0.16757150018839673,33.953705,37.672609,28.373686,0.16284386399259643,1.342425826324987,2.6861717904302456,0.02,fresh
4178,gpr_dataset_4178.in,datasets/sam-29/files/gpr_dataset_4178.in,0.355924449528103,43.237559,38.883444,17.878997,0.16569401025393576,1.468435304584841,2.6561986015513295,0.02,fresh
4179,gpr_dataset_4179.in,datasets/sam-29/files/gpr_dataset_4179.in,0.36590831904199395,42.05954,35.529872,22.410588,0.24987382557858423,1.555025504165457,2.6004920616631044,0.02,fresh
4180,gpr_dataset_4180.in,datasets/sam-29/files/gpr_dataset_4180.in,0.45437068299098327,49.165304,30.052226,20.78247,0.06325949073687594,1.3004725482898685,2.6723257302731565,0.02,fresh
4181,gpr_dataset_4181.in,datasets/sam-29/files/gpr_dataset_4181.in,0.47788989638836443,46.257335,25.306418,28.436247,0.1335477155349007,1.5709421705839033,2.6995499564648835,0.02,fresh
4182,gpr_dataset_4182.in,datasets/sam-29/files/gpr_dataset_4182.in,0.4913073310764978,39.509455,33.909551,26.580994,0.16465929120900974,1.5597704860858668,2.6118722671198364,0.02,fresh
4183,gpr_dataset_4183.in,datasets/sam-29/files/gpr_dataset_4183.in,0.266278649181007,45.026573,39.007074,15.966353,0.24286571695559278,1.4364169842892598,2.6380777224936605,0.02,fresh
4184,gpr_dataset_4184.in,datasets/sam-29/files/gpr_dataset_4184.in,0.16495677507203815,46.323753,28.098579,25.577668,0.2030719579679165,1.495838223194628,2.6546596206878696,0.02,fresh
4185,gpr_dataset_4185.in,datasets/sam-29/files/gpr_dataset_4185.in,0.12211913114570763,44.363511,30.381127,25.255362,0.24596886911589877,1.4404474821343212,2.615623280580013,0.02,fresh
4186,gpr_dataset_4186.in,datasets/sam-29/files/gpr_dataset_4186.in,0.4591331649773548,41.956682,31.51937,26.523948,0.2392689768608529,1.5922563927463123,2.69687811381184,0.02,fresh
4187,gpr_dataset_4187.in,datasets/sam-29/files/gpr_dataset_4187.in,0.2667968806963813,44.64894,35.522847,19.828213,0.21176285810976403,1.4996099788488002,2.6363534889533544,0.02,fresh
4188,gpr_dataset_4188.in,datasets/sam-29/files/gpr_dataset_4188.in,0.11000053270420188,49.42926,27.868078,22.702662,0.19658602270904885,1.5919128598034284,2.6239369857198094,0.02,fresh
4189,gpr_dataset_4189.in,datasets/sam-29/files/gpr_dataset_4189.in,0.44501943397071586,43.463698,32.901631,23.634671,0.16091481795858825,1.5583262917025569,2.61022505340656,0.02,fresh
4190,gpr_dataset_4190.in,datasets/sam-29/files/gpr_dataset_4190.in,0.21557112470260975,43.92535,31.509911,24.564739,0.07584864545722125,1.5395979296121773,2.639410932855966,0.02,fresh
4191,gpr_dataset_4191.in,datasets/sam-29/files/gpr_dataset_4191.in,0.3427758935185764,41.510192,29.783996,28.705812,0.19045996789433595,1.5327359510646934,2.674895962607092,0.02,fresh
4192,gpr_dataset_4192.in,datasets/sam-29/files/gpr_dataset_4192.in,0.3543692512661004,46.914599,33.635892,19.449509,0.1581934371283627,1.5302914178162954,2.668435043291667,0.02,fresh
4193,gpr_dataset_4193.in,datasets/sam-29/files/gpr_dataset_4193.in,0.1760821961313772,44.629921,27.378465,27.991614,0.07217232277694324,1.4961474025973922,2.617346928205129,0.02,fresh
4194,gpr_dataset_4194.in,datasets/sam-29/files/gpr_dataset_4194.in,0.22342451674510044,41.064493,33.754092,25.181415,0.11449148346100586,1.5575949958669648,2.691193826230867,0.02,fresh
4195,gpr_dataset_4195.in,datasets/sam-29/files/gpr_dataset_4195.in,0.18183918873081206,44.303689,31.498522,24.197789,0.23343329971059495,1.3201549199809461,2.6389772049687577,0.02,fresh
4196,gpr_dataset_4196.in,datasets/sam-29/files/gpr_dataset_4196.in,0.23820517723049078,45.317637,37.068897,17.613466,0.16410788391589504,1.5314312704231228,2.665510882660617,0.02,fresh
4197,gpr_dataset_4197.in,datasets/sam-29/files/gpr_dataset_4197.in,0.2767521483073634,49.340937,33.046272,17.612791,0.05426302317671934,1.45254301992992,2.618078254684608,0.02,fresh
4198,gpr_dataset_4198.in,datasets/sam-29/files/gpr_dataset_4198.in,0.23436052987127765,49.880821,33.408797,16.710382,0.07779532851233709,1.3326768674269993,2.601430372576124,0.02,fresh
4199,gpr_dataset_4199.in,datasets/sam-29/files/gpr_dataset_4199.in,0.4409405032620818,46.859024,26.330443,26.810533,0.11087642736784638,1.3824380150032918,2.627094114848513,0.02,fresh
4200,gpr_dataset_4200.in,datasets/sam-29/files/gpr_dataset_4200.in,0.2894109770050857,45.329065,25.293924,29.377011,0.07078933830811858,1.4663358816684982,2.646599915521951,0.02,fresh
4201,gpr_dataset_4201.in,datasets/sam-29/files/gpr_dataset_4201.in,0.16344363032974651,44.815294,27.096623,28.088083,0.24835184387717008,1.3778207206536883,2.6728659485392496,0.02,fresh
4202,gpr_dataset_4202.in,datasets/sam-29/files/gpr_dataset_4202.in,0.4597614697598619,43.887025,28.757227,27.355748,0.1932257664986205,1.478489120876239,2.6131517139698537,0.02,fresh
4203,gpr_dataset_4203.in,datasets/sam-29/files/gpr_dataset_4203.in,0.4801382492462921,39.245142,37.853289,22.901569,0.2412692771361662,1.464093561476067,2.652354596927604,0.02,fresh
4204,gpr_dataset_4204.in,datasets/sam-29/files/gpr_dataset_4204.in,0.38606059421581584,49.894507,24.689275,25.416218,0.0666735959920377,1.317247656927873,2.662277619959923,0.02,fresh
4205,gpr_dataset_4205.in,datasets/sam-29/files/gpr_dataset_4205.in,0.13421747590254485,45.1122,29.571201,25.316599,0.18361881427316024,1.3381275721706665,2.6970512046450894,0.02,fresh
4206,gpr_dataset_4206.in,datasets/sam-29/files/gpr_dataset_4206.in,0.1147733514866125,36.158652,36.081933,27.759415,0.19748978674757173,1.5578943199245183,2.6603992725270187,0.02,fresh
4207,gpr_dataset_4207.in,datasets/sam-29/files/gpr_dataset_4207.in,0.27245639720320847,44.265802,37.389241,18.344957,0.061030604841712056,1.555909655206786,2.612395677529336,0.02,fresh
4208,gpr_dataset_4208.in,datasets/sam-29/files/gpr_dataset_4208.in,0.15147966827221482,42.912379,35.68886,21.398761,0.08091892490005946,1.5867689104876128,2.6517146927288056,0.02,fresh
4209,gpr_dataset_4209.in,datasets/sam-29/files/gpr_dataset_4209.in,0.2522301827600176,39.602162,33.627228,26.77061,0.199199803825441,1.3450658789475114,2.683679995120585,0.02,fresh
4210,gpr_dataset_4210.in,datasets/sam-29/files/gpr_dataset_4210.in,0.47506636619140685,48.939788,33.715143,17.345069,0.0719966319753323,1.449680079925277,2.6665774624570466,0.02,fresh
4211,gpr_dataset_4211.in,datasets/sam-29/files/gpr_dataset_4211.in,0.47005186323543413,39.767967,35.355905,24.876128,0.22171986453053594,1.4035186275252751,2.6203006131526783,0.02,fresh
4212,gpr_dataset_4212.in,datasets/sam-29/files/gpr_dataset_4212.in,0.3524674210375064,47.872215,24.573032,27.554753,0.20752331188184975,1.3876596318016379,2.6503110941555716,0.02,fresh
4213,gpr_dataset_4213.in,datasets/sam-29/files/gpr_dataset_4213.in,0.4948792662204822,46.602393,30.324125,23.073482,0.1330593449793671,1.5115610401568798,2.6459480101502364,0.02,fresh
4214,gpr_dataset_4214.in,datasets/sam-29/files/gpr_dataset_4214.in,0.41290641432301967,47.183632,34.571482,18.244886,0.19240591053474115,1.3718837735061533,2.6736380799722497,0.02,fresh
4215,gpr_dataset_4215.in,datasets/sam-29/files/gpr_dataset_4215.in,0.34047795078568477,49.339449,28.355131,22.30542,0.057380656701501345,1.4113673325269338,2.667812180370885,0.02,fresh
4216,gpr_dataset_4216.in,datasets/sam-29/files/gpr_dataset_4216.in,0.38410554810701913,47.719068,35.152983,17.127949,0.08086600670268745,1.4067103090300779,2.686965991861373,0.02,fresh
4217,gpr_dataset_4217.in,datasets/sam-29/files/gpr_dataset_4217.in,0.11740112864359552,36.709569,37.475178,25.815253,0.18254003453938905,1.5653011469369014,2.657207343147506,0.02,fresh
4218,gpr_dataset_4218.in,datasets/sam-29/files/gpr_dataset_4218.in,0.3248023288506551,48.473404,28.26139,23.265206,0.07500207971059841,1.5165370339647335,2.625459996762321,0.02,fresh
4219,gpr_dataset_4219.in,datasets/sam-29/files/gpr_dataset_4219.in,0.11298902726875944,45.602367,28.611369,25.786264,0.11553064532644784,1.492510023849009,2.676893909982461,0.02,fresh
4220,gpr_dataset_4220.in,datasets/sam-29/files/gpr_dataset_4220.in,0.23581523215924036,38.141802,33.198507,28.659691,0.24360863728483023,1.4433840869067311,2.610492416413006,0.02,fresh
4221,gpr_dataset_4221.in,datasets/sam-29/files/gpr_dataset_4221.in,0.26749667793062515,40.735507,33.83833,25.426163,0.22984173018261744,1.565960344840846,2.633594726639036,0.02,fresh
4222,gpr_dataset_4222.in,datasets/sam-29/files/gpr_dataset_4222.in,0.18229712856472569,45.079827,39.227938,15.692235,0.07751866387940778,1.4812732310920584,2.6740387968700925,0.02,fresh
4223,gpr_dataset_4223.in,datasets/sam-29/files/gpr_dataset_4223.in,0.4625539166291416,40.974934,34.813297,24.211769,0.08185696670841455,1.4073013805481425,2.692198981265147,0.02,fresh
4224,gpr_dataset_4224.in,datasets/sam-29/files/gpr_dataset_4224.in,0.4113063376636994,47.309852,23.284424,29.405724,0.1123935609067964,1.3143760682090933,2.677420418593148,0.02,fresh
4225,gpr_dataset_4225.in,datasets/sam-29/files/gpr_dataset_4225.in,0.4294754414252616,41.193631,33.151006,25.655363,0.18848668444142097,1.3424334464995844,2.6153177440026694,0.02,fresh
4226,gpr_dataset_4226.in,datasets/sam-29/files/gpr_dataset_4226.in,0.35350761965992283,43.883426,35.215874,20.9007,0.10023300164199077,1.4698815140111035,2.6145101710327046,0.02,fresh
4227,gpr_dataset_4227.in,datasets/sam-29/files/gpr_dataset_4227.in,0.40537292762158716,43.596984,31.676617,24.726399,0.21059201488513346,1.3216711235667666,2.695807795699387,0.02,fresh
4228,gpr_dataset_4228.in,datasets/sam-29/files/gpr_dataset_4228.in,0.3762823687515807,48.607847,32.450106,18.942047,0.17732711447517047,1.524445252559846,2.665823043978481,0.02,fresh
4229,gpr_dataset_4229.in,datasets/sam-29/files/gpr_dataset_4229.in,0.32656627370114577,45.263752,36.561653,18.174595,0.23177327834918737,1.5312127085479321,2.635019275662507,0.02,fresh
4230,gpr_dataset_4230.in,datasets/sam-29/files/gpr_dataset_4230.in,0.13447695263102846,34.743637,35.406804,29.849559,0.15099747444365189,1.5263002075575591,2.6271629473610028,0.02,fresh
4231,gpr_dataset_4231.in,datasets/sam-29/files/gpr_dataset_4231.in,0.3558426938357303,34.420026,39.759423,25.820551,0.08158645733951114,1.5065951017400405,2.613210414824306,0.02,fresh
4232,gpr_dataset_4232.in,datasets/sam-29/files/gpr_dataset_4232.in,0.23695423955347084,40.40769,37.874133,21.718177,0.21559774813777538,1.5915551707343503,2.6845367838198966,0.02,fresh
4233,gpr_dataset_4233.in,datasets/sam-29/files/gpr_dataset_4233.in,0.1711861154381088,33.282918,38.366746,28.350336,0.18387838573591492,1.3812031105302647,2.642966996868273,0.02,fresh
4234,gpr_dataset_4234.in,datasets/sam-29/files/gpr_dataset_4234.in,0.16631491112608368,44.386303,33.802561,21.811136,0.08688877863480579,1.3405397621549993,2.6420607393853137,0.02,fresh
4235,gpr_dataset_4235.in,datasets/sam-29/files/gpr_dataset_4235.in,0.216136308359448,41.376557,37.093279,21.530164,0.2250963745808477,1.3758370714731187,2.600177724289901,0.02,fresh
4236,gpr_dataset_4236.in,datasets/sam-29/files/gpr_dataset_4236.in,0.28861844193259373,46.77121,34.769158,18.459632,0.13916477800450544,1.4270879959665694,2.683058624392774,0.02,fresh
4237,gpr_dataset_4237.in,datasets/sam-29/files/gpr_dataset_4237.in,0.3089967311452285,43.580708,39.697726,16.721566,0.17455649441944326,1.457877285169579,2.632819159917346,0.02,fresh
4238,gpr_dataset_4238.in,datasets/sam-29/files/gpr_dataset_4238.in,0.46199505772833127,40.383848,34.551009,25.065143,0.23817402301107593,1.3769820246787787,2.6065562238212503,0.02,fresh
4239,gpr_dataset_4239.in,datasets/sam-29/files/gpr_dataset_4239.in,0.465535376881251,48.841482,37.191769,13.966749,0.05592814514793243,1.4742351697946172,2.626333603067234,0.02,fresh
4240,gpr_dataset_4240.in,datasets/sam-29/files/gpr_dataset_4240.in,0.33018078635750514,37.381424,39.708199,22.910377,0.13454224178655166,1.384943450103758,2.6072776528158395,0.02,fresh
4241,gpr_dataset_4241.in,datasets/sam-29/files/gpr_dataset_4241.in,0.39304647691558303,37.477853,36.165196,26.356951,0.1385990326486669,1.4350242971100122,2.668712161234582,0.02,fresh
4242,gpr_dataset_4242.in,datasets/sam-29/files/gpr_dataset_4242.in,0.2910615346299562,44.424246,35.189742,20.386012,0.21504565468261655,1.5095968471694818,2.6073085095331283,0.02,fresh
4243,gpr_dataset_4243.in,datasets/sam-29/files/gpr_dataset_4243.in,0.43377812808893335,44.001781,32.318065,23.680154,0.24872857881198918,1.5611898794716839,2.693594857034007,0.02,fresh
4244,gpr_dataset_4244.in,datasets/sam-29/files/gpr_dataset_4244.in,0.3178278146669329,48.42845,33.910516,17.661034,0.06761388554494668,1.3530889524014584,2.678781087889756,0.02,fresh
4245,gpr_dataset_4245.in,datasets/sam-29/files/gpr_dataset_4245.in,0.13524148002406117,40.582081,33.414503,26.003416,0.1372849399406321,1.5326462938431074,2.607545274095099,0.02,fresh
4246,gpr_dataset_4246.in,datasets/sam-29/files/gpr_dataset_4246.in,0.10334170417451048,47.807297,25.941707,26.250996,0.07538077744868324,1.5956074344378017,2.6969229505688856,0.02,fresh
4247,gpr_dataset_4247.in,datasets/sam-29/files/gpr_dataset_4247.in,0.4194662444371102,48.534352,32.329879,19.135769,0.13245178083573045,1.589037657078521,2.649440494806859,0.02,fresh
4248,gpr_dataset_4248.in,datasets/sam-29/files/gpr_dataset_4248.in,0.47421234526557554,47.889203,25.492378,26.618419,0.18917975689585093,1.5102636935525955,2.6437586027304736,0.02,fresh
4249,gpr_dataset_4249.in,datasets/sam-29/files/gpr_dataset_4249.in,0.11724756793151392,43.730709,33.595652,22.673639,0.21642406597237368,1.4764856189989533,2.6221608645328853,0.02,fresh
4250,gpr_dataset_4250.in,datasets/sam-29/files/gpr_dataset_4250.in,0.2579453122838894,45.642488,32.114906,22.242606,0.05223353424162043,1.4522546289379163,2.6143016944001984,0.02,fresh
4251,gpr_dataset_4251.in,datasets/sam-29/files/gpr_dataset_4251.in,0.20222034067794983,43.560424,36.264829,20.174747,0.1889736692280563,1.512138971344723,2.6527895186119856,0.02,fresh
4252,gpr_dataset_4252.in,datasets/sam-29/files/gpr_dataset_4252.in,0.4061368716325352,34.908515,39.932146,25.159339,0.15189215352500457,1.444811639856702,2.6165532420647444,0.02,fresh
4253,gpr_dataset_4253.in,datasets/sam-29/files/gpr_dataset_4253.in,0.4771341431814784,43.149096,37.100312,19.750592,0.1313225061312822,1.5863341454997792,2.6036648878875717,0.02,fresh
4254,gpr_dataset_4254.in,datasets/sam-29/files/gpr_dataset_4254.in,0.21939275900231894,44.70156,27.727382,27.571058,0.23214872950220777,1.325220054075478,2.6407760662114854,0.02,fresh
4255,gpr_dataset_4255.in,datasets/sam-29/files/gpr_dataset_4255.in,0.311063906829686,40.372331,34.707195,24.920474,0.23202351597751264,1.4252129638428535,2.661405939601232,0.02,fresh
4256,gpr_dataset_4256.in,datasets/sam-29/files/gpr_dataset_4256.in,0.27588691982346686,39.286188,36.072785,24.641027,0.17960232351000943,1.5072139239307418,2.6338238294805856,0.02,fresh
4257,gpr_dataset_4257.in,datasets/sam-29/files/gpr_dataset_4257.in,0.20885559719498428,46.54215,30.925171,22.532679,0.1623765180463406,1.342768535387043,2.647005513283949,0.02,fresh
4258,gpr_dataset_4258.in,datasets/sam-29/files/gpr_dataset_4258.in,0.25273083775504085,49.018126,26.925711,24.056163,0.21912463103102126,1.5538380206124978,2.6138588106804916,0.02,fresh
4259,gpr_dataset_4259.in,datasets/sam-29/files/gpr_dataset_4259.in,0.11881049592379984,41.864239,36.53517,21.600591,0.2486915866406874,1.3387307895487957,2.6446860782882786,0.02,fresh
4260,gpr_dataset_4260.in,datasets/sam-29/files/gpr_dataset_4260.in,0.1250881733261017,45.521331,36.641781,17.836888,0.0676744461815536,1.581210177421585,2.6488630979816343,0.02,fresh
4261,gpr_dataset_4261.in,datasets/sam-29/files/gpr_dataset_4261.in,0.31946598162712087,43.371072,33.61336,23.015568,0.10761152216358627,1.3432181027249777,2.693473661107539,0.02,fresh
4262,gpr_dataset_4262.in,datasets/sam-29/files/gpr_dataset_4262.in,0.13830320333470023,41.205093,37.284943,21.509964,0.1579812371604859,1.4204329009869243,2.636434270823451,0.02,fresh
4263,gpr_dataset_4263.in,datasets/sam-29/files/gpr_dataset_4263.in,0.21405299669546843,40.874109,30.625199,28.500692,0.19934949490931458,1.5584359639741,2.6145733367857904,0.02,fresh
4264,gpr_dataset_4264.in,datasets/sam-29/files/gpr_dataset_4264.in,0.26538122723710256,44.649782,26.475448,28.87477,0.20897804330532493,1.3794463473147398,2.6375096302568686,0.02,fresh
4265,gpr_dataset_4265.in,datasets/sam-29/files/gpr_dataset_4265.in,0.22639890354649606,42.873855,32.837218,24.288927,0.19203111457919292,1.3567342297712532,2.6007849788837043,0.02,fresh
4266,gpr_dataset_4266.in,datasets/sam-29/files/gpr_dataset_4266.in,0.170984687962505,41.299005,31.161865,27.53913,0.08088363844317291,1.4970763626628671,2.6168800802632477,0.02,fresh
4267,gpr_dataset_4267.in,datasets/sam-29/files/gpr_dataset_4267.in,0.2886405807239508,45.992794,28.724037,25.283169,0.17492874938440586,1.447621197642126,2.6144629945955633,0.02,fresh
4268,gpr_dataset_4268.in,datasets/sam-29/files/gpr_dataset_4268.in,0.45473736853988633,49.227283,26.970536,23.802181,0.11543034158627768,1.3931841738779922,2.6184297287560936,0.02,fresh
4269,gpr_dataset_4269.in,datasets/sam-29/files/gpr_dataset_4269.in,0.1661832459435807,44.98131,35.900715,19.117975,0.15182975083113653,1.560287627021268,2.633246305709923,0.02,fresh
4270,gpr_dataset_4270.in,datasets/sam-29/files/gpr_dataset_4270.in,0.16819384381141977,44.909292,27.697653,27.393055,0.1061349158445517,1.4839098488822353,2.6720462113929218,0.02,fresh
4271,gpr_dataset_4271.in,datasets/sam-29/files/gpr_dataset_4271.in,0.11482590429085256,45.896586,36.005412,18.098002,0.16928336293167892,1.5040947003407925,2.699528742996333,0.02,fresh
4272,gpr_dataset_4272.in,datasets/sam-29/files/gpr_dataset_4272.in,0.37397569957046706,42.301854,31.522956,26.17519,0.13212924164213696,1.3832876244603567,2.6781415682743797,0.02,fresh
4273,gpr_dataset_4273.in,datasets/sam-29/files/gpr_dataset_4273.in,0.3955809210153315,48.25185,30.728338,21.019812,0.16149239499746249,1.5820767874468258,2.6620749086752737,0.02,fresh
4274,gpr_dataset_4274.in,datasets/sam-29/files/gpr_dataset_4274.in,0.48859148782808814,46.931324,30.439637,22.629039,0.120482999776551,1.4316296310185863,2.6165986185250585,0.02,fresh
4275,gpr_dataset_4275.in,datasets/sam-29/files/gpr_dataset_4275.in,0.3964447438554193,42.283329,34.077942,23.638729,0.10959998404905986,1.5855100528250978,2.6066624218373935,0.02,fresh
4276,gpr_dataset_4276.in,datasets/sam-29/files/gpr_dataset_4276.in,0.2505798742169135,46.429448,36.364017,17.206535,0.23183073583067665,1.3585899977443576,2.6457540148467937,0.02,fresh
4277,gpr_dataset_4277.in,datasets/sam-29/files/gpr_dataset_4277.in,0.22702273377516083,33.348257,39.624032,27.027711,0.16663876029361946,1.5667627384860099,2.653762300190453,0.02,fresh
4278,gpr_dataset_4278.in,datasets/sam-29/files/gpr_dataset_4278.in,0.27499949982654337,45.758919,38.229394,16.011687,0.05477388666318659,1.3167835102866212,2.6571698912474946,0.02,fresh
4279,gpr_dataset_4279.in,datasets/sam-29/files/gpr_dataset_4279.in,0.40478327747814136,46.125012,35.495391,18.379597,0.18868567978810813,1.4111072449167505,2.6544107094033165,0.02,fresh
4280,gpr_dataset_4280.in,datasets/sam-29/files/gpr_dataset_4280.in,0.37856074195404954,46.631957,26.032054,27.335989,0.16158320027731898,1.5899747417463466,2.6500358803007678,0.02,fresh
4281,gpr_dataset_4281.in,datasets/sam-29/files/gpr_dataset_4281.in,0.34014744215070536,41.633787,32.89694,25.469273,0.15453823039304596,1.4578648556376035,2.6607668556075708,0.02,fresh
4282,gpr_dataset_4282.in,datasets/sam-29/files/gpr_dataset_4282.in,0.44075640488676593,36.944319,37.361515,25.694166,0.11494700120484191,1.308096551781344,2.691936169147609,0.02,fresh
4283,gpr_dataset_4283.in,datasets/sam-29/files/gpr_dataset_4283.in,0.23700558988360082,42.220227,39.670203,18.10957,0.171505976471261,1.5298651535877001,2.6214756434801187,0.02,fresh
4284,gpr_dataset_4284.in,datasets/sam-29/files/gpr_dataset_4284.in,0.38977576305666295,41.377928,30.832415,27.789657,0.22510050148030464,1.4781051911307364,2.6437496153688453,0.02,fresh
4285,gpr_dataset_4285.in,datasets/sam-29/files/gpr_dataset_4285.in,0.3065708714839772,42.995564,27.55537,29.449066,0.11628954106878148,1.5712437921035776,2.6189632265419034,0.02,fresh
4286,gpr_dataset_4286.in,datasets/sam-29/files/gpr_dataset_4286.in,0.2986447489885645,42.06728,37.267475,20.665245,0.09022111427332623,1.326010098721548,2.6710552265133125,0.02,fresh
4287,gpr_dataset_4287.in,datasets/sam-29/files/gpr_dataset_4287.in,0.12493108614139842,38.598815,32.48364,28.917545,0.24297048341776745,1.5916379895804211,2.621001346799267,0.02,fresh
4288,gpr_dataset_4288.in,datasets/sam-29/files/gpr_dataset_4288.in,0.26550291608254817,47.484124,32.855082,19.660794,0.19554578535941797,1.3787523539705873,2.616748760740111,0.02,fresh
4289,gpr_dataset_4289.in,datasets/sam-29/files/gpr_dataset_4289.in,0.29224172315202634,46.760114,29.784259,23.455627,0.16412233303742968,1.511250842992131,2.6114266567722524,0.02,fresh
4290,gpr_dataset_4290.in,datasets/sam-29/files/gpr_dataset_4290.in,0.24449483402930788,38.974831,37.666806,23.358363,0.15741640868094608,1.4151316033580454,2.608449260031424,0.02,fresh
4291,gpr_dataset_4291.in,datasets/sam-29/files/gpr_dataset_4291.in,0.16764537031002194,43.650443,27.790626,28.558931,0.16474087687621614,1.3858625580310895,2.6160438597953424,0.02,fresh
4292,gpr_dataset_4292.in,datasets/sam-29/files/gpr_dataset_4292.in,0.1978125846214113,44.242294,29.575287,26.182419,0.12299008100430586,1.5510660208538116,2.6977572456796204,0.02,fresh
4293,gpr_dataset_4293.in,datasets/sam-29/files/gpr_dataset_4293.in,0.3261870963793486,34.432954,38.375165,27.191881,0.19777529724029963,1.3150960321227103,2.6667030787788666,0.02,fresh
4294,gpr_dataset_4294.in,datasets/sam-29/files/gpr_dataset_4294.in,0.26528134233020206,48.221461,28.752867,23.025672,0.1632390575734956,1.560046742896633,2.618407956938552,0.02,fresh
4295,gpr_dataset_4295.in,datasets/sam-29/files/gpr_dataset_4295.in,0.43225296453818673,44.946967,27.260169,27.792864,0.17757493712290656,1.5753301371643067,2.670861170671923,0.02,fresh
4296,gpr_dataset_4296.in,datasets/sam-29/files/gpr_dataset_4296.in,0.39917883733700565,42.615312,33.272175,24.112513,0.24954786098976295,1.3129855700348882,2.632162363722238,0.02,fresh
4297,gpr_dataset_4297.in,datasets/sam-29/files/gpr_dataset_4297.in,0.39460157122520956,46.499541,34.537607,18.962852,0.12953728445761453,1.423711647594893,2.666834621332594,0.02,fresh
4298,gpr_dataset_4298.in,datasets/sam-29/files/gpr_dataset_4298.in,0.1809599645058355,43.779998,38.681077,17.538925,0.09314695901933841,1.388924067200745,2.6298654425996864,0.02,fresh
4299,gpr_dataset_4299.in,datasets/sam-29/files/gpr_dataset_4299.in,0.20159928513993308,44.496281,38.786858,16.716861,0.1295969599444478,1.3130211061378807,2.639125953193546,0.02,fresh
4300,gpr_dataset_4300.in,datasets/sam-29/files/gpr_dataset_4300.in,0.4924981671863402,42.775264,37.839185,19.385551,0.1076816440961732,1.5668082845058309,2.642972448494636,0.02,fresh
4301,gpr_dataset_4301.in,datasets/sam-29/files/gpr_dataset_4301.in,0.3731153363984825,43.135129,31.398537,25.466334,0.1679864564949472,1.5886398657992782,2.6275042737751644,0.02,fresh
4302,gpr_dataset_4302.in,datasets/sam-29/files/gpr_dataset_4302.in,0.41837816830964514,43.96809,37.520168,18.511742,0.12487942066465663,1.4734230117267768,2.6348044637661796,0.02,fresh
4303,gpr_dataset_4303.in,datasets/sam-29/files/gpr_dataset_4303.in,0.4473906425941455,37.228963,35.64856,27.122477,0.20646307732619767,1.473081342674793,2.640241090525475,0.02,fresh
4304,gpr_dataset_4304.in,datasets/sam-29/files/gpr_dataset_4304.in,0.4527323754777446,43.459726,32.324372,24.215902,0.0884618177255117,1.398707893987254,2.6457259476283554,0.02,fresh
4305,gpr_dataset_4305.in,datasets/sam-29/files/gpr_dataset_4305.in,0.35447153473839776,39.913396,31.35145,28.735154,0.23039020936074867,1.5236831651201437,2.632481543393339,0.02,fresh
4306,gpr_dataset_4306.in,datasets/sam-29/files/gpr_dataset_4306.in,0.16000253267861542,43.756815,35.320026,20.923159,0.10386739804264578,1.511494525917947,2.6107543666407222,0.02,fresh
4307,gpr_dataset_4307.in,datasets/sam-29/files/gpr_dataset_4307.in,0.3775129298416037,45.474008,32.615829,21.910163,0.19090222683863123,1.3734491508485462,2.6423570623866155,0.02,fresh
4308,gpr_dataset_4308.in,datasets/sam-29/files/gpr_dataset_4308.in,0.48785598885151826,49.184443,35.172576,15.642981,0.17911071465730605,1.5842200000780369,2.61395597809315,0.02,fresh
4309,gpr_dataset_4309.in,datasets/sam-29/files/gpr_dataset_4309.in,0.2794618904362066,49.105507,32.83281,18.061683,0.11806828869038997,1.3067454139771968,2.684588572639976,0.02,fresh
4310,gpr_dataset_4310.in,datasets/sam-29/files/gpr_dataset_4310.in,0.30439564885717973,44.967418,32.703537,22.329045,0.11139197874595066,1.423901406622626,2.641699271605459,0.02,fresh
4311,gpr_dataset_4311.in,datasets/sam-29/files/gpr_dataset_4311.in,0.23096433289802323,42.790448,32.445262,24.76429,0.14605720161973784,1.3946311830693914,2.6975434798170594,0.02,fresh
4312,gpr_dataset_4312.in,datasets/sam-29/files/gpr_dataset_4312.in,0.18341333805793286,42.493293,32.631509,24.875198,0.15240281225646318,1.42167803045035,2.6102608583057783,0.02,fresh
4313,gpr_dataset_4313.in,datasets/sam-29/files/gpr_dataset_4313.in,0.23372533210979093,43.963204,29.390898,26.645898,0.06829328846999386,1.5789940737996515,2.6670779182018465,0.02,fresh
4314,gpr_dataset_4314.in,datasets/sam-29/files/gpr_dataset_4314.in,0.3032478424643903,45.581388,28.225389,26.193223,0.13061516447084953,1.4523091126988807,2.643234122314785,0.02,fresh
4315,gpr_dataset_4315.in,datasets/sam-29/files/gpr_dataset_4315.in,0.15578755453558335,41.74544,36.738977,21.515583,0.24966370444611197,1.3205464586735423,2.6839351529860442,0.02,fresh
4316,gpr_dataset_4316.in,datasets/sam-29/files/gpr_dataset_4316.in,0.3432453522308587,40.426403,36.125663,23.447934,0.1574880790282537,1.4330292741484654,2.676347263689749,0.02,fresh
4317,gpr_dataset_4317.in,datasets/sam-29/files/gpr_dataset_4317.in,0.24195029204208618,49.11518,28.785108,22.099712,0.09571308454034921,1.5386916582288763,2.695973643072727,0.02,fresh
4318,gpr_dataset_4318.in,datasets/sam-29/files/gpr_dataset_4318.in,0.1158123578107106,36.430803,39.926407,23.64279,0.09775163265599743,1.417313210948144,2.6802585474637914,0.02,fresh
4319,gpr_dataset_4319.in,datasets/sam-29/files/gpr_dataset_4319.in,0.19564503142969425,41.31114,28.704459,29.984401,0.21733917751980214,1.3847373520982693,2.6425463570745187,0.02,fresh
4320,gpr_dataset_4320.in,datasets/sam-29/files/gpr_dataset_4320.in,0.14191305885676606,45.246983,32.349607,22.40341,0.18017040243815408,1.500158689877918,2.659771916534599,0.02,fresh
4321,gpr_dataset_4321.in,datasets/sam-29/files/gpr_dataset_4321.in,0.44311359406073303,41.077825,31.068163,27.854012,0.24924612757930692,1.320565944223175,2.698781271244664,0.02,fresh
4322,gpr_dataset_4322.in,datasets/sam-29/files/gpr_dataset_4322.in,0.23818403188119774,47.110301,34.206548,18.683151,0.24401791036477422,1.4039729402214556,2.667885890462548,0.02,fresh
4323,gpr_dataset_4323.in,datasets/sam-29/files/gpr_dataset_4323.in,0.13697296055145763,43.604121,27.076619,29.31926,0.15210177940259145,1.4369360097548483,2.687608267512507,0.02,fresh
4324,gpr_dataset_4324.in,datasets/sam-29/files/gpr_dataset_4324.in,0.15418413247453683,41.526998,38.521107,19.951895,0.11343632188536508,1.4078516839612438,2.656613499279619,0.02,fresh
4325,gpr_dataset_4325.in,datasets/sam-29/files/gpr_dataset_4325.in,0.1571401912680498,46.54488,38.405445,15.049675,0.08817495136896368,1.3274204157273057,2.6091797876368443,0.02,fresh
4326,gpr_dataset_4326.in,datasets/sam-29/files/gpr_dataset_4326.in,0.29756733057550155,43.573576,35.347003,21.079421,0.14575749022871143,1.448794798122336,2.6576269224358264,0.02,fresh
4327,gpr_dataset_4327.in,datasets/sam-29/files/gpr_dataset_4327.in,0.4777645710881334,44.899402,36.744918,18.35568,0.24230996807653526,1.499389613140682,2.626858944038288,0.02,fresh
4328,gpr_dataset_4328.in,datasets/sam-29/files/gpr_dataset_4328.in,0.12305232407362454,34.708182,37.557713,27.734105,0.065412592583067,1.5824496070183196,2.6619104225800396,0.02,fresh
4329,gpr_dataset_4329.in,datasets/sam-29/files/gpr_dataset_4329.in,0.25890449823222983,47.843326,26.41052,25.746154,0.06250732934904371,1.5372615509125178,2.6511578893647125,0.02,fresh
4330,gpr_dataset_4330.in,datasets/sam-29/files/gpr_dataset_4330.in,0.34360455462893597,44.019149,37.075833,18.905018,0.09501598741696582,1.4252958525430834,2.6425098023264555,0.02,fresh
4331,gpr_dataset_4331.in,datasets/sam-29/files/gpr_dataset_4331.in,0.34855196600266747,43.882736,39.346648,16.770616,0.07689583459467123,1.565767921071004,2.620548407050283,0.02,fresh
4332,gpr_dataset_4332.in,datasets/sam-29/files/gpr_dataset_4332.in,0.1057126952850243,45.078783,32.509955,22.411262,0.10803521158063825,1.548300978672327,2.636877091456202,0.02,fresh
4333,gpr_dataset_4333.in,datasets/sam-29/files/gpr_dataset_4333.in,0.3883538798710765,46.835393,34.245822,18.918785,0.2365356613961031,1.5430814508045747,2.6551585710547556,0.02,fresh
4334,gpr_dataset_4334.in,datasets/sam-29/files/gpr_dataset_4334.in,0.22460318906163154,43.684356,34.637336,21.678308,0.054252002603852524,1.3894302647869021,2.6666427953485745,0.02,fresh
4335,gpr_dataset_4335.in,datasets/sam-29/files/gpr_dataset_4335.in,0.3936136202868614,44.847059,31.376507,23.776434,0.17384617292467197,1.423207638170286,2.6585934938243243,0.02,fresh
4336,gpr_dataset_4336.in,datasets/sam-29/files/gpr_dataset_4336.in,0.24128683331293033,44.055229,31.531864,24.412907,0.1974593187052575,1.4635909341640603,2.6404210519319578,0.02,fresh
4337,gpr_dataset_4337.in,datasets/sam-29/files/gpr_dataset_4337.in,0.3998364241805753,38.792865,36.251518,24.955617,0.12898199269347538,1.3240289868182749,2.6311778656861846,0.02,fresh
4338,gpr_dataset_4338.in,datasets/sam-29/files/gpr_dataset_4338.in,0.20070156508770542,42.468112,38.980433,18.551455,0.12120039558697225,1.400553805199472,2.6403506295971253,0.02,fresh
4339,gpr_dataset_4339.in,datasets/sam-29/files/gpr_dataset_4339.in,0.11693297558544376,45.434118,27.262833,27.303049,0.1768640597757073,1.53143805554567,2.616705846297585,0.02,fresh
4340,gpr_dataset_4340.in,datasets/sam-29/files/gpr_dataset_4340.in,0.10220311873000375,47.823925,26.185184,25.990891,0.1791014154912775,1.4516219086246922,2.6273082756197303,0.02,fresh
4341,gpr_dataset_4341.in,datasets/sam-29/files/gpr_dataset_4341.in,0.13545802294707987,47.094623,29.854938,23.050439,0.13623475330970936,1.4455301888828667,2.6412604642097195,0.02,fresh
4342,gpr_dataset_4342.in,datasets/sam-29/files/gpr_dataset_4342.in,0.16701888930347292,39.459404,39.065766,21.47483,0.15788319419815633,1.4627575088572307,2.6251117939397215,0.02,fresh
4343,gpr_dataset_4343.in,datasets/sam-29/files/gpr_dataset_4343.in,0.12544021214724235,39.703527,36.276284,24.020189,0.17279131797895103,1.3394649735628443,2.664807291665911,0.02,fresh
4344,gpr_dataset_4344.in,datasets/sam-29/files/gpr_dataset_4344.in,0.4432236470994023,46.794308,28.100216,25.105476,0.16325995167928997,1.343151126780724,2.6757096199643,0.02,fresh
4345,gpr_dataset_4345.in,datasets/sam-29/files/gpr_dataset_4345.in,0.4023630762252163,34.805632,37.108311,28.086057,0.10297497961442298,1.3450131786412116,2.685410489319651,0.02,fresh
4346,gpr_dataset_4346.in,datasets/sam-29/files/gpr_dataset_4346.in,0.3801549980642799,45.488475,26.470704,28.040821,0.14654186009093356,1.4134456450676298,2.625831813628894,0.02,fresh
4347,gpr_dataset_4347.in,datasets/sam-29/files/gpr_dataset_4347.in,0.19889996620352002,41.538516,34.122839,24.338645,0.08893795725118403,1.5450799382030078,2.607365200893221,0.02,fresh
4348,gpr_dataset_4348.in,datasets/sam-29/files/gpr_dataset_4348.in,0.3427919253922366,37.461929,37.150393,25.387678,0.08019585443619698,1.4944355975023338,2.645845799487617,0.02,fresh
4349,gpr_dataset_4349.in,datasets/sam-29/files/gpr_dataset_4349.in,0.28436036088949035,46.169577,35.829261,18.001162,0.2233437311356083,1.5675019300706547,2.689102761499129,0.02,fresh
4350,gpr_dataset_4350.in,datasets/sam-29/files/gpr_dataset_4350.in,0.15891875465195066,43.200351,32.580337,24.219312,0.10201612558819913,1.596679994539705,2.6292023481004265,0.02,fresh
4351,gpr_dataset_4351.in,datasets/sam-29/files/gpr_dataset_4351.in,0.3115315087709785,48.44906,28.888008,22.662932,0.1755701254038881,1.3362540364440427,2.6935930214651744,0.02,fresh
4352,gpr_dataset_4352.in,datasets/sam-29/files/gpr_dataset_4352.in,0.43982031754328776,43.544443,30.480872,25.974685,0.17325875409305297,1.487999041444234,2.6506511066558276,0.02,fresh
4353,gpr_dataset_4353.in,datasets/sam-29/files/gpr_dataset_4353.in,0.1378338101998093,46.638619,33.72867,19.632711,0.1326295743666961,1.3814876966033287,2.6526399299222514,0.02,fresh
4354,gpr_dataset_4354.in,datasets/sam-29/files/gpr_dataset_4354.in,0.4570386839532695,44.814024,34.341834,20.844142,0.18838398829653785,1.3177177338967738,2.633267776528342,0.02,fresh
4355,gpr_dataset_4355.in,datasets/sam-29/files/gpr_dataset_4355.in,0.18503302431264795,48.4341,26.605262,24.960638,0.15385117098431134,1.4615663606879248,2.671508830038333,0.02,fresh
4356,gpr_dataset_4356.in,datasets/sam-29/files/gpr_dataset_4356.in,0.26606044878871954,36.294261,35.403927,28.301812,0.13388062309450427,1.4297765555439736,2.6820497823796527,0.02,fresh
4357,gpr_dataset_4357.in,datasets/sam-29/files/gpr_dataset_4357.in,0.3324314787490791,46.10603,37.402703,16.491267,0.22446812895718105,1.4529674596064615,2.632132637075446,0.02,fresh
4358,gpr_dataset_4358.in,datasets/sam-29/files/gpr_dataset_4358.in,0.22783047872597406,41.145455,33.531817,25.322728,0.16510933506637654,1.4560579849222732,2.6864908987647187,0.02,fresh
4359,gpr_dataset_4359.in,datasets/sam-29/files/gpr_dataset_4359.in,0.23324776097073735,41.601838,36.090206,22.307956,0.06767705674767899,1.3945307660264439,2.650379658847819,0.02,fresh
4360,gpr_dataset_4360.in,datasets/sam-29/files/gpr_dataset_4360.in,0.11749807373096487,39.62905,36.081598,24.289352,0.12182776006642487,1.4428498787947421,2.6030375833029025,0.02,fresh
4361,gpr_dataset_4361.in,datasets/sam-29/files/gpr_dataset_4361.in,0.3547028677105407,46.693754,37.774367,15.531879,0.15344775891738388,1.4909868380959626,2.662052274704715,0.02,fresh
4362,gpr_dataset_4362.in,datasets/sam-29/files/gpr_dataset_4362.in,0.2852643848410428,46.339537,32.763674,20.896789,0.05346195589499432,1.5697845453757213,2.6640131435350325,0.02,fresh
4363,gpr_dataset_4363.in,datasets/sam-29/files/gpr_dataset_4363.in,0.1578716788336157,41.545218,37.295777,21.159005,0.20377435958036194,1.555012014447542,2.6821966122589975,0.02,fresh
4364,gpr_dataset_4364.in,datasets/sam-29/files/gpr_dataset_4364.in,0.29114156762400767,45.7325,32.263354,22.004146,0.0760980378570466,1.4363586050915989,2.696485145357995,0.02,fresh
4365,gpr_dataset_4365.in,datasets/sam-29/files/gpr_dataset_4365.in,0.317354959263392,49.525887,25.716809,24.757304,0.07122252247206846,1.3438817054563916,2.6136117180873946,0.02,fresh
4366,gpr_dataset_4366.in,datasets/sam-29/files/gpr_dataset_4366.in,0.2918002595362097,35.417861,39.611975,24.970164,0.21509099818785138,1.3089991878984524,2.6146638947426664,0.02,fresh
4367,gpr_dataset_4367.in,datasets/sam-29/files/gpr_dataset_4367.in,0.40813726263573713,41.322248,39.654476,19.023276,0.22997973898359264,1.5790813734643678,2.6567318135338858,0.02,fresh
4368,gpr_dataset_4368.in,datasets/sam-29/files/gpr_dataset_4368.in,0.23524244965906038,46.298757,31.897938,21.803305,0.0675986795817124,1.4816827293816641,2.6564947647378707,0.02,fresh
4369,gpr_dataset_4369.in,datasets/sam-29/files/gpr_dataset_4369.in,0.14662931482466926,48.883083,24.954094,26.162823,0.08348506878018591,1.5415357936304486,2.6943447181814646,0.02,fresh
4370,gpr_dataset_4370.in,datasets/sam-29/files/gpr_dataset_4370.in,0.1877202081822568,48.686635,32.134486,19.178879,0.1962062630490089,1.5171340824780255,2.669225062594873,0.02,fresh
4371,gpr_dataset_4371.in,datasets/sam-29/files/gpr_dataset_4371.in,0.2633443219661269,47.142962,29.470018,23.38702,0.10189916122912085,1.3952023064980874,2.695081154614666,0.02,fresh
4372,gpr_dataset_4372.in,datasets/sam-29/files/gpr_dataset_4372.in,0.17511202247320146,38.307973,36.64618,25.045847,0.09656755068090546,1.59285729740952,2.661045084903528,0.02,fresh
4373,gpr_dataset_4373.in,datasets/sam-29/files/gpr_dataset_4373.in,0.44730495794404046,48.633288,27.358499,24.008213,0.22503785495845163,1.3103271766032865,2.6517683280604074,0.02,fresh
4374,gpr_dataset_4374.in,datasets/sam-29/files/gpr_dataset_4374.in,0.24692926269777826,34.62936,36.028296,29.342344,0.09559422637765463,1.583623435797038,2.619612218753244,0.02,fresh
4375,gpr_dataset_4375.in,datasets/sam-29/files/gpr_dataset_4375.in,0.414155789546655,43.025016,28.004544,28.97044,0.22194701082925922,1.4760376087284535,2.6971008473347315,0.02,fresh
4376,gpr_dataset_4376.in,datasets/sam-29/files/gpr_dataset_4376.in,0.39296693033007324,36.128581,37.596344,26.275075,0.2368411753710447,1.4954915272343077,2.6523136195314367,0.02,fresh
4377,gpr_dataset_4377.in,datasets/sam-29/files/gpr_dataset_4377.in,0.11471378927973364,49.56613,32.599932,17.833938,0.21918019706083852,1.5546560494589006,2.6344125110318397,0.02,fresh
4378,gpr_dataset_4378.in,datasets/sam-29/files/gpr_dataset_4378.in,0.3987626269352713,47.77669,34.190324,18.032986,0.22777568140834153,1.5668776878296056,2.6842385034578835,0.02,fresh
4379,gpr_dataset_4379.in,datasets/sam-29/files/gpr_dataset_4379.in,0.17431545399024195,44.365255,28.931571,26.703174,0.10818240383013714,1.4062796255521584,2.665711701245124,0.02,fresh
4380,gpr_dataset_4380.in,datasets/sam-29/files/gpr_dataset_4380.in,0.40276068745243265,42.528345,32.947364,24.524291,0.055242887010481814,1.4174224439050653,2.6737875731588048,0.02,fresh
4381,gpr_dataset_4381.in,datasets/sam-29/files/gpr_dataset_4381.in,0.3942614721849237,42.370763,30.710067,26.91917,0.20523712297072189,1.5087167061616813,2.675673431762305,0.02,fresh
4382,gpr_dataset_4382.in,datasets/sam-29/files/gpr_dataset_4382.in,0.1991329142693944,46.538762,30.589975,22.871263,0.08909464906690619,1.370695260032428,2.692588135539468,0.02,fresh
4383,gpr_dataset_4383.in,datasets/sam-29/files/gpr_dataset_4383.in,0.3899826021070356,43.146144,33.815849,23.038007,0.09542320904604312,1.5499234555912167,2.6138936054115907,0.02,fresh
4384,gpr_dataset_4384.in,datasets/sam-29/files/gpr_dataset_4384.in,0.238343023247921,36.536533,37.615364,25.848103,0.08362120827816685,1.5698313459956914,2.6970822089747104,0.02,fresh
4385,gpr_dataset_4385.in,datasets/sam-29/files/gpr_dataset_4385.in,0.4095577257813794,44.778316,38.611831,16.609853,0.14962808904183067,1.3356580749289984,2.68979518420204,0.02,fresh
4386,gpr_dataset_4386.in,datasets/sam-29/files/gpr_dataset_4386.in,0.17799019821169543,38.453545,34.206776,27.339679,0.2295053614198556,1.3867797241876225,2.6055533320264055,0.02,fresh
4387,gpr_dataset_4387.in,datasets/sam-29/files/gpr_dataset_4387.in,0.3628577794787886,46.321193,35.490596,18.188211,0.06983068215606242,1.4622985799904624,2.62740612415677,0.02,fresh
4388,gpr_dataset_4388.in,datasets/sam-29/files/gpr_dataset_4388.in,0.196773564128574,37.017951,36.274133,26.707916,0.23194435174678396,1.5411108804444489,2.653455550570791,0.02,fresh
4389,gpr_dataset_4389.in,datasets/sam-29/files/gpr_dataset_4389.in,0.18507669910349833,46.147456,38.131417,15.721127,0.17816808082344227,1.3643340206908627,2.6549205492908254,0.02,fresh
4390,gpr_dataset_4390.in,datasets/sam-29/files/gpr_dataset_4390.in,0.2798019480992613,47.083158,23.844061,29.072781,0.17711112324554362,1.305104563068636,2.69836207760156,0.02,fresh
4391,gpr_dataset_4391.in,datasets/sam-29/files/gpr_dataset_4391.in,0.33244715626861293,42.091789,33.508789,24.399422,0.23665843870199776,1.3102084188936391,2.656349094544537,0.02,fresh
4392,gpr_dataset_4392.in,datasets/sam-29/files/gpr_dataset_4392.in,0.13625692830905753,46.731566,39.738925,13.529509,0.08212498489526379,1.5139951018823892,2.6428782767785597,0.02,fresh
4393,gpr_dataset_4393.in,datasets/sam-29/files/gpr_dataset_4393.in,0.41606533767579645,41.362223,39.372191,19.265586,0.16165778192138852,1.5814177984790192,2.6486762816885374,0.02,fresh
4394,gpr_dataset_4394.in,datasets/sam-29/files/gpr_dataset_4394.in,0.4033184911666584,48.038343,34.666582,17.295075,0.21275985452783402,1.5536736321508466,2.6348583674613564,0.02,fresh
4395,gpr_dataset_4395.in,datasets/sam-29/files/gpr_dataset_4395.in,0.12051562456839378,42.905052,37.14037,19.954578,0.21769144149034347,1.49257348065887,2.632466929225736,0.02,fresh
4396,gpr_dataset_4396.in,datasets/sam-29/files/gpr_dataset_4396.in,0.11419017188816004,46.071203,24.480951,29.447846,0.19473190879334856,1.4222546078806864,2.667194891137106,0.02,fresh
4397,gpr_dataset_4397.in,datasets/sam-29/files/gpr_dataset_4397.in,0.4431164621506861,40.503835,33.799099,25.697066,0.12437476721508023,1.4797697616291077,2.692438812775007,0.02,fresh
4398,gpr_dataset_4398.in,datasets/sam-29/files/gpr_dataset_4398.in,0.46912664205634813,45.381082,39.226247,15.392671,0.08762057008564486,1.516909731872788,2.6047146128806307,0.02,fresh
4399,gpr_dataset_4399.in,datasets/sam-29/files/gpr_dataset_4399.in,0.2225505888726667,38.08776,35.362956,26.549284,0.12861014384884273,1.4232905865138177,2.6029192172593754,0.02,fresh
4400,gpr_dataset_4400.in,datasets/sam-29/files/gpr_dataset_4400.in,0.48481849164446345,42.959899,29.966038,27.074063,0.20453528590214937,1.371538513562099,2.616051005129548,0.02,fresh
4401,gpr_dataset_4401.in,datasets/sam-29/files/gpr_dataset_4401.in,0.4356784285780758,42.213406,31.657201,26.129393,0.22693363895556717,1.433051018162947,2.6011118902213664,0.02,fresh
4402,gpr_dataset_4402.in,datasets/sam-29/files/gpr_dataset_4402.in,0.4639940185809541,47.522501,35.695583,16.781916,0.1066669940509477,1.5940958213663432,2.639115160924894,0.02,fresh
4403,gpr_dataset_4403.in,datasets/sam-29/files/gpr_dataset_4403.in,0.27341817024157966,49.539871,35.049604,15.410525,0.22079900421072246,1.310677952154513,2.6146534806877146,0.02,fresh
4404,gpr_dataset_4404.in,datasets/sam-29/files/gpr_dataset_4404.in,0.4999750164189205,43.386181,36.227805,20.386014,0.18315910823825515,1.5389637200593886,2.6057033781600194,0.02,fresh
4405,gpr_dataset_4405.in,datasets/sam-29/files/gpr_dataset_4405.in,0.10678640447725832,46.681003,32.755387,20.56361,0.07877363968161454,1.4356362012323178,2.668491201317605,0.02,fresh
4406,gpr_dataset_4406.in,datasets/sam-29/files/gpr_dataset_4406.in,0.11825666438502092,39.64015,36.756207,23.603643,0.09559829302753452,1.5376101192301215,2.6222464701803423,0.02,fresh
4407,gpr_dataset_4407.in,datasets/sam-29/files/gpr_dataset_4407.in,0.24297805276875462,36.9228,38.541318,24.535882,0.18767109861749526,1.589659981954892,2.694617818735334,0.02,fresh
4408,gpr_dataset_4408.in,datasets/sam-29/files/gpr_dataset_4408.in,0.22206409434963004,45.135307,33.611391,21.253302,0.09117199704433482,1.5617095455274896,2.6467422362395987,0.02,fresh
4409,gpr_dataset_4409.in,datasets/sam-29/files/gpr_dataset_4409.in,0.47529437104137895,41.955096,29.06797,28.976934,0.08787624700636304,1.405051884937375,2.6184822709173927,0.02,fresh
4410,gpr_dataset_4410.in,datasets/sam-29/files/gpr_dataset_4410.in,0.39639890052221993,44.206677,36.941176,18.852147,0.18915817808405755,1.46502013920657,2.6889477518403093,0.02,fresh
4411,gpr_dataset_4411.in,datasets/sam-29/files/gpr_dataset_4411.in,0.37749508384041,43.18627,37.711665,19.102065,0.13007328022541492,1.3408226315143845,2.644280767564885,0.02,fresh
4412,gpr_dataset_4412.in,datasets/sam-29/files/gpr_dataset_4412.in,0.4869842061144075,47.133044,35.604641,17.262315,0.08203278489393825,1.5024652882243075,2.6278453159362902,0.02,fresh
4413,gpr_dataset_4413.in,datasets/sam-29/files/gpr_dataset_4413.in,0.12745821987253378,45.63825,26.63556,27.72619,0.06247435978336305,1.4606985629005975,2.690036741600107,0.02,fresh
4414,gpr_dataset_4414.in,datasets/sam-29/files/gpr_dataset_4414.in,0.4240557166823863,42.947506,33.834115,23.218379,0.1874122191011593,1.4198263517344805,2.667315167491795,0.02,fresh
4415,gpr_dataset_4415.in,datasets/sam-29/files/gpr_dataset_4415.in,0.15078133801560178,48.229846,39.082423,12.687731,0.2317347242090395,1.5704034313856605,2.6220521293163066,0.02,fresh
4416,gpr_dataset_4416.in,datasets/sam-29/files/gpr_dataset_4416.in,0.4830591506439539,39.134164,35.107731,25.758105,0.16280869820256805,1.4367259329146238,2.6436810994050046,0.02,fresh
4417,gpr_dataset_4417.in,datasets/sam-29/files/gpr_dataset_4417.in,0.34750584382148425,44.681276,25.992045,29.326679,0.23782253885715915,1.3050149253837637,2.6931096173254314,0.02,fresh
4418,gpr_dataset_4418.in,datasets/sam-29/files/gpr_dataset_4418.in,0.49959303404952204,42.315989,37.244552,20.439459,0.15788930842963236,1.5294542659618173,2.6310407619712746,0.02,fresh
4419,gpr_dataset_4419.in,datasets/sam-29/files/gpr_dataset_4419.in,0.4981005480219548,48.559016,24.055247,27.385737,0.24437542211822216,1.5229060436009951,2.6636783342380888,0.02,fresh
4420,gpr_dataset_4420.in,datasets/sam-29/files/gpr_dataset_4420.in,0.4133287621578646,41.005034,39.723672,19.271294,0.20726697245115966,1.3028679450213962,2.665480501830582,0.02,fresh
4421,gpr_dataset_4421.in,datasets/sam-29/files/gpr_dataset_4421.in,0.13261605854109906,41.075207,39.106806,19.817987,0.1974412138886112,1.369994541443105,2.6930629952842144,0.02,fresh
4422,gpr_dataset_4422.in,datasets/sam-29/files/gpr_dataset_4422.in,0.26613228194777405,49.503594,39.31835,11.178056,0.06604310156876517,1.4665165217150498,2.610555098119184,0.02,fresh
4423,gpr_dataset_4423.in,datasets/sam-29/files/gpr_dataset_4423.in,0.14119612467307882,32.811453,38.57725,28.611297,0.21982457550463486,1.363739328570712,2.619129261178009,0.02,fresh
4424,gpr_dataset_4424.in,datasets/sam-29/files/gpr_dataset_4424.in,0.4675945866213861,49.875168,35.497346,14.627486,0.2483847380929447,1.4463795054854947,2.6860743299589025,0.02,fresh
4425,gpr_dataset_4425.in,datasets/sam-29/files/gpr_dataset_4425.in,0.2594481630109232,40.934428,30.358335,28.707237,0.08217676124159798,1.3133132443139528,2.6437915545985193,0.02,fresh
4426,gpr_dataset_4426.in,datasets/sam-29/files/gpr_dataset_4426.in,0.4914887842146014,45.08585,28.245903,26.668247,0.08515372712850128,1.5864016425912757,2.661345017006788,0.02,fresh
4427,gpr_dataset_4427.in,datasets/sam-29/files/gpr_dataset_4427.in,0.14398169307202338,42.443898,32.904983,24.651119,0.1458388049053977,1.5097171785365882,2.649920534053695,0.02,fresh
4428,gpr_dataset_4428.in,datasets/sam-29/files/gpr_dataset_4428.in,0.36242227363363144,49.399655,38.968769,11.631576,0.051447993741789794,1.331517560977575,2.6686819893023386,0.02,fresh
4429,gpr_dataset_4429.in,datasets/sam-29/files/gpr_dataset_4429.in,0.2871188771568381,40.957501,32.474767,26.567732,0.09653223437859702,1.428430545688336,2.6584615856907883,0.02,fresh
4430,gpr_dataset_4430.in,datasets/sam-29/files/gpr_dataset_4430.in,0.4530697405738483,43.449112,35.59474,20.956148,0.1354778655116108,1.3227939956303179,2.6558377689514,0.02,fresh
4431,gpr_dataset_4431.in,datasets/sam-29/files/gpr_dataset_4431.in,0.45716554808746523,45.75377,39.461356,14.784874,0.17521901084610292,1.4584642720590637,2.6621885077602103,0.02,fresh
4432,gpr_dataset_4432.in,datasets/sam-29/files/gpr_dataset_4432.in,0.4625718313466525,40.359943,37.922366,21.717691,0.09307580805177436,1.5346785667702791,2.633734902253863,0.02,fresh
4433,gpr_dataset_4433.in,datasets/sam-29/files/gpr_dataset_4433.in,0.35584041651419107,44.719171,32.972635,22.308194,0.1626850630868151,1.5720150667079151,2.606535145173559,0.02,fresh
4434,gpr_dataset_4434.in,datasets/sam-29/files/gpr_dataset_4434.in,0.4080629316393115,41.854352,33.635711,24.509937,0.22449734948083622,1.3144974887235694,2.624330566825787,0.02,fresh
4435,gpr_dataset_4435.in,datasets/sam-29/files/gpr_dataset_4435.in,0.11665988441252223,48.774007,31.107413,20.11858,0.15655535277206406,1.4874567677287764,2.668688664694664,0.02,fresh
4436,gpr_dataset_4436.in,datasets/sam-29/files/gpr_dataset_4436.in,0.3691152629411395,45.420006,33.256058,21.323936,0.2048152316847796,1.5036928848748872,2.62225763327152,0.02,fresh
4437,gpr_dataset_4437.in,datasets/sam-29/files/gpr_dataset_4437.in,0.38553440295252284,41.704802,35.236508,23.05869,0.09265857252089436,1.3729532503798472,2.6621545301308798,0.02,fresh
4438,gpr_dataset_4438.in,datasets/sam-29/files/gpr_dataset_4438.in,0.2446537912035682,47.554356,28.46688,23.978764,0.18305625822622568,1.4312511335461533,2.6936159115614373,0.02,fresh
4439,gpr_dataset_4439.in,datasets/sam-29/files/gpr_dataset_4439.in,0.3510810307203549,40.433157,31.578245,27.988598,0.05883426037159448,1.3134699413851043,2.647218791650903,0.02,fresh
4440,gpr_dataset_4440.in,datasets/sam-29/files/gpr_dataset_4440.in,0.49355566273273765,41.978447,33.011001,25.010552,0.13536892017054453,1.4409746745630034,2.635647825564078,0.02,fresh
4441,gpr_dataset_4441.in,datasets/sam-29/files/gpr_dataset_4441.in,0.18025407106742974,45.508104,27.599538,26.892358,0.16195092896426735,1.4508531366875255,2.6693179450017186,0.02,fresh
4442,gpr_dataset_4442.in,datasets/sam-29/files/gpr_dataset_4442.in,0.46767670047375454,47.263839,31.342871,21.39329,0.0627332792232636,1.518698765666583,2.6295875685373593,0.02,fresh
4443,gpr_dataset_4443.in,datasets/sam-29/files/gpr_dataset_4443.in,0.4259939782027138,43.063243,28.628721,28.308036,0.2072519673634921,1.4169319803329357,2.6889890098950073,0.02,fresh
4444,gpr_dataset_4444.in,datasets/sam-29/files/gpr_dataset_4444.in,0.34618223413001037,47.946931,33.087921,18.965148,0.0704538987796459,1.506899548969972,2.682750617916827,0.02,fresh
4445,gpr_dataset_4445.in,datasets/sam-29/files/gpr_dataset_4445.in,0.4312338572624479,46.366681,30.211697,23.421622,0.14944118978042079,1.5631129858394377,2.6080409839489436,0.02,fresh
4446,gpr_dataset_4446.in,datasets/sam-29/files/gpr_dataset_4446.in,0.24125973239439671,46.716921,32.231275,21.051804,0.15217229993076078,1.595767691623779,2.6624876216873674,0.02,fresh
4447,gpr_dataset_4447.in,datasets/sam-29/files/gpr_dataset_4447.in,0.48647930731333766,40.718904,36.526739,22.754357,0.13737525588003224,1.561821857207526,2.685018883755147,0.02,fresh
4448,gpr_dataset_4448.in,datasets/sam-29/files/gpr_dataset_4448.in,0.14963896361634152,49.635272,38.997132,11.367596,0.07815740281093009,1.3698128488770887,2.6684248959961496,0.02,fresh
4449,gpr_dataset_4449.in,datasets/sam-29/files/gpr_dataset_4449.in,0.26453185624132536,39.842376,31.843075,28.314549,0.1256164292991067,1.315895909234898,2.672161002978276,0.02,fresh
4450,gpr_dataset_4450.in,datasets/sam-29/files/gpr_dataset_4450.in,0.43148312557295265,41.223827,34.901095,23.875078,0.17632647074436386,1.4806683034992674,2.642337872939093,0.02,fresh
4451,gpr_dataset_4451.in,datasets/sam-29/files/gpr_dataset_4451.in,0.2020256287878279,42.371947,28.826604,28.801449,0.22274208337120927,1.4970479049017378,2.6188908338750854,0.02,fresh
4452,gpr_dataset_4452.in,datasets/sam-29/files/gpr_dataset_4452.in,0.10489463805974131,42.485573,32.438706,25.075721,0.06661800279655286,1.5092029145997408,2.646481041411235,0.02,fresh
4453,gpr_dataset_4453.in,datasets/sam-29/files/gpr_dataset_4453.in,0.44682086485234973,45.541345,39.52187,14.936785,0.11116902999959288,1.3081261568894347,2.630352887317132,0.02,fresh
4454,gpr_dataset_4454.in,datasets/sam-29/files/gpr_dataset_4454.in,0.4389257253743154,45.172784,37.713183,17.114033,0.07752989108002327,1.4485644924286767,2.644165821514199,0.02,fresh
4455,gpr_dataset_4455.in,datasets/sam-29/files/gpr_dataset_4455.in,0.1649980829735272,37.983064,32.669702,29.347234,0.21913808479447933,1.490419273207587,2.66170100388317,0.02,fresh
4456,gpr_dataset_4456.in,datasets/sam-29/files/gpr_dataset_4456.in,0.4720753456766186,44.647194,37.487505,17.865301,0.06224661929523892,1.34266454209062,2.6250623836081917,0.02,fresh
4457,gpr_dataset_4457.in,datasets/sam-29/files/gpr_dataset_4457.in,0.3735130313599272,47.380414,35.469537,17.150049,0.20806364554799556,1.3714536234511256,2.6881658427688264,0.02,fresh
4458,gpr_dataset_4458.in,datasets/sam-29/files/gpr_dataset_4458.in,0.4433763485177916,45.543362,35.250808,19.20583,0.10490993748070557,1.4709796162348858,2.645936517712046,0.02,fresh
4459,gpr_dataset_4459.in,datasets/sam-29/files/gpr_dataset_4459.in,0.2370691736530562,42.445467,33.520976,24.033557,0.15804511119845843,1.4990815296431446,2.6169376770563657,0.02,fresh
4460,gpr_dataset_4460.in,datasets/sam-29/files/gpr_dataset_4460.in,0.43251688374306296,49.167555,33.737073,17.095372,0.05153315580112183,1.5211699214430527,2.6422282389916862,0.02,fresh
4461,gpr_dataset_4461.in,datasets/sam-29/files/gpr_dataset_4461.in,0.1374968455468741,38.712913,36.666581,24.620506,0.14169323219460778,1.4646945776978595,2.6240932499160388,0.02,fresh
4462,gpr_dataset_4462.in,datasets/sam-29/files/gpr_dataset_4462.in,0.30541184330721094,49.383481,28.924217,21.692302,0.1281029052373474,1.5874144190057526,2.6271950350575177,0.02,fresh
4463,gpr_dataset_4463.in,datasets/sam-29/files/gpr_dataset_4463.in,0.340362693111778,48.441116,28.425402,23.133482,0.08938070443594655,1.504308090746811,2.6327833337928612,0.02,fresh
4464,gpr_dataset_4464.in,datasets/sam-29/files/gpr_dataset_4464.in,0.2140690211720382,45.786336,28.047653,26.166011,0.24499997472930718,1.353419662236056,2.6921805956418168,0.02,fresh
4465,gpr_dataset_4465.in,datasets/sam-29/files/gpr_dataset_4465.in,0.43899387702278414,46.130136,32.44204,21.427824,0.1808889572871013,1.388471369649403,2.643399717881303,0.02,fresh
4466,gpr_dataset_4466.in,datasets/sam-29/files/gpr_dataset_4466.in,0.1590607238811609,46.72501,29.383466,23.891524,0.059838202772913546,1.338911584274815,2.64167422162754,0.02,fresh
4467,gpr_dataset_4467.in,datasets/sam-29/files/gpr_dataset_4467.in,0.3927862537274952,38.787508,37.357252,23.85524,0.103595629465326,1.3988980984138035,2.6633552863504626,0.02,fresh
4468,gpr_dataset_4468.in,datasets/sam-29/files/gpr_dataset_4468.in,0.4749282365539059,41.715802,30.792769,27.491429,0.12559956278855267,1.5624837188930947,2.6584064110576127,0.02,fresh
4469,gpr_dataset_4469.in,datasets/sam-29/files/gpr_dataset_4469.in,0.3922604327223216,46.87612,31.823773,21.300107,0.24142515010906812,1.3219861716313497,2.666485345307634,0.02,fresh
4470,gpr_dataset_4470.in,datasets/sam-29/files/gpr_dataset_4470.in,0.3833011020361925,41.768567,31.972486,26.258947,0.14689868455270985,1.3582901774575964,2.6916427365760214,0.02,fresh
4471,gpr_dataset_4471.in,datasets/sam-29/files/gpr_dataset_4471.in,0.13737190691763065,42.862131,34.539863,22.598006,0.20547439909506549,1.3177329350118243,2.690063009816362,0.02,fresh
4472,gpr_dataset_4472.in,datasets/sam-29/files/gpr_dataset_4472.in,0.3867213995360541,45.952874,34.061834,19.985292,0.09038815273838435,1.5238993773143032,2.6159057272181783,0.02,fresh
4473,gpr_dataset_4473.in,datasets/sam-29/files/gpr_dataset_4473.in,0.41928589995574106,41.429448,33.821031,24.749521,0.0824141345684816,1.598127155315793,2.6422476629788747,0.02,fresh
4474,gpr_dataset_4474.in,datasets/sam-29/files/gpr_dataset_4474.in,0.3537895474098265,45.786375,36.997634,17.215991,0.14189189401408087,1.5699485965176208,2.644959995373636,0.02,fresh
4475,gpr_dataset_4475.in,datasets/sam-29/files/gpr_dataset_4475.in,0.3728912106406951,41.211379,34.106237,24.682384,0.08155948668645059,1.3203253377337656,2.6235522040077064,0.02,fresh
4476,gpr_dataset_4476.in,datasets/sam-29/files/gpr_dataset_4476.in,0.27511104133556064,33.383228,39.831293,26.785479,0.12902890365614728,1.4423829387421154,2.659526101827257,0.02,fresh
4477,gpr_dataset_4477.in,datasets/sam-29/files/gpr_dataset_4477.in,0.18374202276886453,44.41755,37.03517,18.54728,0.07149664982655131,1.3412568977622406,2.6631432658968786,0.02,fresh
4478,gpr_dataset_4478.in,datasets/sam-29/files/gpr_dataset_4478.in,0.10518026056735207,43.060008,36.534996,20.404996,0.21471326619170045,1.3878933411930552,2.662555808654795,0.02,fresh
4479,gpr_dataset_4479.in,datasets/sam-29/files/gpr_dataset_4479.in,0.3039621776306307,43.520318,35.823235,20.656447,0.1787020003464192,1.4303082164718997,2.6651235392379298,0.02,fresh
4480,gpr_dataset_4480.in,datasets/sam-29/files/gpr_dataset_4480.in,0.2821550222541913,42.771857,32.891456,24.336687,0.1307716324637529,1.3955901348271993,2.601074271343623,0.02,fresh
4481,gpr_dataset_4481.in,datasets/sam-29/files/gpr_dataset_4481.in,0.11664460867514995,37.649833,35.301443,27.048724,0.10539154671467717,1.3046058191820642,2.628722946009977,0.02,fresh
4482,gpr_dataset_4482.in,datasets/sam-29/files/gpr_dataset_4482.in,0.21147031291340743,41.441875,29.656078,28.902047,0.09019438702253475,1.4633566689398976,2.6411334832625464,0.02,fresh
4483,gpr_dataset_4483.in,datasets/sam-29/files/gpr_dataset_4483.in,0.34756183597377055,37.537236,34.300261,28.162503,0.06643266590258073,1.4682797370539284,2.6894041428521476,0.02,fresh
4484,gpr_dataset_4484.in,datasets/sam-29/files/gpr_dataset_4484.in,0.28702349826929197,47.867542,36.367883,15.764575,0.18337199577964436,1.5353032326184237,2.685642167091127,0.02,fresh
4485,gpr_dataset_4485.in,datasets/sam-29/files/gpr_dataset_4485.in,0.16310531044488757,40.899925,34.290401,24.809674,0.1255356383750008,1.4613940972288293,2.6157037142374784,0.02,fresh
4486,gpr_dataset_4486.in,datasets/sam-29/files/gpr_dataset_4486.in,0.17395524321550826,46.451533,24.166062,29.382405,0.23486032829100228,1.4877987241787833,2.649816868415433,0.02,fresh
4487,gpr_dataset_4487.in,datasets/sam-29/files/gpr_dataset_4487.in,0.1949537851286677,42.854802,35.285821,21.859377,0.15101183210025115,1.4641812733301056,2.655838582786396,0.02,fresh
4488,gpr_dataset_4488.in,datasets/sam-29/files/gpr_dataset_4488.in,0.2716672397905394,48.06578,34.108643,17.825577,0.15531146580857147,1.4416548498793302,2.652635091794439,0.02,fresh
4489,gpr_dataset_4489.in,datasets/sam-29/files/gpr_dataset_4489.in,0.39345369162079036,44.649131,29.522993,25.827876,0.2247226953477281,1.5898353440677946,2.6140891108482767,0.02,fresh
4490,gpr_dataset_4490.in,datasets/sam-29/files/gpr_dataset_4490.in,0.4721305966089323,49.095887,21.563022,29.341091,0.19709718132484316,1.4598598908964615,2.6657594431947405,0.02,fresh
4491,gpr_dataset_4491.in,datasets/sam-29/files/gpr_dataset_4491.in,0.29410277033060506,34.965287,39.593537,25.441176,0.20086686776674761,1.4546563600768998,2.658742736571395,0.02,fresh
4492,gpr_dataset_4492.in,datasets/sam-29/files/gpr_dataset_4492.in,0.16956651979761705,48.760503,34.154221,17.085276,0.1282387214044769,1.5629459206109464,2.642389667032244,0.02,fresh
4493,gpr_dataset_4493.in,datasets/sam-29/files/gpr_dataset_4493.in,0.1926871372567115,41.462549,33.812633,24.724818,0.18966950332723448,1.3628357307074344,2.685667300553035,0.02,fresh
4494,gpr_dataset_4494.in,datasets/sam-29/files/gpr_dataset_4494.in,0.44436584923673694,47.568486,23.443333,28.988181,0.23439464396347715,1.441044609665094,2.655657484089982,0.02,fresh
4495,gpr_dataset_4495.in,datasets/sam-29/files/gpr_dataset_4495.in,0.14246326207006074,39.582066,36.182519,24.235415,0.20925714526943184,1.4879269919231106,2.6673285376359095,0.02,fresh
4496,gpr_dataset_4496.in,datasets/sam-29/files/gpr_dataset_4496.in,0.3262181125552095,48.881962,22.83811,28.279928,0.23623159584038655,1.4391476883200918,2.6681601214377437,0.02,fresh
4497,gpr_dataset_4497.in,datasets/sam-29/files/gpr_dataset_4497.in,0.17880951790200675,36.258533,36.610176,27.131291,0.15522819894985906,1.4855956654701687,2.6208860352559453,0.02,fresh
4498,gpr_dataset_4498.in,datasets/sam-29/files/gpr_dataset_4498.in,0.48528759614880146,42.766162,39.120073,18.113765,0.11479269973148257,1.511678000616092,2.682489693507792,0.02,fresh
4499,gpr_dataset_4499.in,datasets/sam-29/files/gpr_dataset_4499.in,0.2567872193427836,41.142392,33.577852,25.279756,0.10787588532088102,1.3527173298583741,2.6581959648565543,0.02,fresh
4500,gpr_dataset_4500.in,datasets/sam-29/files/gpr_dataset_4500.in,0.20426066970227322,40.095691,38.227353,21.676956,0.2282804092148814,1.4688447008824859,2.678064185100896,0.02,fresh
4501,gpr_dataset_4501.in,datasets/sam-29/files/gpr_dataset_4501.in,0.3378680565256005,43.919695,35.14484,20.935465,0.17310118307249317,1.3184689654590658,2.6591157309739333,0.02,fresh
4502,gpr_dataset_4502.in,datasets/sam-29/files/gpr_dataset_4502.in,0.43056561292650064,42.322539,29.542453,28.135008,0.20739319125214006,1.340428237948366,2.6539127256467787,0.02,fresh
4503,gpr_dataset_4503.in,datasets/sam-29/files/gpr_dataset_4503.in,0.27630572141987286,47.99756,36.9853,15.01714,0.18856817461795433,1.363387024466558,2.6549181274940192,0.02,fresh
4504,gpr_dataset_4504.in,datasets/sam-29/files/gpr_dataset_4504.in,0.28441490763151994,49.023906,30.822252,20.153842,0.10762839098511284,1.4763079462067559,2.6736409439495796,0.02,fresh
4505,gpr_dataset_4505.in,datasets/sam-29/files/gpr_dataset_4505.in,0.38157822115193873,49.205184,29.911364,20.883452,0.14560640437507236,1.3986325749813622,2.606633809917001,0.02,fresh
4506,gpr_dataset_4506.in,datasets/sam-29/files/gpr_dataset_4506.in,0.4669030293238041,45.168785,34.997097,19.834118,0.12233899654063987,1.475695184914682,2.624337578561961,0.02,fresh
4507,gpr_dataset_4507.in,datasets/sam-29/files/gpr_dataset_4507.in,0.4662523980726303,43.306805,39.439248,17.253947,0.18545185681022863,1.353779271354419,2.6767224215513035,0.02,fresh
4508,gpr_dataset_4508.in,datasets/sam-29/files/gpr_dataset_4508.in,0.11084317736647553,40.883189,37.165557,21.951254,0.08493177952252401,1.5159170692470298,2.682575387675515,0.02,fresh
4509,gpr_dataset_4509.in,datasets/sam-29/files/gpr_dataset_4509.in,0.27868763749789627,45.913277,39.887731,14.198992,0.147431343006235,1.3548803111164558,2.6186828939747033,0.02,fresh
4510,gpr_dataset_4510.in,datasets/sam-29/files/gpr_dataset_4510.in,0.19682813344814334,43.413073,33.110521,23.476406,0.13610448549733156,1.3686939222352106,2.6634440058793727,0.02,fresh
4511,gpr_dataset_4511.in,datasets/sam-29/files/gpr_dataset_4511.in,0.15617787672649205,41.967763,35.084245,22.947992,0.19926111324047313,1.5219418890335208,2.617498377684141,0.02,fresh
4512,gpr_dataset_4512.in,datasets/sam-29/files/gpr_dataset_4512.in,0.3224831001497741,45.897082,32.402746,21.700172,0.13203139656738927,1.3031462295308174,2.6832664559262227,0.02,fresh
4513,gpr_dataset_4513.in,datasets/sam-29/files/gpr_dataset_4513.in,0.364893900980631,36.878126,34.235014,28.88686,0.10720097390825647,1.3096797369608633,2.6398359209455458,0.02,fresh
4514,gpr_dataset_4514.in,datasets/sam-29/files/gpr_dataset_4514.in,0.43267826914066887,44.440054,35.543782,20.016164,0.17221662494985304,1.5438592582222923,2.6310076206374085,0.02,fresh
4515,gpr_dataset_4515.in,datasets/sam-29/files/gpr_dataset_4515.in,0.13565007013144528,41.454341,36.166496,22.379163,0.2465574796708388,1.4706424952566635,2.677515769678058,0.02,fresh
4516,gpr_dataset_4516.in,datasets/sam-29/files/gpr_dataset_4516.in,0.3056052303208311,44.745734,33.32964,21.924626,0.24704694470795624,1.467238593280068,2.673249943951664,0.02,fresh
4517,gpr_dataset_4517.in,datasets/sam-29/files/gpr_dataset_4517.in,0.13336751367219768,46.732567,31.705701,21.561732,0.06768128810395833,1.3397955010850862,2.6973965480685105,0.02,fresh
4518,gpr_dataset_4518.in,datasets/sam-29/files/gpr_dataset_4518.in,0.45099746431994225,44.195415,33.475982,22.328603,0.15575724968778065,1.5475355157244093,2.6069831519943367,0.02,fresh
4519,gpr_dataset_4519.in,datasets/sam-29/files/gpr_dataset_4519.in,0.249360283079457,42.089064,32.300301,25.610635,0.12187581866544513,1.480926381403763,2.692935601869766,0.02,fresh
4520,gpr_dataset_4520.in,datasets/sam-29/files/gpr_dataset_4520.in,0.11876898395634408,39.605589,32.749672,27.644739,0.07916851935083698,1.5437208525247803,2.6550010786135294,0.02,fresh
4521,gpr_dataset_4521.in,datasets/sam-29/files/gpr_dataset_4521.in,0.22648134760815586,47.097174,31.897373,21.005453,0.08338588934178648,1.4298802583832408,2.6003727465824924,0.02,fresh
4522,gpr_dataset_4522.in,datasets/sam-29/files/gpr_dataset_4522.in,0.21908979990350003,35.564966,37.46597,26.969064,0.06697368268246776,1.4149236828888447,2.6237436471368696,0.02,fresh
4523,gpr_dataset_4523.in,datasets/sam-29/files/gpr_dataset_4523.in,0.27153846172259677,40.403887,38.166513,21.4296,0.11995380545208463,1.55098157546799,2.6887297513162136,0.02,fresh
4524,gpr_dataset_4524.in,datasets/sam-29/files/gpr_dataset_4524.in,0.40224040124774296,32.562779,37.71337,29.723851,0.15682219283724552,1.4215395332700234,2.653951293768693,0.02,fresh
4525,gpr_dataset_4525.in,datasets/sam-29/files/gpr_dataset_4525.in,0.2574711811398103,49.742279,30.025561,20.23216,0.13339719991093957,1.3547333980251546,2.6562485052637443,0.02,fresh
4526,gpr_dataset_4526.in,datasets/sam-29/files/gpr_dataset_4526.in,0.3476946509853678,46.480737,32.595847,20.923416,0.11517426788770124,1.5969504084582975,2.6328613953701145,0.02,fresh
4527,gpr_dataset_4527.in,datasets/sam-29/files/gpr_dataset_4527.in,0.44543277204262566,47.770372,30.516663,21.712965,0.0810836981759304,1.453708891478073,2.6794855609939163,0.02,fresh
4528,gpr_dataset_4528.in,datasets/sam-29/files/gpr_dataset_4528.in,0.4459164262324099,40.806894,31.041986,28.15112,0.11115962375222946,1.3552565364043332,2.629130386884909,0.02,fresh
4529,gpr_dataset_4529.in,datasets/sam-29/files/gpr_dataset_4529.in,0.22992989451164286,39.776637,38.926679,21.296684,0.05346323554099446,1.4576546890653095,2.6181776339971163,0.02,fresh
4530,gpr_dataset_4530.in,datasets/sam-29/files/gpr_dataset_4530.in,0.23105077887727787,45.490614,24.756853,29.752533,0.1975066643757567,1.52658301470223,2.611794049633712,0.02,fresh
4531,gpr_dataset_4531.in,datasets/sam-29/files/gpr_dataset_4531.in,0.2230618218928552,48.750824,30.822013,20.427163,0.2350321917567912,1.4251313489476318,2.6420579160765403,0.02,fresh
4532,gpr_dataset_4532.in,datasets/sam-29/files/gpr_dataset_4532.in,0.4339034207063842,38.905335,33.019489,28.075176,0.18201840424787247,1.3166973597866025,2.6634193172352907,0.02,fresh
4533,gpr_dataset_4533.in,datasets/sam-29/files/gpr_dataset_4533.in,0.3856182779687396,45.617639,30.923272,23.459089,0.10558370012812127,1.4944886500078938,2.687025242212218,0.02,fresh
4534,gpr_dataset_4534.in,datasets/sam-29/files/gpr_dataset_4534.in,0.32254962638429463,43.663863,27.544369,28.791768,0.165628609585041,1.4250664233746428,2.683146854179252,0.02,fresh
4535,gpr_dataset_4535.in,datasets/sam-29/files/gpr_dataset_4535.in,0.23257310557523614,42.587074,32.44931,24.963616,0.24407014574901248,1.3686076284821551,2.6616401144627666,0.02,fresh
4536,gpr_dataset_4536.in,datasets/sam-29/files/gpr_dataset_4536.in,0.3104739102806249,47.889966,37.779499,14.330535,0.1601894221889213,1.5696564309005627,2.683061518415819,0.02,fresh
4537,gpr_dataset_4537.in,datasets/sam-29/files/gpr_dataset_4537.in,0.3967630137647843,47.574332,33.81408,18.611588,0.24254163555870434,1.3344612982313213,2.681689972059889,0.02,fresh
4538,gpr_dataset_4538.in,datasets/sam-29/files/gpr_dataset_4538.in,0.2127431003863277,43.974391,30.795444,25.230165,0.23044579014887684,1.598854858174171,2.6522782301280103,0.02,fresh
4539,gpr_dataset_4539.in,datasets/sam-29/files/gpr_dataset_4539.in,0.34964063070220164,44.449541,34.146814,21.403645,0.13094780391432062,1.5590694703847665,2.647831525501977,0.02,fresh
4540,gpr_dataset_4540.in,datasets/sam-29/files/gpr_dataset_4540.in,0.18185885590334264,47.908455,28.966533,23.125012,0.10550327412200451,1.410166672326675,2.6515350253775174,0.02,fresh
4541,gpr_dataset_4541.in,datasets/sam-29/files/gpr_dataset_4541.in,0.4717580544392638,42.165655,32.624909,25.209436,0.21229628071950546,1.3615174095884781,2.6298938766077624,0.02,fresh
4542,gpr_dataset_4542.in,datasets/sam-29/files/gpr_dataset_4542.in,0.2793694947729922,44.967256,27.986412,27.046332,0.21153131894087768,1.5086366672409532,2.632637857978247,0.02,fresh
4543,gpr_dataset_4543.in,datasets/sam-29/files/gpr_dataset_4543.in,0.23564694584028417,41.888716,29.750078,28.361206,0.13685630795815484,1.3701484524562684,2.659817091071406,0.02,fresh
4544,gpr_dataset_4544.in,datasets/sam-29/files/gpr_dataset_4544.in,0.335983162122105,45.465408,37.816115,16.718477,0.2081554576525816,1.4356446551826303,2.6704831989393285,0.02,fresh
4545,gpr_dataset_4545.in,datasets/sam-29/files/gpr_dataset_4545.in,0.2523503876479367,47.166866,37.056797,15.776337,0.08713539309683774,1.404865480605498,2.626349715121377,0.02,fresh
4546,gpr_dataset_4546.in,datasets/sam-29/files/gpr_dataset_4546.in,0.21383700270627137,38.310092,33.555591,28.134317,0.10203308070220318,1.4615113435039249,2.6176130215792894,0.02,fresh
4547,gpr_dataset_4547.in,datasets/sam-29/files/gpr_dataset_4547.in,0.18992846245258097,45.652611,32.112947,22.234442,0.2343289544746825,1.415447271842991,2.621829267765447,0.02,fresh
4548,gpr_dataset_4548.in,datasets/sam-29/files/gpr_dataset_4548.in,0.4793857427963445,35.629933,37.013922,27.356145,0.14338237649974833,1.3304296309587904,2.6445129515808263,0.02,fresh
4549,gpr_dataset_4549.in,datasets/sam-29/files/gpr_dataset_4549.in,0.4704943930933426,49.264254,21.231167,29.504579,0.06594469081599093,1.3887129309840882,2.69323055816796,0.02,fresh
4550,gpr_dataset_4550.in,datasets/sam-29/files/gpr_dataset_4550.in,0.15750705057622605,42.616747,33.139537,24.243716,0.2456601597709555,1.3273647348291688,2.607691280756113,0.02,fresh
4551,gpr_dataset_4551.in,datasets/sam-29/files/gpr_dataset_4551.in,0.2534337750791428,36.517113,38.07278,25.410107,0.23103476962522596,1.3198607972179768,2.626315425427572,0.02,fresh
4552,gpr_dataset_4552.in,datasets/sam-29/files/gpr_dataset_4552.in,0.10545087060192322,42.977839,37.590961,19.4312,0.15948938011782654,1.3831057993356937,2.6966867507043313,0.02,fresh
4553,gpr_dataset_4553.in,datasets/sam-29/files/gpr_dataset_4553.in,0.2232077136781249,46.945548,34.680026,18.374426,0.08859073851596994,1.3893821460992601,2.664921961686995,0.02,fresh
4554,gpr_dataset_4554.in,datasets/sam-29/files/gpr_dataset_4554.in,0.3489606936390002,44.711114,38.387679,16.901207,0.13345540149916324,1.4976952176352074,2.6586721762917747,0.02,fresh
4555,gpr_dataset_4555.in,datasets/sam-29/files/gpr_dataset_4555.in,0.327360099905988,44.940451,28.326079,26.73347,0.16685663312848903,1.3784104582752819,2.661939463180057,0.02,fresh
4556,gpr_dataset_4556.in,datasets/sam-29/files/gpr_dataset_4556.in,0.1080071488627326,39.836622,32.466561,27.696817,0.24761490044048878,1.4788233429981055,2.693178157782659,0.02,fresh
4557,gpr_dataset_4557.in,datasets/sam-29/files/gpr_dataset_4557.in,0.2629201940446631,47.756627,36.455229,15.788144,0.14069505790972536,1.52467249745688,2.6865303332109027,0.02,fresh
4558,gpr_dataset_4558.in,datasets/sam-29/files/gpr_dataset_4558.in,0.22996092809603197,34.417432,37.203929,28.378639,0.14746511527852849,1.5753323683631724,2.6976294164239727,0.02,fresh
4559,gpr_dataset_4559.in,datasets/sam-29/files/gpr_dataset_4559.in,0.16333126042174329,36.842391,34.347584,28.810025,0.09233579616785799,1.430815227395011,2.66446962835132,0.02,fresh
4560,gpr_dataset_4560.in,datasets/sam-29/files/gpr_dataset_4560.in,0.36810064974813106,44.604595,33.099694,22.295711,0.24511726548649193,1.4413798192877167,2.6848110325081422,0.02,fresh
4561,gpr_dataset_4561.in,datasets/sam-29/files/gpr_dataset_4561.in,0.19004979649293766,44.381377,39.392648,16.225975,0.15437977800140626,1.5583363303205133,2.679082877094149,0.02,fresh
4562,gpr_dataset_4562.in,datasets/sam-29/files/gpr_dataset_4562.in,0.4140629588757482,37.940041,38.211923,23.848036,0.06308648269986115,1.5070261299054502,2.641282027785621,0.02,fresh
4563,gpr_dataset_4563.in,datasets/sam-29/files/gpr_dataset_4563.in,0.42720166065175225,41.404677,31.823718,26.771605,0.13001273037284466,1.4450668620298037,2.6844434929395597,0.02,fresh
4564,gpr_dataset_4564.in,datasets/sam-29/files/gpr_dataset_4564.in,0.4007688359028846,44.309746,31.353998,24.336256,0.1001579640013539,1.5494262893540356,2.617888437025602,0.02,fresh
4565,gpr_dataset_4565.in,datasets/sam-29/files/gpr_dataset_4565.in,0.3441434434241415,49.756208,22.17099,28.072802,0.11306830360991704,1.5287327599698965,2.637678240171524,0.02,fresh
4566,gpr_dataset_4566.in,datasets/sam-29/files/gpr_dataset_4566.in,0.12607493999270825,44.69603,39.502951,15.801019,0.17247339606489764,1.359904413154778,2.641464741048271,0.02,fresh
4567,gpr_dataset_4567.in,datasets/sam-29/files/gpr_dataset_4567.in,0.29213602427659235,46.895887,31.724675,21.379438,0.10716866268609156,1.5228851973911113,2.6739859120204885,0.02,fresh
4568,gpr_dataset_4568.in,datasets/sam-29/files/gpr_dataset_4568.in,0.38918302200203725,42.923897,38.712198,18.363905,0.18824806949929218,1.4751093695012936,2.6769917495389826,0.02,fresh
4569,gpr_dataset_4569.in,datasets/sam-29/files/gpr_dataset_4569.in,0.28763798887152403,48.755003,21.647734,29.597263,0.1144173746464287,1.425940399489755,2.684418219181502,0.02,fresh
4570,gpr_dataset_4570.in,datasets/sam-29/files/gpr_dataset_4570.in,0.2551120300717167,46.467426,34.38392,19.148654,0.13833113045635784,1.523298156760922,2.6991741174704407,0.02,fresh
4571,gpr_dataset_4571.in,datasets/sam-29/files/gpr_dataset_4571.in,0.3676122352495791,46.194896,37.832337,15.972767,0.050632758287810824,1.5646141008790304,2.6676999533078254,0.02,fresh
4572,gpr_dataset_4572.in,datasets/sam-29/files/gpr_dataset_4572.in,0.1690695141837123,34.697192,37.892605,27.410203,0.21705319409074147,1.404243876946287,2.6980949384192714,0.02,fresh
4573,gpr_dataset_4573.in,datasets/sam-29/files/gpr_dataset_4573.in,0.4484334429579593,45.666103,34.807732,19.526165,0.08170587325143297,1.4676043164737913,2.6189699633799317,0.02,fresh
4574,gpr_dataset_4574.in,datasets/sam-29/files/gpr_dataset_4574.in,0.19497101116049192,48.10846,24.20109,27.69045,0.24293024392323087,1.5477922174693117,2.6102080255265165,0.02,fresh
4575,gpr_dataset_4575.in,datasets/sam-29/files/gpr_dataset_4575.in,0.4971375281999286,49.280158,35.502204,15.217638,0.08762829743616368,1.3490175138553442,2.655522518184306,0.02,fresh
4576,gpr_dataset_4576.in,datasets/sam-29/files/gpr_dataset_4576.in,0.26662380006241715,45.936448,32.671025,21.392527,0.1118685525316082,1.5734377866796165,2.6811417642353383,0.02,fresh
4577,gpr_dataset_4577.in,datasets/sam-29/files/gpr_dataset_4577.in,0.46928426158569914,40.137755,38.06138,21.800865,0.24443507212002452,1.4612920172099937,2.6435880960042573,0.02,fresh
4578,gpr_dataset_4578.in,datasets/sam-29/files/gpr_dataset_4578.in,0.28066314819893323,40.972255,38.17348,20.854265,0.21495998883325856,1.3004521391230262,2.653205741183243,0.02,fresh
4579,gpr_dataset_4579.in,datasets/sam-29/files/gpr_dataset_4579.in,0.1050530953833337,46.579791,25.803219,27.61699,0.10996203509814113,1.3834181561690875,2.6865047618666362,0.02,fresh
4580,gpr_dataset_4580.in,datasets/sam-29/files/gpr_dataset_4580.in,0.3746493486912065,40.969783,34.310638,24.719579,0.10866263592304588,1.483766347119112,2.6449930453852493,0.02,fresh
4581,gpr_dataset_4581.in,datasets/sam-29/files/gpr_dataset_4581.in,0.27425441831901853,39.91542,35.898261,24.186319,0.1525572170114281,1.3065920853486055,2.6560044209885008,0.02,fresh
4582,gpr_dataset_4582.in,datasets/sam-29/files/gpr_dataset_4582.in,0.4226305490977048,46.868221,36.998177,16.133602,0.08594031214555893,1.3855454550055974,2.6312909391142845,0.02,fresh
4583,gpr_dataset_4583.in,datasets/sam-29/files/gpr_dataset_4583.in,0.47018663363260405,46.356985,35.057881,18.585134,0.1598981839986926,1.3978730941588948,2.647431448088813,0.02,fresh
4584,gpr_dataset_4584.in,datasets/sam-29/files/gpr_dataset_4584.in,0.15325261924180197,43.2667,35.99682,20.73648,0.1623370261558239,1.529422468738955,2.68229157268529,0.02,fresh
4585,gpr_dataset_4585.in,datasets/sam-29/files/gpr_dataset_4585.in,0.2895371431667382,43.572447,34.702454,21.725099,0.2307174546465618,1.5260880046204002,2.689585935749606,0.02,fresh
4586,gpr_dataset_4586.in,datasets/sam-29/files/gpr_dataset_4586.in,0.3241736923530729,45.114579,33.776818,21.108603,0.1231247026164223,1.559718492230417,2.6922687493458843,0.02,fresh
4587,gpr_dataset_4587.in,datasets/sam-29/files/gpr_dataset_4587.in,0.13970591597644466,38.113152,32.809685,29.077163,0.16172837113677835,1.5797991217882217,2.6159890974313815,0.02,fresh
4588,gpr_dataset_4588.in,datasets/sam-29/files/gpr_dataset_4588.in,0.20637116235317465,39.985291,30.422601,29.592108,0.09852162719274447,1.5299922699133712,2.657749384798988,0.02,fresh
4589,gpr_dataset_4589.in,datasets/sam-29/files/gpr_dataset_4589.in,0.2608848202534084,41.787441,28.621747,29.590812,0.08690523311468759,1.3706092777020529,2.6086509449864765,0.02,fresh
4590,gpr_dataset_4590.in,datasets/sam-29/files/gpr_dataset_4590.in,0.3604201258859887,46.239612,36.612208,17.14818,0.2318742199984834,1.3904857334884109,2.6976463688858776,0.02,fresh
4591,gpr_dataset_4591.in,datasets/sam-29/files/gpr_dataset_4591.in,0.1736926055141257,38.398223,35.531656,26.070121,0.1758504568433979,1.5175627721842062,2.656984827117168,0.02,fresh
4592,gpr_dataset_4592.in,datasets/sam-29/files/gpr_dataset_4592.in,0.38927680557807054,44.967565,38.148591,16.883844,0.12334179654504943,1.3758421270728793,2.661228192721419,0.02,fresh
4593,gpr_dataset_4593.in,datasets/sam-29/files/gpr_dataset_4593.in,0.2035088508264854,48.136807,30.122497,21.740696,0.056197202421127336,1.5021636422669882,2.6124631695887683,0.02,fresh
4594,gpr_dataset_4594.in,datasets/sam-29/files/gpr_dataset_4594.in,0.2548327867328759,43.284943,38.037073,18.677984,0.10814509141749817,1.535544853493042,2.656271382879929,0.02,fresh
4595,gpr_dataset_4595.in,datasets/sam-29/files/gpr_dataset_4595.in,0.4285152743515356,40.463276,30.577125,28.959599,0.11133483311712583,1.5744121863554978,2.6117761435944757,0.02,fresh
4596,gpr_dataset_4596.in,datasets/sam-29/files/gpr_dataset_4596.in,0.10831010682574216,46.1505,36.40819,17.44131,0.17309154010277739,1.3560787788249635,2.6955496958401604,0.02,fresh
4597,gpr_dataset_4597.in,datasets/sam-29/files/gpr_dataset_4597.in,0.3197194583172155,44.027651,30.41677,25.555579,0.16877142983899432,1.432664750356568,2.679939984310347,0.02,fresh
4598,gpr_dataset_4598.in,datasets/sam-29/files/gpr_dataset_4598.in,0.404170090525819,48.064144,23.090721,28.845135,0.05759757815446334,1.3229835214907542,2.6175405531313083,0.02,fresh
4599,gpr_dataset_4599.in,datasets/sam-29/files/gpr_dataset_4599.in,0.4004606146083577,49.722303,34.058044,16.219653,0.20099522239273343,1.4708665292472485,2.671156889565608,0.02,fresh
4600,gpr_dataset_4600.in,datasets/sam-29/files/gpr_dataset_4600.in,0.3629001804208136,47.999609,28.799855,23.200536,0.06020853527941448,1.3134177955403237,2.6223206042649276,0.02,fresh
4601,gpr_dataset_4601.in,datasets/sam-29/files/gpr_dataset_4601.in,0.4242131428731327,44.949289,39.552568,15.498143,0.19561716673853585,1.3627181961725663,2.6547225742334533,0.02,fresh
4602,gpr_dataset_4602.in,datasets/sam-29/files/gpr_dataset_4602.in,0.11240767265381071,42.954389,33.46878,23.576831,0.08181655018473866,1.4877435021710739,2.6123084299289427,0.02,fresh
4603,gpr_dataset_4603.in,datasets/sam-29/files/gpr_dataset_4603.in,0.19463710417095947,46.281218,29.79189,23.926892,0.2074144541712421,1.5269566568446016,2.6947435936975066,0.02,fresh
4604,gpr_dataset_4604.in,datasets/sam-29/files/gpr_dataset_4604.in,0.15397786110378453,44.806397,39.703562,15.490041,0.13751715580154683,1.4997591358292697,2.6432410886188764,0.02,fresh
4605,gpr_dataset_4605.in,datasets/sam-29/files/gpr_dataset_4605.in,0.3210357603149242,45.374089,35.32899,19.296921,0.22896052930735633,1.5618665335139024,2.6772947317921734,0.02,fresh
4606,gpr_dataset_4606.in,datasets/sam-29/files/gpr_dataset_4606.in,0.2591350524733591,46.399431,25.058873,28.541696,0.1751458367048518,1.365483543071849,2.667720384585947,0.02,fresh
4607,gpr_dataset_4607.in,datasets/sam-29/files/gpr_dataset_4607.in,0.23104488007337964,47.171077,28.065552,24.763371,0.1483237253370132,1.5423598729112311,2.620792476017308,0.02,fresh
4608,gpr_dataset_4608.in,datasets/sam-29/files/gpr_dataset_4608.in,0.20599093854450126,44.426393,32.845396,22.728211,0.06280666948393923,1.428985660103919,2.695945320931429,0.02,fresh
4609,gpr_dataset_4609.in,datasets/sam-29/files/gpr_dataset_4609.in,0.48883813690719946,35.118771,39.776439,25.10479,0.12621408859431787,1.5860732149384071,2.6417468309000047,0.02,fresh
4610,gpr_dataset_4610.in,datasets/sam-29/files/gpr_dataset_4610.in,0.30353720505249515,46.522316,32.717482,20.760202,0.17167535706528683,1.5680384311777578,2.632693051229861,0.02,fresh
4611,gpr_dataset_4611.in,datasets/sam-29/files/gpr_dataset_4611.in,0.1532917188725318,36.823271,37.000185,26.176544,0.23763670743543003,1.4785774422182394,2.6779178601772147,0.02,fresh
4612,gpr_dataset_4612.in,datasets/sam-29/files/gpr_dataset_4612.in,0.1779673688087769,49.655866,36.867181,13.476953,0.12618851876471304,1.321648240710584,2.6270055073307845,0.02,fresh
4613,gpr_dataset_4613.in,datasets/sam-29/files/gpr_dataset_4613.in,0.24607958967926413,41.35764,29.04916,29.5932,0.19524100830938124,1.5277037933067126,2.635756931497037,0.02,fresh
4614,gpr_dataset_4614.in,datasets/sam-29/files/gpr_dataset_4614.in,0.47714431775476596,38.932088,33.429523,27.638389,0.1263594598344056,1.3168382738633324,2.649425446738012,0.02,fresh
4615,gpr_dataset_4615.in,datasets/sam-29/files/gpr_dataset_4615.in,0.15480979908832482,40.194011,32.26267,27.543319,0.23106167137554862,1.3459433683841042,2.6750817082393725,0.02,fresh
4616,gpr_dataset_4616.in,datasets/sam-29/files/gpr_dataset_4616.in,0.3337085588754639,37.020992,34.823096,28.155912,0.2420452322439497,1.582478261498629,2.6947872367900287,0.02,fresh
4617,gpr_dataset_4617.in,datasets/sam-29/files/gpr_dataset_4617.in,0.1640573465493827,43.895653,27.587936,28.516411,0.1854733443685193,1.354348628238037,2.6382145563398107,0.02,fresh
4618,gpr_dataset_4618.in,datasets/sam-29/files/gpr_dataset_4618.in,0.3271801546509066,45.41209,38.567786,16.020124,0.1278552487008317,1.400290325129154,2.611984065778609,0.02,fresh
4619,gpr_dataset_4619.in,datasets/sam-29/files/gpr_dataset_4619.in,0.2516957700220501,33.235527,37.069178,29.695295,0.17363993300012476,1.431562452786455,2.668363397294375,0.02,fresh
4620,gpr_dataset_4620.in,datasets/sam-29/files/gpr_dataset_4620.in,0.2984397687066942,46.19356,38.004222,15.802218,0.2201027747485077,1.384042624561132,2.6221850548730683,0.02,fresh
4621,gpr_dataset_4621.in,datasets/sam-29/files/gpr_dataset_4621.in,0.48390733667734276,48.420163,29.822067,21.75777,0.11326197325697254,1.5665924278690053,2.6389298624347877,0.02,fresh
4622,gpr_dataset_4622.in,datasets/sam-29/files/gpr_dataset_4622.in,0.38971668027715667,48.606202,26.876276,24.517522,0.08638719802650041,1.4849586972783695,2.6359287423600732,0.02,fresh
4623,gpr_dataset_4623.in,datasets/sam-29/files/gpr_dataset_4623.in,0.3377517180733157,49.093126,31.932066,18.974808,0.08887912525128128,1.400524085659544,2.6458373059879015,0.02,fresh
4624,gpr_dataset_4624.in,datasets/sam-29/files/gpr_dataset_4624.in,0.23853372649534899,38.21063,35.117199,26.672171,0.10074606069057926,1.5314442491862148,2.606094114335579,0.02,fresh
4625,gpr_dataset_4625.in,datasets/sam-29/files/gpr_dataset_4625.in,0.2809431805642929,39.205774,37.793736,23.00049,0.20090284710218048,1.36383962365034,2.6459789827161146,0.02,fresh
4626,gpr_dataset_4626.in,datasets/sam-29/files/gpr_dataset_4626.in,0.22517763360218207,37.87221,37.138079,24.989711,0.1395555900242852,1.327121884096105,2.6287760904394375,0.02,fresh
4627,gpr_dataset_4627.in,datasets/sam-29/files/gpr_dataset_4627.in,0.3882340885686014,48.578408,29.379352,22.04224,0.21179228985452692,1.3584072742466435,2.6377235385161226,0.02,fresh
4628,gpr_dataset_4628.in,datasets/sam-29/files/gpr_dataset_4628.in,0.2492768260518965,43.563101,30.524974,25.911925,0.17311390351507078,1.5830628835760683,2.691582854886464,0.02,fresh
4629,gpr_dataset_4629.in,datasets/sam-29/files/gpr_dataset_4629.in,0.4786209943008838,40.358864,39.446685,20.194451,0.05955151624060484,1.589001151339671,2.6114015520155984,0.02,fresh
4630,gpr_dataset_4630.in,datasets/sam-29/files/gpr_dataset_4630.in,0.11701158299743573,48.171452,33.857692,17.970856,0.07367879446002645,1.5560947113026389,2.6418105000201555,0.02,fresh
4631,gpr_dataset_4631.in,datasets/sam-29/files/gpr_dataset_4631.in,0.15318598664125532,45.919147,37.210826,16.870027,0.09200978887750173,1.414344293550112,2.6962406192970523,0.02,fresh
4632,gpr_dataset_4632.in,datasets/sam-29/files/gpr_dataset_4632.in,0.4636244899113361,43.041666,29.014209,27.944125,0.10065456572847938,1.390477965078126,2.6404439225053973,0.02,fresh
4633,gpr_dataset_4633.in,datasets/sam-29/files/gpr_dataset_4633.in,0.2695452678989294,45.5164,28.004453,26.479147,0.15338665965554146,1.5756747957295465,2.6692643221617223,0.02,fresh
4634,gpr_dataset_4634.in,datasets/sam-29/files/gpr_dataset_4634.in,0.15097227535757882,46.091351,24.620372,29.288277,0.16366211179985315,1.5600641802569386,2.62181499410303,0.02,fresh
4635,gpr_dataset_4635.in,datasets/sam-29/files/gpr_dataset_4635.in,0.36647654030742116,35.26903,39.989453,24.741517,0.19698487657205122,1.5778072580686409,2.6492737803675603,0.02,fresh
4636,gpr_dataset_4636.in,datasets/sam-29/files/gpr_dataset_4636.in,0.34610006192374965,41.964702,33.538427,24.496871,0.15313176355825533,1.5282747207202418,2.682479923215252,0.02,fresh
4637,gpr_dataset_4637.in,datasets/sam-29/files/gpr_dataset_4637.in,0.4770885033675095,48.143357,25.733519,26.123124,0.06343561409210162,1.576043956827727,2.64438490353801,0.02,fresh
4638,gpr_dataset_4638.in,datasets/sam-29/files/gpr_dataset_4638.in,0.26716618264832315,46.481783,24.669921,28.848296,0.20178367396374314,1.4248805226342678,2.6504759655804366,0.02,fresh
4639,gpr_dataset_4639.in,datasets/sam-29/files/gpr_dataset_4639.in,0.20608873492128232,38.315356,39.3834,22.301244,0.09480898086873289,1.302786620046528,2.664840489421827,0.02,fresh
4640,gpr_dataset_4640.in,datasets/sam-29/files/gpr_dataset_4640.in,0.222981699616573,41.501485,32.937432,25.561083,0.10602867286479987,1.3693583012309576,2.6988715666373753,0.02,fresh
4641,gpr_dataset_4641.in,datasets/sam-29/files/gpr_dataset_4641.in,0.46777961563465476,44.004626,26.188711,29.806663,0.059835508513525086,1.51303680696464,2.68192910321328,0.02,fresh
4642,gpr_dataset_4642.in,datasets/sam-29/files/gpr_dataset_4642.in,0.28248090694345274,46.893445,24.534375,28.57218,0.10643831490702771,1.5137014330680552,2.632680176465704,0.02,fresh
4643,gpr_dataset_4643.in,datasets/sam-29/files/gpr_dataset_4643.in,0.15649147109311967,45.728504,29.313307,24.958189,0.12351732857504807,1.543861605866472,2.642377499520013,0.02,fresh
4644,gpr_dataset_4644.in,datasets/sam-29/files/gpr_dataset_4644.in,0.460881022323714,42.354192,29.312715,28.333093,0.15647736641293597,1.3854930463557287,2.6974654982441137,0.02,fresh
4645,gpr_dataset_4645.in,datasets/sam-29/files/gpr_dataset_4645.in,0.3952438686997678,49.403899,33.199518,17.396583,0.09154332287740913,1.558543063327961,2.6334083548236196,0.02,fresh
4646,gpr_dataset_4646.in,datasets/sam-29/files/gpr_dataset_4646.in,0.4277729991516558,44.527994,29.631418,25.840588,0.19067205617443528,1.3439394998202436,2.6382245934226525,0.02,fresh
4647,gpr_dataset_4647.in,datasets/sam-29/files/gpr_dataset_4647.in,0.23779799017007372,43.940943,26.79782,29.261237,0.12201827978799273,1.4955710834567868,2.6442490057024157,0.02,fresh
4648,gpr_dataset_4648.in,datasets/sam-29/files/gpr_dataset_4648.in,0.12790679042343955,36.865193,35.011571,28.123236,0.18651628899288403,1.414158434946053,2.6832255135733014,0.02,fresh
4649,gpr_dataset_4649.in,datasets/sam-29/files/gpr_dataset_4649.in,0.3246159206238569,44.692891,30.671401,24.635708,0.09783792323319496,1.3370396832822597,2.662321476189895,0.02,fresh
4650,gpr_dataset_4650.in,datasets/sam-29/files/gpr_dataset_4650.in,0.4111820812880925,49.424811,37.520493,13.054696,0.11718306390234196,1.503608783014578,2.698323912488979,0.02,fresh
4651,gpr_dataset_4651.in,datasets/sam-29/files/gpr_dataset_4651.in,0.11981433005992864,46.011213,28.366507,25.62228,0.10372386855863747,1.321629618555069,2.683208337149864,0.02,fresh
4652,gpr_dataset_4652.in,datasets/sam-29/files/gpr_dataset_4652.in,0.21389679778066883,38.699916,33.617875,27.682209,0.2123337069332289,1.5514617906873664,2.6723061024418913,0.02,fresh
4653,gpr_dataset_4653.in,datasets/sam-29/files/gpr_dataset_4653.in,0.3783264896257401,39.029161,37.682434,23.288405,0.22797327259641037,1.3164173461703221,2.6710786718944663,0.02,fresh
4654,gpr_dataset_4654.in,datasets/sam-29/files/gpr_dataset_4654.in,0.29586434113355076,40.788693,35.99494,23.216367,0.2317754040340853,1.4222588447813707,2.6478112168525665,0.02,fresh
4655,gpr_dataset_4655.in,datasets/sam-29/files/gpr_dataset_4655.in,0.1422441766191095,48.864183,36.199665,14.936152,0.23774372662153376,1.4509537526170706,2.6262584105371314,0.02,fresh
4656,gpr_dataset_4656.in,datasets/sam-29/files/gpr_dataset_4656.in,0.2874910704059455,47.153937,30.230198,22.615865,0.23145914179172566,1.5693507692619613,2.697859371865598,0.02,fresh
4657,gpr_dataset_4657.in,datasets/sam-29/files/gpr_dataset_4657.in,0.37827066465183323,43.954738,29.260574,26.784688,0.19804166083427727,1.494205515945218,2.615706820506307,0.02,fresh
4658,gpr_dataset_4658.in,datasets/sam-29/files/gpr_dataset_4658.in,0.2538601119084314,48.546778,30.866626,20.586596,0.24730530786167715,1.4918525337786983,2.610603012616455,0.02,fresh
4659,gpr_dataset_4659.in,datasets/sam-29/files/gpr_dataset_4659.in,0.31818891165374064,44.514297,34.833427,20.652276,0.1059580515257897,1.4050086449129515,2.692610529949752,0.02,fresh
4660,gpr_dataset_4660.in,datasets/sam-29/files/gpr_dataset_4660.in,0.49092308975751,46.172736,27.208553,26.618711,0.06918775193686078,1.4749320432305282,2.673028319139332,0.02,fresh
4661,gpr_dataset_4661.in,datasets/sam-29/files/gpr_dataset_4661.in,0.28672618409909034,40.868161,34.494049,24.63779,0.09928652989919334,1.4100633701680434,2.639371729223439,0.02,fresh
4662,gpr_dataset_4662.in,datasets/sam-29/files/gpr_dataset_4662.in,0.3228202111805081,45.004167,39.974461,15.021372,0.12069653256983276,1.5030033599371078,2.674086294892534,0.02,fresh
4663,gpr_dataset_4663.in,datasets/sam-29/files/gpr_dataset_4663.in,0.41820681841116836,49.564356,26.33408,24.101564,0.09800547250605446,1.5215897892854777,2.60497517932808,0.02,fresh
4664,gpr_dataset_4664.in,datasets/sam-29/files/gpr_dataset_4664.in,0.45771930698107344,45.038969,38.165561,16.79547,0.23718140720541708,1.5301988994296316,2.6199885345008975,0.02,fresh
4665,gpr_dataset_4665.in,datasets/sam-29/files/gpr_dataset_4665.in,0.3985924078999664,43.537691,30.226929,26.23538,0.14024507992780583,1.4953694919382268,2.6311925928401623,0.02,fresh
4666,gpr_dataset_4666.in,datasets/sam-29/files/gpr_dataset_4666.in,0.1786968811112436,37.828569,33.096904,29.074527,0.2395845380523064,1.3879479919291535,2.676353948758777,0.02,fresh
4667,gpr_dataset_4667.in,datasets/sam-29/files/gpr_dataset_4667.in,0.104620578147859,40.778288,35.971527,23.250185,0.13495959246113665,1.429802322502625,2.6511104160887706,0.02,fresh
4668,gpr_dataset_4668.in,datasets/sam-29/files/gpr_dataset_4668.in,0.4261704131763864,49.548693,22.729313,27.721994,0.06729628079884736,1.466345980883998,2.6943647101405293,0.02,fresh
4669,gpr_dataset_4669.in,datasets/sam-29/files/gpr_dataset_4669.in,0.20624389186404765,40.413129,37.456609,22.130262,0.1527016112344947,1.4353217462145786,2.695220788106184,0.02,fresh
4670,gpr_dataset_4670.in,datasets/sam-29/files/gpr_dataset_4670.in,0.2861773052390012,48.426967,36.80959,14.763443,0.22941898281409684,1.317306458282849,2.695770782458681,0.02,fresh
4671,gpr_dataset_4671.in,datasets/sam-29/files/gpr_dataset_4671.in,0.1434265972377165,40.292896,31.626362,28.080742,0.1874593935804026,1.3039115215542127,2.6026126593681465,0.02,fresh
4672,gpr_dataset_4672.in,datasets/sam-29/files/gpr_dataset_4672.in,0.41509877124305106,37.720955,38.626396,23.652649,0.0519762252643538,1.3926223629636367,2.651205104084547,0.02,fresh
4673,gpr_dataset_4673.in,datasets/sam-29/files/gpr_dataset_4673.in,0.2878035149452729,44.256577,38.049821,17.693602,0.1521283748111414,1.4439539466660984,2.628848445955681,0.02,fresh
4674,gpr_dataset_4674.in,datasets/sam-29/files/gpr_dataset_4674.in,0.4902304699036384,44.061495,27.696641,28.241864,0.08958453468039683,1.5029793961413684,2.6793473562256374,0.02,fresh
4675,gpr_dataset_4675.in,datasets/sam-29/files/gpr_dataset_4675.in,0.48639085634632895,46.990948,33.718551,19.290501,0.06876596393335042,1.5708159017483845,2.6231195260647504,0.02,fresh
4676,gpr_dataset_4676.in,datasets/sam-29/files/gpr_dataset_4676.in,0.12230335998584066,48.804604,39.619421,11.575975,0.20191937457196452,1.572118424416187,2.6467165857379173,0.02,fresh
4677,gpr_dataset_4677.in,datasets/sam-29/files/gpr_dataset_4677.in,0.16515357286372145,42.392363,35.410957,22.19668,0.18317929563003177,1.5134040451083213,2.614305018034796,0.02,fresh
4678,gpr_dataset_4678.in,datasets/sam-29/files/gpr_dataset_4678.in,0.331535132366422,38.084366,33.52737,28.388264,0.09990569571457858,1.5809965339363763,2.608634538926021,0.02,fresh
4679,gpr_dataset_4679.in,datasets/sam-29/files/gpr_dataset_4679.in,0.1693876944117178,36.314269,37.034224,26.651507,0.18249011198206355,1.4890866732440353,2.655815974376446,0.02,fresh
4680,gpr_dataset_4680.in,datasets/sam-29/files/gpr_dataset_4680.in,0.4207368552464672,47.65815,37.256123,15.085727,0.06654264888491634,1.4852940505165566,2.6268824912667026,0.02,fresh
4681,gpr_dataset_4681.in,datasets/sam-29/files/gpr_dataset_4681.in,0.17860417197071798,48.477938,34.588595,16.933467,0.0959844922326423,1.4318385125456334,2.6950486362659243,0.02,fresh
4682,gpr_dataset_4682.in,datasets/sam-29/files/gpr_dataset_4682.in,0.28452239989894046,39.754917,39.382531,20.862552,0.22723919048959784,1.5016861692140022,2.674617976444772,0.02,fresh
4683,gpr_dataset_4683.in,datasets/sam-29/files/gpr_dataset_4683.in,0.3591908897416576,43.933731,38.411318,17.654951,0.11853970158604253,1.5854174712591949,2.6599618731714765,0.02,fresh
4684,gpr_dataset_4684.in,datasets/sam-29/files/gpr_dataset_4684.in,0.10753893655937202,45.49758,33.682677,20.819743,0.12408028382407028,1.59768750446143,2.64934329417781,0.02,fresh
4685,gpr_dataset_4685.in,datasets/sam-29/files/gpr_dataset_4685.in,0.14193159862254665,34.860453,37.928653,27.210894,0.06933916823127889,1.3302719010154314,2.6324337441467454,0.02,fresh
4686,gpr_dataset_4686.in,datasets/sam-29/files/gpr_dataset_4686.in,0.2797404027382173,38.694726,36.918585,24.386689,0.2374388300046278,1.4580545869535795,2.611239798690605,0.02,fresh
4687,gpr_dataset_4687.in,datasets/sam-29/files/gpr_dataset_4687.in,0.27180994665252844,48.548808,28.247344,23.203848,0.2009965824367198,1.3817115651053529,2.6393568435754937,0.02,fresh
4688,gpr_dataset_4688.in,datasets/sam-29/files/gpr_dataset_4688.in,0.15743464937072524,47.97169,35.28138,16.74693,0.18090143701384692,1.5947153872933504,2.6915546911678923,0.02,fresh
4689,gpr_dataset_4689.in,datasets/sam-29/files/gpr_dataset_4689.in,0.18146041050766157,43.607318,29.451456,26.941226,0.15565007985122764,1.4008916490043284,2.6826749402637087,0.02,fresh
4690,gpr_dataset_4690.in,datasets/sam-29/files/gpr_dataset_4690.in,0.16363134979259242,40.740768,31.586867,27.672365,0.05617529744577787,1.4476040537124217,2.6902239087464577,0.02,fresh
4691,gpr_dataset_4691.in,datasets/sam-29/files/gpr_dataset_4691.in,0.4762804405084924,46.102045,39.531833,14.366122,0.0669000818674735,1.342376310259638,2.693337582225266,0.02,fresh
4692,gpr_dataset_4692.in,datasets/sam-29/files/gpr_dataset_4692.in,0.17911702803277182,37.30178,32.826361,29.871859,0.22219541094000383,1.4382675550595214,2.6643716136875275,0.02,fresh
4693,gpr_dataset_4693.in,datasets/sam-29/files/gpr_dataset_4693.in,0.43632112407960133,48.003778,25.026114,26.970108,0.10254695808781139,1.5343390316327934,2.668863917824452,0.02,fresh
4694,gpr_dataset_4694.in,datasets/sam-29/files/gpr_dataset_4694.in,0.41206822005206034,41.981227,32.225382,25.793391,0.22110197187455732,1.4470973570663348,2.625480471542329,0.02,fresh
4695,gpr_dataset_4695.in,datasets/sam-29/files/gpr_dataset_4695.in,0.22378078084586905,41.783044,31.442444,26.774512,0.10361354663157951,1.3606159298795237,2.6804674938139774,0.02,fresh
4696,gpr_dataset_4696.in,datasets/sam-29/files/gpr_dataset_4696.in,0.24678205018363905,43.947131,37.669832,18.383037,0.16244678552034877,1.5153235421759936,2.602332634910181,0.02,fresh
4697,gpr_dataset_4697.in,datasets/sam-29/files/gpr_dataset_4697.in,0.45750879514482357,46.386385,27.717872,25.895743,0.1636266166882575,1.5600667351256459,2.696262307022272,0.02,fresh
4698,gpr_dataset_4698.in,datasets/sam-29/files/gpr_dataset_4698.in,0.17962161153920003,46.504923,24.421124,29.073953,0.13297642848889996,1.405902286763947,2.6366941516918487,0.02,fresh
4699,gpr_dataset_4699.in,datasets/sam-29/files/gpr_dataset_4699.in,0.10475379551130284,34.384109,36.276549,29.339342,0.23694262522006093,1.3155178290338496,2.6923146414209578,0.02,fresh
4700,gpr_dataset_4700.in,datasets/sam-29/files/gpr_dataset_4700.in,0.4057096533960848,46.89023,30.929357,22.180413,0.22593287224234282,1.310896003513858,2.6174698119876654,0.02,fresh
4701,gpr_dataset_4701.in,datasets/sam-29/files/gpr_dataset_4701.in,0.21706346054813822,44.307896,34.079665,21.612439,0.14823845632695376,1.5817542340774813,2.6244151974965684,0.02,fresh
4702,gpr_dataset_4702.in,datasets/sam-29/files/gpr_dataset_4702.in,0.2515896029372401,40.168142,35.019919,24.811939,0.12613159735717583,1.509235555678573,2.685037734522471,0.02,fresh
4703,gpr_dataset_4703.in,datasets/sam-29/files/gpr_dataset_4703.in,0.45076502692973,39.154531,36.072072,24.773397,0.14230921284886605,1.5001006226211855,2.640800755617198,0.02,fresh
4704,gpr_dataset_4704.in,datasets/sam-29/files/gpr_dataset_4704.in,0.4171532582862939,45.534286,36.589653,17.876061,0.20223798859862857,1.378058264544596,2.6056849164760383,0.02,fresh
4705,gpr_dataset_4705.in,datasets/sam-29/files/gpr_dataset_4705.in,0.17442640543228205,43.215536,27.59899,29.185474,0.06134629003025878,1.5556299208564386,2.6162677849042155,0.02,fresh
4706,gpr_dataset_4706.in,datasets/sam-29/files/gpr_dataset_4706.in,0.4084932700944457,47.647278,36.838361,15.514361,0.11212143779981648,1.3712514694241213,2.620103061162614,0.02,fresh
4707,gpr_dataset_4707.in,datasets/sam-29/files/gpr_dataset_4707.in,0.26129879741376594,42.997356,29.896916,27.105728,0.10094783693796845,1.5617409036722867,2.655409257496789,0.02,fresh
4708,gpr_dataset_4708.in,datasets/sam-29/files/gpr_dataset_4708.in,0.3167675959875096,43.82893,30.500777,25.670293,0.21111091663519171,1.3758104420977877,2.6771979793941205,0.02,fresh
4709,gpr_dataset_4709.in,datasets/sam-29/files/gpr_dataset_4709.in,0.17023027781967892,46.280873,36.491334,17.227793,0.057460609622920704,1.4315679362026583,2.6804875071043965,0.02,fresh
4710,gpr_dataset_4710.in,datasets/sam-29/files/gpr_dataset_4710.in,0.3981548113063631,41.053364,36.677765,22.268871,0.08990275974119855,1.5492379027670236,2.631438910025247,0.02,fresh
4711,gpr_dataset_4711.in,datasets/sam-29/files/gpr_dataset_4711.in,0.19894470785279172,46.396997,28.361472,25.241531,0.15754700360895135,1.3173987019858786,2.6404193940826337,0.02,fresh
4712,gpr_dataset_4712.in,datasets/sam-29/files/gpr_dataset_4712.in,0.4382642191063916,44.18251,34.26401,21.55348,0.16472558649446295,1.5603474119195568,2.6963130051620046,0.02,fresh
4713,gpr_dataset_4713.in,datasets/sam-29/files/gpr_dataset_4713.in,0.11470029013843891,42.744663,33.195235,24.060102,0.14922924303586937,1.376914980060897,2.657003539658531,0.02,fresh
4714,gpr_dataset_4714.in,datasets/sam-29/files/gpr_dataset_4714.in,0.48836285320853934,44.451881,33.546762,22.001357,0.15419832748011753,1.5070161400354183,2.679372719360478,0.02,fresh
4715,gpr_dataset_4715.in,datasets/sam-29/files/gpr_dataset_4715.in,0.31341428326514464,36.505338,37.521026,25.973636,0.24868543180823754,1.3662543362769721,2.6700297165967846,0.02,fresh
4716,gpr_dataset_4716.in,datasets/sam-29/files/gpr_dataset_4716.in,0.4614630093274955,41.266352,32.81708,25.916568,0.11431514673653696,1.397049872806352,2.6017497078903187,0.02,fresh
4717,gpr_dataset_4717.in,datasets/sam-29/files/gpr_dataset_4717.in,0.414428008919403,41.476837,32.604901,25.918262,0.24982884440050185,1.4772939659740871,2.6155531783040633,0.02,fresh
4718,gpr_dataset_4718.in,datasets/sam-29/files/gpr_dataset_4718.in,0.2598283945051468,41.52519,39.626836,18.847974,0.22144400377145756,1.3942672740022657,2.688624648615921,0.02,fresh
4719,gpr_dataset_4719.in,datasets/sam-29/files/gpr_dataset_4719.in,0.37675686881254755,38.001229,35.809836,26.188935,0.24869966729897225,1.4798520030261029,2.650111162128279,0.02,fresh
4720,gpr_dataset_4720.in,datasets/sam-29/files/gpr_dataset_4720.in,0.12903504419692557,35.277218,35.934361,28.788421,0.22181062127081103,1.5881529087311488,2.6327471245955953,0.02,fresh
4721,gpr_dataset_4721.in,datasets/sam-29/files/gpr_dataset_4721.in,0.24865735502427444,43.955097,29.551779,26.493124,0.14238577804500463,1.511084292985632,2.620853880874297,0.02,fresh
4722,gpr_dataset_4722.in,datasets/sam-29/files/gpr_dataset_4722.in,0.4478329393565892,47.476328,25.081104,27.442568,0.18498446655565415,1.48799188827458,2.6485446167675906,0.02,fresh
4723,gpr_dataset_4723.in,datasets/sam-29/files/gpr_dataset_4723.in,0.36875936913894747,42.868527,30.352476,26.778997,0.1558081210730578,1.383263319904214,2.668977587793907,0.02,fresh
4724,gpr_dataset_4724.in,datasets/sam-29/files/gpr_dataset_4724.in,0.2545850233761409,44.482517,34.681525,20.835958,0.13644932354633077,1.51245248852213,2.62148307936683,0.02,fresh
4725,gpr_dataset_4725.in,datasets/sam-29/files/gpr_dataset_4725.in,0.31619851135531674,46.644,24.916746,28.439254,0.0895344377005382,1.3673595690526692,2.6304135557550468,0.02,fresh
4726,gpr_dataset_4726.in,datasets/sam-29/files/gpr_dataset_4726.in,0.23521299186573966,43.624062,33.889348,22.48659,0.10436716257244752,1.4893283401724144,2.634319886814005,0.02,fresh
4727,gpr_dataset_4727.in,datasets/sam-29/files/gpr_dataset_4727.in,0.4719378538156911,49.140851,30.226337,20.632812,0.10427871113925236,1.4199407642298656,2.6444375801229816,0.02,fresh
4728,gpr_dataset_4728.in,datasets/sam-29/files/gpr_dataset_4728.in,0.18236355320898442,46.977717,32.773816,20.248467,0.19913992802950098,1.5829351723752536,2.655638761263133,0.02,fresh
4729,gpr_dataset_4729.in,datasets/sam-29/files/gpr_dataset_4729.in,0.2916391179221862,39.655142,33.60871,26.736148,0.18193503769900965,1.5422438281911721,2.600309848025123,0.02,fresh
4730,gpr_dataset_4730.in,datasets/sam-29/files/gpr_dataset_4730.in,0.2437548293560035,44.682719,32.750355,22.566926,0.09761038152247664,1.329544123649851,2.618075864519991,0.02,fresh
4731,gpr_dataset_4731.in,datasets/sam-29/files/gpr_dataset_4731.in,0.4968763805022439,46.252865,28.590022,25.157113,0.1657163806916229,1.5051137573406677,2.613642423810875,0.02,fresh
4732,gpr_dataset_4732.in,datasets/sam-29/files/gpr_dataset_4732.in,0.1894454774938492,49.946935,22.910842,27.142223,0.15619266928068826,1.5000214962627278,2.628399866684149,0.02,fresh
4733,gpr_dataset_4733.in,datasets/sam-29/files/gpr_dataset_4733.in,0.1192364535218614,44.748414,34.870799,20.380787,0.10984216050950833,1.5985681838246322,2.678079561664686,0.02,fresh
4734,gpr_dataset_4734.in,datasets/sam-29/files/gpr_dataset_4734.in,0.2850987072956066,49.059176,28.046535,22.894289,0.050755560833066364,1.488908772862558,2.6009498999461096,0.02,fresh
4735,gpr_dataset_4735.in,datasets/sam-29/files/gpr_dataset_4735.in,0.4840847598578112,38.200558,34.726724,27.072718,0.2257576035372727,1.53234218153392,2.626204982412441,0.02,fresh
4736,gpr_dataset_4736.in,datasets/sam-29/files/gpr_dataset_4736.in,0.23710736072185157,44.585987,30.141095,25.272918,0.08985130284727841,1.3331749820817178,2.631082564192291,0.02,fresh
4737,gpr_dataset_4737.in,datasets/sam-29/files/gpr_dataset_4737.in,0.14462615615421864,41.39879,33.348509,25.252701,0.22627759603721298,1.301289847960497,2.6164199978587432,0.02,fresh
4738,gpr_dataset_4738.in,datasets/sam-29/files/gpr_dataset_4738.in,0.1913482225236346,37.352195,36.732329,25.915476,0.16859799496766747,1.4588102495402782,2.686293854047305,0.02,fresh
4739,gpr_dataset_4739.in,datasets/sam-29/files/gpr_dataset_4739.in,0.37946280477340755,49.173114,32.392754,18.434132,0.16682656894909156,1.4718876303258517,2.657156374638794,0.02,fresh
4740,gpr_dataset_4740.in,datasets/sam-29/files/gpr_dataset_4740.in,0.29008442097578424,47.89148,31.316162,20.792358,0.11024736471392127,1.4345284787232238,2.6662781738310066,0.02,fresh
4741,gpr_dataset_4741.in,datasets/sam-29/files/gpr_dataset_4741.in,0.3139548181995813,47.705519,37.768141,14.52634,0.08710141117162243,1.4578804349895158,2.6373251958022865,0.02,fresh
4742,gpr_dataset_4742.in,datasets/sam-29/files/gpr_dataset_4742.in,0.32029044206865637,43.669697,31.666395,24.663908,0.11115377612281332,1.3263219597841358,2.606476785400501,0.02,fresh
4743,gpr_dataset_4743.in,datasets/sam-29/files/gpr_dataset_4743.in,0.2521289471224158,47.742799,29.990386,22.266815,0.11941301840771777,1.3487505393519166,2.607860343063431,0.02,fresh
4744,gpr_dataset_4744.in,datasets/sam-29/files/gpr_dataset_4744.in,0.31161036255856867,48.754129,32.391706,18.854165,0.0874602842465044,1.4999907688513938,2.6645422935670204,0.02,fresh
4745,gpr_dataset_4745.in,datasets/sam-29/files/gpr_dataset_4745.in,0.20924412144657759,47.557056,33.717912,18.725032,0.07212953156822864,1.5233469406289257,2.6886174988321905,0.02,fresh
4746,gpr_dataset_4746.in,datasets/sam-29/files/gpr_dataset_4746.in,0.2246049649543568,45.603182,39.406031,14.990787,0.061081023248169934,1.5065850571710506,2.6204987178462087,0.02,fresh
4747,gpr_dataset_4747.in,datasets/sam-29/files/gpr_dataset_4747.in,0.20349427435915468,46.109552,27.06568,26.824768,0.12637576172848403,1.3541200627429115,2.6640596323963175,0.02,fresh
4748,gpr_dataset_4748.in,datasets/sam-29/files/gpr_dataset_4748.in,0.1700737325966403,45.169134,33.563779,21.267087,0.234057765273534,1.3241234620546718,2.6464367522787575,0.02,fresh
4749,gpr_dataset_4749.in,datasets/sam-29/files/gpr_dataset_4749.in,0.48710491707990045,47.205658,29.30198,23.492362,0.2114691945573572,1.3866351794786405,2.6942634209187086,0.02,fresh
4750,gpr_dataset_4750.in,datasets/sam-29/files/gpr_dataset_4750.in,0.3183499218277843,45.773775,34.216634,20.009591,0.07764274368977164,1.3943210570862066,2.678463847592676,0.02,fresh
4751,gpr_dataset_4751.in,datasets/sam-29/files/gpr_dataset_4751.in,0.2803283584142756,49.671009,20.590149,29.738842,0.1881836991902328,1.3988176899719607,2.643519410224289,0.02,fresh
4752,gpr_dataset_4752.in,datasets/sam-29/files/gpr_dataset_4752.in,0.4740891710816886,45.552916,28.844956,25.602128,0.23247585318273772,1.548321953567428,2.682422830213589,0.02,fresh
4753,gpr_dataset_4753.in,datasets/sam-29/files/gpr_dataset_4753.in,0.20380780925975742,41.478715,31.271015,27.25027,0.13562686349846748,1.3855561156857308,2.6888600400710403,0.02,fresh
4754,gpr_dataset_4754.in,datasets/sam-29/files/gpr_dataset_4754.in,0.43688971947065625,44.979302,37.571836,17.448862,0.08546945412200666,1.3490064890749918,2.6145525872395554,0.02,fresh
4755,gpr_dataset_4755.in,datasets/sam-29/files/gpr_dataset_4755.in,0.4386332697735885,36.216194,37.451138,26.332668,0.0878853789083288,1.3207050295623657,2.624813499494564,0.02,fresh
4756,gpr_dataset_4756.in,datasets/sam-29/files/gpr_dataset_4756.in,0.32202170571475686,44.488804,34.69267,20.818526,0.21758951337154092,1.3556530403799487,2.6896854454298778,0.02,fresh
4757,gpr_dataset_4757.in,datasets/sam-29/files/gpr_dataset_4757.in,0.15711976228127786,43.956284,36.808433,19.235283,0.23589778769201464,1.5597609359780562,2.661057957067427,0.02,fresh
4758,gpr_dataset_4758.in,datasets/sam-29/files/gpr_dataset_4758.in,0.23670604617816468,49.642375,28.858347,21.499278,0.05379866232845423,1.372577470070404,2.680533525226734,0.02,fresh
4759,gpr_dataset_4759.in,datasets/sam-29/files/gpr_dataset_4759.in,0.3776401417717088,45.017996,34.895823,20.086181,0.1145257583434636,1.5268003296195443,2.639849469697498,0.02,fresh
4760,gpr_dataset_4760.in,datasets/sam-29/files/gpr_dataset_4760.in,0.4143485944392896,42.006549,33.660057,24.333394,0.09743109067018799,1.5022908516860607,2.674637702644405,0.02,fresh
4761,gpr_dataset_4761.in,datasets/sam-29/files/gpr_dataset_4761.in,0.32347309884996533,42.190058,36.534992,21.27495,0.20626960680607964,1.4049827540005593,2.680390372850099,0.02,fresh
4762,gpr_dataset_4762.in,datasets/sam-29/files/gpr_dataset_4762.in,0.3255588616115078,45.702357,29.853256,24.444387,0.2300727878143194,1.4392791009904968,2.6774992384255007,0.02,fresh
4763,gpr_dataset_4763.in,datasets/sam-29/files/gpr_dataset_4763.in,0.3212792705776933,49.164914,28.982121,21.852965,0.07588452595315215,1.3319201010735924,2.648435573368136,0.02,fresh
4764,gpr_dataset_4764.in,datasets/sam-29/files/gpr_dataset_4764.in,0.33717275624190324,49.130494,26.947016,23.92249,0.1943292901146556,1.5289157608599404,2.68555780143353,0.02,fresh
4765,gpr_dataset_4765.in,datasets/sam-29/files/gpr_dataset_4765.in,0.3425424773007102,39.073042,39.985415,20.941543,0.12016063134629269,1.3475812635949902,2.61099395424048,0.02,fresh
4766,gpr_dataset_4766.in,datasets/sam-29/files/gpr_dataset_4766.in,0.42477913073699125,34.28032,37.278746,28.440934,0.06417775843896684,1.485836038429554,2.694110526461091,0.02,fresh
4767,gpr_dataset_4767.in,datasets/sam-29/files/gpr_dataset_4767.in,0.34945237329378864,49.279521,30.388098,20.332381,0.14482433539562414,1.5591362610367756,2.650012321327805,0.02,fresh
4768,gpr_dataset_4768.in,datasets/sam-29/files/gpr_dataset_4768.in,0.3475177361982117,36.115357,37.141015,26.743628,0.05202769765148179,1.470784194571968,2.6275719328288383,0.02,fresh
4769,gpr_dataset_4769.in,datasets/sam-29/files/gpr_dataset_4769.in,0.24084801382250098,45.950512,26.893648,27.15584,0.1765094198533635,1.4906834142009098,2.6562451806482446,0.02,fresh
4770,gpr_dataset_4770.in,datasets/sam-29/files/gpr_dataset_4770.in,0.36669883303831574,43.208203,28.995298,27.796499,0.09897638855265836,1.3681954597867823,2.6660979003092913,0.02,fresh
4771,gpr_dataset_4771.in,datasets/sam-29/files/gpr_dataset_4771.in,0.3729226451283997,37.895971,39.815477,22.288552,0.1381457882810193,1.4987217351915851,2.635956940248453,0.02,fresh
4772,gpr_dataset_4772.in,datasets/sam-29/files/gpr_dataset_4772.in,0.4722999048956533,49.611904,34.069787,16.318309,0.19781485612971555,1.5355610381571434,2.6422604386259265,0.02,fresh
4773,gpr_dataset_4773.in,datasets/sam-29/files/gpr_dataset_4773.in,0.13806202583566274,36.407245,37.274177,26.318578,0.07191826554120642,1.31753333897752,2.670647606101497,0.02,fresh
4774,gpr_dataset_4774.in,datasets/sam-29/files/gpr_dataset_4774.in,0.21268050536885422,45.872642,28.434556,25.692802,0.22529292519962463,1.3316216064656519,2.6625553052022677,0.02,fresh
4775,gpr_dataset_4775.in,datasets/sam-29/files/gpr_dataset_4775.in,0.32379633987740375,44.280953,37.153475,18.565572,0.05884921664377332,1.431742324083607,2.6516593934134116,0.02,fresh
4776,gpr_dataset_4776.in,datasets/sam-29/files/gpr_dataset_4776.in,0.2940758023006381,48.29538,37.242306,14.462314,0.13143875650636452,1.4873548100406389,2.6848968883656346,0.02,fresh
4777,gpr_dataset_4777.in,datasets/sam-29/files/gpr_dataset_4777.in,0.4818224935067428,49.081316,24.546313,26.372371,0.17149775998921712,1.3763032426718624,2.682932947209215,0.02,fresh
4778,gpr_dataset_4778.in,datasets/sam-29/files/gpr_dataset_4778.in,0.1829866238341151,36.704517,36.969461,26.326022,0.19395088025984158,1.376775994814021,2.603171631063256,0.02,fresh
4779,gpr_dataset_4779.in,datasets/sam-29/files/gpr_dataset_4779.in,0.3432517082105274,43.799622,27.270226,28.930152,0.1817642730582001,1.466446869829352,2.688697096069476,0.02,fresh
4780,gpr_dataset_4780.in,datasets/sam-29/files/gpr_dataset_4780.in,0.35660410337257564,36.751116,33.917228,29.331656,0.12030930458488356,1.4262030093243827,2.698718549910542,0.02,fresh
4781,gpr_dataset_4781.in,datasets/sam-29/files/gpr_dataset_4781.in,0.361499937030181,41.849089,34.946764,23.204147,0.2068902546437879,1.5516980121607957,2.654207698328456,0.02,fresh
4782,gpr_dataset_4782.in,datasets/sam-29/files/gpr_dataset_4782.in,0.20559003910640922,43.115644,33.871503,23.012853,0.05407628360790178,1.496846943365314,2.601197093172172,0.02,fresh
4783,gpr_dataset_4783.in,datasets/sam-29/files/gpr_dataset_4783.in,0.10732237933644084,42.043304,38.436166,19.52053,0.16317124450153425,1.4627830944309639,2.6364423280306903,0.02,fresh
4784,gpr_dataset_4784.in,datasets/sam-29/files/gpr_dataset_4784.in,0.21473870981197454,37.035028,38.202737,24.762235,0.24092368678595721,1.5157238742565573,2.651541888549305,0.02,fresh
4785,gpr_dataset_4785.in,datasets/sam-29/files/gpr_dataset_4785.in,0.4060187336564972,45.65936,29.534616,24.806024,0.23964632673868774,1.3332972349525118,2.6929351374418506,0.02,fresh
4786,gpr_dataset_4786.in,datasets/sam-29/files/gpr_dataset_4786.in,0.3280275438684028,37.749094,38.108931,24.141975,0.1596383098208059,1.3522051904039856,2.6206858474140637,0.02,fresh
4787,gpr_dataset_4787.in,datasets/sam-29/files/gpr_dataset_4787.in,0.4298120538701681,42.991425,33.816424,23.192151,0.058233785056075016,1.4465940954631873,2.62493961182893,0.02,fresh
4788,gpr_dataset_4788.in,datasets/sam-29/files/gpr_dataset_4788.in,0.295379095270631,44.379502,33.472335,22.148163,0.21622353036881065,1.4273717069861453,2.641608244597225,0.02,fresh
4789,gpr_dataset_4789.in,datasets/sam-29/files/gpr_dataset_4789.in,0.1613813897755368,35.758533,34.271545,29.969922,0.15896323777475913,1.350172988103706,2.692659563481249,0.02,fresh
4790,gpr_dataset_4790.in,datasets/sam-29/files/gpr_dataset_4790.in,0.21028954044262915,42.663325,33.074704,24.261971,0.14153940326438955,1.5184055536236496,2.619895458986937,0.02,fresh
4791,gpr_dataset_4791.in,datasets/sam-29/files/gpr_dataset_4791.in,0.48464826525824967,38.718575,37.587641,23.693784,0.0776443048491291,1.3011928890711066,2.611995495308234,0.02,fresh
4792,gpr_dataset_4792.in,datasets/sam-29/files/gpr_dataset_4792.in,0.42259580043713596,47.61716,36.194925,16.187915,0.06917840466345647,1.539553828144626,2.6524784176935188,0.02,fresh
4793,gpr_dataset_4793.in,datasets/sam-29/files/gpr_dataset_4793.in,0.19186861109754189,47.918885,38.785893,13.295222,0.16226112847904972,1.484960319334297,2.6994092305970687,0.02,fresh
4794,gpr_dataset_4794.in,datasets/sam-29/files/gpr_dataset_4794.in,0.3241435846706948,42.522193,39.051052,18.426755,0.1690391172135608,1.3820522470073089,2.692633266067752,0.02,fresh
4795,gpr_dataset_4795.in,datasets/sam-29/files/gpr_dataset_4795.in,0.1492386271639693,42.763572,30.392367,26.844061,0.14972547565762118,1.466709468254921,2.6552762557485945,0.02,fresh
4796,gpr_dataset_4796.in,datasets/sam-29/files/gpr_dataset_4796.in,0.2570166022547343,46.258569,27.558677,26.182754,0.054296284222907665,1.4287935538657794,2.682756935098735,0.02,fresh
4797,gpr_dataset_4797.in,datasets/sam-29/files/gpr_dataset_4797.in,0.4188463563604867,41.565523,37.638397,20.79608,0.17265825868104617,1.4520307074372778,2.6748982017448455,0.02,fresh
4798,gpr_dataset_4798.in,datasets/sam-29/files/gpr_dataset_4798.in,0.4102677389762561,42.214175,36.064518,21.721307,0.23300696833613138,1.3214612217660702,2.6752910376218044,0.02,fresh
4799,gpr_dataset_4799.in,datasets/sam-29/files/gpr_dataset_4799.in,0.3218324520410033,40.447312,36.254064,23.298624,0.22795970327636383,1.3416167377152246,2.685069280354067,0.02,fresh
4800,gpr_dataset_4800.in,datasets/sam-29/files/gpr_dataset_4800.in,0.29365480180668035,45.879855,32.883717,21.236428,0.07177760767536066,1.3660123848287031,2.6982433606659244,0.02,fresh
4801,gpr_dataset_4801.in,datasets/sam-29/files/gpr_dataset_4801.in,0.37406293289524273,42.031306,28.687959,29.280735,0.08430739451506461,1.3579882810492039,2.608451869767642,0.02,fresh
4802,gpr_dataset_4802.in,datasets/sam-29/files/gpr_dataset_4802.in,0.16280210714566962,35.547355,36.744507,27.708138,0.1723492308993389,1.3887698349946223,2.652399089346905,0.02,fresh
4803,gpr_dataset_4803.in,datasets/sam-29/files/gpr_dataset_4803.in,0.3722821702362057,46.850939,31.906796,21.242265,0.15936652461158662,1.4594249254174358,2.6719345671798247,0.02,fresh
4804,gpr_dataset_4804.in,datasets/sam-29/files/gpr_dataset_4804.in,0.2958055330959001,40.28822,35.021502,24.690278,0.134235977071558,1.4841370359978514,2.698756786710721,0.02,fresh
4805,gpr_dataset_4805.in,datasets/sam-29/files/gpr_dataset_4805.in,0.45459655706158586,42.702155,34.574719,22.723126,0.19235704941443,1.3140318521405252,2.6754783635017434,0.02,fresh
4806,gpr_dataset_4806.in,datasets/sam-29/files/gpr_dataset_4806.in,0.3612423003542693,46.680662,28.942378,24.37696,0.23390216244250994,1.5126936717338577,2.6938391538137023,0.02,fresh
4807,gpr_dataset_4807.in,datasets/sam-29/files/gpr_dataset_4807.in,0.2459846294120839,47.789579,35.898622,16.311799,0.17632285152451793,1.4055410425200356,2.6092953112479402,0.02,fresh
4808,gpr_dataset_4808.in,datasets/sam-29/files/gpr_dataset_4808.in,0.45317820290956157,48.509407,25.678982,25.811611,0.07812026054419866,1.3124838442481312,2.679176653351763,0.02,fresh
4809,gpr_dataset_4809.in,datasets/sam-29/files/gpr_dataset_4809.in,0.46422052009113235,47.901137,27.690287,24.408576,0.21909157196258539,1.4631724463220226,2.665580575792917,0.02,fresh
4810,gpr_dataset_4810.in,datasets/sam-29/files/gpr_dataset_4810.in,0.3800756265921972,46.509697,29.281363,24.20894,0.1733554039929222,1.5167391708904276,2.6023490966696436,0.02,fresh
4811,gpr_dataset_4811.in,datasets/sam-29/files/gpr_dataset_4811.in,0.20235448261543887,38.749951,35.886186,25.363863,0.16144253281563029,1.4142812786468242,2.6378783243583177,0.02,fresh
4812,gpr_dataset_4812.in,datasets/sam-29/files/gpr_dataset_4812.in,0.42922240610911633,47.916468,35.578238,16.505294,0.15561425834568737,1.4446033911506888,2.6198777514919938,0.02,fresh
4813,gpr_dataset_4813.in,datasets/sam-29/files/gpr_dataset_4813.in,0.348791634855644,43.944764,39.939556,16.11568,0.1701283020047612,1.447063580586267,2.6031724929472473,0.02,fresh
4814,gpr_dataset_4814.in,datasets/sam-29/files/gpr_dataset_4814.in,0.22566209486066185,45.885377,38.242607,15.872016,0.11175670853593445,1.561696922991445,2.6955318903173113,0.02,fresh
4815,gpr_dataset_4815.in,datasets/sam-29/files/gpr_dataset_4815.in,0.27563600800773636,49.504044,22.7984,27.697556,0.15443273156111498,1.4163261567768721,2.624650798891943,0.02,fresh
4816,gpr_dataset_4816.in,datasets/sam-29/files/gpr_dataset_4816.in,0.23204398048295105,46.57049,34.55429,18.87522,0.1252079719868709,1.567930525638492,2.631958118753216,0.02,fresh
4817,gpr_dataset_4817.in,datasets/sam-29/files/gpr_dataset_4817.in,0.3563750772727363,41.208722,33.434047,25.357231,0.1713446031794874,1.3175945829558677,2.6962457511148323,0.02,fresh
4818,gpr_dataset_4818.in,datasets/sam-29/files/gpr_dataset_4818.in,0.34767275473585213,42.955056,27.180233,29.864711,0.18207419487213838,1.359245868547336,2.6098739380881013,0.02,fresh
4819,gpr_dataset_4819.in,datasets/sam-29/files/gpr_dataset_4819.in,0.2977931094805274,45.586953,29.470008,24.943039,0.06356193404878685,1.4962869298197334,2.680642646863158,0.02,fresh
4820,gpr_dataset_4820.in,datasets/sam-29/files/gpr_dataset_4820.in,0.4802461671126729,34.148331,38.085007,27.766662,0.089994895095862,1.5462033090022838,2.6013021721537952,0.02,fresh
4821,gpr_dataset_4821.in,datasets/sam-29/files/gpr_dataset_4821.in,0.2858977987776055,36.865206,34.173291,28.961503,0.23236237259724013,1.3335702430222522,2.6083750882306505,0.02,fresh
4822,gpr_dataset_4822.in,datasets/sam-29/files/gpr_dataset_4822.in,0.357622403044456,36.119695,39.678827,24.201478,0.23160862189015086,1.4712472917372248,2.6614653850052057,0.02,fresh
4823,gpr_dataset_4823.in,datasets/sam-29/files/gpr_dataset_4823.in,0.36810171113188395,46.09125,35.773128,18.135622,0.21622060370363855,1.3570069243879523,2.671569175812234,0.02,fresh
4824,gpr_dataset_4824.in,datasets/sam-29/files/gpr_dataset_4824.in,0.48900802603639193,49.088835,30.777275,20.13389,0.19094426249496688,1.3612392480365145,2.6984528280468636,0.02,fresh
4825,gpr_dataset_4825.in,datasets/sam-29/files/gpr_dataset_4825.in,0.14438699982173464,42.874904,33.287343,23.837753,0.11855545266288761,1.4231104287427405,2.649600914237761,0.02,fresh
4826,gpr_dataset_4826.in,datasets/sam-29/files/gpr_dataset_4826.in,0.23367307916849628,42.465872,32.393929,25.140199,0.1255398771748784,1.3022385625528377,2.6627254566011755,0.02,fresh
4827,gpr_dataset_4827.in,datasets/sam-29/files/gpr_dataset_4827.in,0.28262675137078364,42.341403,34.333983,23.324614,0.08381796442640066,1.408249114808325,2.6467638465012158,0.02,fresh
4828,gpr_dataset_4828.in,datasets/sam-29/files/gpr_dataset_4828.in,0.4882619787974659,38.622535,35.660321,25.717144,0.22230026583696777,1.5705155407275493,2.6140171183439014,0.02,fresh
4829,gpr_dataset_4829.in,datasets/sam-29/files/gpr_dataset_4829.in,0.4591976731042934,48.117676,38.670356,13.211968,0.16160456491374603,1.5816528521000595,2.6441384301176236,0.02,fresh
4830,gpr_dataset_4830.in,datasets/sam-29/files/gpr_dataset_4830.in,0.3642881609312728,45.211026,37.414803,17.374171,0.24226370234239936,1.5007271021187156,2.6324493646500065,0.02,fresh
4831,gpr_dataset_4831.in,datasets/sam-29/files/gpr_dataset_4831.in,0.432241330682938,49.018185,34.31368,16.668135,0.06542690346129121,1.4084229486522752,2.697494844060602,0.02,fresh
4832,gpr_dataset_4832.in,datasets/sam-29/files/gpr_dataset_4832.in,0.2939109508462732,42.344395,30.058011,27.597594,0.2219900962668901,1.4928234913130818,2.624876002761821,0.02,fresh
4833,gpr_dataset_4833.in,datasets/sam-29/files/gpr_dataset_4833.in,0.33579293984354663,43.827045,34.789874,21.383081,0.20197935455362603,1.3084730852791109,2.6119425854055076,0.02,fresh
4834,gpr_dataset_4834.in,datasets/sam-29/files/gpr_dataset_4834.in,0.37429531389246706,44.355796,33.681813,21.962391,0.1097856389426422,1.3118805693849906,2.696563132446756,0.02,fresh
4835,gpr_dataset_4835.in,datasets/sam-29/files/gpr_dataset_4835.in,0.285118207833155,38.686978,31.582356,29.730666,0.0708699519612345,1.4307579737212746,2.611828444125636,0.02,fresh
4836,gpr_dataset_4836.in,datasets/sam-29/files/gpr_dataset_4836.in,0.23171856004977434,37.199349,38.10956,24.691091,0.22145838999220807,1.584171369467172,2.6683601866156015,0.02,fresh
4837,gpr_dataset_4837.in,datasets/sam-29/files/gpr_dataset_4837.in,0.44812864611802783,40.015023,31.405508,28.579469,0.15685381157847625,1.4537877843736844,2.6226848543110535,0.02,fresh
4838,gpr_dataset_4838.in,datasets/sam-29/files/gpr_dataset_4838.in,0.20177645693080432,48.131524,31.229776,20.6387,0.19515724387267763,1.504152634939206,2.636428724088557,0.02,fresh
4839,gpr_dataset_4839.in,datasets/sam-29/files/gpr_dataset_4839.in,0.36542917043664414,43.596307,38.341087,18.062606,0.2310529189581968,1.3210401300051127,2.631407186096407,0.02,fresh
4840,gpr_dataset_4840.in,datasets/sam-29/files/gpr_dataset_4840.in,0.11566093069300734,39.792672,32.789911,27.417417,0.15872885736552783,1.4318869534380827,2.655063067282507,0.02,fresh
4841,gpr_dataset_4841.in,datasets/sam-29/files/gpr_dataset_4841.in,0.41903683293462546,46.075439,24.816757,29.107804,0.21621717807993918,1.304579900413773,2.620904956221531,0.02,fresh
4842,gpr_dataset_4842.in,datasets/sam-29/files/gpr_dataset_4842.in,0.20628636132147404,46.792598,29.763919,23.443483,0.20431334933473577,1.4699216623658469,2.606659434438898,0.02,fresh
4843,gpr_dataset_4843.in,datasets/sam-29/files/gpr_dataset_4843.in,0.29406371621491845,33.554176,37.867362,28.578462,0.0517281210368171,1.5928149820510873,2.692387590549993,0.02,fresh
4844,gpr_dataset_4844.in,datasets/sam-29/files/gpr_dataset_4844.in,0.43025052214656945,42.31117,33.364984,24.323846,0.1909229957846455,1.488299586730365,2.622069832023545,0.02,fresh
4845,gpr_dataset_4845.in,datasets/sam-29/files/gpr_dataset_4845.in,0.2581123931945587,47.544842,34.854787,17.600371,0.17220219109677865,1.543920210585735,2.610918474164202,0.02,fresh
4846,gpr_dataset_4846.in,datasets/sam-29/files/gpr_dataset_4846.in,0.14056553916050715,40.485666,38.20875,21.305584,0.06884257696141383,1.5917021259850987,2.6038144444188567,0.02,fresh
4847,gpr_dataset_4847.in,datasets/sam-29/files/gpr_dataset_4847.in,0.22839715849908246,37.313844,34.945375,27.740781,0.07576091353218868,1.5845303206975356,2.6550357768397954,0.02,fresh
4848,gpr_dataset_4848.in,datasets/sam-29/files/gpr_dataset_4848.in,0.21016755898738984,48.738991,37.779447,13.481562,0.2408483172937591,1.4849835610004594,2.681960545098551,0.02,fresh
4849,gpr_dataset_4849.in,datasets/sam-29/files/gpr_dataset_4849.in,0.2406844210837995,41.181854,34.725275,24.092871,0.22671618657187342,1.5244858080837969,2.6600708253984973,0.02,fresh
4850,gpr_dataset_4850.in,datasets/sam-29/files/gpr_dataset_4850.in,0.13501928927643886,36.129465,35.228744,28.641791,0.1320169571178197,1.395049699031949,2.6559248955503536,0.02,fresh
4851,gpr_dataset_4851.in,datasets/sam-29/files/gpr_dataset_4851.in,0.1388245255005993,46.291962,36.337007,17.371031,0.20587118770737428,1.591228402946582,2.6435670262878803,0.02,fresh
4852,gpr_dataset_4852.in,datasets/sam-29/files/gpr_dataset_4852.in,0.35938767000271,47.316663,36.174359,16.508978,0.24206727072906303,1.559838379901299,2.658586019900275,0.02,fresh
4853,gpr_dataset_4853.in,datasets/sam-29/files/gpr_dataset_4853.in,0.25446013933724,43.515661,37.426425,19.057914,0.11401286041815983,1.3265173897907985,2.6111606505137672,0.02,fresh
4854,gpr_dataset_4854.in,datasets/sam-29/files/gpr_dataset_4854.in,0.313658164223756,45.478887,33.971542,20.549571,0.08257267316983603,1.557045874396003,2.6077570662731735,0.02,fresh
4855,gpr_dataset_4855.in,datasets/sam-29/files/gpr_dataset_4855.in,0.34472129005853686,48.519937,36.260256,15.219807,0.17237734304001873,1.511117503542658,2.6305744329935625,0.02,fresh
4856,gpr_dataset_4856.in,datasets/sam-29/files/gpr_dataset_4856.in,0.12611906846117674,39.31081,36.942287,23.746903,0.14027092222451126,1.531441518666429,2.675277645451897,0.02,fresh
4857,gpr_dataset_4857.in,datasets/sam-29/files/gpr_dataset_4857.in,0.3864051226464046,36.849049,33.284025,29.866926,0.2394200184764766,1.4574602783150012,2.616398066941751,0.02,fresh
4858,gpr_dataset_4858.in,datasets/sam-29/files/gpr_dataset_4858.in,0.10409183880326284,34.178724,36.712273,29.109003,0.19653622313174773,1.4323447107233411,2.6203109542348404,0.02,fresh
4859,gpr_dataset_4859.in,datasets/sam-29/files/gpr_dataset_4859.in,0.34892684111075334,40.218911,35.390703,24.390386,0.0975484653738164,1.326105116728488,2.6280549709605685,0.02,fresh
4860,gpr_dataset_4860.in,datasets/sam-29/files/gpr_dataset_4860.in,0.12460129801214626,37.901565,38.899405,23.19903,0.23387477735565626,1.5268052977238065,2.6466153126147276,0.02,fresh
4861,gpr_dataset_4861.in,datasets/sam-29/files/gpr_dataset_4861.in,0.2936711001243667,44.301698,28.2497,27.448602,0.1878537256082291,1.3317909572057836,2.6668369020839404,0.02,fresh
4862,gpr_dataset_4862.in,datasets/sam-29/files/gpr_dataset_4862.in,0.43863179499142,39.656656,38.452011,21.891333,0.11856345500702331,1.5944822895538118,2.697511264762507,0.02,fresh
4863,gpr_dataset_4863.in,datasets/sam-29/files/gpr_dataset_4863.in,0.2025761524613406,49.107159,24.331488,26.561353,0.1412527572052077,1.5681232622471437,2.6682128909817817,0.02,fresh
4864,gpr_dataset_4864.in,datasets/sam-29/files/gpr_dataset_4864.in,0.4264357633718664,45.205143,31.850506,22.944351,0.22304663956041876,1.3521199741239438,2.626351895357333,0.02,fresh
4865,gpr_dataset_4865.in,datasets/sam-29/files/gpr_dataset_4865.in,0.11658067305839764,41.985999,31.289267,26.724734,0.10575974448519088,1.5313709118024827,2.683402942849391,0.02,fresh
4866,gpr_dataset_4866.in,datasets/sam-29/files/gpr_dataset_4866.in,0.19968294255835276,40.51271,35.233902,24.253388,0.19100509675313665,1.5438508312707913,2.602578336952729,0.02,fresh
4867,gpr_dataset_4867.in,datasets/sam-29/files/gpr_dataset_4867.in,0.3507209775072685,42.308578,32.227718,25.463704,0.17777308378298073,1.521585466207424,2.6002353751947758,0.02,fresh
4868,gpr_dataset_4868.in,datasets/sam-29/files/gpr_dataset_4868.in,0.4751816153285702,44.75969,31.80158,23.43873,0.24117606897671534,1.3994160830786384,2.6971706367490955,0.02,fresh
4869,gpr_dataset_4869.in,datasets/sam-29/files/gpr_dataset_4869.in,0.1496208226943689,35.764876,35.739671,28.495453,0.12082503612030554,1.572664380168768,2.6222119051242805,0.02,fresh
4870,gpr_dataset_4870.in,datasets/sam-29/files/gpr_dataset_4870.in,0.36344900298233906,42.122873,31.824202,26.052925,0.1910485985579256,1.3957196057096144,2.6866906138895854,0.02,fresh
4871,gpr_dataset_4871.in,datasets/sam-29/files/gpr_dataset_4871.in,0.20918606443798393,47.34512,32.508433,20.146447,0.23086371263493316,1.4928559880221792,2.6765649833344867,0.02,fresh
4872,gpr_dataset_4872.in,datasets/sam-29/files/gpr_dataset_4872.in,0.3417975843281129,44.695195,38.453897,16.850908,0.15910159679340535,1.3020345761253795,2.645015567115461,0.02,fresh
4873,gpr_dataset_4873.in,datasets/sam-29/files/gpr_dataset_4873.in,0.11064002523158033,46.512334,34.641765,18.845901,0.06844089842210954,1.5971653094479414,2.6560082433436296,0.02,fresh
4874,gpr_dataset_4874.in,datasets/sam-29/files/gpr_dataset_4874.in,0.30996494064342267,45.002632,36.90124,18.096128,0.17929445383709647,1.5285416002357508,2.603155370803781,0.02,fresh
4875,gpr_dataset_4875.in,datasets/sam-29/files/gpr_dataset_4875.in,0.12664377427927911,37.541921,34.210244,28.247835,0.14024938461387176,1.3164392546470614,2.6196292597433066,0.02,fresh
4876,gpr_dataset_4876.in,datasets/sam-29/files/gpr_dataset_4876.in,0.35286947698533366,46.435869,27.531623,26.032508,0.08104701122316538,1.3140333586715078,2.610456799042221,0.02,fresh
4877,gpr_dataset_4877.in,datasets/sam-29/files/gpr_dataset_4877.in,0.13039122756787971,48.365003,28.586536,23.048461,0.2015007312066232,1.4512349602437287,2.6751488119408906,0.02,fresh
4878,gpr_dataset_4878.in,datasets/sam-29/files/gpr_dataset_4878.in,0.4121090700577772,39.168936,35.409091,25.421973,0.08792446413429525,1.3456011690674412,2.6160985755169315,0.02,fresh
4879,gpr_dataset_4879.in,datasets/sam-29/files/gpr_dataset_4879.in,0.2141306302004146,43.854183,27.931222,28.214595,0.12952112622553347,1.5393676170665445,2.6911896270272497,0.02,fresh
4880,gpr_dataset_4880.in,datasets/sam-29/files/gpr_dataset_4880.in,0.4264425024957187,46.48598,36.28754,17.22648,0.06227037846949029,1.4346993355330415,2.6409253326938207,0.02,fresh
4881,gpr_dataset_4881.in,datasets/sam-29/files/gpr_dataset_4881.in,0.24748884547337446,46.141936,28.244274,25.61379,0.24199966921664362,1.4957209986479296,2.6632772600942674,0.02,fresh
4882,gpr_dataset_4882.in,datasets/sam-29/files/gpr_dataset_4882.in,0.4993600853235187,49.719988,26.146204,24.133808,0.10354657369091846,1.3326886441111148,2.618154034585165,0.02,fresh
4883,gpr_dataset_4883.in,datasets/sam-29/files/gpr_dataset_4883.in,0.3504454461872315,45.955707,26.364468,27.679825,0.09831486886845925,1.4342623765595914,2.6521633746281075,0.02,fresh
4884,gpr_dataset_4884.in,datasets/sam-29/files/gpr_dataset_4884.in,0.41183648574559484,48.702307,24.390054,26.907639,0.10867969563139422,1.330975839157786,2.6579740420452045,0.02,fresh
4885,gpr_dataset_4885.in,datasets/sam-29/files/gpr_dataset_4885.in,0.21912123676487744,39.352614,33.338935,27.308451,0.23651074868207944,1.3811970364281605,2.639449234011926,0.02,fresh
4886,gpr_dataset_4886.in,datasets/sam-29/files/gpr_dataset_4886.in,0.1199003171381706,45.470977,31.100701,23.428322,0.09160852542413789,1.5553841958694425,2.6108896250329923,0.02,fresh
4887,gpr_dataset_4887.in,datasets/sam-29/files/gpr_dataset_4887.in,0.3605105966064568,47.418453,33.528748,19.052799,0.21954802169493048,1.4863800383196566,2.6436789160137666,0.02,fresh
4888,gpr_dataset_4888.in,datasets/sam-29/files/gpr_dataset_4888.in,0.42023999163972914,47.546734,23.250987,29.202279,0.14782331070608784,1.4823227488761264,2.676509799139503,0.02,fresh
4889,gpr_dataset_4889.in,datasets/sam-29/files/gpr_dataset_4889.in,0.2673009718659296,40.318594,36.804962,22.876444,0.23594786101904802,1.3877566671808617,2.6768561977138825,0.02,fresh
4890,gpr_dataset_4890.in,datasets/sam-29/files/gpr_dataset_4890.in,0.3128457480630516,49.126996,28.672118,22.200886,0.09288875983599316,1.5003779029346846,2.6152009974653763,0.02,fresh
4891,gpr_dataset_4891.in,datasets/sam-29/files/gpr_dataset_4891.in,0.48505819272947304,44.583,27.331403,28.085597,0.11755072853514817,1.355325181800724,2.6410494936732545,0.02,fresh
4892,gpr_dataset_4892.in,datasets/sam-29/files/gpr_dataset_4892.in,0.36088433767747286,44.60989,33.062339,22.327771,0.243659264759374,1.3650172815400636,2.6653103518278205,0.02,fresh
4893,gpr_dataset_4893.in,datasets/sam-29/files/gpr_dataset_4893.in,0.29991054982892196,48.143845,33.435644,18.420511,0.1955200405950125,1.4216157803404785,2.648994745934839,0.02,fresh
4894,gpr_dataset_4894.in,datasets/sam-29/files/gpr_dataset_4894.in,0.32536012017269017,39.664516,34.112163,26.223321,0.1194981776124626,1.483273708422499,2.6567105345888375,0.02,fresh
4895,gpr_dataset_4895.in,datasets/sam-29/files/gpr_dataset_4895.in,0.30676903921071186,43.452224,29.168679,27.379097,0.2021062125681708,1.5499442437765518,2.676325684595587,0.02,fresh
4896,gpr_dataset_4896.in,datasets/sam-29/files/gpr_dataset_4896.in,0.3192506296171118,47.949566,36.497182,15.553252,0.12010284145845432,1.3396023852710426,2.655183571061649,0.02,fresh
4897,gpr_dataset_4897.in,datasets/sam-29/files/gpr_dataset_4897.in,0.36159439395944226,44.071341,34.666231,21.262428,0.21000853458393576,1.3645414249050645,2.69365765053809,0.02,fresh
4898,gpr_dataset_4898.in,datasets/sam-29/files/gpr_dataset_4898.in,0.3279257568120748,44.683131,34.196213,21.120656,0.08179073891211672,1.443091285050448,2.6937837619580933,0.02,fresh
4899,gpr_dataset_4899.in,datasets/sam-29/files/gpr_dataset_4899.in,0.27638164181377456,46.78454,29.020748,24.194712,0.21374875933149762,1.4310995305151972,2.6683578230452447,0.02,fresh
4900,gpr_dataset_4900.in,datasets/sam-29/files/gpr_dataset_4900.in,0.1578887346423791,46.57554,26.1116,27.31286,0.1995908242404712,1.311993913739753,2.6441394769144866,0.02,fresh
4901,gpr_dataset_4901.in,datasets/sam-29/files/gpr_dataset_4901.in,0.2401753760334692,35.400863,38.730603,25.868534,0.1490173133274617,1.5407605155880493,2.6174135914259677,0.02,fresh
4902,gpr_dataset_4902.in,datasets/sam-29/files/gpr_dataset_4902.in,0.19761209996163678,47.126069,31.175656,21.698275,0.21153413024692308,1.523834575517548,2.691487076642461,0.02,fresh
4903,gpr_dataset_4903.in,datasets/sam-29/files/gpr_dataset_4903.in,0.1674225795573953,44.488278,27.881487,27.630235,0.1460537668024247,1.5717549980116745,2.646744865264814,0.02,fresh
4904,gpr_dataset_4904.in,datasets/sam-29/files/gpr_dataset_4904.in,0.1286752781456898,43.345702,32.800266,23.854032,0.14474135156515344,1.3446570880282314,2.6067939695407283,0.02,fresh
4905,gpr_dataset_4905.in,datasets/sam-29/files/gpr_dataset_4905.in,0.3722308634564636,48.200473,22.127853,29.671674,0.06275509479590202,1.3179889920002,2.603265083214533,0.02,fresh
4906,gpr_dataset_4906.in,datasets/sam-29/files/gpr_dataset_4906.in,0.26497436696381915,44.029184,28.951413,27.019403,0.13450647051435344,1.3296463911573344,2.6580092979229533,0.02,fresh
4907,gpr_dataset_4907.in,datasets/sam-29/files/gpr_dataset_4907.in,0.14028212225897613,44.783956,31.086679,24.129365,0.24926300126716194,1.5981726077952987,2.668503873301551,0.02,fresh
4908,gpr_dataset_4908.in,datasets/sam-29/files/gpr_dataset_4908.in,0.20976071144538092,42.623865,38.147487,19.228648,0.23030592883758422,1.40790682441924,2.6990565138587037,0.02,fresh
4909,gpr_dataset_4909.in,datasets/sam-29/files/gpr_dataset_4909.in,0.1029613586968936,45.90882,34.200338,19.890842,0.23330058541800652,1.3525449344851552,2.6633939836299856,0.02,fresh
4910,gpr_dataset_4910.in,datasets/sam-29/files/gpr_dataset_4910.in,0.11322778826352944,43.050108,32.888558,24.061334,0.16348888739271678,1.395676852540733,2.600715801948583,0.02,fresh
4911,gpr_dataset_4911.in,datasets/sam-29/files/gpr_dataset_4911.in,0.1202368329410557,44.988856,25.134067,29.877077,0.22111212224480697,1.449686379840528,2.6027150482848946,0.02,fresh
4912,gpr_dataset_4912.in,datasets/sam-29/files/gpr_dataset_4912.in,0.159362064950149,44.850074,26.347895,28.802031,0.21952282822891217,1.3077630551382993,2.6307107738185627,0.02,fresh
4913,gpr_dataset_4913.in,datasets/sam-29/files/gpr_dataset_4913.in,0.13657444221115306,43.027985,32.482119,24.489896,0.15561157370523654,1.478949325501088,2.6126438220127484,0.02,fresh
4914,gpr_dataset_4914.in,datasets/sam-29/files/gpr_dataset_4914.in,0.20239458531065468,48.414184,36.744005,14.841811,0.17540210577589177,1.554432159465351,2.6399626181535663,0.02,fresh
4915,gpr_dataset_4915.in,datasets/sam-29/files/gpr_dataset_4915.in,0.4401417264225812,40.118659,34.382053,25.499288,0.10696384418464354,1.3389906123972364,2.609002255088939,0.02,fresh
4916,gpr_dataset_4916.in,datasets/sam-29/files/gpr_dataset_4916.in,0.3934970204471512,40.945648,35.571,23.483352,0.17037548376536094,1.5857408527057857,2.6909056785647074,0.02,fresh
4917,gpr_dataset_4917.in,datasets/sam-29/files/gpr_dataset_4917.in,0.1973496411454385,46.26412,30.159434,23.576446,0.2276117049386095,1.5787112662380756,2.629176298129267,0.02,fresh
4918,gpr_dataset_4918.in,datasets/sam-29/files/gpr_dataset_4918.in,0.14043813776903732,40.717032,33.452742,25.830226,0.05254183934557591,1.3628752904066948,2.6940354441464605,0.02,fresh
4919,gpr_dataset_4919.in,datasets/sam-29/files/gpr_dataset_4919.in,0.39993022817517787,41.058142,29.577596,29.364262,0.1853174128804359,1.3842029923994197,2.611682708374955,0.02,fresh
4920,gpr_dataset_4920.in,datasets/sam-29/files/gpr_dataset_4920.in,0.4080586826735816,48.574577,34.193435,17.231988,0.12134450603747299,1.5851693329272716,2.6812406282712535,0.02,fresh
4921,gpr_dataset_4921.in,datasets/sam-29/files/gpr_dataset_4921.in,0.3624112976422541,45.412111,30.756999,23.83089,0.223689723547092,1.347205929816304,2.689439136151148,0.02,fresh
4922,gpr_dataset_4922.in,datasets/sam-29/files/gpr_dataset_4922.in,0.21239810747820861,49.814972,34.109146,16.075882,0.17878107624338796,1.5441935801827074,2.663488910496795,0.02,fresh
4923,gpr_dataset_4923.in,datasets/sam-29/files/gpr_dataset_4923.in,0.18699956700622616,39.054782,36.297438,24.64778,0.2274738117447485,1.5598292524114776,2.6273890835198204,0.02,fresh
4924,gpr_dataset_4924.in,datasets/sam-29/files/gpr_dataset_4924.in,0.12944364015507165,43.519218,29.209135,27.271647,0.1462621658848619,1.358335783750169,2.6290248274809334,0.02,fresh
4925,gpr_dataset_4925.in,datasets/sam-29/files/gpr_dataset_4925.in,0.40922224708942356,47.984225,25.16532,26.850455,0.10358097789497421,1.5443713752319534,2.6973959151402283,0.02,fresh
4926,gpr_dataset_4926.in,datasets/sam-29/files/gpr_dataset_4926.in,0.24963839616389524,36.752427,36.21419,27.033383,0.08783018686233786,1.4083073124625096,2.6135753295866135,0.02,fresh
4927,gpr_dataset_4927.in,datasets/sam-29/files/gpr_dataset_4927.in,0.4519274618810155,42.830113,36.198023,20.971864,0.10673460138184859,1.5856963044909254,2.6409424023370116,0.02,fresh
4928,gpr_dataset_4928.in,datasets/sam-29/files/gpr_dataset_4928.in,0.16797504827292467,36.841075,37.648549,25.510376,0.14114773193799357,1.4665210052248776,2.6894861458854717,0.02,fresh
4929,gpr_dataset_4929.in,datasets/sam-29/files/gpr_dataset_4929.in,0.3698994196077715,49.695069,31.449136,18.855795,0.16481424688187757,1.341725205878919,2.6951551628905053,0.02,fresh
4930,gpr_dataset_4930.in,datasets/sam-29/files/gpr_dataset_4930.in,0.2941680017458899,48.227814,39.535516,12.23667,0.06997641679724109,1.454231282550896,2.6337751929670645,0.02,fresh
4931,gpr_dataset_4931.in,datasets/sam-29/files/gpr_dataset_4931.in,0.40802028165710513,46.294474,37.134964,16.570562,0.18289007679902497,1.5163906494018602,2.6052546958896037,0.02,fresh
4932,gpr_dataset_4932.in,datasets/sam-29/files/gpr_dataset_4932.in,0.46791180464183646,46.374952,38.259778,15.36527,0.15238899864686797,1.3039852142242538,2.6895611519452522,0.02,fresh
4933,gpr_dataset_4933.in,datasets/sam-29/files/gpr_dataset_4933.in,0.14798795155746491,34.135007,36.993197,28.871796,0.1838904662973198,1.5601136904151622,2.6729709005484614,0.02,fresh
4934,gpr_dataset_4934.in,datasets/sam-29/files/gpr_dataset_4934.in,0.1586861832718042,47.030588,28.581727,24.387685,0.2017138555834474,1.5385491285878028,2.6526350153934013,0.02,fresh
4935,gpr_dataset_4935.in,datasets/sam-29/files/gpr_dataset_4935.in,0.2444680098392599,44.112423,29.553097,26.33448,0.16333181128520205,1.3389233914039993,2.6799744999862165,0.02,fresh
4936,gpr_dataset_4936.in,datasets/sam-29/files/gpr_dataset_4936.in,0.1454242291437657,44.571068,32.437828,22.991104,0.18983119967633916,1.5326131625044535,2.679896114994098,0.02,fresh
4937,gpr_dataset_4937.in,datasets/sam-29/files/gpr_dataset_4937.in,0.1122422770939437,48.632451,25.772965,25.594584,0.05622417884150741,1.4433947729637953,2.663000505427398,0.02,fresh
4938,gpr_dataset_4938.in,datasets/sam-29/files/gpr_dataset_4938.in,0.10345363629856141,32.844531,38.353985,28.801484,0.07340915551090288,1.5392299507143083,2.685011856551758,0.02,fresh
4939,gpr_dataset_4939.in,datasets/sam-29/files/gpr_dataset_4939.in,0.1870166048621903,48.161226,30.985881,20.852893,0.20572415482966266,1.5807802380325515,2.699191359634199,0.02,fresh
4940,gpr_dataset_4940.in,datasets/sam-29/files/gpr_dataset_4940.in,0.42817013991327635,40.391868,29.95488,29.653252,0.10494069101684628,1.5664831857246364,2.6411734243981506,0.02,fresh
4941,gpr_dataset_4941.in,datasets/sam-29/files/gpr_dataset_4941.in,0.34465656096930025,44.733231,26.406317,28.860452,0.10676257558939235,1.4318283881659362,2.635149696831379,0.02,fresh
4942,gpr_dataset_4942.in,datasets/sam-29/files/gpr_dataset_4942.in,0.23419388397755747,37.021816,36.057744,26.92044,0.13899401563867164,1.4666792261509125,2.6099460526814497,0.02,fresh
4943,gpr_dataset_4943.in,datasets/sam-29/files/gpr_dataset_4943.in,0.271808234753028,44.754108,29.279281,25.966611,0.08495768077080108,1.4018853099741233,2.6144654346345755,0.02,fresh
4944,gpr_dataset_4944.in,datasets/sam-29/files/gpr_dataset_4944.in,0.30676865656537916,45.266534,27.733344,27.000122,0.1712046479663244,1.3869269273836045,2.678829796016293,0.02,fresh
4945,gpr_dataset_4945.in,datasets/sam-29/files/gpr_dataset_4945.in,0.25653997711908494,45.694731,28.559505,25.745764,0.23790061122286404,1.361447815198729,2.6449681822947966,0.02,fresh
4946,gpr_dataset_4946.in,datasets/sam-29/files/gpr_dataset_4946.in,0.4594408070582029,44.030877,35.019838,20.949285,0.23266750661754687,1.4295836422699142,2.6656562194790157,0.02,fresh
4947,gpr_dataset_4947.in,datasets/sam-29/files/gpr_dataset_4947.in,0.18838801740129785,38.057911,39.528032,22.414057,0.05382119560328829,1.434859543215759,2.626983429194508,0.02,fresh
4948,gpr_dataset_4948.in,datasets/sam-29/files/gpr_dataset_4948.in,0.2854079995539526,45.653869,26.608538,27.737593,0.1593881190861182,1.5400113105178919,2.600539906496825,0.02,fresh
4949,gpr_dataset_4949.in,datasets/sam-29/files/gpr_dataset_4949.in,0.28100892784293074,44.309434,38.021406,17.66916,0.07555415633951068,1.5097260573283309,2.6190481712954337,0.02,fresh
4950,gpr_dataset_4950.in,datasets/sam-29/files/gpr_dataset_4950.in,0.16625709100383024,46.100053,30.879318,23.020629,0.07745607473239441,1.5338188600651006,2.684858911780185,0.02,fresh
4951,gpr_dataset_4951.in,datasets/sam-29/files/gpr_dataset_4951.in,0.39742813713286196,42.660433,39.010449,18.329118,0.19214931221532877,1.5672556069192287,2.601734197943007,0.02,fresh
4952,gpr_dataset_4952.in,datasets/sam-29/files/gpr_dataset_4952.in,0.48125423240305276,40.524204,32.65601,26.819786,0.16754973777240068,1.3550098807360031,2.6601998352519454,0.02,fresh
4953,gpr_dataset_4953.in,datasets/sam-29/files/gpr_dataset_4953.in,0.12911042431792957,46.150064,33.744533,20.105403,0.098942370825712,1.5311921573661735,2.6854538622809585,0.02,fresh
4954,gpr_dataset_4954.in,datasets/sam-29/files/gpr_dataset_4954.in,0.43941353453370546,47.254269,30.09357,22.652161,0.08817917240752422,1.30838020127693,2.675484748660715,0.02,fresh
4955,gpr_dataset_4955.in,datasets/sam-29/files/gpr_dataset_4955.in,0.36755223186371844,44.773677,34.947397,20.278926,0.15785357107548276,1.3260393073386088,2.6689041462897025,0.02,fresh
4956,gpr_dataset_4956.in,datasets/sam-29/files/gpr_dataset_4956.in,0.10003501966146913,44.468676,33.865537,21.665787,0.11528012020425685,1.3431738481406934,2.604136212132585,0.02,fresh
4957,gpr_dataset_4957.in,datasets/sam-29/files/gpr_dataset_4957.in,0.32734939693318066,40.912585,29.969046,29.118369,0.13814284353462808,1.4363660476338862,2.637327391662776,0.02,fresh
4958,gpr_dataset_4958.in,datasets/sam-29/files/gpr_dataset_4958.in,0.14924584241717237,45.233181,33.884401,20.882418,0.1334344137309062,1.4279633434412995,2.6109143847566902,0.02,fresh
4959,gpr_dataset_4959.in,datasets/sam-29/files/gpr_dataset_4959.in,0.1289586825809361,46.18565,26.584337,27.230013,0.17745182789546882,1.5377738503571796,2.664121032511769,0.02,fresh
4960,gpr_dataset_4960.in,datasets/sam-29/files/gpr_dataset_4960.in,0.47986014691980305,40.101947,34.550936,25.347117,0.22899657610597052,1.5829816639650842,2.695139081198387,0.02,fresh
4961,gpr_dataset_4961.in,datasets/sam-29/files/gpr_dataset_4961.in,0.2555008105225459,39.14819,32.89425,27.95756,0.10330627535735809,1.3414772163861204,2.689686058045485,0.02,fresh
4962,gpr_dataset_4962.in,datasets/sam-29/files/gpr_dataset_4962.in,0.2833816711876681,49.705189,34.670055,15.624756,0.19660978163948423,1.4830991451002729,2.665215911222737,0.02,fresh
4963,gpr_dataset_4963.in,datasets/sam-29/files/gpr_dataset_4963.in,0.24652126854028902,43.132915,32.45043,24.416655,0.08695584007797577,1.5441197202798143,2.6973756936595388,0.02,fresh
4964,gpr_dataset_4964.in,datasets/sam-29/files/gpr_dataset_4964.in,0.11966770435973634,40.255063,32.035116,27.709821,0.12535305582255968,1.532301811098617,2.679666696364883,0.02,fresh
4965,gpr_dataset_4965.in,datasets/sam-29/files/gpr_dataset_4965.in,0.43896940055455946,47.218361,30.632729,22.14891,0.14731162325737174,1.4193057378335536,2.662135189607085,0.02,fresh
4966,gpr_dataset_4966.in,datasets/sam-29/files/gpr_dataset_4966.in,0.25105821939249295,48.936345,31.439013,19.624642,0.08288545345947462,1.4352812235056778,2.675171673374836,0.02,fresh
4967,gpr_dataset_4967.in,datasets/sam-29/files/gpr_dataset_4967.in,0.49492612275215686,48.007734,37.231719,14.760547,0.0964201077667354,1.463877179744991,2.6395498161144237,0.02,fresh
4968,gpr_dataset_4968.in,datasets/sam-29/files/gpr_dataset_4968.in,0.3833051155396069,46.995642,28.214711,24.789647,0.20251708062158175,1.580834688343296,2.6528274430168217,0.02,fresh
4969,gpr_dataset_4969.in,datasets/sam-29/files/gpr_dataset_4969.in,0.2397634613206594,49.274454,26.841807,23.883739,0.08082357047640548,1.408361394339123,2.649762852554799,0.02,fresh
4970,gpr_dataset_4970.in,datasets/sam-29/files/gpr_dataset_4970.in,0.4395680475096767,33.19523,37.590747,29.214023,0.12662911500530372,1.4030161616492676,2.680622339839467,0.02,fresh
4971,gpr_dataset_4971.in,datasets/sam-29/files/gpr_dataset_4971.in,0.11724397987496005,46.970254,39.504564,13.525182,0.14925857240513263,1.3278391099648064,2.6020239640743106,0.02,fresh
4972,gpr_dataset_4972.in,datasets/sam-29/files/gpr_dataset_4972.in,0.4971100625749779,43.510401,31.955992,24.533607,0.2276846253012929,1.3898589692027123,2.6283100606485243,0.02,fresh
4973,gpr_dataset_4973.in,datasets/sam-29/files/gpr_dataset_4973.in,0.10631843309429288,44.895174,35.552632,19.552194,0.1614839902178848,1.4144554160858438,2.6066625879976137,0.02,fresh
4974,gpr_dataset_4974.in,datasets/sam-29/files/gpr_dataset_4974.in,0.49628397862296725,43.454963,36.72495,19.820087,0.14296339262493732,1.5818235132139358,2.6662466595456205,0.02,fresh
4975,gpr_dataset_4975.in,datasets/sam-29/files/gpr_dataset_4975.in,0.12306664094825935,48.558058,27.558087,23.883855,0.18145159208289202,1.4735848355067653,2.654410520273587,0.02,fresh
4976,gpr_dataset_4976.in,datasets/sam-29/files/gpr_dataset_4976.in,0.33386545133142326,37.47414,34.184399,28.341461,0.16688234741192182,1.5601301845754232,2.6705584602512724,0.02,fresh
4977,gpr_dataset_4977.in,datasets/sam-29/files/gpr_dataset_4977.in,0.18681472537703067,37.011989,35.510978,27.477033,0.21344696968157545,1.4757518072741571,2.648268188473581,0.02,fresh
4978,gpr_dataset_4978.in,datasets/sam-29/files/gpr_dataset_4978.in,0.39574261830641133,48.664785,24.552511,26.782704,0.1585240308275089,1.4121141270344628,2.6095515840174466,0.02,fresh
4979,gpr_dataset_4979.in,datasets/sam-29/files/gpr_dataset_4979.in,0.3477599497430047,39.390459,33.344826,27.264715,0.13192129751708614,1.5354532180810554,2.6195732198661146,0.02,fresh
4980,gpr_dataset_4980.in,datasets/sam-29/files/gpr_dataset_4980.in,0.4157026745982918,41.183163,33.654472,25.162365,0.23126303641910473,1.4395817867682568,2.6309669896828636,0.02,fresh
4981,gpr_dataset_4981.in,datasets/sam-29/files/gpr_dataset_4981.in,0.22889823291401676,47.834101,32.342839,19.82306,0.0914174677031921,1.589582943804733,2.628496521102252,0.02,fresh
4982,gpr_dataset_4982.in,datasets/sam-29/files/gpr_dataset_4982.in,0.26975073713072384,43.679037,28.876001,27.444962,0.14323036254244342,1.5155026483798442,2.6309283872858553,0.02,fresh
4983,gpr_dataset_4983.in,datasets/sam-29/files/gpr_dataset_4983.in,0.3700594090607616,34.621637,36.354347,29.024016,0.0604707097471346,1.4205304517368016,2.6236451490576482,0.02,fresh
4984,gpr_dataset_4984.in,datasets/sam-29/files/gpr_dataset_4984.in,0.22087853825899095,40.961418,37.380021,21.658561,0.20253784469101477,1.3860209406106394,2.6894584401185377,0.02,fresh
4985,gpr_dataset_4985.in,datasets/sam-29/files/gpr_dataset_4985.in,0.45890101516940585,41.703508,33.255573,25.040919,0.059418751965909115,1.573335424091919,2.695391849067253,0.02,fresh
4986,gpr_dataset_4986.in,datasets/sam-29/files/gpr_dataset_4986.in,0.4113525720702593,45.103839,35.884389,19.011772,0.2139139792096803,1.5584902106335132,2.6442617781376487,0.02,fresh
4987,gpr_dataset_4987.in,datasets/sam-29/files/gpr_dataset_4987.in,0.39911934402257343,35.772017,38.06932,26.158663,0.09508084350520546,1.5368196278544506,2.641167172910983,0.02,fresh
4988,gpr_dataset_4988.in,datasets/sam-29/files/gpr_dataset_4988.in,0.24198026227878586,46.367342,28.255333,25.377325,0.2035247259718167,1.348555300203225,2.667813541032972,0.02,fresh
4989,gpr_dataset_4989.in,datasets/sam-29/files/gpr_dataset_4989.in,0.3362875336157119,37.72934,32.489802,29.780858,0.09883242889534397,1.4308789025084026,2.602842908080618,0.02,fresh
4990,gpr_dataset_4990.in,datasets/sam-29/files/gpr_dataset_4990.in,0.3357600538800364,39.540867,34.444583,26.01455,0.10650533078497021,1.5918956044277641,2.6260720584267485,0.02,fresh
4991,gpr_dataset_4991.in,datasets/sam-29/files/gpr_dataset_4991.in,0.3467751165552484,37.676816,39.917156,22.406028,0.23008277787570325,1.468729686996374,2.611055651602924,0.02,fresh
4992,gpr_dataset_4992.in,datasets/sam-29/files/gpr_dataset_4992.in,0.4388636793448363,47.910911,27.809276,24.279813,0.06422376466105212,1.313259889430347,2.6827953744170268,0.02,fresh
4993,gpr_dataset_4993.in,datasets/sam-29/files/gpr_dataset_4993.in,0.27191963539974734,41.815952,38.656935,19.527113,0.13484744572229215,1.4110470889898938,2.6152914086162014,0.02,fresh
4994,gpr_dataset_4994.in,datasets/sam-29/files/gpr_dataset_4994.in,0.32398261578188614,44.626953,34.619646,20.753401,0.1730727443200769,1.3668188632853702,2.663095902809313,0.02,fresh
4995,gpr_dataset_4995.in,datasets/sam-29/files/gpr_dataset_4995.in,0.30145000532506516,40.51153,37.74541,21.74306,0.08281799213740766,1.580996537344722,2.632584734266655,0.02,fresh
4996,gpr_dataset_4996.in,datasets/sam-29/files/gpr_dataset_4996.in,0.3513761104391043,36.591659,39.178928,24.229413,0.15259398572764804,1.3576852467518454,2.693438522420996,0.02,fresh
4997,gpr_dataset_4997.in,datasets/sam-29/files/gpr_dataset_4997.in,0.201863809191503,44.962809,28.48919,26.548001,0.07521925391224747,1.4006891310274407,2.6539803960650517,0.02,fresh
4998,gpr_dataset_4998.in,datasets/sam-29/files/gpr_dataset_4998.in,0.21313274972367324,49.847053,37.433641,12.719306,0.13384179497416404,1.3755330095108067,2.6432706384015865,0.02,fresh
4999,gpr_dataset_4999.in,datasets/sam-29/files/gpr_dataset_4999.in,0.11335467341085469,47.503357,29.776136,22.720507,0.1103008258704049,1.4353761283897446,2.638697759569824,0.02,fresh
5000,gpr_dataset_5000.in,datasets/sam-29/files/gpr_dataset_5000.in,0.1322897984128443,47.296468,25.626732,27.0768,0.10349596289124877,1.3350489517288378,2.6540694366529993,0.02,fresh
