sample_index,filename,filepath,layer_1_thickness_m,layer_1_sand_pct,layer_1_silt_pct,layer_1_clay_pct,layer_1_theta_v,layer_1_bulk_density_gcm3,layer_1_particle_density_gcm3,layer_1_organic_fraction,layer_1_salinity_class,layer_2_thickness_m,layer_2_sand_pct,layer_2_silt_pct,layer_2_clay_pct,layer_2_theta_v,layer_2_bulk_density_gcm3,layer_2_particle_density_gcm3,layer_2_organic_fraction,layer_2_salinity_class
1,gpr_dataset_0001.in,datasets/check001/files/gpr_dataset_0001.in,0.22788535969157675,51.768771,32.595728,15.635501,0.26047068212460184,1.5030098462268735,2.689217956770485,0.05,,0.3608571828405913,44.581417,35.485589,19.932995,0.17580329321550436,1.407960790905159,2.619883765068665,0.02,
3,gpr_dataset_0003.in,datasets/check001/files/gpr_dataset_0003.in,0.24594635733876358,48.786648,37.954672,13.25868,0.23280609469098404,1.5488213992758986,2.661851975236425,0.05,,0.9031948302175441,41.09633,43.613121,15.290549,0.13418474134773203,1.486816389080632,2.6079791976923627,0.02,
4,gpr_dataset_0004.in,datasets/check001/files/gpr_dataset_0004.in,0.14655817727220605,50.06178,30.451019,19.487201,0.20472482684551263,1.411054290135065,2.620950703077149,0.05,,0.4868844754343793,43.208799,38.090762,18.700439,0.12567079722971455,1.6187380393851047,2.616340249376193,0.02,
5,gpr_dataset_0005.in,datasets/check001/files/gpr_dataset_0005.in,0.17589108835152956,55.279668,30.325451,14.394881,0.2526921376484812,1.552855576056943,2.6775999911546244,0.05,,0.46033365037487306,36.207677,42.904071,20.888252,0.13164742653794897,1.6828729143005163,2.687636762647267,0.02,
7,gpr_dataset_0007.in,datasets/check001/files/gpr_dataset_0007.in,0.20190525873529291,56.620475,28.355234,15.024291,0.2441169062554635,1.5376238093088892,2.6422159966799685,0.05,,0.34446939430636997,34.894573,46.290495,18.814932,0.24566175664204273,1.6582339106703494,2.601148102194282,0.02,
8,gpr_dataset_0008.in,datasets/check001/files/gpr_dataset_0008.in,0.24414436387203892,55.269143,31.676438,13.054419,0.24614426978697118,1.3334656520787629,2.6434765250669106,0.05,,0.6176065944304445,42.963751,41.5987,15.437549,0.17508791695754475,1.4535955641590392,2.6912627839344823,0.02,
9,gpr_dataset_0009.in,datasets/check001/files/gpr_dataset_0009.in,0.27410371396735334,48.471178,34.563289,16.965533,0.1729258902824452,1.5287532400225454,2.6539379030119625,0.05,,0.8450385350413907,45.697772,33.773817,20.528411,0.10292151135787485,1.678729584879385,2.6878721877823186,0.02,
10,gpr_dataset_0010.in,datasets/check001/files/gpr_dataset_0010.in,0.2663331058722359,43.906858,37.35842,18.734722,0.16925871967496442,1.4425847134296195,2.6549803593494947,0.05,,0.48553964025804136,46.053515,37.331828,16.614657,0.18089441331691875,1.618979320726993,2.62011510633897,0.02,
11,gpr_dataset_0011.in,datasets/check001/files/gpr_dataset_0011.in,0.16234325826017898,55.837176,30.757909,13.404915,0.2276363761553386,1.3363012587604797,2.6224697337031557,0.05,,0.5366598935032187,44.635981,36.979862,18.384157,0.11064896290135488,1.5893308871810297,2.6228941783811157,0.02,
12,gpr_dataset_0012.in,datasets/check001/files/gpr_dataset_0012.in,0.28108400260122557,59.985514,27.290081,12.724405,0.29032713608710065,1.4713129279975854,2.6472671026311794,0.05,,0.8492335970035274,48.109213,35.243509,16.647277,0.16465767736095663,1.5270735869059762,2.6467024668036676,0.02,
13,gpr_dataset_0013.in,datasets/check001/files/gpr_dataset_0013.in,0.2458151698919701,51.344319,38.10764,10.548041,0.21039319231534032,1.401790781618489,2.686167253635279,0.05,,0.4740594337441999,36.745563,42.363344,20.891093,0.14178177170004108,1.4749419343646302,2.6923265599276016,0.02,
14,gpr_dataset_0014.in,datasets/check001/files/gpr_dataset_0014.in,0.18862614901069139,57.957612,31.402373,10.640014,0.29989237026190896,1.5508082755239856,2.6968996257284754,0.05,,0.9484568881056892,46.900493,33.274132,19.825375,0.13206209487987725,1.5203120877648357,2.605863539997218,0.02,
15,gpr_dataset_0015.in,datasets/check001/files/gpr_dataset_0015.in,0.17579462379538321,58.05117,24.602653,17.346176,0.21825125510087148,1.426902245797049,2.6957317640859677,0.05,,0.9967958826448997,40.296738,43.484772,16.21849,0.14450617382418462,1.6906128094907475,2.6579180290816256,0.02,
16,gpr_dataset_0016.in,datasets/check001/files/gpr_dataset_0016.in,0.20843904027485483,59.774599,22.995703,17.229698,0.22542755743792703,1.5558159676144858,2.6157432727939485,0.05,,0.9725452322921153,36.632162,39.082948,24.28489,0.2012818830406135,1.4705611685002793,2.6119886613947125,0.02,
17,gpr_dataset_0017.in,datasets/check001/files/gpr_dataset_0017.in,0.2780574628258875,48.301289,34.287599,17.411112,0.21288373730038085,1.4751016867873674,2.652278271553196,0.05,,0.9542943804154991,35.581054,46.269042,18.149903,0.15936787701868818,1.6015070668879914,2.6299997079798763,0.02,
18,gpr_dataset_0018.in,datasets/check001/files/gpr_dataset_0018.in,0.1632354392543708,52.909424,34.514334,12.576242,0.17366202485358478,1.5501234863919422,2.6703539925087374,0.05,,0.728174436008165,44.57532,34.615571,20.809109,0.24083950058906559,1.4402873343180103,2.6115428670419103,0.02,
19,gpr_dataset_0019.in,datasets/check001/files/gpr_dataset_0019.in,0.12140719554188353,55.169208,27.492477,17.338315,0.2576418280708197,1.3610791936982358,2.6634237958885083,0.05,,0.48478873114128657,35.720502,43.20767,21.071828,0.11384477015691002,1.5270727317691177,2.6276680223972253,0.02,
20,gpr_dataset_0020.in,datasets/check001/files/gpr_dataset_0020.in,0.10070913781755647,54.991141,32.487499,12.52136,0.26118463625218963,1.4655041263379174,2.642768691898068,0.05,,0.306768789725838,30.526121,46.181417,23.292462,0.18183854338082833,1.650378505965805,2.6582509566489794,0.02,
21,gpr_dataset_0021.in,datasets/check001/files/gpr_dataset_0021.in,0.12961875711349652,49.87476,33.189569,16.93567,0.1815114807509631,1.3748589217668774,2.6102793621671787,0.05,,0.8460813693100098,44.556246,35.627609,19.816145,0.1231830007498307,1.6789643047081022,2.6864605696219965,0.02,
22,gpr_dataset_0022.in,datasets/check001/files/gpr_dataset_0022.in,0.2952412065861926,54.359925,26.462926,19.177149,0.27033527084057085,1.5592192085125838,2.681074931657439,0.05,,0.4867639967161304,45.013292,31.645748,23.34096,0.22878898770066725,1.4667301152636993,2.6816586605596933,0.02,
23,gpr_dataset_0023.in,datasets/check001/files/gpr_dataset_0023.in,0.1920606469357884,48.897486,38.082695,13.019818,0.15354966520521773,1.3579389364983125,2.6328261951197707,0.05,,0.9050470594212003,46.398398,33.46261,20.138992,0.15995175765400912,1.694344906159478,2.6536215732478725,0.02,
24,gpr_dataset_0024.in,datasets/check001/files/gpr_dataset_0024.in,0.2878474280649431,50.510172,35.862322,13.627507,0.24093132799592148,1.4534269179008434,2.638519543334473,0.05,,0.7036116304476197,37.220852,46.852348,15.9268,0.23883627482486242,1.5615355991278375,2.6719429999144846,0.02,
26,gpr_dataset_0026.in,datasets/check001/files/gpr_dataset_0026.in,0.12545755981183065,46.551799,37.318497,16.129704,0.2854208318598874,1.4846544747854142,2.6300949874565567,0.05,,0.6835560491949887,35.284875,42.022646,22.692479,0.18699771717935232,1.5964116871109215,2.6464988190247016,0.02,
27,gpr_dataset_0027.in,datasets/check001/files/gpr_dataset_0027.in,0.18843195986096148,52.231287,33.906671,13.862042,0.2727635196804996,1.5253414412622197,2.667279567055717,0.05,,0.4572484661981018,41.482901,37.217629,21.299469,0.17127045163282079,1.6549213083874195,2.607282822918457,0.02,
28,gpr_dataset_0028.in,datasets/check001/files/gpr_dataset_0028.in,0.18288820219954388,56.283236,25.563756,18.153008,0.22415657535156552,1.3731953318735317,2.6656058011111785,0.05,,0.30388137269662224,42.277157,42.635546,15.087298,0.16377192909141014,1.4527660045119595,2.695796604227954,0.02,
29,gpr_dataset_0029.in,datasets/check001/files/gpr_dataset_0029.in,0.20359155008874816,48.244743,35.3797,16.375557,0.2981838679599672,1.478635695540826,2.695003960844316,0.05,,0.9239981480673058,39.604939,41.603726,18.791335,0.22458537545821225,1.5643615851832484,2.6897208103233265,0.02,
30,gpr_dataset_0030.in,datasets/check001/files/gpr_dataset_0030.in,0.24873108843191696,56.791336,28.897203,14.311461,0.24564921551642344,1.5297441052891498,2.6521299812827985,0.05,,0.7387239058872468,41.804959,37.161457,21.033585,0.1407572660623277,1.4959128705256286,2.6540152222518456,0.02,
31,gpr_dataset_0031.in,datasets/check001/files/gpr_dataset_0031.in,0.12767481230323113,46.694537,35.449992,17.855471,0.1596343276070817,1.4222798108999761,2.654261114050392,0.05,,0.5910419638722091,35.342597,39.759487,24.897916,0.18761191213063377,1.6086568959493903,2.6856732032303934,0.02,
32,gpr_dataset_0032.in,datasets/check001/files/gpr_dataset_0032.in,0.25311891522361385,58.598949,24.762613,16.638438,0.26302126875890786,1.5560343851707314,2.695343033847011,0.05,,0.5933148978408753,42.046779,38.279276,19.673945,0.13308080414857285,1.4658264903864309,2.643583597604664,0.02,
34,gpr_dataset_0034.in,datasets/check001/files/gpr_dataset_0034.in,0.19233968881030233,50.809753,34.176683,15.013564,0.19902687073219627,1.5283689123682083,2.637912621556414,0.05,,0.8264068764883494,47.832883,35.942933,16.224184,0.1029074930575016,1.56182571437676,2.699990782850921,0.02,
36,gpr_dataset_0036.in,datasets/check001/files/gpr_dataset_0036.in,0.2533796196712481,46.629155,34.571901,18.798944,0.16717993070683465,1.5457903522933256,2.696472077303409,0.05,,0.3756691247603246,34.46841,40.936074,24.595517,0.2437259257308844,1.5189963324549882,2.671501470504947,0.02,
37,gpr_dataset_0037.in,datasets/check001/files/gpr_dataset_0037.in,0.115199295568612,55.262288,33.421786,11.315926,0.2658721327426836,1.555087971726639,2.6600411614816846,0.05,,0.38473854554712056,43.652175,40.116039,16.231786,0.16425670198521167,1.5111712628654168,2.650596078967708,0.02,
38,gpr_dataset_0038.in,datasets/check001/files/gpr_dataset_0038.in,0.16824623497225663,54.540715,34.87931,10.579975,0.29411813508218676,1.4906755318304339,2.682870731100246,0.05,,0.7951160505942538,35.828956,41.351117,22.819927,0.14051235945811014,1.6424597656420268,2.6538172906448256,0.02,
39,gpr_dataset_0039.in,datasets/check001/files/gpr_dataset_0039.in,0.19669950077663922,50.732696,36.057048,13.210256,0.2777569740028998,1.549219305667181,2.6086662898055675,0.05,,0.9171418288019404,36.607041,41.243002,22.149957,0.1568483956192396,1.4086099993310268,2.685095283631246,0.02,
40,gpr_dataset_0040.in,datasets/check001/files/gpr_dataset_0040.in,0.13636797143153837,47.26629,38.414223,14.319487,0.28204799696373384,1.5103551250996605,2.6276268575756188,0.05,,0.30710578010707396,47.593298,30.826234,21.580468,0.1732866770273181,1.6274493960447398,2.6690609339446523,0.02,
41,gpr_dataset_0041.in,datasets/check001/files/gpr_dataset_0041.in,0.22918057994819044,51.566801,37.118605,11.314594,0.18323946007087952,1.5075361465885606,2.630620603013009,0.05,,0.7070889097326569,39.727936,40.888842,19.383222,0.21189031550704146,1.499237389158779,2.670285494218577,0.02,
42,gpr_dataset_0042.in,datasets/check001/files/gpr_dataset_0042.in,0.15418328539523926,56.733975,28.239833,15.026192,0.1679332111882579,1.460759189615125,2.6762189609484106,0.05,,0.42960488970636335,35.662351,41.226882,23.110767,0.24649105343245853,1.5573910607325823,2.6282998703274956,0.02,
43,gpr_dataset_0043.in,datasets/check001/files/gpr_dataset_0043.in,0.12010522161815816,54.698123,30.600468,14.701409,0.15212225508840957,1.4602405267802991,2.627431132678327,0.05,,0.9820064517719165,40.548835,43.393637,16.057528,0.2302691795894416,1.5472636083571336,2.6872719734998536,0.02,
44,gpr_dataset_0044.in,datasets/check001/files/gpr_dataset_0044.in,0.21481284392526645,54.85053,31.995859,13.153611,0.15770650757753668,1.5823190790304311,2.647772918726569,0.05,,0.8754809517096012,41.870299,34.675137,23.454564,0.10804136114387998,1.4447592753420964,2.6562839597084564,0.02,
47,gpr_dataset_0047.in,datasets/check001/files/gpr_dataset_0047.in,0.24139116597580665,54.052061,29.07649,16.871449,0.28858665667238226,1.5363484079940195,2.6625058007164224,0.05,,0.7628281299973574,45.226322,35.776013,18.997665,0.1971452085103721,1.6725234335637817,2.6826631159650063,0.02,
48,gpr_dataset_0048.in,datasets/check001/files/gpr_dataset_0048.in,0.11428196737116283,58.126929,29.154122,12.718949,0.25330169868181407,1.5099201054927152,2.694267624074404,0.05,,0.6503305239825479,45.895911,36.380776,17.723313,0.16480429962411589,1.4966964750074898,2.6250367902412006,0.02,
49,gpr_dataset_0049.in,datasets/check001/files/gpr_dataset_0049.in,0.11826537732619705,53.028868,32.870266,14.100866,0.29261794167095284,1.5998717250632355,2.667228158430324,0.05,,0.4886577181769377,32.210621,47.184993,20.604386,0.19772642341505298,1.6748218363780303,2.6181489147223127,0.02,
50,gpr_dataset_0050.in,datasets/check001/files/gpr_dataset_0050.in,0.21706592505557087,56.393631,31.928162,11.678207,0.20219415844419755,1.3999925180995276,2.6670133509521188,0.05,,0.9004131660802468,37.209386,44.608748,18.181865,0.24177903093448158,1.6440698104213918,2.6550096608971785,0.02,
51,gpr_dataset_0051.in,datasets/check001/files/gpr_dataset_0051.in,0.19096518172034588,54.161944,31.437376,14.40068,0.17813738120917905,1.4085338077455027,2.6756443154055574,0.05,,0.7377861195015063,45.307111,34.152046,20.540843,0.23915091412666717,1.5314348285217134,2.6698250029122175,0.02,
52,gpr_dataset_0052.in,datasets/check001/files/gpr_dataset_0052.in,0.12428521667252397,57.157575,30.929923,11.912502,0.17375672457078487,1.4652517021008011,2.6552251409053733,0.05,,0.36524644089706576,42.34276,40.995012,16.662229,0.11761992236343363,1.6496429521306704,2.6498375504707194,0.02,
53,gpr_dataset_0053.in,datasets/check001/files/gpr_dataset_0053.in,0.2433206651983582,53.38413,27.096113,19.519757,0.2970366948905063,1.3731192718225416,2.6551265076880473,0.05,,0.5685102092730049,43.095486,35.735272,21.169241,0.22960404016428823,1.4828742208466121,2.6790006182003117,0.02,
54,gpr_dataset_0054.in,datasets/check001/files/gpr_dataset_0054.in,0.18298848471026902,54.822597,28.170108,17.007294,0.19242584749242397,1.3895667549315303,2.658693772241416,0.05,,0.9992316332605371,42.718824,35.396376,21.884801,0.15176859125395115,1.5655752251212431,2.6543430062958673,0.02,
55,gpr_dataset_0055.in,datasets/check001/files/gpr_dataset_0055.in,0.19106892337330023,53.261804,27.267804,19.470392,0.23576964629773517,1.370068733817368,2.677554447509926,0.05,,0.33055310936811133,40.043709,39.339467,20.616825,0.15791181287364736,1.5991066488453602,2.6820747551709556,0.02,
56,gpr_dataset_0056.in,datasets/check001/files/gpr_dataset_0056.in,0.29616362773195704,58.254517,24.209667,17.535815,0.23852706439643506,1.5609100940086647,2.687419037405431,0.05,,0.608214346839474,39.770532,38.415572,21.813896,0.16149679296195465,1.59643439792832,2.615436121877155,0.02,
57,gpr_dataset_0057.in,datasets/check001/files/gpr_dataset_0057.in,0.19389812019694638,57.608384,25.970718,16.420898,0.24747549788689088,1.5555295877052076,2.6852341336565893,0.05,,0.9015395289177865,39.117727,37.799627,23.082646,0.21391027140015456,1.6617149052195608,2.6035899099837687,0.02,
59,gpr_dataset_0059.in,datasets/check001/files/gpr_dataset_0059.in,0.15867355519304177,55.409342,26.728217,17.862441,0.23488920928739052,1.537755842164286,2.61699836490681,0.05,,0.35527784546199626,44.224121,39.539718,16.236161,0.2369243524035332,1.4429353160385527,2.6461149913354998,0.02,
60,gpr_dataset_0060.in,datasets/check001/files/gpr_dataset_0060.in,0.15079546788270845,56.248882,32.525655,11.225462,0.21625946754057215,1.4036696873329246,2.6587571705126423,0.05,,0.7472570916520085,39.700546,36.106393,24.193061,0.12988254986633385,1.5154079746902036,2.6483208061059216,0.02,
61,gpr_dataset_0061.in,datasets/check001/files/gpr_dataset_0061.in,0.14744114038551492,50.007435,30.620012,19.372553,0.1942846130824904,1.5933833453730588,2.6658229815928682,0.05,,0.49213626612475936,38.442591,40.673128,20.884281,0.10735663761639999,1.5819219479229423,2.649672728652387,0.02,
62,gpr_dataset_0062.in,datasets/check001/files/gpr_dataset_0062.in,0.2808310581787451,46.765952,36.79714,16.436908,0.20284814337529747,1.4909853634017676,2.6620891163130307,0.05,,0.7744351210363516,40.021931,38.90923,21.068839,0.19423721555303475,1.6710211112218905,2.6646340608890524,0.02,
64,gpr_dataset_0064.in,datasets/check001/files/gpr_dataset_0064.in,0.2612976987587533,59.156633,28.833853,12.009514,0.29443399393033165,1.3422271045017649,2.6966500209462754,0.05,,0.9020984178291753,37.458638,41.765381,20.77598,0.22068814660308428,1.5097325148216698,2.679068196858894,0.02,
65,gpr_dataset_0065.in,datasets/check001/files/gpr_dataset_0065.in,0.10278373102018024,52.541256,30.13369,17.325054,0.25085111960265194,1.4753680274956498,2.6822417301226777,0.05,,0.9582043242456879,39.183224,42.24012,18.576656,0.23263522678222784,1.5684222146749636,2.691525590874316,0.02,
66,gpr_dataset_0066.in,datasets/check001/files/gpr_dataset_0066.in,0.144273440014798,42.612901,37.669216,19.717883,0.19532852617938753,1.422488756738624,2.613977701250722,0.05,,0.9623830730173624,39.262999,43.35954,17.37746,0.23308889627927534,1.4406992146119009,2.6453643756888896,0.02,
67,gpr_dataset_0067.in,datasets/check001/files/gpr_dataset_0067.in,0.23409724377003424,50.811334,36.045384,13.143281,0.26134035221479734,1.3463568707229505,2.6414884527436806,0.05,,0.36931514429736995,38.829986,37.244438,23.925576,0.10490744302825704,1.5111589876203306,2.6443383086060703,0.02,
68,gpr_dataset_0068.in,datasets/check001/files/gpr_dataset_0068.in,0.29011103397028537,59.517747,22.914464,17.567789,0.23166987922232174,1.5933527588356142,2.635867384121232,0.05,,0.578697749921061,37.67521,41.685191,20.639599,0.18957189392793178,1.406407236420911,2.678679459045462,0.02,
69,gpr_dataset_0069.in,datasets/check001/files/gpr_dataset_0069.in,0.14871377943280473,50.320024,37.033124,12.646852,0.2647736063832877,1.3621472111039976,2.6215951351918676,0.05,,0.9087867987386813,38.644684,41.505401,19.849915,0.19915864638959752,1.4077340449358595,2.601486032723071,0.02,
70,gpr_dataset_0070.in,datasets/check001/files/gpr_dataset_0070.in,0.2579969328469508,53.94132,31.907132,14.151547,0.15785985267917646,1.522515417086245,2.6526085526597867,0.05,,0.821965692523797,37.564917,43.301048,19.134035,0.11635810150057684,1.5511516069357463,2.694541564297011,0.02,
71,gpr_dataset_0071.in,datasets/check001/files/gpr_dataset_0071.in,0.10867300737983435,51.437095,34.50386,14.059046,0.21870637831465228,1.5892078549366087,2.606082540749451,0.05,,0.6352873376988543,37.412427,43.009293,19.57828,0.23645512436728439,1.422047214729935,2.608079047741079,0.02,
72,gpr_dataset_0072.in,datasets/check001/files/gpr_dataset_0072.in,0.221659484726688,49.68883,30.669796,19.641373,0.2322534651072541,1.3975556329956005,2.6994627755860927,0.05,,0.6713897862019271,40.210401,43.33285,16.456749,0.20526691278190995,1.6558378211886724,2.665091666488131,0.02,
73,gpr_dataset_0073.in,datasets/check001/files/gpr_dataset_0073.in,0.2537925460209477,58.366576,26.064281,15.569143,0.18427403615468765,1.4016794856505526,2.645349890290745,0.05,,0.5911927551830467,34.642614,41.846113,23.511273,0.15614515351533054,1.445791677430617,2.6922985035734386,0.02,
74,gpr_dataset_0074.in,datasets/check001/files/gpr_dataset_0074.in,0.11342666162732956,51.396588,33.999889,14.603524,0.23796976241092155,1.4684759241976217,2.6329645981416205,0.05,,0.3855618997481915,36.033612,42.093829,21.87256,0.23021382233035975,1.6163182036238448,2.6968398625311476,0.02,
75,gpr_dataset_0075.in,datasets/check001/files/gpr_dataset_0075.in,0.2200820182449354,51.844805,34.787069,13.368126,0.24851044544822282,1.3672734607322696,2.610821838192727,0.05,,0.8917613930209416,36.142495,43.787706,20.069799,0.22108320567285167,1.6535465483985075,2.697454660212571,0.02,
76,gpr_dataset_0076.in,datasets/check001/files/gpr_dataset_0076.in,0.2636853719081339,54.798793,34.442475,10.758732,0.28936264364924047,1.548838236987899,2.626744772515411,0.05,,0.4262912503725981,44.665031,36.681528,18.653441,0.10091586841054881,1.6609588119609313,2.6566321094761376,0.02,
77,gpr_dataset_0077.in,datasets/check001/files/gpr_dataset_0077.in,0.1801568687999031,49.922782,38.065948,12.01127,0.261916764300856,1.3645398640100534,2.6419832493764503,0.05,,0.5386271872385329,35.755816,42.477391,21.766793,0.1851390334921596,1.4254871119931538,2.6052608826425523,0.02,
78,gpr_dataset_0078.in,datasets/check001/files/gpr_dataset_0078.in,0.13148197942143064,53.123244,33.969498,12.907259,0.24929080392123917,1.4456985114672989,2.644204418669778,0.05,,0.4912167910553386,46.650288,33.386674,19.963037,0.1424869705120674,1.60354587642804,2.648663275336425,0.02,
79,gpr_dataset_0079.in,datasets/check001/files/gpr_dataset_0079.in,0.23342651174726992,48.237071,32.904492,18.858437,0.15115306288498243,1.390425808605531,2.621123397922031,0.05,,0.3960643636801289,40.473009,42.146847,17.380145,0.21205211851446518,1.4527084405627526,2.6380207445715236,0.02,
80,gpr_dataset_0080.in,datasets/check001/files/gpr_dataset_0080.in,0.24073425267653273,47.744847,35.009612,17.245541,0.16081132448882368,1.5585293086067766,2.6042302261562793,0.05,,0.313119075609952,41.592496,40.578051,17.829453,0.18600995213287647,1.6128496884706802,2.641769395984348,0.02,
81,gpr_dataset_0081.in,datasets/check001/files/gpr_dataset_0081.in,0.12303467453275965,48.39386,33.86347,17.742671,0.16321948219468269,1.5533453079444093,2.6243316474822733,0.05,,0.7122099018120382,41.948571,39.291588,18.759841,0.1509269921722696,1.4999205867479395,2.6168132708045686,0.02,
82,gpr_dataset_0082.in,datasets/check001/files/gpr_dataset_0082.in,0.20209665690842965,47.117279,34.642998,18.239723,0.2722555508625021,1.3708806546840173,2.6146444218277693,0.05,,0.43809026197678824,38.64442,41.545259,19.810321,0.12657191934208437,1.631854426774268,2.649411702501739,0.02,
83,gpr_dataset_0083.in,datasets/check001/files/gpr_dataset_0083.in,0.2508891650493972,53.373663,28.020588,18.605749,0.23467376751041988,1.490589495718178,2.6624521779441896,0.05,,0.9049728123819913,46.625804,36.186812,17.187385,0.16633120957544273,1.4908461305417038,2.627467366748616,0.02,
84,gpr_dataset_0084.in,datasets/check001/files/gpr_dataset_0084.in,0.11123442404261562,55.182692,28.840094,15.977214,0.15853350762509286,1.5495089894989365,2.6076731001173457,0.05,,0.9049750237476673,43.028208,38.638507,18.333285,0.16940674883909085,1.566294911401491,2.679181779726536,0.02,
85,gpr_dataset_0085.in,datasets/check001/files/gpr_dataset_0085.in,0.27917535311136055,48.171251,35.587989,16.24076,0.19822901443206425,1.442688708382921,2.615086107669564,0.05,,0.3433115900707705,32.562727,48.719689,18.717584,0.2071473323751194,1.551364700450287,2.6172558911436368,0.02,
86,gpr_dataset_0086.in,datasets/check001/files/gpr_dataset_0086.in,0.14954874471965685,52.554271,31.031691,16.414038,0.1738119311972312,1.4118555946303981,2.628289357861442,0.05,,0.5861385780731242,36.182158,41.289923,22.527919,0.19709580354539602,1.419773556283915,2.6094505947515096,0.02,
87,gpr_dataset_0087.in,datasets/check001/files/gpr_dataset_0087.in,0.2356758689680162,47.230565,35.64259,17.126844,0.2859514045745516,1.5619838986181618,2.633336203606056,0.05,,0.7079176602104937,42.788978,36.823146,20.387876,0.24070032993486412,1.4928745662247882,2.6376679306056303,0.02,
88,gpr_dataset_0088.in,datasets/check001/files/gpr_dataset_0088.in,0.2583323915727087,52.117434,30.940798,16.941768,0.2608162008194224,1.505624332083273,2.6526393339734176,0.05,,0.7522173745134415,40.780087,39.474503,19.74541,0.1270394384315267,1.4642577983626701,2.694766826753435,0.02,
89,gpr_dataset_0089.in,datasets/check001/files/gpr_dataset_0089.in,0.19725418417454543,57.051483,29.148231,13.800287,0.2766642583028825,1.3303422291003684,2.6770874720363103,0.05,,0.8845838786441891,49.251546,31.772878,18.975576,0.21494614066708623,1.4393147124288523,2.6376719870822525,0.02,
90,gpr_dataset_0090.in,datasets/check001/files/gpr_dataset_0090.in,0.1324494424176901,51.413895,32.161052,16.425053,0.1748308748616088,1.4313020215415042,2.6410858611496533,0.05,,0.773454045531973,37.985504,42.503645,19.510851,0.21228047771431546,1.534678388910002,2.6534011149698262,0.02,
91,gpr_dataset_0091.in,datasets/check001/files/gpr_dataset_0091.in,0.16189357931255793,54.061941,28.276422,17.661637,0.20517614373375492,1.584139051073237,2.698443979353158,0.05,,0.6231759849086924,38.09342,40.233524,21.673056,0.2449402229808921,1.645067371874372,2.680125922415155,0.02,
92,gpr_dataset_0092.in,datasets/check001/files/gpr_dataset_0092.in,0.12767970692068625,46.600891,33.991243,19.407866,0.2331811118136647,1.330776919524523,2.684589227673344,0.05,,0.8958162336593452,36.174601,45.862442,17.962957,0.23579593134673618,1.4442045967974813,2.6437472560194983,0.02,
93,gpr_dataset_0093.in,datasets/check001/files/gpr_dataset_0093.in,0.2892826526023521,51.105317,33.374927,15.519756,0.15400052862044078,1.3159770661513224,2.650200711469324,0.05,,0.4650446517044028,41.588249,40.020244,18.391506,0.2187070956223264,1.4412798763177614,2.6286879397313268,0.02,
94,gpr_dataset_0094.in,datasets/check001/files/gpr_dataset_0094.in,0.2659523166305645,57.514573,24.293556,18.191871,0.21729022109733698,1.3015753594916855,2.607922577127072,0.05,,0.47914674990593126,42.474071,37.268708,20.257221,0.17916572588300866,1.4333560580972715,2.6288101578039234,0.02,
95,gpr_dataset_0095.in,datasets/check001/files/gpr_dataset_0095.in,0.160230238917244,59.410224,23.254802,17.334975,0.186290720163149,1.343073052073878,2.6429238893103335,0.05,,0.7303667079431655,36.726053,40.439738,22.834209,0.11284209324808928,1.6923963472856665,2.6067679322908845,0.02,
96,gpr_dataset_0096.in,datasets/check001/files/gpr_dataset_0096.in,0.2052118890644341,47.552696,37.709679,14.737626,0.20856805988400962,1.4410405234475459,2.6635670791468633,0.05,,0.9867275957860921,35.878032,43.426616,20.695351,0.21572520611647886,1.6205560954436933,2.6332518608371984,0.02,
97,gpr_dataset_0097.in,datasets/check001/files/gpr_dataset_0097.in,0.10886713765904164,51.465114,36.658262,11.876624,0.26687138902174223,1.4393868699241115,2.6695389251996064,0.05,,0.7422150934308365,46.112888,31.182847,22.704265,0.16865193661710298,1.4880327713525092,2.6043806275659125,0.02,
98,gpr_dataset_0098.in,datasets/check001/files/gpr_dataset_0098.in,0.13989396674303767,57.942094,29.910592,12.147314,0.2629936378228297,1.3573310292201732,2.6356974176035366,0.05,,0.8465890968848975,47.221895,36.565652,16.212453,0.15520287614720096,1.6668459551036845,2.674330770551962,0.02,
99,gpr_dataset_0099.in,datasets/check001/files/gpr_dataset_0099.in,0.27892749899101066,46.719366,38.636296,14.644338,0.2246285088740441,1.5772931399880892,2.6519275853534943,0.05,,0.8608036611812415,45.850805,32.506704,21.642491,0.22335119193098302,1.563642319203391,2.6321211428214597,0.02,
100,gpr_dataset_0100.in,datasets/check001/files/gpr_dataset_0100.in,0.11601378221499906,55.799375,27.397168,16.803457,0.2139174109324568,1.506929442533646,2.635154698377199,0.05,,0.32964861399509066,43.314681,33.857281,22.828038,0.14118330401122864,1.6940081837582837,2.6947904378603087,0.02,
101,gpr_dataset_0101.in,datasets/check001/files/gpr_dataset_0101.in,0.11500823299763185,53.811723,27.81489,18.373387,0.25191159117220346,1.5858368188838825,2.614277946836255,0.05,,0.7253010323245987,49.596675,33.367171,17.036154,0.2167773060260298,1.5098985419321445,2.638285440168878,0.02,
102,gpr_dataset_0102.in,datasets/check001/files/gpr_dataset_0102.in,0.21344892834482387,49.539998,31.930021,18.529981,0.20580200677060256,1.528925341539574,2.6573921778333895,0.05,,0.6706219170754026,38.559114,43.668952,17.771935,0.11701729188775271,1.6207024578438283,2.6499043960256468,0.02,
103,gpr_dataset_0103.in,datasets/check001/files/gpr_dataset_0103.in,0.1773974760078527,57.519221,28.331649,14.149131,0.2169409668608424,1.5989095336464283,2.628557687769816,0.05,,0.9415352366793168,41.567765,33.873747,24.558488,0.1678064027868096,1.669603709235869,2.6445111192742456,0.02,
104,gpr_dataset_0104.in,datasets/check001/files/gpr_dataset_0104.in,0.11755814822094622,51.702389,35.578066,12.719545,0.20211379421078468,1.3194817234948213,2.6542171361225564,0.05,,0.9239321776477223,40.703304,38.28757,21.009126,0.19565500338460245,1.6381089151535009,2.65087557451743,0.02,
105,gpr_dataset_0105.in,datasets/check001/files/gpr_dataset_0105.in,0.12427249101569138,47.512252,36.438652,16.049096,0.27054925894328796,1.4654940801779284,2.661194836262052,0.05,,0.36035083715635285,33.392094,46.132284,20.475622,0.17885434822454502,1.6307493651124094,2.6823339399508392,0.02,
106,gpr_dataset_0106.in,datasets/check001/files/gpr_dataset_0106.in,0.1147501425822478,55.665611,30.7571,13.577289,0.25201634859743716,1.40335443421081,2.6877960151650413,0.05,,0.8461840501868159,42.331172,33.273985,24.394843,0.16489274297229622,1.6732136812840661,2.605541285001778,0.02,
107,gpr_dataset_0107.in,datasets/check001/files/gpr_dataset_0107.in,0.12483222412780244,54.109422,29.270073,16.620505,0.25639981987938687,1.403806924702562,2.694090405493154,0.05,,0.926448141774787,45.428021,33.899737,20.672242,0.18262621232247095,1.4375510885380707,2.630282460610888,0.02,
108,gpr_dataset_0108.in,datasets/check001/files/gpr_dataset_0108.in,0.2066956059536761,46.096341,35.494253,18.409406,0.2407708361792783,1.552759001234017,2.6563618034431298,0.05,,0.8776653871286424,38.735754,40.122687,21.14156,0.16248801754948694,1.5916973576626612,2.6498038060136118,0.02,
110,gpr_dataset_0110.in,datasets/check001/files/gpr_dataset_0110.in,0.24367257702248749,48.976612,33.33135,17.692038,0.16961492273285797,1.4111620594150875,2.656165121574837,0.05,,0.5233811204822101,42.676078,38.357392,18.96653,0.11452174788408573,1.4870636014909704,2.638414983350161,0.02,
111,gpr_dataset_0111.in,datasets/check001/files/gpr_dataset_0111.in,0.2230754888327937,47.902524,39.742969,12.354507,0.19911537312017924,1.473306111368079,2.6312714920862272,0.05,,0.8341849625970399,39.866679,40.195052,19.938269,0.1462810723081644,1.4069528894649053,2.6945232804069237,0.02,
112,gpr_dataset_0112.in,datasets/check001/files/gpr_dataset_0112.in,0.20108889260475432,54.243935,30.053731,15.702334,0.2770758548090202,1.4292783308042623,2.6882455730918595,0.05,,0.8092556443515744,44.563365,36.730436,18.706199,0.1855422465821544,1.4583965905663157,2.6553222926621154,0.02,
113,gpr_dataset_0113.in,datasets/check001/files/gpr_dataset_0113.in,0.11470634994856838,51.018546,35.945746,13.035708,0.2983636050931084,1.5041195920356583,2.611881101972359,0.05,,0.9825579707896488,37.074713,44.924488,18.000799,0.24084228504330632,1.6264895516878382,2.619905788155245,0.02,
114,gpr_dataset_0114.in,datasets/check001/files/gpr_dataset_0114.in,0.20182450324503642,51.442053,32.495115,16.062832,0.2409390783605706,1.4546517196441762,2.6327965847636525,0.05,,0.7291476847452746,31.529911,47.235366,21.234723,0.14488515137924773,1.5009120356455035,2.682828938595738,0.02,
115,gpr_dataset_0115.in,datasets/check001/files/gpr_dataset_0115.in,0.20646796597517525,55.095948,26.437826,18.466226,0.20525367147986542,1.502141917741905,2.6979898031179164,0.05,,0.7085914992941504,40.895897,39.624007,19.480096,0.10399707324457498,1.5423770642255181,2.6967070696172053,0.02,
116,gpr_dataset_0116.in,datasets/check001/files/gpr_dataset_0116.in,0.2565807982862843,53.239312,30.254779,16.505909,0.237528491557146,1.3511536185239978,2.6629025241145365,0.05,,0.7338150638507626,46.092261,32.44096,21.466779,0.10473557700131492,1.6844615512352903,2.6109895521333697,0.02,
117,gpr_dataset_0117.in,datasets/check001/files/gpr_dataset_0117.in,0.10378747350132252,53.677304,26.713025,19.609671,0.21155661139840576,1.5324916905421273,2.6920520949897213,0.05,,0.9109723962386242,48.424516,33.836414,17.739071,0.1311012557456867,1.4975148603278163,2.666222679971435,0.02,
118,gpr_dataset_0118.in,datasets/check001/files/gpr_dataset_0118.in,0.20509543028000707,51.113396,29.552751,19.333854,0.2581386841990939,1.4929927299998385,2.669331331002982,0.05,,0.727053606055126,37.876675,39.091023,23.032302,0.13373005569892252,1.6918731882771707,2.629761456527691,0.02,
119,gpr_dataset_0119.in,datasets/check001/files/gpr_dataset_0119.in,0.15780082748070498,48.290985,37.301858,14.407157,0.202320476130196,1.5801101124312402,2.6795405356002333,0.05,,0.4914202757287961,34.228716,45.936355,19.83493,0.24702408059820433,1.6455132380391686,2.6954608863391463,0.02,
120,gpr_dataset_0120.in,datasets/check001/files/gpr_dataset_0120.in,0.26092316679131405,51.643141,29.032373,19.324486,0.20195452711434247,1.4327128335594508,2.6256443975473482,0.05,,0.6353554841115382,34.335562,41.123926,24.540513,0.2044256950970234,1.4411818864402768,2.6615677034414493,0.02,
121,gpr_dataset_0121.in,datasets/check001/files/gpr_dataset_0121.in,0.21736609971416304,47.938175,35.696896,16.364929,0.24569168601129565,1.315747332051839,2.641330136604826,0.05,,0.8021506393751705,34.614596,49.109307,16.276097,0.1825528848669425,1.6787299040509933,2.6406907451546884,0.02,
122,gpr_dataset_0122.in,datasets/check001/files/gpr_dataset_0122.in,0.2870064197192303,58.084056,29.81386,12.102084,0.29458710583364034,1.39635031063575,2.664589791789027,0.05,,0.9355558711149357,33.954346,44.30801,21.737644,0.2084676517363635,1.6810008139251877,2.6913229725669856,0.02,
123,gpr_dataset_0123.in,datasets/check001/files/gpr_dataset_0123.in,0.13501295509619263,57.439827,23.432116,19.128057,0.2995757704632765,1.41909837228349,2.649538389732176,0.05,,0.9556261213444339,40.518622,39.924672,19.556706,0.10139007527201498,1.5703885605993486,2.610730069077354,0.02,
124,gpr_dataset_0124.in,datasets/check001/files/gpr_dataset_0124.in,0.2965987776742013,45.280885,39.424712,15.294403,0.22408686305127284,1.5815681505222619,2.6851059738578,0.05,,0.627614538304403,40.921731,38.983845,20.094425,0.16883717065485418,1.4771794640688556,2.618619906912807,0.02,
125,gpr_dataset_0125.in,datasets/check001/files/gpr_dataset_0125.in,0.2473235790984514,53.287498,29.935541,16.776961,0.1763242370757697,1.5568439512820373,2.689704276178398,0.05,,0.8788928776934166,43.000485,33.856571,23.142944,0.127717180157101,1.4421835626902895,2.6323601670085086,0.02,
126,gpr_dataset_0126.in,datasets/check001/files/gpr_dataset_0126.in,0.149609416733429,57.725059,25.44144,16.833501,0.1517153601291252,1.4961050101210596,2.669276859042274,0.05,,0.34348703226037525,36.96485,41.272587,21.762563,0.17537807068575845,1.668535510944876,2.670355703510226,0.02,
127,gpr_dataset_0127.in,datasets/check001/files/gpr_dataset_0127.in,0.16219558967693207,59.416035,27.704078,12.879887,0.17297783470337688,1.524320451145257,2.6605738948089073,0.05,,0.5910919308018572,40.668925,39.112878,20.218197,0.19961416590094958,1.4655234867971978,2.624746542930858,0.02,
128,gpr_dataset_0128.in,datasets/check001/files/gpr_dataset_0128.in,0.25094790994497307,59.241758,23.622125,17.136117,0.15926370713350257,1.4642947746132795,2.6505487056092596,0.05,,0.7008911719595052,36.760264,40.732181,22.507555,0.11743600332769964,1.4616204456618085,2.658314767844102,0.02,
129,gpr_dataset_0129.in,datasets/check001/files/gpr_dataset_0129.in,0.11818832889033758,49.751943,35.845614,14.402444,0.22698717648024622,1.437039542713563,2.6057736780932528,0.05,,0.6236648140172465,42.11106,40.584359,17.304581,0.22246798388996958,1.6237413448495446,2.657831126505904,0.02,
130,gpr_dataset_0130.in,datasets/check001/files/gpr_dataset_0130.in,0.10905796054556577,59.040114,21.50732,19.452566,0.15476023065346184,1.4226600807457745,2.6768972062583485,0.05,,0.8360793780465983,44.37962,38.426379,17.194001,0.24892848978713183,1.5147438856554116,2.686962028531071,0.02,
131,gpr_dataset_0131.in,datasets/check001/files/gpr_dataset_0131.in,0.28135346230491454,48.58894,34.416786,16.994273,0.23089503958782903,1.4960602295256107,2.634776988713915,0.05,,0.42493154030287816,39.329086,39.166617,21.504297,0.13340353239493996,1.4010419884834722,2.602273532732197,0.02,
132,gpr_dataset_0132.in,datasets/check001/files/gpr_dataset_0132.in,0.15967259774059636,53.642598,30.988616,15.368787,0.27350406560636764,1.3742536115511328,2.6346159734987626,0.05,,0.4929548094565891,43.073252,35.795071,21.131677,0.23256349327680617,1.4046937389090648,2.6206081621850217,0.02,
133,gpr_dataset_0133.in,datasets/check001/files/gpr_dataset_0133.in,0.12017934261850141,45.361908,35.64094,18.997152,0.15730144818656236,1.5221623235439585,2.6402265350810907,0.05,,0.4640374949412931,35.340419,48.644217,16.015364,0.17558437734114019,1.4867790354061756,2.6815786256763317,0.02,
134,gpr_dataset_0134.in,datasets/check001/files/gpr_dataset_0134.in,0.24630349662320364,48.787315,33.618521,17.594163,0.19809976730894746,1.390529330543261,2.614326043416333,0.05,,0.7621486966675202,40.005433,41.85243,18.142137,0.2422780382540082,1.6639141672891649,2.6911577665620547,0.02,
135,gpr_dataset_0135.in,datasets/check001/files/gpr_dataset_0135.in,0.225198627529666,53.426745,30.355862,16.217393,0.19781016859744682,1.4248973900264335,2.6149217607825164,0.05,,0.5635221319549923,41.728313,36.52902,21.742666,0.14511046281927217,1.6122730392463915,2.6805776159934886,0.02,
136,gpr_dataset_0136.in,datasets/check001/files/gpr_dataset_0136.in,0.2829482347631811,48.266623,37.066389,14.666989,0.1701139126588617,1.3728575548268758,2.6203336733060056,0.05,,0.7526940960835613,46.352302,35.223525,18.424173,0.20105078809518678,1.5808766134967227,2.687362045848954,0.02,
137,gpr_dataset_0137.in,datasets/check001/files/gpr_dataset_0137.in,0.13763265878655107,52.44962,32.747682,14.802698,0.2219091309706372,1.5608421554573615,2.6332964310818823,0.05,,0.9699138323686711,31.672655,48.950281,19.377064,0.13638897727686122,1.5813204602236344,2.6204513142977897,0.02,
138,gpr_dataset_0138.in,datasets/check001/files/gpr_dataset_0138.in,0.2830252919187113,50.859265,35.383435,13.7573,0.23004751911243945,1.4077778666654728,2.6261561627385355,0.05,,0.6589715780166414,35.702544,42.414197,21.883259,0.15560573821468876,1.5241790511735873,2.6562524727464356,0.02,
139,gpr_dataset_0139.in,datasets/check001/files/gpr_dataset_0139.in,0.14425481966324505,56.400268,30.999361,12.60037,0.19947979289667897,1.4139519324223464,2.683336271528699,0.05,,0.6495110376585257,41.290902,41.870395,16.838703,0.22323879095385346,1.6899524801751031,2.664169445439871,0.02,
140,gpr_dataset_0140.in,datasets/check001/files/gpr_dataset_0140.in,0.1981191165161565,47.676099,39.468731,12.855171,0.258047029614314,1.4464948963762398,2.6916899389694366,0.05,,0.6794957987459486,47.942514,34.890841,17.166645,0.22700460747740836,1.6835564333602693,2.6668215543393154,0.02,
141,gpr_dataset_0141.in,datasets/check001/files/gpr_dataset_0141.in,0.25286776871440386,49.529127,37.829516,12.641357,0.25607543455551895,1.3027424385071986,2.6505732919693066,0.05,,0.5612404848807683,39.638683,40.55429,19.807027,0.17248062304327377,1.5463563152009212,2.600661235699216,0.02,
142,gpr_dataset_0142.in,datasets/check001/files/gpr_dataset_0142.in,0.21032871218225135,48.146082,36.600856,15.253061,0.2966219022348767,1.3051427792807282,2.6813157220913912,0.05,,0.7718230664834471,39.018447,40.30374,20.677813,0.17896839781003243,1.6445643172139848,2.626732473667664,0.02,
143,gpr_dataset_0143.in,datasets/check001/files/gpr_dataset_0143.in,0.1793792844996143,52.022579,30.823254,17.154168,0.2985349547459591,1.3677571757882268,2.6684041625470387,0.05,,0.8935069714220749,38.174973,41.799443,20.025584,0.11402507581406642,1.5137792066719447,2.65527014395297,0.02,
144,gpr_dataset_0144.in,datasets/check001/files/gpr_dataset_0144.in,0.11122298782579315,51.121123,29.800413,19.078464,0.21508644779574934,1.5353128932370335,2.6565856627951034,0.05,,0.9005722193545684,36.30115,46.149099,17.54975,0.1317125583826821,1.6604350671744816,2.6887554307034494,0.02,
146,gpr_dataset_0146.in,datasets/check001/files/gpr_dataset_0146.in,0.2669301120183504,48.250708,38.301679,13.447613,0.2633413896781338,1.3419851782705592,2.6988477957914103,0.05,,0.8069144990660204,37.279949,45.008622,17.711429,0.21535084800481635,1.6864575190743998,2.6396703049308963,0.02,
147,gpr_dataset_0147.in,datasets/check001/files/gpr_dataset_0147.in,0.2547109832262645,49.208976,33.988994,16.80203,0.16285411764551036,1.4855847670779665,2.6798055173802746,0.05,,0.79917597287487,40.400288,42.402493,17.197219,0.11598263765668917,1.4015585667110089,2.63082674551363,0.02,
148,gpr_dataset_0148.in,datasets/check001/files/gpr_dataset_0148.in,0.17198349946937933,56.801398,28.341234,14.857369,0.21732655155321773,1.4664220001826604,2.640804417508314,0.05,,0.31838333280930803,41.234744,35.43292,23.332335,0.1486645495858619,1.5155713752187951,2.6291847351296322,0.02,
149,gpr_dataset_0149.in,datasets/check001/files/gpr_dataset_0149.in,0.17755991187567874,42.213731,38.496697,19.289571,0.2967259596020831,1.471588129224862,2.6169582923392327,0.05,,0.5665124164421201,36.939654,40.597718,22.462628,0.10949007254154317,1.5304028807788235,2.6421102339772524,0.02,
151,gpr_dataset_0151.in,datasets/check001/files/gpr_dataset_0151.in,0.1669472447493914,49.724963,32.841341,17.433696,0.17041867073673972,1.3961995466125263,2.6947278922016116,0.05,,0.4405960420914502,32.90665,44.703805,22.389545,0.143717222737008,1.608487330301633,2.6491007312892103,0.02,
152,gpr_dataset_0152.in,datasets/check001/files/gpr_dataset_0152.in,0.21517585632499212,55.795654,25.97233,18.232016,0.23883405513755782,1.4636887256352467,2.668171263313009,0.05,,0.685069409898231,44.448069,35.544295,20.007637,0.16576824314633629,1.4873993623955886,2.6692835279324343,0.02,
153,gpr_dataset_0153.in,datasets/check001/files/gpr_dataset_0153.in,0.2637931136008917,56.427188,28.441938,15.130874,0.24500040594804953,1.3726063503012398,2.665866296853232,0.05,,0.8006654739095982,44.810122,30.81136,24.378518,0.17188520496589393,1.520241529198812,2.650661264302951,0.02,
154,gpr_dataset_0154.in,datasets/check001/files/gpr_dataset_0154.in,0.28407843689565915,52.462651,30.086359,17.45099,0.203929423952439,1.5686504546082698,2.653690598602459,0.05,,0.7467262569075888,32.131898,45.997874,21.870229,0.15325132291727345,1.5940999543950212,2.604429669352785,0.02,
155,gpr_dataset_0155.in,datasets/check001/files/gpr_dataset_0155.in,0.29672164119039657,54.052875,28.255521,17.691604,0.2948575166570742,1.4291366631670548,2.601054777278458,0.05,,0.48111685928255876,39.660396,39.820592,20.519012,0.18628530974056393,1.5337335654514719,2.6391134168677506,0.02,
156,gpr_dataset_0156.in,datasets/check001/files/gpr_dataset_0156.in,0.2544684464924864,54.36456,31.512199,14.123241,0.1536843979538654,1.3313648074018185,2.6415975428525713,0.05,,0.9732095059759791,39.212832,42.317203,18.469965,0.17243889981690827,1.542848759362749,2.643816593827303,0.02,
157,gpr_dataset_0157.in,datasets/check001/files/gpr_dataset_0157.in,0.23935265310473322,44.172405,38.619118,17.208477,0.2515708999336326,1.349306227855211,2.698390047058828,0.05,,0.47073906258639486,38.365175,38.037132,23.597693,0.24376939326009245,1.469556664223423,2.6405047436280253,0.02,
158,gpr_dataset_0158.in,datasets/check001/files/gpr_dataset_0158.in,0.13689035503027874,57.561768,31.220167,11.218065,0.24211604060578795,1.3591973307346739,2.659220315836037,0.05,,0.5721850462489949,43.773565,33.86722,22.359215,0.22130946829468912,1.4187691254407493,2.6101752048727143,0.02,
159,gpr_dataset_0159.in,datasets/check001/files/gpr_dataset_0159.in,0.274395866001977,51.558327,31.260548,17.181125,0.18935300931785412,1.5587909642371922,2.6527715019627784,0.05,,0.7473760099663054,39.928752,40.201756,19.869493,0.15218869561551315,1.6536553408008676,2.6617362679336427,0.02,
160,gpr_dataset_0160.in,datasets/check001/files/gpr_dataset_0160.in,0.26274765085218676,56.249655,26.970118,16.780227,0.16271279529345417,1.3401843308952133,2.6117861652661656,0.05,,0.5137660017748492,34.47524,44.930037,20.594723,0.1627358659316888,1.4413601895603672,2.638370996283769,0.02,
161,gpr_dataset_0161.in,datasets/check001/files/gpr_dataset_0161.in,0.13715073985855314,51.159247,32.872206,15.968548,0.2999849328844638,1.4664737727497492,2.648964202619221,0.05,,0.3982075745684579,39.947723,42.951011,17.101266,0.1538558758257053,1.4028750318689842,2.61365347146625,0.02,
162,gpr_dataset_0162.in,datasets/check001/files/gpr_dataset_0162.in,0.2630431881307723,56.813685,28.857765,14.32855,0.25270450058399796,1.4246891305822336,2.6839891802101223,0.05,,0.64208965835778,39.079562,38.70368,22.216757,0.12523134661548607,1.5371964161820346,2.6742518251929788,0.02,
163,gpr_dataset_0163.in,datasets/check001/files/gpr_dataset_0163.in,0.25318391098873816,52.540781,34.519929,12.93929,0.2733916391694392,1.31248315668107,2.6718980241130046,0.05,,0.6824472923053753,47.359102,30.480257,22.160642,0.21270182421155082,1.489312680530868,2.6999312669278908,0.02,
164,gpr_dataset_0164.in,datasets/check001/files/gpr_dataset_0164.in,0.18994646856608274,48.078888,37.191155,14.729958,0.29909365264779253,1.5326894949642322,2.6236946055366683,0.05,,0.8674919017875871,41.394769,36.690244,21.914987,0.19491559463907077,1.4497944853070777,2.613923496592678,0.02,
165,gpr_dataset_0165.in,datasets/check001/files/gpr_dataset_0165.in,0.14132393123735468,55.989499,26.875602,17.134899,0.19216275281852968,1.4616305638142915,2.6323653615854683,0.05,,0.792837633228632,37.784045,37.319694,24.896261,0.24782324533926914,1.603789794776993,2.609522516381434,0.02,
166,gpr_dataset_0166.in,datasets/check001/files/gpr_dataset_0166.in,0.29255439899875835,48.865747,33.658459,17.475794,0.28005713856506675,1.338066450584143,2.6866078794991157,0.05,,0.47477406935669786,38.997454,41.062256,19.94029,0.20143518305499192,1.5468376177746912,2.6577425529304164,0.02,
167,gpr_dataset_0167.in,datasets/check001/files/gpr_dataset_0167.in,0.1537434304174972,51.552622,31.005386,17.441993,0.2820187621960985,1.3279284352127854,2.6515613472087702,0.05,,0.49475798149624856,44.052454,33.79549,22.152056,0.14909339202413954,1.4007419255425952,2.6774135290437693,0.02,
168,gpr_dataset_0168.in,datasets/check001/files/gpr_dataset_0168.in,0.24654480530789738,54.385292,29.044367,16.570341,0.20373340940114806,1.3189992058180524,2.6534424464387567,0.05,,0.4524809545106441,42.636857,37.824594,19.538549,0.22425154255732122,1.5013265465512362,2.6577933640260953,0.02,
169,gpr_dataset_0169.in,datasets/check001/files/gpr_dataset_0169.in,0.21322842218342805,53.215199,28.77169,18.013111,0.15726138917275845,1.3298724225748617,2.678388976184057,0.05,,0.6217072338714968,32.796098,47.604977,19.598925,0.10010138972681563,1.6874095307911916,2.62023182063974,0.02,
170,gpr_dataset_0170.in,datasets/check001/files/gpr_dataset_0170.in,0.23771837638230206,48.881404,37.831833,13.286763,0.2899088344088886,1.3822058374285846,2.6654587964418797,0.05,,0.4752724949843762,36.64242,47.055774,16.301806,0.159451235039835,1.4916527734532692,2.6699441371524575,0.02,
171,gpr_dataset_0171.in,datasets/check001/files/gpr_dataset_0171.in,0.1468287682968839,54.64269,35.057489,10.299822,0.22152100623913712,1.339809937611996,2.622619086145941,0.05,,0.7759879075851053,31.03333,45.144954,23.821716,0.2482232364196408,1.5266941801325178,2.6132175151092563,0.02,
172,gpr_dataset_0172.in,datasets/check001/files/gpr_dataset_0172.in,0.11416566108010243,51.083515,37.100664,11.815821,0.1970027216161359,1.5642966984940814,2.613712929474355,0.05,,0.8414223385554369,43.897467,31.818003,24.28453,0.12142796002523408,1.5591524829640042,2.600847474195301,0.02,
173,gpr_dataset_0173.in,datasets/check001/files/gpr_dataset_0173.in,0.23000404263156138,49.031737,34.610817,16.357447,0.17270611962664215,1.4235129683079035,2.6686566169875743,0.05,,0.9019737672215049,40.143737,36.194978,23.661285,0.1471755502273254,1.44194905664277,2.6276967656944845,0.02,
174,gpr_dataset_0174.in,datasets/check001/files/gpr_dataset_0174.in,0.11684974319959734,51.508837,32.276437,16.214726,0.26684544787698894,1.5071428225043961,2.684789210443996,0.05,,0.7608837590596007,37.346386,41.825919,20.827695,0.21217654614718745,1.48866261537262,2.6054569131015253,0.02,
175,gpr_dataset_0175.in,datasets/check001/files/gpr_dataset_0175.in,0.27958251207139795,59.023416,29.862331,11.114253,0.22493738119089862,1.478178930441317,2.6528286500936185,0.05,,0.9843878634903349,44.029425,38.575508,17.395067,0.20244130735036392,1.6288177813686757,2.695445298394089,0.02,
176,gpr_dataset_0176.in,datasets/check001/files/gpr_dataset_0176.in,0.25407340984492277,54.280448,28.733302,16.98625,0.15597402929057846,1.3181406578764618,2.678928999899309,0.05,,0.6546274229924489,41.840579,39.333928,18.825493,0.20527159579352744,1.4247283435773936,2.6536564816070016,0.02,
177,gpr_dataset_0177.in,datasets/check001/files/gpr_dataset_0177.in,0.22320941113334958,52.439641,30.16115,17.399209,0.18047962409367416,1.542418024291196,2.653639017288946,0.05,,0.5735120520778447,38.391085,41.992806,19.616108,0.10991726254318225,1.6096027644816473,2.672995837743154,0.02,
178,gpr_dataset_0178.in,datasets/check001/files/gpr_dataset_0178.in,0.26929362302815524,53.294841,28.130313,18.574847,0.2180057763445714,1.482649721328233,2.630929006387353,0.05,,0.819185456340288,45.13769,32.623413,22.238897,0.2052249416835799,1.4491497892806222,2.69530162017547,0.02,
179,gpr_dataset_0179.in,datasets/check001/files/gpr_dataset_0179.in,0.20460107254568166,54.705308,33.825169,11.469523,0.1690395911221687,1.5343371939810964,2.6268764486409246,0.05,,0.9204903318184592,45.847279,30.869018,23.283703,0.14079708925320306,1.4191615967369444,2.67123232482005,0.02,
180,gpr_dataset_0180.in,datasets/check001/files/gpr_dataset_0180.in,0.2153303349428368,49.309293,34.546151,16.144556,0.2249415008642075,1.470065838471535,2.636768777785681,0.05,,0.47858125672735463,33.476103,43.312926,23.210971,0.13426066347298765,1.552647465473194,2.604403790726281,0.02,
181,gpr_dataset_0181.in,datasets/check001/files/gpr_dataset_0181.in,0.2725856989805222,50.922195,33.38996,15.687845,0.17251270023617252,1.5793480231471557,2.6857485197747972,0.05,,0.6870053519471051,42.996428,39.90999,17.093582,0.1482703021708092,1.5248769795503945,2.67202879214282,0.02,
182,gpr_dataset_0182.in,datasets/check001/files/gpr_dataset_0182.in,0.15425159160196333,49.4533,32.672562,17.874138,0.2852911513887407,1.3538033050816918,2.6804338019458758,0.05,,0.9869897047590463,49.027139,31.343719,19.629142,0.14234603059313536,1.6534539512783983,2.6327300921726122,0.02,
183,gpr_dataset_0183.in,datasets/check001/files/gpr_dataset_0183.in,0.2106182790648135,50.318185,30.087909,19.593906,0.19558639609021244,1.4868152571676314,2.64639266905805,0.05,,0.7141836544893713,38.980904,44.441791,16.577306,0.23506649458396348,1.6281446660965089,2.6245126874376585,0.02,
184,gpr_dataset_0184.in,datasets/check001/files/gpr_dataset_0184.in,0.10127557655036082,55.836398,28.56644,15.597162,0.27593610103442606,1.5631595842754726,2.6950990262143444,0.05,,0.3010234283749044,38.386754,41.797874,19.815372,0.11559235290273395,1.5589443467180037,2.6238167594520867,0.02,
185,gpr_dataset_0185.in,datasets/check001/files/gpr_dataset_0185.in,0.1984057753699795,42.173079,38.712387,19.114533,0.22796388277380553,1.510254072909604,2.6372491974074084,0.05,,0.9821883531177757,39.649955,39.917004,20.433041,0.22299443378413242,1.4224491452989632,2.656782072828921,0.02,
186,gpr_dataset_0186.in,datasets/check001/files/gpr_dataset_0186.in,0.18699657568699707,46.615405,36.261548,17.123047,0.2603029303173552,1.3954173157798302,2.6271955871832455,0.05,,0.35228120506173577,33.884804,45.371848,20.743349,0.12331158269829051,1.4493124942099305,2.646605511243666,0.02,
187,gpr_dataset_0187.in,datasets/check001/files/gpr_dataset_0187.in,0.18130251038184275,49.681369,38.489214,11.829418,0.19624615773187568,1.3795023780744124,2.6119913556355394,0.05,,0.4103307639458613,38.960994,41.462061,19.576945,0.10604947121629951,1.6507774252963958,2.6327793658884793,0.02,
188,gpr_dataset_0188.in,datasets/check001/files/gpr_dataset_0188.in,0.11824258075826972,51.556476,31.090087,17.353437,0.25157750654836075,1.3780500378163671,2.699067662040791,0.05,,0.3217574653511317,38.235951,39.195848,22.568202,0.13747789423323267,1.5386129746628716,2.680389675344385,0.02,
189,gpr_dataset_0189.in,datasets/check001/files/gpr_dataset_0189.in,0.12795860785462448,45.915555,39.298999,14.785446,0.24454463229057366,1.4934055047125505,2.6582323801414063,0.05,,0.4811744566425681,46.557086,37.661039,15.781875,0.23576169555702295,1.6488068531652254,2.6331549891252277,0.02,
190,gpr_dataset_0190.in,datasets/check001/files/gpr_dataset_0190.in,0.10853926381808617,55.729983,26.449473,17.820545,0.27325281022984255,1.4184996064665758,2.6029482293000292,0.05,,0.7782490417261779,39.535999,40.526496,19.937505,0.14197818314210858,1.6650271396680878,2.6034649443731506,0.02,
191,gpr_dataset_0191.in,datasets/check001/files/gpr_dataset_0191.in,0.22383530976917915,52.88074,30.495406,16.623853,0.23260329978059707,1.3182937206798528,2.627977598743897,0.05,,0.3960652119924453,33.342202,46.785254,19.872544,0.19461315832371331,1.6406504248313383,2.679484624430187,0.02,
192,gpr_dataset_0192.in,datasets/check001/files/gpr_dataset_0192.in,0.29788072315230674,56.62026,27.661974,15.717766,0.22270192281607626,1.5738031049795103,2.650239325554374,0.05,,0.5718668921985102,38.543768,41.734571,19.72166,0.23436471724214705,1.6335614843985422,2.605859123027812,0.02,
193,gpr_dataset_0193.in,datasets/check001/files/gpr_dataset_0193.in,0.29830626468611415,47.760486,33.361336,18.878177,0.2960969792600253,1.3300403011914874,2.6656864421376234,0.05,,0.48656890074597814,46.323363,31.905616,21.771021,0.21960860310691133,1.506441390369548,2.683922225230591,0.02,
194,gpr_dataset_0194.in,datasets/check001/files/gpr_dataset_0194.in,0.2690441804732562,46.580233,34.088469,19.331299,0.254643984539937,1.5741940012385605,2.602820656972716,0.05,,0.7903925623459926,44.158083,37.230937,18.61098,0.12823504973578845,1.6964018631213929,2.688162635989776,0.02,
195,gpr_dataset_0195.in,datasets/check001/files/gpr_dataset_0195.in,0.19844534477908105,53.147434,34.305349,12.547217,0.18489350371248586,1.3656426825074732,2.652644851414851,0.05,,0.3004784474686816,48.998775,34.480253,16.520972,0.20754064490362242,1.675634236192162,2.684428408643765,0.02,
196,gpr_dataset_0196.in,datasets/check001/files/gpr_dataset_0196.in,0.16471776226096743,49.977941,33.262841,16.759218,0.2940838125413637,1.412077234025012,2.6941923213468044,0.05,,0.576916893647698,37.929955,42.685507,19.384538,0.12362558290252688,1.684608059607897,2.6791842524999874,0.02,
197,gpr_dataset_0197.in,datasets/check001/files/gpr_dataset_0197.in,0.2921324200737476,48.832641,34.968812,16.198547,0.18348558209709637,1.476685046734931,2.617535162999022,0.05,,0.5147762605085706,44.389088,33.007339,22.603574,0.24231821563319314,1.684609447954971,2.6391601427277602,0.02,
198,gpr_dataset_0198.in,datasets/check001/files/gpr_dataset_0198.in,0.2988566261095261,53.119275,35.779695,11.101031,0.23483253691804806,1.5810063380662764,2.614064336814857,0.05,,0.8217403296713877,34.38635,49.114025,16.499625,0.2327980380092706,1.4266178037710378,2.6708965813145227,0.02,
199,gpr_dataset_0199.in,datasets/check001/files/gpr_dataset_0199.in,0.22782053758097578,58.129635,29.131335,12.739031,0.1874311294702918,1.32033843401927,2.625665794154272,0.05,,0.3756242208502405,33.335798,41.877045,24.787158,0.2453652737658528,1.6653655992761682,2.649308199347385,0.02,
200,gpr_dataset_0200.in,datasets/check001/files/gpr_dataset_0200.in,0.1757425149548518,58.033042,25.105518,16.86144,0.2796076080702865,1.4952908689340432,2.6687160404217116,0.05,,0.4138595582239418,32.670407,48.698327,18.631266,0.14780753619349862,1.6854986394302363,2.607420040176666,0.02,
201,gpr_dataset_0201.in,datasets/check001/files/gpr_dataset_0201.in,0.13402104063023815,48.667781,35.484473,15.847746,0.284718625967996,1.327931405614206,2.6594030544052094,0.05,,0.7295513080452256,34.095722,48.937237,16.967041,0.11518867164600036,1.461665143015381,2.618998425758839,0.02,
202,gpr_dataset_0202.in,datasets/check001/files/gpr_dataset_0202.in,0.23943934076147141,53.534482,34.0235,12.442018,0.19222846101678978,1.3712644854841738,2.604963544303851,0.05,,0.700238865500419,47.520746,33.583211,18.896042,0.16414089361685702,1.4883648346898644,2.666202022600987,0.02,
203,gpr_dataset_0203.in,datasets/check001/files/gpr_dataset_0203.in,0.22004310560275375,57.721724,26.916357,15.361919,0.1937717199069161,1.3245808284138978,2.684376907434694,0.05,,0.5158473800824106,38.200829,40.045563,21.753608,0.11367053163260189,1.563237808765904,2.6184881220542047,0.02,
204,gpr_dataset_0204.in,datasets/check001/files/gpr_dataset_0204.in,0.27709853854990774,53.282999,32.51253,14.204472,0.21975869342319757,1.3678726840848001,2.626856199327295,0.05,,0.3431475587620695,43.207873,41.581672,15.210455,0.151568707981907,1.5624347018018065,2.697070553717358,0.02,
205,gpr_dataset_0205.in,datasets/check001/files/gpr_dataset_0205.in,0.2179452884607207,48.148448,34.708435,17.143116,0.21279481124016758,1.4606543235936789,2.6866894013705562,0.05,,0.632377071685344,46.269122,38.393455,15.337423,0.2354165802008731,1.6142917097391078,2.6502101470315607,0.02,
206,gpr_dataset_0206.in,datasets/check001/files/gpr_dataset_0206.in,0.2800910122943183,52.957372,31.722698,15.31993,0.168042281213315,1.5271566266917582,2.6172878972806495,0.05,,0.989057593174393,35.754773,46.256132,17.989095,0.24959038401681635,1.5881678636697192,2.6834108118676006,0.02,
207,gpr_dataset_0207.in,datasets/check001/files/gpr_dataset_0207.in,0.1515772719975553,53.683033,31.4117,14.905267,0.1914301229860874,1.4374471543367846,2.687346625337276,0.05,,0.8505854471794403,41.584419,39.616001,18.79958,0.1621663598153468,1.4444599223880332,2.658793413328139,0.02,
208,gpr_dataset_0208.in,datasets/check001/files/gpr_dataset_0208.in,0.2516754775715346,52.066802,34.094145,13.839053,0.16514856642381728,1.3858278562146618,2.653563348114592,0.05,,0.5407084250042251,39.920607,39.338861,20.740532,0.19134432279286528,1.4112397011493139,2.6275414142034754,0.02,
209,gpr_dataset_0209.in,datasets/check001/files/gpr_dataset_0209.in,0.12877053412533473,54.102309,35.125755,10.771936,0.2834361320871386,1.3994482227202814,2.6237579293916307,0.05,,0.8220248738873952,46.249538,35.984709,17.765753,0.17374288200389754,1.6088548534024925,2.609821739027274,0.02,
210,gpr_dataset_0210.in,datasets/check001/files/gpr_dataset_0210.in,0.2737800050198397,58.826836,26.426267,14.746898,0.24683322171414662,1.3563807072677836,2.62113905021059,0.05,,0.8767786039785985,39.425263,39.751589,20.823147,0.22315260885976904,1.554580910782867,2.6158972442639,0.02,
211,gpr_dataset_0211.in,datasets/check001/files/gpr_dataset_0211.in,0.16222461865778176,53.505501,34.694948,11.799551,0.21846730006921208,1.575409320802335,2.6704633945220038,0.05,,0.4917842489320512,43.057097,37.157171,19.785732,0.118580928833605,1.409168957714598,2.6372466761535307,0.02,
212,gpr_dataset_0212.in,datasets/check001/files/gpr_dataset_0212.in,0.21880871869043025,44.977417,38.634287,16.388296,0.20246398524669817,1.3490540843553553,2.6894491920312196,0.05,,0.8242727941394532,44.51414,36.302538,19.183322,0.12443611083979308,1.5716774183060902,2.6964917609202255,0.02,
214,gpr_dataset_0214.in,datasets/check001/files/gpr_dataset_0214.in,0.26101711383909726,45.259632,38.61564,16.124728,0.21357102009894285,1.4129426356813002,2.6348709199272085,0.05,,0.4763990964945132,37.065202,41.032337,21.90246,0.15957288099581804,1.43069363089058,2.6511513717468302,0.02,
215,gpr_dataset_0215.in,datasets/check001/files/gpr_dataset_0215.in,0.23247109050525044,56.401106,27.260055,16.338839,0.24135751569570252,1.3895427778759892,2.6108104530585843,0.05,,0.34468593772797695,42.831133,36.845176,20.323691,0.13917203618897453,1.6133281326715374,2.6892373797680933,0.02,
216,gpr_dataset_0216.in,datasets/check001/files/gpr_dataset_0216.in,0.15975822238379728,44.189518,36.287455,19.523027,0.27081447339502945,1.5407091233358434,2.660003330114557,0.05,,0.7623712265767902,39.796707,40.536294,19.666999,0.2496203649367444,1.4778278818135966,2.641856568608134,0.02,
217,gpr_dataset_0217.in,datasets/check001/files/gpr_dataset_0217.in,0.17765498420109166,44.93564,37.710635,17.353725,0.1784872740617026,1.517964962974271,2.622236319397627,0.05,,0.6742445710809492,39.54917,41.654448,18.796382,0.17609722834102232,1.6536257732733786,2.6840638694596404,0.02,
218,gpr_dataset_0218.in,datasets/check001/files/gpr_dataset_0218.in,0.2752989568684221,56.760341,28.563248,14.676411,0.18879777758403118,1.542503160742741,2.6762918218319305,0.05,,0.4281478499088165,45.316315,38.162879,16.520806,0.15329250941797487,1.6232629788028423,2.630708527133221,0.02,
219,gpr_dataset_0219.in,datasets/check001/files/gpr_dataset_0219.in,0.2576180873615198,54.998138,29.737872,15.26399,0.2776820832317115,1.441160970301204,2.6866393369692543,0.05,,0.7085022338198064,46.913497,30.156362,22.930141,0.17507160617390566,1.6602493264094689,2.638166921980559,0.02,
220,gpr_dataset_0220.in,datasets/check001/files/gpr_dataset_0220.in,0.15967115076349264,50.072857,32.069432,17.857711,0.28599314017591915,1.4372714299184624,2.631638345764871,0.05,,0.8009679192770252,42.740524,37.276191,19.983284,0.12652363998451913,1.5903496907458012,2.6004713501423993,0.02,
221,gpr_dataset_0221.in,datasets/check001/files/gpr_dataset_0221.in,0.15470557244029992,57.380919,24.285034,18.334048,0.22343656359450245,1.5290707501316498,2.6088041343759047,0.05,,0.7301358171075432,40.487131,36.120642,23.392227,0.1574974630080191,1.4113175955424813,2.619941425122812,0.02,
222,gpr_dataset_0222.in,datasets/check001/files/gpr_dataset_0222.in,0.1746202810854742,46.800511,35.822836,17.376652,0.18732346843138228,1.508057424151119,2.634434977406332,0.05,,0.3902515602998119,39.193837,43.462078,17.344085,0.22357657445116155,1.4894606760482416,2.6290827791809486,0.02,
223,gpr_dataset_0223.in,datasets/check001/files/gpr_dataset_0223.in,0.24556638228936256,53.22402,27.424815,19.351165,0.29932086147418924,1.402819851777268,2.6901383776144527,0.05,,0.5514756204566427,31.585264,45.796138,22.618597,0.1605087466751688,1.4685254854507477,2.6727168828136323,0.02,
224,gpr_dataset_0224.in,datasets/check001/files/gpr_dataset_0224.in,0.12624115528343652,55.703561,32.388102,11.908337,0.20498871770997726,1.4951621140363676,2.6037363427692597,0.05,,0.9135808963196332,38.463525,44.57427,16.962205,0.24920203504855973,1.5985909747513682,2.6653567618400755,0.02,
225,gpr_dataset_0225.in,datasets/check001/files/gpr_dataset_0225.in,0.10394835330282903,56.075564,29.536758,14.387678,0.23209235770933884,1.4423189014983213,2.615312709812444,0.05,,0.7866344204546363,42.502011,35.934218,21.563771,0.1993724448833345,1.4809931448611566,2.6605634336924004,0.02,
226,gpr_dataset_0226.in,datasets/check001/files/gpr_dataset_0226.in,0.1274327045959618,59.03404,23.04329,17.922671,0.16766018526558588,1.3342037658052743,2.6106263708306394,0.05,,0.4390526631943975,37.98903,39.402532,22.608438,0.13025097849732842,1.6110310250738775,2.6295351201000616,0.02,
228,gpr_dataset_0228.in,datasets/check001/files/gpr_dataset_0228.in,0.11996178301152349,56.347747,26.932592,16.719661,0.2702394154035671,1.3938121320888293,2.6738540195792178,0.05,,0.3664989292314062,45.34462,31.041373,23.614007,0.1995032541236266,1.4511536829069125,2.6357527404237744,0.02,
229,gpr_dataset_0229.in,datasets/check001/files/gpr_dataset_0229.in,0.18754290335638696,51.95032,37.221429,10.828251,0.27224464343047444,1.3548608260910928,2.6400777514280755,0.05,,0.9736169511048278,36.662021,39.018428,24.319551,0.2199848645423425,1.594653945161679,2.6796909557035407,0.02,
230,gpr_dataset_0230.in,datasets/check001/files/gpr_dataset_0230.in,0.12261131127552923,49.405058,32.397462,18.19748,0.2703397176067644,1.5035179408747616,2.6181260560537303,0.05,,0.5658255453811213,41.48985,34.12805,24.3821,0.22578047148206676,1.6920333740676108,2.613065532954842,0.02,
231,gpr_dataset_0231.in,datasets/check001/files/gpr_dataset_0231.in,0.28407959712762054,52.207288,34.870565,12.922147,0.18924193008427348,1.3942713834621614,2.6704568176480623,0.05,,0.774550244714115,42.173369,38.623231,19.2034,0.24668433363261977,1.6009533074642945,2.6338300641768426,0.02,
232,gpr_dataset_0232.in,datasets/check001/files/gpr_dataset_0232.in,0.20462063504493477,58.369734,23.672318,17.957949,0.18728654922760613,1.4037248462372511,2.6676295568357444,0.05,,0.5694136321847,41.462858,36.487229,22.049913,0.10818491728415139,1.593019614967044,2.6156927373301744,0.02,
233,gpr_dataset_0233.in,datasets/check001/files/gpr_dataset_0233.in,0.2697691149552002,54.231286,35.548876,10.219838,0.22374719417166017,1.3722675450091695,2.6970145048783403,0.05,,0.33524550016858073,35.758142,44.488741,19.753117,0.13524999999869308,1.5377283784244704,2.6801261287726725,0.02,
234,gpr_dataset_0234.in,datasets/check001/files/gpr_dataset_0234.in,0.18961971713307477,58.741166,29.75663,11.502204,0.22460600220997515,1.4960119009415116,2.6102643321480152,0.05,,0.5886369833728846,47.260507,34.464884,18.274609,0.19063049140926963,1.5857198461239146,2.630459795810365,0.02,
235,gpr_dataset_0235.in,datasets/check001/files/gpr_dataset_0235.in,0.20166754806389298,58.657172,26.16667,15.176158,0.21816899739053763,1.4680452535318205,2.6619757969677087,0.05,,0.6311935767655121,41.643412,42.77749,15.579098,0.21389799266186757,1.466524132346057,2.634135711457684,0.02,
236,gpr_dataset_0236.in,datasets/check001/files/gpr_dataset_0236.in,0.2659767771268802,59.082949,25.750011,15.16704,0.2553144079889978,1.3137334329565102,2.616415536770539,0.05,,0.3983144311255742,42.291112,42.380832,15.328056,0.19162776492080258,1.4562630201594808,2.6930216259153146,0.02,
237,gpr_dataset_0237.in,datasets/check001/files/gpr_dataset_0237.in,0.17857929798303468,48.20705,34.951328,16.841622,0.16616486209312378,1.4243411035384992,2.6926626530537314,0.05,,0.8862263662405254,39.144105,42.579767,18.276128,0.1987685042500304,1.6868570964877252,2.6134636014430632,0.02,
238,gpr_dataset_0238.in,datasets/check001/files/gpr_dataset_0238.in,0.19976572842052226,55.927185,29.21507,14.857745,0.2881743471065702,1.3531607315506438,2.657855438570418,0.05,,0.8113462632199444,35.66273,41.335537,23.001733,0.2324043795338017,1.5512330358059492,2.6384662638743706,0.02,
239,gpr_dataset_0239.in,datasets/check001/files/gpr_dataset_0239.in,0.2959001520410086,54.86105,33.15799,11.98096,0.29453903065196285,1.5911474949736304,2.645284570608137,0.05,,0.39336028171126547,36.523874,42.009271,21.466855,0.14483697024331366,1.6104482931222155,2.686070754612916,0.02,
240,gpr_dataset_0240.in,datasets/check001/files/gpr_dataset_0240.in,0.242374871279029,56.795771,31.586934,11.617295,0.24362513838080824,1.3871738486437752,2.6345293580898583,0.05,,0.7706615991359218,42.339382,36.687231,20.973388,0.17558401585648747,1.6082935921181978,2.6322381397413857,0.02,
241,gpr_dataset_0241.in,datasets/check001/files/gpr_dataset_0241.in,0.12308105045672509,50.937096,32.057024,17.00588,0.25007358570783245,1.4252433799376567,2.6747868723376587,0.05,,0.8889725116918381,33.777173,44.394397,21.828431,0.17840949793138033,1.4075816423763416,2.6145326711632797,0.02,
242,gpr_dataset_0242.in,datasets/check001/files/gpr_dataset_0242.in,0.23405083575338836,48.557017,38.630697,12.812286,0.19299233222386647,1.375168302237455,2.6839381814465173,0.05,,0.783416395254807,37.283124,46.804704,15.912172,0.2221039326331703,1.4307440019013928,2.6868035373654413,0.02,
243,gpr_dataset_0243.in,datasets/check001/files/gpr_dataset_0243.in,0.24789849603456998,53.171868,32.33943,14.488702,0.18563932088493068,1.535292151861266,2.679882175248957,0.05,,0.5013470581550541,39.107301,43.840866,17.051833,0.24350529550177402,1.6927468166168378,2.6312653980894636,0.02,
244,gpr_dataset_0244.in,datasets/check001/files/gpr_dataset_0244.in,0.21042491950661268,49.402924,30.710869,19.886207,0.26713873393138277,1.5610354276964005,2.6829983481955146,0.05,,0.9380404639516169,40.231813,39.191693,20.576494,0.18199227050518618,1.5810160931865924,2.6776146745122333,0.02,
245,gpr_dataset_0245.in,datasets/check001/files/gpr_dataset_0245.in,0.29285796462520614,53.192983,27.299888,19.507129,0.17804648722984853,1.3521385395565917,2.6513846852774576,0.05,,0.5640387589368518,40.176077,42.844558,16.979366,0.18759790865258968,1.4765048444397266,2.633056278874227,0.02,
246,gpr_dataset_0246.in,datasets/check001/files/gpr_dataset_0246.in,0.2419378592632628,54.279627,29.061826,16.658547,0.15762831617928402,1.5797145596713573,2.661560867609933,0.05,,0.7633231476754573,39.872656,41.51772,18.609624,0.21760471728557523,1.4953577016116568,2.621996201542756,0.02,
247,gpr_dataset_0247.in,datasets/check001/files/gpr_dataset_0247.in,0.1367738195070718,48.307405,35.156297,16.536298,0.2305553928800863,1.32758366618172,2.6221198081101456,0.05,,0.44934766713033714,40.244336,40.879549,18.876115,0.21289835343317753,1.5591496686820474,2.699663108260434,0.02,
248,gpr_dataset_0248.in,datasets/check001/files/gpr_dataset_0248.in,0.2647376801850404,47.424093,36.930215,15.645692,0.24316975464354507,1.5876690448221802,2.668255136076853,0.05,,0.524655907354957,41.626318,42.126938,16.246744,0.1810355969413842,1.4848486982838192,2.691133592662862,0.02,
249,gpr_dataset_0249.in,datasets/check001/files/gpr_dataset_0249.in,0.26442181284799327,48.46306,36.788025,14.748915,0.15657774913657527,1.569484482671756,2.619251238793368,0.05,,0.6597262900892035,45.814535,31.202741,22.982724,0.18069622464463764,1.4021991758650534,2.606547182210372,0.02,
250,gpr_dataset_0250.in,datasets/check001/files/gpr_dataset_0250.in,0.23406702522861134,51.836479,34.854739,13.308782,0.16558902137605053,1.4613262642072484,2.6702742866267544,0.05,,0.9833567449373195,40.328794,38.048508,21.622699,0.21203362385113933,1.4461263731652936,2.6459225235260044,0.02,
251,gpr_dataset_0251.in,datasets/check001/files/gpr_dataset_0251.in,0.16634307509345755,53.889923,33.178969,12.931108,0.18879719384867633,1.4164097810934313,2.663021726462579,0.05,,0.6031175242474895,32.222125,46.16568,21.612195,0.19621341197224595,1.5855048076731806,2.675596059669518,0.02,
252,gpr_dataset_0252.in,datasets/check001/files/gpr_dataset_0252.in,0.21712160266267783,46.352846,39.326778,14.320377,0.1629757832156689,1.5295822723061387,2.6437676149468228,0.05,,0.5765792807600323,41.944023,38.319108,19.736869,0.12045721904943202,1.5172977696286971,2.6797484612833466,0.02,
253,gpr_dataset_0253.in,datasets/check001/files/gpr_dataset_0253.in,0.20914489372816453,59.887144,23.14605,16.966806,0.28712533745769264,1.5385051366697378,2.6729324576615845,0.05,,0.5611913604302268,44.289927,37.130733,18.57934,0.11848527384002486,1.4015089517222015,2.659665488745333,0.02,
254,gpr_dataset_0254.in,datasets/check001/files/gpr_dataset_0254.in,0.2074304097108922,57.492851,25.453322,17.053827,0.2855319563961819,1.4031554949545941,2.641265449602625,0.05,,0.7521520524920612,44.388986,36.634111,18.976903,0.2252122550302093,1.4582978646038975,2.618135798477365,0.02,
255,gpr_dataset_0255.in,datasets/check001/files/gpr_dataset_0255.in,0.2599320107211063,50.305816,32.653356,17.040828,0.299146957563815,1.4383795611068781,2.6549664609679167,0.05,,0.5034568672640597,42.899968,39.524872,17.57516,0.1983209471045429,1.4300135171826267,2.6619515777154334,0.02,
258,gpr_dataset_0258.in,datasets/check001/files/gpr_dataset_0258.in,0.20772360741560447,53.939845,26.4743,19.585855,0.15467913465124636,1.474567147148179,2.6405134467551115,0.05,,0.7130254182885025,43.913596,37.440359,18.646044,0.24980922625177776,1.5416311852348776,2.677519723883743,0.02,
259,gpr_dataset_0259.in,datasets/check001/files/gpr_dataset_0259.in,0.1731637260206019,45.727622,36.4484,17.823979,0.19364987403215608,1.439410342651136,2.6510411993343785,0.05,,0.5777496103547952,37.501939,40.508422,21.989639,0.22098100853918476,1.5842107929680385,2.6165843552032158,0.02,
261,gpr_dataset_0261.in,datasets/check001/files/gpr_dataset_0261.in,0.1939348458020418,48.534491,35.579794,15.885714,0.2744470733480475,1.5504616798652182,2.6263316069384155,0.05,,0.68104504346186,35.16363,45.24363,19.592739,0.1980004819835275,1.6506407203029934,2.651666289755394,0.02,
262,gpr_dataset_0262.in,datasets/check001/files/gpr_dataset_0262.in,0.17526575620870904,57.004047,29.732412,13.263542,0.28015791328068707,1.4460584688022529,2.648211008971313,0.05,,0.7229476861999808,44.747705,36.636385,18.615911,0.11156323386118704,1.593043100716493,2.6211517104135758,0.02,
263,gpr_dataset_0263.in,datasets/check001/files/gpr_dataset_0263.in,0.13738113516175351,50.924346,37.02128,12.054374,0.18455194988989868,1.5433517888118882,2.672025565887495,0.05,,0.6370616545726402,43.777712,37.846246,18.376042,0.22500474945928814,1.4067338114462873,2.6043144331335166,0.02,
264,gpr_dataset_0264.in,datasets/check001/files/gpr_dataset_0264.in,0.21469730227045364,50.139125,37.806038,12.054837,0.23584039488456968,1.3167736012481333,2.625825964601671,0.05,,0.42602627770340795,43.980376,37.559634,18.45999,0.10279300534558554,1.6158641898512265,2.666174506262916,0.02,
265,gpr_dataset_0265.in,datasets/check001/files/gpr_dataset_0265.in,0.1566909252811281,57.88962,23.633247,18.477132,0.24012580716168,1.5383848210781355,2.68204531801305,0.05,,0.42731890630906977,42.881971,35.036311,22.081719,0.15140069118404978,1.5360410435420275,2.659059599093231,0.02,
266,gpr_dataset_0266.in,datasets/check001/files/gpr_dataset_0266.in,0.14596275743575596,58.250103,27.069946,14.679951,0.27893875380159083,1.451307857821214,2.6419795012671607,0.05,,0.4046928355385192,34.480703,42.679584,22.839713,0.10585548454271924,1.6351604704516305,2.650332920813846,0.02,
267,gpr_dataset_0267.in,datasets/check001/files/gpr_dataset_0267.in,0.1235032813149541,56.231723,25.606031,18.162246,0.274128266797811,1.5690906858542597,2.6774870423067805,0.05,,0.7544622145745736,43.352984,40.101222,16.545794,0.17947247784095582,1.468845876913715,2.6802300196007813,0.02,
268,gpr_dataset_0268.in,datasets/check001/files/gpr_dataset_0268.in,0.2579111170301909,49.189125,32.824915,17.98596,0.2642308840571238,1.5090122809472402,2.609771690834678,0.05,,0.39371817393722097,40.439111,35.435648,24.125241,0.1424900002013434,1.6630298939579673,2.6408646704687215,0.02,
269,gpr_dataset_0269.in,datasets/check001/files/gpr_dataset_0269.in,0.13780420274357413,51.236229,33.84209,14.921681,0.16767429059717265,1.3021582157351745,2.6654546120803198,0.05,,0.7814367157444433,40.303567,41.332697,18.363736,0.19773639021668976,1.4760898178695951,2.685497692626793,0.02,
270,gpr_dataset_0270.in,datasets/check001/files/gpr_dataset_0270.in,0.1847123094866726,52.786793,28.462756,18.750451,0.263245785091475,1.423968447488781,2.678378841696354,0.05,,0.6377274299048163,38.946436,42.792706,18.260858,0.14599796300118917,1.503306891264456,2.6705494607971088,0.02,
271,gpr_dataset_0271.in,datasets/check001/files/gpr_dataset_0271.in,0.24715648612092214,52.986244,30.794816,16.21894,0.2169892316122829,1.509793432688516,2.6161795117708135,0.05,,0.45012069907665603,39.891824,38.587892,21.520285,0.20455861130866904,1.6120369800598608,2.616073800913322,0.02,
272,gpr_dataset_0272.in,datasets/check001/files/gpr_dataset_0272.in,0.29291405027490347,54.654317,29.737685,15.607998,0.28887926816967735,1.4306132303658292,2.606408045636931,0.05,,0.45523917123365837,38.917637,37.876138,23.206225,0.24766721509469097,1.5841896772150141,2.652100554322056,0.02,
273,gpr_dataset_0273.in,datasets/check001/files/gpr_dataset_0273.in,0.24232116634179623,47.631182,35.679586,16.689232,0.24604369717952054,1.4316916145623708,2.6201707242806016,0.05,,0.75981895589479,47.437558,36.773915,15.788526,0.18992723693387342,1.5547440894658484,2.623167097281806,0.02,
274,gpr_dataset_0274.in,datasets/check001/files/gpr_dataset_0274.in,0.13389657836262042,53.928803,32.823978,13.247219,0.1736167141275586,1.599045143148162,2.677967287897642,0.05,,0.5471893643495696,37.9781,41.804421,20.217479,0.21053883102195925,1.4205851515811176,2.609016585759515,0.02,
276,gpr_dataset_0276.in,datasets/check001/files/gpr_dataset_0276.in,0.158850364893624,51.446487,31.47423,17.079283,0.28141695693646007,1.5439442048819123,2.657489387877391,0.05,,0.78593430302991,43.537518,36.424664,20.037818,0.21362099275700086,1.6883716175904842,2.6458848429334125,0.02,
277,gpr_dataset_0277.in,datasets/check001/files/gpr_dataset_0277.in,0.19214408829290242,58.643679,26.944331,14.41199,0.293316853068504,1.4549512651614516,2.6009723191714427,0.05,,0.8825239314462601,39.480845,35.97488,24.544275,0.22316120342387952,1.4228086461601066,2.6931396239835665,0.02,
278,gpr_dataset_0278.in,datasets/check001/files/gpr_dataset_0278.in,0.1953110908178579,48.204607,38.798938,12.996455,0.2920677163595217,1.5049321925571306,2.690992745898789,0.05,,0.6492995382545781,33.187104,43.648219,23.164677,0.13101679484830148,1.460829967636482,2.624969543394696,0.02,
279,gpr_dataset_0279.in,datasets/check001/files/gpr_dataset_0279.in,0.22371937983636164,51.996391,32.323663,15.679946,0.26463663189532904,1.4624421863809074,2.6042263126731,0.05,,0.6376044568407354,39.596542,37.200453,23.203005,0.23454996597899425,1.660630650687366,2.649080535160655,0.02,
280,gpr_dataset_0280.in,datasets/check001/files/gpr_dataset_0280.in,0.2968789365355109,56.874398,23.268076,19.857526,0.2217480114918065,1.462230383677548,2.6502475212121674,0.05,,0.5756018459966785,42.874491,32.843134,24.282374,0.20473668521442095,1.538021177013929,2.668921054905965,0.02,
281,gpr_dataset_0281.in,datasets/check001/files/gpr_dataset_0281.in,0.10236399572208979,49.629879,35.492553,14.877568,0.2419167144542657,1.3779102307270894,2.654856340037919,0.05,,0.4659974067552817,39.290244,42.115192,18.594564,0.17481550249152952,1.4631597446331968,2.6700712626816303,0.02,
282,gpr_dataset_0282.in,datasets/check001/files/gpr_dataset_0282.in,0.17446192557376322,49.31691,36.467895,14.215195,0.16498046113641796,1.3809847320707611,2.6235805172885507,0.05,,0.6025531262115844,34.41204,48.099692,17.488268,0.17493967391677762,1.6986685310898804,2.684938991539666,0.02,
283,gpr_dataset_0283.in,datasets/check001/files/gpr_dataset_0283.in,0.20340139498410012,52.765858,34.62692,12.607223,0.23432076781075667,1.4703503557615936,2.639840190186333,0.05,,0.7833802231724509,32.08549,47.588626,20.325884,0.19447933185432317,1.5349564457191374,2.6334656538514563,0.02,
284,gpr_dataset_0284.in,datasets/check001/files/gpr_dataset_0284.in,0.1721924042110243,49.996564,37.723588,12.279848,0.152975300042064,1.336371246765011,2.686736858397414,0.05,,0.9741815926425399,35.034268,42.807084,22.158648,0.12618082535941877,1.6340927294297711,2.6355109038390894,0.02,
285,gpr_dataset_0285.in,datasets/check001/files/gpr_dataset_0285.in,0.23463856802947003,48.124833,33.596077,18.27909,0.20716064976192686,1.3859570729667368,2.663171219048347,0.05,,0.4013938367946472,34.073969,47.154135,18.771897,0.19469101124887556,1.571491272162138,2.684890077193881,0.02,
286,gpr_dataset_0286.in,datasets/check001/files/gpr_dataset_0286.in,0.1142688156353115,53.400417,30.336432,16.263151,0.19370345291916297,1.3802417172611914,2.664464429315519,0.05,,0.4898736709459443,37.12143,45.097861,17.780709,0.1880379660289016,1.6896578098467483,2.6413989060873675,0.02,
287,gpr_dataset_0287.in,datasets/check001/files/gpr_dataset_0287.in,0.1367772398206768,44.154342,37.70877,18.136887,0.2910656006006993,1.5102090785274054,2.608006473787555,0.05,,0.4168373255277567,45.286218,33.744462,20.96932,0.21474945582003935,1.424975360417206,2.626245226426499,0.02,
288,gpr_dataset_0288.in,datasets/check001/files/gpr_dataset_0288.in,0.13105487240003239,51.103718,36.294036,12.602246,0.18710947789727883,1.3852525840174268,2.662648068462619,0.05,,0.3918939774388047,47.253631,30.887319,21.85905,0.2290553226120089,1.4975603949969436,2.6476154740655375,0.02,
289,gpr_dataset_0289.in,datasets/check001/files/gpr_dataset_0289.in,0.2949963090880189,56.016501,28.055045,15.928454,0.2954313396831819,1.5092868630721143,2.6177036639979714,0.05,,0.7183089391855924,40.21686,40.307513,19.475627,0.17851897065317612,1.5918584746132436,2.6309661328113996,0.02,
290,gpr_dataset_0290.in,datasets/check001/files/gpr_dataset_0290.in,0.16943366003282617,50.138493,35.6288,14.232707,0.20486749829225667,1.3779421131813174,2.630357291557309,0.05,,0.30006464247644965,41.455119,42.038201,16.50668,0.17037969328660393,1.402495133178912,2.6922088395744055,0.02,
291,gpr_dataset_0291.in,datasets/check001/files/gpr_dataset_0291.in,0.2893915023736249,58.957892,24.018861,17.023247,0.19393839195035817,1.3693646180557477,2.600721798500577,0.05,,0.5615507135689235,38.859056,41.884027,19.256917,0.12449042429954332,1.6211353562310131,2.6389723269853196,0.02,
292,gpr_dataset_0292.in,datasets/check001/files/gpr_dataset_0292.in,0.17567161205499235,52.566318,33.036915,14.396767,0.26468074411149217,1.5729863210317856,2.6807574940427576,0.05,,0.7792482032649635,34.43987,43.282968,22.277162,0.1619355814769871,1.6560446070174812,2.6182407179002642,0.02,
293,gpr_dataset_0293.in,datasets/check001/files/gpr_dataset_0293.in,0.1579190598582571,53.916587,33.077739,13.005673,0.24341306704133303,1.3563368327632035,2.6019395397247,0.05,,0.334742450556169,45.001116,37.282636,17.716248,0.14037926993337183,1.6145587826633825,2.6727107070447538,0.02,
294,gpr_dataset_0294.in,datasets/check001/files/gpr_dataset_0294.in,0.1465620995911911,49.839495,34.611901,15.548604,0.19673650278045832,1.5398387055808211,2.6997963446165603,0.05,,0.6245791270424004,43.287954,34.575747,22.136299,0.2427466062598912,1.4168115033205677,2.6775652910712524,0.02,
296,gpr_dataset_0296.in,datasets/check001/files/gpr_dataset_0296.in,0.19456510899830304,57.602456,28.186593,14.210951,0.2443746381196049,1.3126557746784193,2.6937420923632236,0.05,,0.6646483770422567,36.980401,45.105089,17.914511,0.23312793640653137,1.65909729972488,2.6217788249055105,0.02,
297,gpr_dataset_0297.in,datasets/check001/files/gpr_dataset_0297.in,0.12258569186324751,57.979508,29.167222,12.85327,0.19141500657576715,1.3358948776032216,2.678914378019489,0.05,,0.3062508991225395,32.0374,47.442882,20.519718,0.18943184258974188,1.51141959899097,2.6089479902749675,0.02,
298,gpr_dataset_0298.in,datasets/check001/files/gpr_dataset_0298.in,0.131539691239475,58.171141,31.54376,10.285099,0.24668623449718774,1.510398442006901,2.6791466244365214,0.05,,0.38807922036565845,32.334276,46.311746,21.353978,0.21350462848020835,1.6416576129759757,2.64387188980966,0.02,
300,gpr_dataset_0300.in,datasets/check001/files/gpr_dataset_0300.in,0.26626991867822397,58.249491,31.069077,10.681433,0.17325382171129905,1.3887017983632204,2.6263349268895433,0.05,,0.5569788949031775,32.779207,46.699455,20.521338,0.1278301435145725,1.4056159569764164,2.6856829288334216,0.02,
301,gpr_dataset_0301.in,datasets/check001/files/gpr_dataset_0301.in,0.25520331355958775,46.749155,35.937085,17.313761,0.2308434782390107,1.4162472520542209,2.6524069768810454,0.05,,0.648284411698683,40.416584,41.629621,17.953795,0.196135589467761,1.4331392402118213,2.6523200539193237,0.02,
302,gpr_dataset_0302.in,datasets/check001/files/gpr_dataset_0302.in,0.11333596861925313,57.840856,23.048555,19.110588,0.1803118543033173,1.4456110861710085,2.6098753586648535,0.05,,0.6997085269482892,42.423166,39.184125,18.392709,0.20519710323620688,1.4767815591001934,2.63663540200943,0.02,
303,gpr_dataset_0303.in,datasets/check001/files/gpr_dataset_0303.in,0.22119072484649,50.626477,38.40092,10.972603,0.2701529923516326,1.3182100564858155,2.6558019889470024,0.05,,0.9567707003899024,39.187148,38.228214,22.584638,0.22354644494161008,1.4797446903489995,2.6040653152274342,0.02,
304,gpr_dataset_0304.in,datasets/check001/files/gpr_dataset_0304.in,0.11407762592204883,44.06181,37.190234,18.747956,0.16456788752364937,1.5175515798427568,2.6531661051402473,0.05,,0.432622289174673,41.884088,36.149262,21.96665,0.12683468374433757,1.6247583073932117,2.641518460024974,0.02,
305,gpr_dataset_0305.in,datasets/check001/files/gpr_dataset_0305.in,0.12110283637983116,55.832699,28.734201,15.4331,0.24978635321603154,1.5648472058119678,2.6166809318903548,0.05,,0.42627757702004776,41.626342,40.22437,18.149289,0.24976503580799223,1.5329036509994862,2.6352324075270332,0.02,
306,gpr_dataset_0306.in,datasets/check001/files/gpr_dataset_0306.in,0.16303099922847947,59.805614,26.482612,13.711774,0.2646276551856557,1.4291764218199736,2.672586768361517,0.05,,0.7258893591799273,42.019866,34.907406,23.072728,0.2389220383888986,1.4762267381549072,2.6961651775631337,0.02,
307,gpr_dataset_0307.in,datasets/check001/files/gpr_dataset_0307.in,0.18949995779964987,46.865021,33.750793,19.384186,0.23936442399356786,1.455282807652099,2.699341200955454,0.05,,0.511289157752679,30.813022,47.0171,22.169877,0.14139357051154086,1.566098945985596,2.655632308550677,0.02,
309,gpr_dataset_0309.in,datasets/check001/files/gpr_dataset_0309.in,0.258580838862856,44.863115,37.694662,17.442223,0.2364348692665047,1.5722966926441284,2.659523120255958,0.05,,0.5102752776902922,43.772624,40.740908,15.486468,0.10838840632349792,1.6312704511010414,2.6347930206952936,0.02,
310,gpr_dataset_0310.in,datasets/check001/files/gpr_dataset_0310.in,0.2634283400093084,46.300207,35.787374,17.91242,0.18400765070432273,1.4958337549481053,2.6602301634316543,0.05,,0.30800406667382246,44.987848,37.186417,17.825735,0.10617733782453448,1.5619789188316007,2.6149580019167304,0.02,
311,gpr_dataset_0311.in,datasets/check001/files/gpr_dataset_0311.in,0.20048032208944655,51.61452,31.181966,17.203514,0.22570940191680522,1.3666256884454244,2.628978302915669,0.05,,0.5760256827146462,38.400342,37.232374,24.367284,0.1073966647105132,1.5197573898640826,2.6085078987468235,0.02,
312,gpr_dataset_0312.in,datasets/check001/files/gpr_dataset_0312.in,0.20036462312115894,52.516896,30.53099,16.952114,0.17941489505898311,1.4847990512782607,2.6735667754145322,0.05,,0.4723720883549791,33.016887,47.83012,19.152994,0.23862071213426242,1.4268783944380206,2.667174755344974,0.02,
314,gpr_dataset_0314.in,datasets/check001/files/gpr_dataset_0314.in,0.17476415806411388,53.375316,35.859832,10.764852,0.15818070200426312,1.5846822745077367,2.692672969510911,0.05,,0.9081266461514779,47.05424,30.699766,22.245993,0.11669169884747048,1.5350184711915038,2.6022748115151204,0.02,
315,gpr_dataset_0315.in,datasets/check001/files/gpr_dataset_0315.in,0.14180190822484043,56.357043,26.730709,16.912249,0.18879870051383976,1.4449078991034077,2.672992358350979,0.05,,0.39894319464675926,46.205478,31.907993,21.886529,0.19952925129994648,1.4130446022498375,2.6170319647044766,0.02,
316,gpr_dataset_0316.in,datasets/check001/files/gpr_dataset_0316.in,0.15680270820959813,56.53345,32.794173,10.672377,0.24821368077230804,1.3025002525745284,2.638864514723698,0.05,,0.48991726535623625,41.305742,37.934269,20.759989,0.10286174859012913,1.6602231328563444,2.664941114475223,0.02,
317,gpr_dataset_0317.in,datasets/check001/files/gpr_dataset_0317.in,0.1462337240275634,46.79571,37.727755,15.476534,0.17796260811262785,1.4501952468606638,2.6457986262147783,0.05,,0.9484449811185034,35.519017,40.792719,23.688264,0.15003544519461637,1.5180199453481824,2.6157005250590832,0.02,
318,gpr_dataset_0318.in,datasets/check001/files/gpr_dataset_0318.in,0.16935598058150908,51.181435,35.367656,13.450908,0.29673664008668194,1.4503754383531473,2.6811892860099746,0.05,,0.738054654601034,40.136232,40.334069,19.529699,0.10441988476828117,1.5664818054790417,2.628019384462821,0.02,
319,gpr_dataset_0319.in,datasets/check001/files/gpr_dataset_0319.in,0.13034163615373692,56.829594,32.501575,10.668831,0.20733106827816122,1.5881817080333716,2.6612448393350108,0.05,,0.7378672203463785,40.227347,40.528519,19.244135,0.24558057596428257,1.6729206180692513,2.6329284738370546,0.02,
320,gpr_dataset_0320.in,datasets/check001/files/gpr_dataset_0320.in,0.20844675024117848,53.613983,27.662137,18.72388,0.27001575887461404,1.5587762984740205,2.630899839616218,0.05,,0.7935954714495704,46.385063,30.822849,22.792088,0.2375668181010126,1.4952488632525816,2.655734029809357,0.02,
321,gpr_dataset_0321.in,datasets/check001/files/gpr_dataset_0321.in,0.2897203128329523,50.198603,32.497172,17.304225,0.2121060233129518,1.4233755289838048,2.6443004487049655,0.05,,0.9536379670738351,41.897332,42.581931,15.520737,0.21686618274591893,1.4320314298530203,2.6184746496574567,0.02,
322,gpr_dataset_0322.in,datasets/check001/files/gpr_dataset_0322.in,0.25248949674659305,56.022666,27.172098,16.805236,0.18463670230995194,1.3696547602808007,2.668737788517836,0.05,,0.5514829341741859,42.357359,38.262452,19.380189,0.19070676394041272,1.613605738392998,2.6373959401130502,0.02,
323,gpr_dataset_0323.in,datasets/check001/files/gpr_dataset_0323.in,0.27042588649311705,58.960918,26.91963,14.119452,0.15483443298405686,1.5293616562384704,2.601501426045176,0.05,,0.4889010918523269,35.429809,41.528905,23.041286,0.2136664884588444,1.4198408972704668,2.6927103206177794,0.02,
324,gpr_dataset_0324.in,datasets/check001/files/gpr_dataset_0324.in,0.29712552791727365,57.119588,29.682977,13.197434,0.2186317394162568,1.374035152258476,2.6404866768242528,0.05,,0.3292783925350827,44.509417,37.441582,18.049001,0.1917257312005078,1.6227403564123835,2.659380580139279,0.02,
325,gpr_dataset_0325.in,datasets/check001/files/gpr_dataset_0325.in,0.2050461063405779,53.029107,32.950596,14.020297,0.2177414388845493,1.548103030497805,2.60424159160091,0.05,,0.9970854600668337,40.118108,37.671886,22.210006,0.18365514247201142,1.5548380049284396,2.663064855309272,0.02,
326,gpr_dataset_0326.in,datasets/check001/files/gpr_dataset_0326.in,0.10985908983625521,52.773956,32.201798,15.024246,0.27414315114086263,1.438404149189189,2.6422462182450444,0.05,,0.7291939954707247,35.389835,45.917066,18.693099,0.22448402566399595,1.5355094263488964,2.6722646791492837,0.02,
327,gpr_dataset_0327.in,datasets/check001/files/gpr_dataset_0327.in,0.12263431724871901,49.93559,34.824278,15.240132,0.1702960011285544,1.424067791529285,2.6450885854847077,0.05,,0.4252150052605309,40.557811,42.931131,16.511057,0.16820248114710262,1.4750246882231715,2.66917174283309,0.02,
329,gpr_dataset_0329.in,datasets/check001/files/gpr_dataset_0329.in,0.2536520647568776,54.87042,29.495785,15.633795,0.17251346017657676,1.560645561243461,2.617886676467327,0.05,,0.7984332415157358,39.46983,37.206741,23.323429,0.16693873512236088,1.5879358548984588,2.611755397840248,0.02,
330,gpr_dataset_0330.in,datasets/check001/files/gpr_dataset_0330.in,0.12631420636241714,49.480408,36.445916,14.073676,0.21879639867428047,1.5566233169257095,2.65435011596043,0.05,,0.3040253842293377,46.131601,33.647128,20.221271,0.17135679847047308,1.5230454097134067,2.6079404917368416,0.02,
331,gpr_dataset_0331.in,datasets/check001/files/gpr_dataset_0331.in,0.22002042085911783,48.777564,33.623697,17.598739,0.2336322972403333,1.5475757514111048,2.604891879994303,0.05,,0.40377931772578324,44.24318,31.574865,24.181956,0.20004948144192924,1.6514043307377817,2.629844154664212,0.02,
333,gpr_dataset_0333.in,datasets/check001/files/gpr_dataset_0333.in,0.15985889631930267,55.323059,32.208109,12.468832,0.21409857590866418,1.4651413248440457,2.629283271335674,0.05,,0.3941820523546357,44.045983,35.612556,20.341461,0.1786969313880563,1.6087488492035513,2.6612053744928423,0.02,
334,gpr_dataset_0334.in,datasets/check001/files/gpr_dataset_0334.in,0.12186044688726526,51.001021,30.435104,18.563875,0.22254944748141703,1.5065962834763036,2.6933891674788186,0.05,,0.990394909640878,37.199928,43.895158,18.904914,0.1788086837997392,1.6985073006672653,2.635385334437419,0.02,
335,gpr_dataset_0335.in,datasets/check001/files/gpr_dataset_0335.in,0.12594262751086052,52.317142,31.025365,16.657493,0.22387566805777737,1.3539721694968574,2.6609405757730618,0.05,,0.7960109472523751,43.223075,32.901914,23.875011,0.21993465268832593,1.6996961021750392,2.6414041139524373,0.02,
336,gpr_dataset_0336.in,datasets/check001/files/gpr_dataset_0336.in,0.1667584513867647,54.435605,34.814074,10.750321,0.18017807083951354,1.3844880109751616,2.6790195502846212,0.05,,0.5154407844707279,43.779016,39.7917,16.429283,0.2028753682970437,1.5024084755690008,2.6724396642811015,0.02,
337,gpr_dataset_0337.in,datasets/check001/files/gpr_dataset_0337.in,0.22319866859929682,52.431921,30.377982,17.190097,0.20069052829103146,1.5017418872098065,2.691616305317358,0.05,,0.8580780686802474,41.336089,38.173603,20.490308,0.23380874901848772,1.5610902634917092,2.6335109654534388,0.02,
338,gpr_dataset_0338.in,datasets/check001/files/gpr_dataset_0338.in,0.2567978066417077,47.574103,34.342797,18.0831,0.19490156199590408,1.517489246304775,2.6315502841436693,0.05,,0.6751198330007708,33.870418,43.332669,22.796913,0.2332044204277353,1.5060786621262423,2.6969613292435595,0.02,
339,gpr_dataset_0339.in,datasets/check001/files/gpr_dataset_0339.in,0.1560920057307767,55.644301,30.754291,13.601408,0.2392787800544999,1.5593781071506678,2.6751540208669615,0.05,,0.7936863288318636,42.167629,35.593911,22.238459,0.17455816515950345,1.4712926738819112,2.6451906329612864,0.02,
341,gpr_dataset_0341.in,datasets/check001/files/gpr_dataset_0341.in,0.20472559230083032,57.171758,23.550137,19.278105,0.2733207776944415,1.5814071540150345,2.6676717288737897,0.05,,0.3929020095142049,42.046193,37.033656,20.920151,0.17835173098277596,1.4012329607702374,2.693233734402083,0.02,
342,gpr_dataset_0342.in,datasets/check001/files/gpr_dataset_0342.in,0.2374104661466539,58.763404,24.623438,16.613158,0.15692096550364362,1.45617331363152,2.66589842866775,0.05,,0.5187365600149048,40.850444,35.631629,23.517927,0.1481320554769287,1.4577636918870374,2.6276649538668067,0.02,
343,gpr_dataset_0343.in,datasets/check001/files/gpr_dataset_0343.in,0.16382995810029968,59.057913,27.039328,13.902759,0.1910455328760226,1.3045770152471172,2.6622944962677555,0.05,,0.6598424633716248,38.211479,41.429937,20.358584,0.12123352431872242,1.6113061088413063,2.6283267696008705,0.02,
345,gpr_dataset_0345.in,datasets/check001/files/gpr_dataset_0345.in,0.2672348807604982,54.292421,32.509,13.198579,0.2726162968555247,1.5138696054184495,2.6670870265433937,0.05,,0.6734394502265895,43.30469,39.489414,17.205896,0.1197692920560943,1.6438553053193177,2.6919689042110737,0.02,
346,gpr_dataset_0346.in,datasets/check001/files/gpr_dataset_0346.in,0.19365518107602447,49.15917,33.722134,17.118695,0.21980948463515848,1.3695082640963383,2.622379445391686,0.05,,0.902767393939127,38.659662,44.063754,17.276584,0.20494219316236423,1.5995541855625688,2.678877870634788,0.02,
347,gpr_dataset_0347.in,datasets/check001/files/gpr_dataset_0347.in,0.2764807780455963,58.117945,24.406818,17.475236,0.20271612310258902,1.43837250511147,2.617080154480232,0.05,,0.8375590603353888,46.421814,35.898658,17.679528,0.22263293383375526,1.6390273320085882,2.6325869728298112,0.02,
348,gpr_dataset_0348.in,datasets/check001/files/gpr_dataset_0348.in,0.22989028255779145,55.564299,30.49885,13.936851,0.21201628585000554,1.4862624516569625,2.6547949017279002,0.05,,0.9817242118542064,38.591025,37.708051,23.700924,0.1886455298563262,1.6352941929851588,2.643535370802292,0.02,
349,gpr_dataset_0349.in,datasets/check001/files/gpr_dataset_0349.in,0.2574653541180504,55.172027,26.803073,18.024901,0.16168416038829875,1.579258977722918,2.65741882908102,0.05,,0.6406412145497351,41.163121,38.620046,20.216833,0.2233034578471067,1.4528522006601894,2.695588344637896,0.02,
350,gpr_dataset_0350.in,datasets/check001/files/gpr_dataset_0350.in,0.11392152696588514,43.854675,37.726383,18.418942,0.20683665200405743,1.448288544218963,2.6660164759021123,0.05,,0.3633731033826487,39.23237,40.42148,20.34615,0.19541992300358346,1.400055302136565,2.61467253540522,0.02,
351,gpr_dataset_0351.in,datasets/check001/files/gpr_dataset_0351.in,0.12984328635480166,53.739832,29.51003,16.750138,0.1793499930266235,1.5044550363959939,2.6316597717253383,0.05,,0.699193485498746,44.365094,33.175408,22.459498,0.16520905500403554,1.6947740910540177,2.6344264626430642,0.02,
352,gpr_dataset_0352.in,datasets/check001/files/gpr_dataset_0352.in,0.11785748091746416,51.811335,31.516653,16.672012,0.23233277049053405,1.3159381933529153,2.670335412442707,0.05,,0.8745272985479784,34.409223,43.699845,21.890932,0.13528617556957395,1.610666564681002,2.6394268323668943,0.02,
353,gpr_dataset_0353.in,datasets/check001/files/gpr_dataset_0353.in,0.16362546192373878,52.520052,30.451647,17.028301,0.24937313404687877,1.4424614238867213,2.618822683807777,0.05,,0.5692165403837662,38.438308,37.471571,24.090121,0.11269951664345741,1.5926728698744064,2.6415855466277547,0.02,
354,gpr_dataset_0354.in,datasets/check001/files/gpr_dataset_0354.in,0.19120573087570436,54.618365,31.421142,13.960493,0.17696960656463467,1.452824474329035,2.6552050030381023,0.05,,0.6150320371188245,40.390851,36.700409,22.908741,0.18669077511670845,1.6540411660021097,2.623674996727802,0.02,
355,gpr_dataset_0355.in,datasets/check001/files/gpr_dataset_0355.in,0.200345760985092,51.952235,33.319037,14.728728,0.29673501741647534,1.4704448733104798,2.6704882542554875,0.05,,0.37921505873045425,39.685631,43.870716,16.443653,0.20969397745252555,1.6950737294391185,2.6983668377627303,0.02,
356,gpr_dataset_0356.in,datasets/check001/files/gpr_dataset_0356.in,0.2557739634505217,47.124739,33.225127,19.650134,0.2940616570436028,1.323424575516747,2.663368766411541,0.05,,0.8586687684486798,42.278512,36.220136,21.501352,0.21677906998706986,1.5406606431023062,2.6512663110390715,0.02,
357,gpr_dataset_0357.in,datasets/check001/files/gpr_dataset_0357.in,0.1938464784234245,53.237585,27.672493,19.089922,0.2697334833010486,1.3867625329662296,2.6035326240174856,0.05,,0.9460051612432714,40.837384,40.429749,18.732866,0.1092126644730196,1.5419481595862083,2.616907924095437,0.02,
359,gpr_dataset_0359.in,datasets/check001/files/gpr_dataset_0359.in,0.13492276953180354,58.030347,25.774199,16.195454,0.27117610369853606,1.3783757763710494,2.6700774872572692,0.05,,0.6394429596257689,41.186639,42.308698,16.504662,0.11266021985636536,1.4435210755367816,2.693394185469839,0.02,
360,gpr_dataset_0360.in,datasets/check001/files/gpr_dataset_0360.in,0.13083005970360967,46.438686,37.091912,16.469402,0.18569211586639353,1.4320555025175195,2.6637574666494754,0.05,,0.4475997232230765,43.380873,35.822766,20.79636,0.21332258971728124,1.434798309324361,2.616760039675247,0.02,
361,gpr_dataset_0361.in,datasets/check001/files/gpr_dataset_0361.in,0.1797489605489849,46.740304,35.463967,17.795729,0.22987812485582526,1.4139402382452264,2.6705607804582048,0.05,,0.6322127065348446,34.47969,49.677203,15.843107,0.23908337890801099,1.5346461870864125,2.667849340525038,0.02,
362,gpr_dataset_0362.in,datasets/check001/files/gpr_dataset_0362.in,0.2923525445614061,49.673675,36.843081,13.483244,0.2877063024625919,1.5575067019594997,2.6334967406618044,0.05,,0.48696147100345377,34.01894,45.854682,20.126378,0.21597265229592968,1.624727273527824,2.673431345575966,0.02,
363,gpr_dataset_0363.in,datasets/check001/files/gpr_dataset_0363.in,0.21774485822096062,50.141405,30.552035,19.30656,0.17698749785863216,1.464283766621153,2.667280185973999,0.05,,0.8821826498774168,38.653136,40.845002,20.501861,0.16689133050089672,1.4658248977182446,2.6283297019093457,0.02,
364,gpr_dataset_0364.in,datasets/check001/files/gpr_dataset_0364.in,0.13861590628928208,48.590732,33.571527,17.837742,0.24571243277392177,1.5124225317488507,2.6119977109777825,0.05,,0.8995085770136122,32.688034,43.246817,24.065149,0.18491032064318663,1.6901496526258482,2.6896001630357245,0.02,
366,gpr_dataset_0366.in,datasets/check001/files/gpr_dataset_0366.in,0.19834435728106198,57.1085,31.401474,11.490026,0.22380859416920368,1.343161780105454,2.67687073233072,0.05,,0.45287054873836335,37.843777,42.598153,19.55807,0.11549306739292395,1.421875851013688,2.657134455984492,0.02,
367,gpr_dataset_0367.in,datasets/check001/files/gpr_dataset_0367.in,0.1501192700523692,49.745186,38.571918,11.682896,0.24605029039181875,1.5798681170594,2.666460583649936,0.05,,0.4865055367806943,38.994292,42.620003,18.385704,0.17730745044455565,1.6819733219690411,2.649067945389554,0.02,
368,gpr_dataset_0368.in,datasets/check001/files/gpr_dataset_0368.in,0.18721153349267355,51.544321,32.276935,16.178744,0.23101930755285194,1.3009922080883918,2.6954155345926147,0.05,,0.8725836615702578,37.632995,39.250239,23.116766,0.15383774898958175,1.604550720683101,2.6400614798480233,0.02,
370,gpr_dataset_0370.in,datasets/check001/files/gpr_dataset_0370.in,0.12798859035327775,46.569355,36.517899,16.912746,0.22338488257166095,1.3188977892534566,2.654055204721844,0.05,,0.5154116157425858,38.06849,43.689284,18.242225,0.2493750442002918,1.41111280397911,2.6056054453087736,0.02,
371,gpr_dataset_0371.in,datasets/check001/files/gpr_dataset_0371.in,0.2575557063833057,53.725353,29.374641,16.900005,0.2811383089459256,1.3446860888772865,2.657934571231146,0.05,,0.9473710682274656,47.157586,34.930421,17.911993,0.1074936996079933,1.4922012004719805,2.679369710458288,0.02,
372,gpr_dataset_0372.in,datasets/check001/files/gpr_dataset_0372.in,0.19123691858533903,46.475282,34.064823,19.459895,0.16594968003874236,1.4491430489606651,2.679917522233448,0.05,,0.4544007669700464,42.782612,35.760477,21.456911,0.24732891291893466,1.6035193511888577,2.6324234941011686,0.02,
373,gpr_dataset_0373.in,datasets/check001/files/gpr_dataset_0373.in,0.2951706538857346,55.618298,24.556341,19.825361,0.2689652504919825,1.5292683647101817,2.659308525304085,0.05,,0.5348526093680808,38.410301,38.895928,22.693771,0.20444436785198078,1.5660223189704257,2.6438661212054226,0.02,
374,gpr_dataset_0374.in,datasets/check001/files/gpr_dataset_0374.in,0.28513510611949233,53.337793,36.294228,10.367979,0.22304512122354203,1.3019048735660852,2.6179412856147715,0.05,,0.36239886801480403,39.145736,43.423864,17.4304,0.22111177048710068,1.6317688125580827,2.669235833083758,0.02,
375,gpr_dataset_0375.in,datasets/check001/files/gpr_dataset_0375.in,0.14123204371793247,54.217799,31.281769,14.500433,0.2907134415669913,1.4831613965891457,2.603762121197784,0.05,,0.4260003268870646,36.270709,44.43952,19.289771,0.21738745454832886,1.5043560700538439,2.600457004128181,0.02,
376,gpr_dataset_0376.in,datasets/check001/files/gpr_dataset_0376.in,0.14712780146584342,50.470342,36.471964,13.057694,0.2042851956889753,1.5283384717705446,2.653972282638804,0.05,,0.4534932935606777,42.692479,40.6051,16.70242,0.12905784895197947,1.638983891492823,2.668524375441508,0.02,
377,gpr_dataset_0377.in,datasets/check001/files/gpr_dataset_0377.in,0.29371476756257464,55.160918,26.223232,18.615851,0.15646734020191536,1.4934582509790206,2.628506452001326,0.05,,0.6042701495883408,34.815253,43.752245,21.432502,0.10649762239801261,1.62212506544394,2.692486134571851,0.02,
378,gpr_dataset_0378.in,datasets/check001/files/gpr_dataset_0378.in,0.13517752164311053,57.687531,30.755617,11.556852,0.2842618762351198,1.5164209241676798,2.6592706662265675,0.05,,0.5281806200246988,35.476045,45.460518,19.063437,0.2168462918439502,1.4978396674121515,2.609806413380145,0.02,
379,gpr_dataset_0379.in,datasets/check001/files/gpr_dataset_0379.in,0.24754957320182838,59.102842,28.327907,12.56925,0.2206485389751482,1.4453223147712784,2.689048884388704,0.05,,0.40145889037337606,45.580915,36.702807,17.716277,0.12046069218710831,1.615946364836741,2.663202111690186,0.02,
380,gpr_dataset_0380.in,datasets/check001/files/gpr_dataset_0380.in,0.2951111782635667,57.155409,27.22731,15.617281,0.28296134579385984,1.4810907948541376,2.678954696502213,0.05,,0.7465994497160025,42.091395,33.288647,24.619957,0.22825060326200236,1.4259422996901634,2.685697376371748,0.02,
381,gpr_dataset_0381.in,datasets/check001/files/gpr_dataset_0381.in,0.1978426797124729,54.409843,28.907666,16.682491,0.19187563175093814,1.5190053263934935,2.6736178859119106,0.05,,0.47265792394788564,35.810554,40.752494,23.436952,0.18876574480487296,1.4446909105340124,2.657370078487882,0.02,
383,gpr_dataset_0383.in,datasets/check001/files/gpr_dataset_0383.in,0.27158442224618906,51.822455,35.040179,13.137366,0.26847880691835857,1.411126138180817,2.646429578739332,0.05,,0.7433816120099614,46.031112,30.631052,23.337836,0.14993592075733878,1.4098142526222541,2.642590225303835,0.02,
384,gpr_dataset_0384.in,datasets/check001/files/gpr_dataset_0384.in,0.15395787611313905,54.701473,28.639082,16.659445,0.2681537766210718,1.3242877124707144,2.688084724795591,0.05,,0.8150325495941213,30.561647,48.065676,21.372677,0.23319668589334477,1.4332899631178861,2.636559085894639,0.02,
385,gpr_dataset_0385.in,datasets/check001/files/gpr_dataset_0385.in,0.2238266900790845,54.755628,27.203792,18.04058,0.16005088712359763,1.5128011407857587,2.620471259309654,0.05,,0.9868761355761495,40.0474,37.166441,22.786158,0.24087218987078646,1.57403581560656,2.6959103731087177,0.02,
386,gpr_dataset_0386.in,datasets/check001/files/gpr_dataset_0386.in,0.14195879512008053,59.073146,26.371581,14.555273,0.1901036778504766,1.504068021676531,2.6277145333993883,0.05,,0.34435842604167494,38.086785,40.997132,20.916083,0.11840641513857675,1.6129475866226206,2.6678308291922357,0.02,
387,gpr_dataset_0387.in,datasets/check001/files/gpr_dataset_0387.in,0.20657109305180787,47.624861,33.677433,18.697706,0.2918047983496149,1.5426387629913192,2.6940875887000044,0.05,,0.34593931385761123,46.536327,38.091955,15.371719,0.2346918789805604,1.486511806305326,2.695662692991605,0.02,
388,gpr_dataset_0388.in,datasets/check001/files/gpr_dataset_0388.in,0.12187298411841126,48.20698,35.946073,15.846947,0.28124897093056456,1.456206291806932,2.6627276197244902,0.05,,0.505218609359679,46.359374,38.322246,15.31838,0.15200503701731188,1.5331580156185685,2.664468444154771,0.02,
389,gpr_dataset_0389.in,datasets/check001/files/gpr_dataset_0389.in,0.15830335943260887,55.633584,31.043458,13.322958,0.20141887179288323,1.4938153679374406,2.632630641375593,0.05,,0.7153500785387958,39.860357,42.492072,17.647571,0.14561235074019244,1.439586275588606,2.678934826185178,0.02,
390,gpr_dataset_0390.in,datasets/check001/files/gpr_dataset_0390.in,0.1343474250871952,54.414049,25.789201,19.79675,0.2758997515307119,1.5078577806905906,2.6666355965990256,0.05,,0.4074393601184956,41.503508,36.804762,21.69173,0.11897102680901658,1.478122159174842,2.618449658308294,0.02,
391,gpr_dataset_0391.in,datasets/check001/files/gpr_dataset_0391.in,0.21249744848479984,50.569419,32.730839,16.699741,0.20593724040138991,1.4619599788832642,2.6162597608071887,0.05,,0.511091838665627,45.456679,35.768412,18.774909,0.12180758299058941,1.537412220823343,2.6320217930943173,0.02,
392,gpr_dataset_0392.in,datasets/check001/files/gpr_dataset_0392.in,0.1008588611634823,50.903888,36.723009,12.373103,0.25581770348797384,1.442173202103326,2.628982718266253,0.05,,0.9608066680126872,46.126974,38.55975,15.313276,0.1847847272402165,1.6720642363778324,2.64421055342159,0.02,
393,gpr_dataset_0393.in,datasets/check001/files/gpr_dataset_0393.in,0.23782939629601776,52.516131,36.531092,10.952778,0.23264399854489726,1.3924246602314612,2.6401629921924488,0.05,,0.8886138413418483,45.087718,36.897404,18.014877,0.1961968979185258,1.5750294324601453,2.6222143857041624,0.02,
394,gpr_dataset_0394.in,datasets/check001/files/gpr_dataset_0394.in,0.2871330153451787,55.9731,25.126009,18.900891,0.21681871229081978,1.5014673328942592,2.6087376937090156,0.05,,0.6582512652583161,37.120351,39.821657,23.057991,0.2415103246152933,1.6725340850653492,2.6361064869147226,0.02,
395,gpr_dataset_0395.in,datasets/check001/files/gpr_dataset_0395.in,0.1295891876756605,58.124063,27.895558,13.980379,0.1926975548396858,1.4054065100284339,2.6977523628216806,0.05,,0.9120112150365345,33.160898,46.534192,20.30491,0.2488895748730113,1.6411056513544269,2.6288634018330206,0.02,
396,gpr_dataset_0396.in,datasets/check001/files/gpr_dataset_0396.in,0.2611345570206652,55.599667,26.65151,17.748823,0.17093515303229337,1.4761540202750318,2.6086077974316773,0.05,,0.4454486534913018,35.352751,42.387317,22.259932,0.1099173671750199,1.6880285894662415,2.675611405354569,0.02,
397,gpr_dataset_0397.in,datasets/check001/files/gpr_dataset_0397.in,0.11768965573105046,47.891061,38.051317,14.057623,0.23337207674472027,1.5130741020319975,2.6755243747792186,0.05,,0.39584892794102644,36.694517,40.955137,22.350346,0.10633493716582568,1.6478744915917356,2.683458520163006,0.02,
398,gpr_dataset_0398.in,datasets/check001/files/gpr_dataset_0398.in,0.1607828758569069,56.419638,32.26196,11.318402,0.1503670012437075,1.3788031070683213,2.695602659613308,0.05,,0.8839701499461574,37.059051,40.464689,22.476259,0.16257351582427207,1.547565950990006,2.6687843185996907,0.02,
399,gpr_dataset_0399.in,datasets/check001/files/gpr_dataset_0399.in,0.1489500523037353,44.901242,37.923802,17.174956,0.23483618844606186,1.5605037754578401,2.6627996047481246,0.05,,0.6332284993080878,45.522891,33.600682,20.876427,0.18628955299132885,1.6535840204198744,2.616284723268192,0.02,
400,gpr_dataset_0400.in,datasets/check001/files/gpr_dataset_0400.in,0.1117020787986176,48.674029,39.412861,11.91311,0.1744963277722392,1.3818011060979145,2.6419514005156213,0.05,,0.9384732348368274,39.822463,38.403602,21.773935,0.24044755296054485,1.5541599479179415,2.67664424376788,0.02,
402,gpr_dataset_0402.in,datasets/check001/files/gpr_dataset_0402.in,0.203634149255481,52.40675,32.793201,14.800049,0.28661819677393413,1.330725357423446,2.615455491470831,0.05,,0.4547794512070826,32.8346,46.615504,20.549895,0.2247124272799066,1.557695847405649,2.653209565365722,0.02,
403,gpr_dataset_0403.in,datasets/check001/files/gpr_dataset_0403.in,0.21022256568411718,59.91295,24.213935,15.873115,0.16146004883561169,1.5456534232152228,2.6923409752677228,0.05,,0.6356627609114864,37.486042,38.54126,23.972699,0.23345895780725226,1.5792945918212558,2.676358954586172,0.02,
404,gpr_dataset_0404.in,datasets/check001/files/gpr_dataset_0404.in,0.16840902592570656,58.328218,22.143188,19.528594,0.1833536771633265,1.5570445627590512,2.614235933637654,0.05,,0.45860210146903857,40.182904,40.303404,19.513692,0.2036227204982456,1.635208916913842,2.6077735297522,0.02,
405,gpr_dataset_0405.in,datasets/check001/files/gpr_dataset_0405.in,0.25493846160807443,57.753489,31.295015,10.951496,0.16783833269983078,1.3759037413670454,2.606624736116563,0.05,,0.7673104964732428,39.230242,39.714332,21.055426,0.13081017798289996,1.670352460146005,2.618478182457835,0.02,
406,gpr_dataset_0406.in,datasets/check001/files/gpr_dataset_0406.in,0.17030673329421747,42.603206,37.612587,19.784207,0.29231874076249226,1.404350962532021,2.616055733602597,0.05,,0.6504440907132736,44.522158,34.798212,20.67963,0.11486585269077104,1.5734401034487278,2.6013984311586906,0.02,
407,gpr_dataset_0407.in,datasets/check001/files/gpr_dataset_0407.in,0.1433996151623303,50.140352,39.003176,10.856473,0.1821023079609243,1.4512585815443773,2.670775609072086,0.05,,0.5565241179517882,39.737776,36.890362,23.371862,0.12712728064664694,1.506446703481602,2.637961505669424,0.02,
408,gpr_dataset_0408.in,datasets/check001/files/gpr_dataset_0408.in,0.14285480009652823,55.856868,29.204338,14.938794,0.26434105190774476,1.5114192745572432,2.6557132122830573,0.05,,0.3284259941993174,42.164798,37.266037,20.569165,0.19005842626412334,1.493602073238149,2.697617904723503,0.02,
409,gpr_dataset_0409.in,datasets/check001/files/gpr_dataset_0409.in,0.1887911740330956,53.516665,27.043975,19.43936,0.17831774785009072,1.3208827470870792,2.6841058275121723,0.05,,0.6329737578135535,42.662895,32.877179,24.459926,0.17374725603173913,1.43155156537079,2.6438058350404074,0.02,
410,gpr_dataset_0410.in,datasets/check001/files/gpr_dataset_0410.in,0.23170965265708962,53.071335,29.103056,17.825609,0.23858358484980186,1.3305166469695393,2.692529031554183,0.05,,0.9844973304726647,31.551455,49.911088,18.537457,0.18924412449154573,1.69719839558964,2.6122762167698665,0.02,
411,gpr_dataset_0411.in,datasets/check001/files/gpr_dataset_0411.in,0.2676218262682918,56.068711,26.304441,17.626848,0.23728779359942298,1.3818918371713973,2.678949273229379,0.05,,0.7506818246860618,38.562756,40.09677,21.340474,0.16066653987861038,1.5453598577784327,2.6278890633190977,0.02,
412,gpr_dataset_0412.in,datasets/check001/files/gpr_dataset_0412.in,0.25359991111551927,51.323354,30.449944,18.226702,0.24425565444946623,1.3403825142153878,2.6099603390230226,0.05,,0.33699669451429487,31.475541,43.716271,24.808187,0.15739494741475274,1.6037613086259868,2.615273665117288,0.02,
413,gpr_dataset_0413.in,datasets/check001/files/gpr_dataset_0413.in,0.22439335230474564,53.621927,34.734312,11.643761,0.2493139849952225,1.4470751080769184,2.6261665273773955,0.05,,0.5405309547978424,41.893257,36.335375,21.771367,0.10473977847849379,1.529121921688599,2.6914939158552396,0.02,
414,gpr_dataset_0414.in,datasets/check001/files/gpr_dataset_0414.in,0.17672597534971762,52.357018,31.133737,16.509245,0.15492896941699366,1.4669999651448675,2.6860360702718666,0.05,,0.5121312001294654,43.991121,39.71218,16.2967,0.2073584784445321,1.5462364780098448,2.6109381992882903,0.02,
415,gpr_dataset_0415.in,datasets/check001/files/gpr_dataset_0415.in,0.23500491602801338,51.837642,32.843324,15.319034,0.22138665828360848,1.5563054408646622,2.6506685048757026,0.05,,0.5739693737355893,36.109335,44.729482,19.161183,0.1529145655406312,1.693334883342171,2.632048278347719,0.02,
416,gpr_dataset_0416.in,datasets/check001/files/gpr_dataset_0416.in,0.10562939731845769,56.948555,26.691864,16.359581,0.20360491210065362,1.4053807781408338,2.6661240005822697,0.05,,0.4733297516721148,39.444696,38.424625,22.130679,0.10982503541067982,1.491473736869852,2.633759425706997,0.02,
417,gpr_dataset_0417.in,datasets/check001/files/gpr_dataset_0417.in,0.1039423980391276,49.295604,30.959928,19.744468,0.23520741073201573,1.5704229535635694,2.62666188852519,0.05,,0.7871709334015096,37.876512,45.092234,17.031254,0.1585451185581327,1.5717615934410518,2.680832656836777,0.02,
418,gpr_dataset_0418.in,datasets/check001/files/gpr_dataset_0418.in,0.1200113366408109,56.170752,28.052028,15.77722,0.2647355850794027,1.4018618274479224,2.661482787355424,0.05,,0.5543340137496547,37.911475,39.105233,22.983292,0.21807244130446146,1.6521141466133318,2.6535834023461344,0.02,
419,gpr_dataset_0419.in,datasets/check001/files/gpr_dataset_0419.in,0.15747111181192858,49.302498,38.604284,12.093218,0.27662803260035057,1.3284200845476941,2.633683806116406,0.05,,0.34708884355798214,44.84585,38.494325,16.659826,0.21934776240214138,1.5954610440665609,2.6301847014610766,0.02,
420,gpr_dataset_0420.in,datasets/check001/files/gpr_dataset_0420.in,0.2608253423868254,53.202832,33.675539,13.121628,0.21034514336056795,1.4874891627923457,2.6453228605326715,0.05,,0.8344095504529307,44.612852,39.215101,16.172047,0.24431756119121759,1.6226624032961643,2.6467295313387633,0.02,
421,gpr_dataset_0421.in,datasets/check001/files/gpr_dataset_0421.in,0.2874325851171111,50.335249,32.085019,17.579732,0.2150586727276101,1.4698349328188935,2.662675847157748,0.05,,0.6655887100134315,42.982827,37.990476,19.026697,0.20279599550984437,1.4900827024373158,2.643538878418699,0.02,
422,gpr_dataset_0422.in,datasets/check001/files/gpr_dataset_0422.in,0.16373063603071264,47.684466,36.047624,16.267911,0.1884669952320176,1.480369680902652,2.640586593924823,0.05,,0.37949100363979915,39.345745,41.262097,19.392158,0.1970383076805498,1.4111011204167987,2.6159358488565028,0.02,
423,gpr_dataset_0423.in,datasets/check001/files/gpr_dataset_0423.in,0.12728612576297202,46.171989,36.872592,16.955418,0.17639778328421765,1.555756305252535,2.696378689052518,0.05,,0.6400893758800895,37.071404,41.755992,21.172605,0.1610510277339517,1.509030273567897,2.665743060324877,0.02,
424,gpr_dataset_0424.in,datasets/check001/files/gpr_dataset_0424.in,0.11806125849022722,56.192131,32.919834,10.888035,0.16678985458348694,1.520344122127254,2.693293544739964,0.05,,0.6653702912103533,38.852402,40.865819,20.281779,0.13777120876660692,1.6653694586982923,2.6238076855240924,0.02,
425,gpr_dataset_0425.in,datasets/check001/files/gpr_dataset_0425.in,0.1244553666907413,56.952306,26.9734,16.074294,0.2084926003282982,1.5245122687756099,2.623593807917461,0.05,,0.59600829893802,40.929967,37.022219,22.047814,0.17355378702298174,1.5124114953717984,2.694871088946582,0.02,
426,gpr_dataset_0426.in,datasets/check001/files/gpr_dataset_0426.in,0.1632979892875925,47.63555,33.071536,19.292913,0.28191503113240735,1.581091687407147,2.636299801226871,0.05,,0.8009698603854887,38.090857,42.353542,19.555601,0.24112724146396555,1.607204736584702,2.6788802710708968,0.02,
427,gpr_dataset_0427.in,datasets/check001/files/gpr_dataset_0427.in,0.14793516584185196,49.889973,38.264351,11.845676,0.2800429402698374,1.5572941417449777,2.6388471014856294,0.05,,0.936852369997826,36.065366,47.211237,16.723397,0.11353754915631085,1.6468123177215483,2.62354604549514,0.02,
428,gpr_dataset_0428.in,datasets/check001/files/gpr_dataset_0428.in,0.1420772982529055,51.411284,34.079584,14.509131,0.28192008712766436,1.530022270182735,2.6406288815955206,0.05,,0.32371717685331075,40.042108,39.310338,20.647553,0.17066369250820052,1.5238883955623892,2.684116346636953,0.02,
430,gpr_dataset_0430.in,datasets/check001/files/gpr_dataset_0430.in,0.2260312683036997,58.626314,29.303647,12.070039,0.17367336591661373,1.454909767315307,2.6969664586839137,0.05,,0.8814349670292914,39.683724,41.153086,19.16319,0.21889634423637935,1.4958197387713712,2.6478365479957358,0.02,
431,gpr_dataset_0431.in,datasets/check001/files/gpr_dataset_0431.in,0.2470344217620936,46.501397,34.710606,18.787997,0.2699293001910269,1.359599115888176,2.64144964245528,0.05,,0.4273224776643956,39.518782,40.655711,19.825506,0.13367307002179468,1.684432765147768,2.6923112351883427,0.02,
432,gpr_dataset_0432.in,datasets/check001/files/gpr_dataset_0432.in,0.22942133786082736,47.57921,34.540936,17.879854,0.17973993040075503,1.510378346261004,2.6168755956365044,0.05,,0.5807244377777191,43.021387,39.257762,17.720851,0.15518802311657692,1.684173052535749,2.6117350518808626,0.02,
433,gpr_dataset_0433.in,datasets/check001/files/gpr_dataset_0433.in,0.243716684767362,47.917314,37.780173,14.302513,0.25104150641055667,1.3355537047039359,2.6713563711964676,0.05,,0.4333809156882511,42.649328,41.208119,16.142553,0.17412522366129626,1.4390597993835252,2.6856337727655517,0.02,
434,gpr_dataset_0434.in,datasets/check001/files/gpr_dataset_0434.in,0.22001655729944497,58.537085,25.073777,16.389138,0.2127496486682853,1.4225572305749288,2.614594285211543,0.05,,0.5031350730604657,34.659642,41.660837,23.679521,0.15544566092964607,1.6052801258427698,2.6458164111418565,0.02,
435,gpr_dataset_0435.in,datasets/check001/files/gpr_dataset_0435.in,0.10206404845249893,49.57526,30.751974,19.672766,0.2530278673904586,1.5140007847178627,2.6708453166658366,0.05,,0.8152728737744477,42.514551,38.618381,18.867068,0.14992938108488688,1.4704524318969228,2.690822653736399,0.02,
436,gpr_dataset_0436.in,datasets/check001/files/gpr_dataset_0436.in,0.2993478873467065,51.516007,34.478291,14.005702,0.26223627605645317,1.3136535614848754,2.6253656882826553,0.05,,0.7337605138618972,38.908735,40.898727,20.192539,0.2452086715685866,1.5678681165899149,2.658048690989146,0.02,
437,gpr_dataset_0437.in,datasets/check001/files/gpr_dataset_0437.in,0.1520583304313816,46.598482,35.92628,17.475238,0.16978793005233403,1.3951952160379042,2.6530423800892606,0.05,,0.3992570138147786,40.675886,38.847434,20.47668,0.23075193387274237,1.6504412113450482,2.6747823367719294,0.02,
439,gpr_dataset_0439.in,datasets/check001/files/gpr_dataset_0439.in,0.2596440366506422,53.794712,30.094028,16.11126,0.15537933722538597,1.3780671890755483,2.6705962862574557,0.05,,0.6055009065659107,36.703547,43.672678,19.623775,0.1739482825016501,1.6537515052849738,2.6866879300386115,0.02,
441,gpr_dataset_0441.in,datasets/check001/files/gpr_dataset_0441.in,0.27747353960373666,44.550197,36.971468,18.478335,0.20912547041500915,1.477101549347822,2.6951219850078747,0.05,,0.8858840460067752,40.431759,36.584609,22.983632,0.18913063890264142,1.4017416082235281,2.6969770513801627,0.02,
442,gpr_dataset_0442.in,datasets/check001/files/gpr_dataset_0442.in,0.2312345514034701,57.39274,25.768624,16.838636,0.2601479339303952,1.5872208337419484,2.6569158435831373,0.05,,0.4479568027279912,33.6384,46.561363,19.800237,0.10833025359787046,1.4212172267149898,2.6951900188641935,0.02,
443,gpr_dataset_0443.in,datasets/check001/files/gpr_dataset_0443.in,0.17627818598233314,58.709033,22.315423,18.975544,0.17444110258128817,1.5338477635437167,2.6284935888999463,0.05,,0.8267909964032674,45.15774,33.974252,20.868009,0.1648537629126265,1.641905958775505,2.631010130721133,0.02,
444,gpr_dataset_0444.in,datasets/check001/files/gpr_dataset_0444.in,0.23699238837288855,45.223043,35.340105,19.436852,0.22689798384890472,1.4468869107487257,2.6885413038641883,0.05,,0.6335077806408373,40.338417,37.601297,22.060286,0.22164915394213353,1.5841603350334372,2.6434105922510374,0.02,
445,gpr_dataset_0445.in,datasets/check001/files/gpr_dataset_0445.in,0.18520341976426163,49.598084,32.614552,17.787364,0.18363453184918754,1.5058709607578118,2.615506970085701,0.05,,0.6467255776308112,42.17293,40.095894,17.731176,0.1656033278396537,1.6721623133157446,2.647761136517222,0.02,
446,gpr_dataset_0446.in,datasets/check001/files/gpr_dataset_0446.in,0.12972130773095225,42.972956,38.431144,18.5959,0.22846380855262105,1.3886444901716761,2.604772827439751,0.05,,0.3535727638163522,37.546194,39.065865,23.387941,0.11417265437318738,1.598256576181151,2.656847821036596,0.02,
447,gpr_dataset_0447.in,datasets/check001/files/gpr_dataset_0447.in,0.15067606621303803,55.153279,26.459795,18.386926,0.16709032364992368,1.4984734970246532,2.617955219586326,0.05,,0.42754569418755817,36.970717,42.925874,20.103408,0.20053897997358577,1.587143118249999,2.6265074389735865,0.02,
448,gpr_dataset_0448.in,datasets/check001/files/gpr_dataset_0448.in,0.29334392535405146,51.959267,30.340197,17.700536,0.16594959881208715,1.4603128008944881,2.600584706958334,0.05,,0.38167478225613544,35.233309,41.669559,23.097132,0.23031707814825744,1.6897411422675404,2.6601887440129457,0.02,
449,gpr_dataset_0449.in,datasets/check001/files/gpr_dataset_0449.in,0.19734449878752225,49.660645,37.436035,12.90332,0.2510704714392963,1.5070880063066683,2.6394997237657316,0.05,,0.5118596610527082,41.194468,38.37531,20.430222,0.10238278697732736,1.691156109098094,2.6859012030264853,0.02,
450,gpr_dataset_0450.in,datasets/check001/files/gpr_dataset_0450.in,0.14184589606689987,52.800785,32.887863,14.311352,0.24390887266940176,1.537003460985234,2.6190914452717404,0.05,,0.5106425087064862,41.789922,42.014759,16.195319,0.12491582397641465,1.4457266719761068,2.6702598105708257,0.02,
451,gpr_dataset_0451.in,datasets/check001/files/gpr_dataset_0451.in,0.2927733741477829,48.234544,36.29651,15.468946,0.1802007630037122,1.4708291385236028,2.683383853280346,0.05,,0.33564552615355725,31.779307,44.899599,23.321094,0.24692304069066706,1.6545848783009571,2.6737078313370506,0.02,
452,gpr_dataset_0452.in,datasets/check001/files/gpr_dataset_0452.in,0.21916791011553782,55.663557,28.128636,16.207807,0.22291514409335966,1.4773117826684137,2.661149529319466,0.05,,0.7750675419982611,42.808616,36.733158,20.458226,0.17924632134178986,1.5266013642618135,2.63158501502369,0.02,
454,gpr_dataset_0454.in,datasets/check001/files/gpr_dataset_0454.in,0.2818140308335037,48.106106,32.948165,18.945729,0.24854372047089107,1.3393475701283815,2.6293394041977787,0.05,,0.7979696301613737,41.837391,39.682038,18.480571,0.21018769483296823,1.6387917991109002,2.679975505896614,0.02,
455,gpr_dataset_0455.in,datasets/check001/files/gpr_dataset_0455.in,0.2689062567979481,54.862577,26.835674,18.301748,0.25005846785331864,1.3387289662062178,2.619948422280188,0.05,,0.7240243050793559,42.076422,39.878439,18.04514,0.10271958935125182,1.6642718320954024,2.6357043874836923,0.02,
456,gpr_dataset_0456.in,datasets/check001/files/gpr_dataset_0456.in,0.13172109302090823,47.958011,33.246526,18.795463,0.16810320492310238,1.3672286916219414,2.6257822141004077,0.05,,0.5382269497917597,39.158043,36.581179,24.260778,0.1773081164109962,1.6008457670453384,2.6706404917317794,0.02,
457,gpr_dataset_0457.in,datasets/check001/files/gpr_dataset_0457.in,0.2853264196906503,50.621839,30.257641,19.120519,0.16663962674289168,1.3317675578184107,2.6610572543812214,0.05,,0.847509380436474,32.625188,43.28439,24.090422,0.2366478655803633,1.44710976420719,2.629212298771861,0.02,
458,gpr_dataset_0458.in,datasets/check001/files/gpr_dataset_0458.in,0.18830358201558095,52.335977,36.184572,11.479452,0.24706394564032952,1.4003822575937825,2.613777246417838,0.05,,0.8940165642002464,38.864758,38.39659,22.738652,0.1367974096925706,1.6427435647107584,2.6341320069780636,0.02,
460,gpr_dataset_0460.in,datasets/check001/files/gpr_dataset_0460.in,0.1059525854029934,52.655324,31.682138,15.662538,0.2853766697360842,1.3173429488638035,2.6631607562154884,0.05,,0.7993586619149858,42.543535,39.775059,17.681407,0.16030042270472217,1.604261197226026,2.65536104282256,0.02,
461,gpr_dataset_0461.in,datasets/check001/files/gpr_dataset_0461.in,0.16086460459463453,56.859678,30.45217,12.688152,0.23166379365067147,1.536502473693015,2.665203708739686,0.05,,0.7882296759014981,42.474051,40.586442,16.939507,0.12959436313916894,1.4904594237006028,2.603697017235632,0.02,
462,gpr_dataset_0462.in,datasets/check001/files/gpr_dataset_0462.in,0.16689858494698037,54.196805,34.606186,11.197009,0.2987885954314361,1.385178357840481,2.6092819567856727,0.05,,0.6862500959528735,39.568896,44.183074,16.24803,0.1041836837943487,1.6389796097724123,2.6592503601749913,0.02,
463,gpr_dataset_0463.in,datasets/check001/files/gpr_dataset_0463.in,0.14826795582805422,50.49299,31.424534,18.082476,0.16656628593651893,1.317983721587621,2.637297886803565,0.05,,0.7388926726225731,41.415873,34.565451,24.018675,0.11871247080944874,1.4893883337954474,2.6736858695784314,0.02,
464,gpr_dataset_0464.in,datasets/check001/files/gpr_dataset_0464.in,0.19062943211045902,51.582812,31.219749,17.197439,0.23483958398697574,1.5683016693686085,2.6627744351815585,0.05,,0.673302059554659,43.312987,38.244694,18.442319,0.21771838942365263,1.6144563404607006,2.6672433802038222,0.02,
465,gpr_dataset_0465.in,datasets/check001/files/gpr_dataset_0465.in,0.24287019577274577,56.861647,28.155505,14.982848,0.23735535687866277,1.5468528168914084,2.6361267532812875,0.05,,0.3685914822115546,31.630848,48.36185,20.007302,0.1669246130564131,1.5107882648933435,2.652625560315515,0.02,
466,gpr_dataset_0466.in,datasets/check001/files/gpr_dataset_0466.in,0.21764789157952136,55.41533,30.684406,13.900264,0.22482409585616864,1.4270266584974045,2.6440079954929785,0.05,,0.9517249253651054,35.371383,43.971482,20.657135,0.12165192720195564,1.4381371933626332,2.671115056766356,0.02,
467,gpr_dataset_0467.in,datasets/check001/files/gpr_dataset_0467.in,0.12587703759674995,52.752424,36.343575,10.904001,0.1818963808440779,1.4420066685213313,2.67464963060382,0.05,,0.960848692739894,34.797991,45.641154,19.560855,0.16129297887198943,1.436259928426711,2.657176475442641,0.02,
468,gpr_dataset_0468.in,datasets/check001/files/gpr_dataset_0468.in,0.10805642831739411,49.164665,31.718099,19.117235,0.17132097085989173,1.4768872732410363,2.604865104658023,0.05,,0.9259770498694089,45.383091,32.589588,22.027322,0.17331904843682694,1.4366983716507344,2.634864894351039,0.02,
469,gpr_dataset_0469.in,datasets/check001/files/gpr_dataset_0469.in,0.27408530718785895,50.645584,32.953886,16.400531,0.28504309319461496,1.5344048046558476,2.647522754843876,0.05,,0.8040234467653813,39.212158,42.121661,18.666181,0.16914042468556623,1.5349788174045549,2.644907473883765,0.02,
472,gpr_dataset_0472.in,datasets/check001/files/gpr_dataset_0472.in,0.12405663528778316,57.048949,25.49282,17.458231,0.2831483743111261,1.433268840800184,2.68069210241254,0.05,,0.7247983748041228,34.48053,43.846255,21.673215,0.22894726156581388,1.495214730609978,2.625717779316772,0.02,
473,gpr_dataset_0473.in,datasets/check001/files/gpr_dataset_0473.in,0.12292892482844907,54.67717,30.424637,14.898193,0.18833317879770475,1.326888569044085,2.630679421836261,0.05,,0.5850935040043741,35.542594,45.02417,19.433236,0.10407567886259476,1.4175505346760697,2.638993971123356,0.02,
474,gpr_dataset_0474.in,datasets/check001/files/gpr_dataset_0474.in,0.16400829276809176,54.529569,29.927197,15.543234,0.2741612097987922,1.3362898790505784,2.6202559458014543,0.05,,0.8264936172805966,40.075841,38.288214,21.635945,0.15775730194452076,1.434524411564963,2.6060631977903372,0.02,
475,gpr_dataset_0475.in,datasets/check001/files/gpr_dataset_0475.in,0.19296470664906662,52.384748,32.299742,15.31551,0.1850610683639367,1.565846768808267,2.62691597383773,0.05,,0.9744322814816302,43.952308,35.287901,20.759791,0.21778212799754515,1.4913838525896794,2.640674592141794,0.02,
476,gpr_dataset_0476.in,datasets/check001/files/gpr_dataset_0476.in,0.11678167111617006,45.209036,37.8181,16.972864,0.23063034447202008,1.4271257369846526,2.6911492731833104,0.05,,0.6162194008324626,44.531984,36.273039,19.194977,0.22592315824329606,1.5140460543317538,2.6351417920309594,0.02,
477,gpr_dataset_0477.in,datasets/check001/files/gpr_dataset_0477.in,0.22644138814919312,55.977273,32.703621,11.319106,0.2608774418392285,1.4689244733823879,2.6300638348532583,0.05,,0.5767134307988026,37.823989,38.212565,23.963446,0.14191874475584845,1.5295887296144295,2.6610445309466275,0.02,
478,gpr_dataset_0478.in,datasets/check001/files/gpr_dataset_0478.in,0.29148343473979316,49.624178,36.006012,14.369809,0.18920408000756836,1.5258082003319728,2.6452718081124225,0.05,,0.4721497994929098,46.809273,34.717918,18.472809,0.18992705009332736,1.4047623848483373,2.6691845060391173,0.02,
479,gpr_dataset_0479.in,datasets/check001/files/gpr_dataset_0479.in,0.22928865838387277,53.098332,28.075137,18.826531,0.2554949512582012,1.5287395724493067,2.6538131453701475,0.05,,0.8511136644609585,47.841768,35.117766,17.040466,0.22481257969445356,1.6014839234467821,2.667224591317338,0.02,
480,gpr_dataset_0480.in,datasets/check001/files/gpr_dataset_0480.in,0.17059894647008034,52.879472,34.355847,12.764681,0.17657799553775688,1.530389753308601,2.669703013437834,0.05,,0.3059019631693862,36.540845,45.357361,18.101794,0.1332281147053217,1.4059345008993618,2.628113448381837,0.02,
481,gpr_dataset_0481.in,datasets/check001/files/gpr_dataset_0481.in,0.28427973793327477,55.419346,25.619091,18.961562,0.19547677987264225,1.5153428589280271,2.623425794378012,0.05,,0.6456660701118971,38.443987,36.746862,24.809151,0.20604520098048482,1.462725896404241,2.619608679402071,0.02,
482,gpr_dataset_0482.in,datasets/check001/files/gpr_dataset_0482.in,0.26422469413047445,47.442051,37.023986,15.533963,0.22410169821658404,1.4655355562130443,2.665983842118692,0.05,,0.6959949334749793,43.385587,41.0548,15.559613,0.1192369592331053,1.41951479642264,2.6259624480706183,0.02,
483,gpr_dataset_0483.in,datasets/check001/files/gpr_dataset_0483.in,0.21398065813702188,47.99403,32.809644,19.196326,0.17877773215733525,1.5033936150888745,2.6991951353623054,0.05,,0.7850900707722761,42.212937,36.398463,21.3886,0.16808891855398747,1.6813671106706138,2.664096628630981,0.02,
484,gpr_dataset_0484.in,datasets/check001/files/gpr_dataset_0484.in,0.28861484475438304,58.621498,24.935967,16.442535,0.21998800914240035,1.4084415529308996,2.675902171465356,0.05,,0.9186617091659768,38.645232,39.841527,21.513241,0.16732922455248456,1.4015477852341358,2.619460813950528,0.02,
485,gpr_dataset_0485.in,datasets/check001/files/gpr_dataset_0485.in,0.11636178028598197,57.58776,22.959959,19.452281,0.2967143416660454,1.4271460770616882,2.607444036690142,0.05,,0.4749889130727482,36.676446,39.900666,23.422888,0.11450891460613095,1.5439899260519794,2.6808059074163615,0.02,
487,gpr_dataset_0487.in,datasets/check001/files/gpr_dataset_0487.in,0.22506975151070382,53.592187,28.563068,17.844745,0.1598685388659994,1.5032693372423722,2.6559258051605545,0.05,,0.5064417391639241,40.872174,34.667338,24.460488,0.13496679760282793,1.5798727559763375,2.6659724031567635,0.02,
488,gpr_dataset_0488.in,datasets/check001/files/gpr_dataset_0488.in,0.10212130912156588,46.569544,35.068291,18.362165,0.24288458313935762,1.40188494246659,2.6937584852246763,0.05,,0.8480503962798449,42.218258,39.498526,18.283216,0.1154034480589873,1.5785525323002771,2.606754447216456,0.02,
489,gpr_dataset_0489.in,datasets/check001/files/gpr_dataset_0489.in,0.257883284748762,47.837977,34.308346,17.853677,0.18844291533014684,1.4263021010489747,2.6724623036539934,0.05,,0.6112370195250688,36.161811,47.651944,16.186245,0.1467500287121411,1.530754438444508,2.695974135139365,0.02,
490,gpr_dataset_0490.in,datasets/check001/files/gpr_dataset_0490.in,0.2508747270073647,45.458624,37.080317,17.461059,0.17211135939082922,1.3926023243442092,2.634290031560558,0.05,,0.5581809966205786,32.198708,44.547098,23.254195,0.10859764691895323,1.5521323602330321,2.6835174929793553,0.02,
491,gpr_dataset_0491.in,datasets/check001/files/gpr_dataset_0491.in,0.27174044110567463,57.426736,28.342938,14.230326,0.2862750327601223,1.5355791421273435,2.6341551923672526,0.05,,0.7675020972863401,38.326179,43.340365,18.333457,0.14967181517035738,1.5735232246654411,2.696306488913045,0.02,
492,gpr_dataset_0492.in,datasets/check001/files/gpr_dataset_0492.in,0.22322062745635446,56.142627,26.978781,16.878592,0.2683787080390859,1.3126576449631095,2.6219405881464137,0.05,,0.3025879505808423,38.160049,38.320592,23.519359,0.1358528559812302,1.6203758532591501,2.6952588228990533,0.02,
493,gpr_dataset_0493.in,datasets/check001/files/gpr_dataset_0493.in,0.1663030219186415,53.555475,29.420677,17.023848,0.1791605166696026,1.4757059177295315,2.676553273469142,0.05,,0.3307333781027532,37.634494,41.771189,20.594317,0.23280733443274965,1.6156510021707815,2.633981749301802,0.02,
494,gpr_dataset_0494.in,datasets/check001/files/gpr_dataset_0494.in,0.21090099103147425,50.381465,37.854335,11.7642,0.2904171156252593,1.3915217134122633,2.6240149932873553,0.05,,0.8666414392042545,36.997925,41.796268,21.205807,0.2496542371323747,1.6644991385200278,2.687838783644842,0.02,
495,gpr_dataset_0495.in,datasets/check001/files/gpr_dataset_0495.in,0.11307550388350088,43.181965,38.746299,18.071736,0.17875219382258656,1.4134586588167115,2.63742553019371,0.05,,0.7196844138255574,49.592906,34.928515,15.47858,0.19240420116557838,1.4567306492949323,2.6535468342111876,0.02,
496,gpr_dataset_0496.in,datasets/check001/files/gpr_dataset_0496.in,0.25791755787814696,50.325448,32.433873,17.240679,0.2828751431655034,1.3627712720497667,2.6081407701854893,0.05,,0.6294671055205021,45.714082,33.065247,21.220671,0.21269620569321002,1.5935214692752129,2.650915851722856,0.02,
497,gpr_dataset_0497.in,datasets/check001/files/gpr_dataset_0497.in,0.19971755522324497,55.091681,29.550958,15.357362,0.2541764510608804,1.5146949618065773,2.6494792025340783,0.05,,0.4878348209472796,35.438155,45.13665,19.425196,0.10549067319244101,1.4658578847979409,2.6203000496715907,0.02,
499,gpr_dataset_0499.in,datasets/check001/files/gpr_dataset_0499.in,0.18179055507110348,58.27287,27.365462,14.361668,0.17693485965023392,1.3701371198869308,2.664535485264576,0.05,,0.5513650546299896,32.088513,47.503653,20.407834,0.19654815988036878,1.6357619887808523,2.692660591921018,0.02,
500,gpr_dataset_0500.in,datasets/check001/files/gpr_dataset_0500.in,0.1196818219402252,55.834761,27.987655,16.177583,0.1794969484304346,1.3987723877654008,2.630271558273741,0.05,,0.8708953457917123,43.145915,35.062751,21.791334,0.24969935581594532,1.699521529350428,2.6752383356661986,0.02,
501,gpr_dataset_0501.in,datasets/check001/files/gpr_dataset_0501.in,0.24796420118678456,53.177438,33.597383,13.225179,0.21086377258061764,1.47398613413678,2.6655308507471465,0.05,,0.6304027956565001,39.475678,44.349977,16.174345,0.15962579275769573,1.4680778907015977,2.674913707531896,0.02,
502,gpr_dataset_0502.in,datasets/check001/files/gpr_dataset_0502.in,0.19488765036124464,48.562332,34.474211,16.963457,0.2583765527021859,1.4384203411802492,2.6791914888366133,0.05,,0.5191523834471491,33.376781,44.891325,21.731894,0.1314377130255261,1.5349915806642416,2.655844681732434,0.02,
503,gpr_dataset_0503.in,datasets/check001/files/gpr_dataset_0503.in,0.17494003346405956,42.42311,38.216439,19.36045,0.2009733362780779,1.4257441947439,2.668576280588378,0.05,,0.582358102008619,43.574647,38.965234,17.460119,0.10348597604883175,1.6356073432390592,2.69221441905136,0.02,
504,gpr_dataset_0504.in,datasets/check001/files/gpr_dataset_0504.in,0.13073824789709348,57.919751,26.094561,15.985688,0.2404504178990634,1.4823511814487251,2.68669447555459,0.05,,0.9861204807976109,36.950842,40.99308,22.056078,0.1282508017213393,1.432591506828758,2.6569515011921068,0.02,
505,gpr_dataset_0505.in,datasets/check001/files/gpr_dataset_0505.in,0.1903070653066088,57.634481,23.299791,19.065728,0.2232919983865751,1.3560076315678629,2.606949103557576,0.05,,0.974096189216717,38.806973,37.702293,23.490734,0.11049691489487554,1.4172359541847979,2.6518531680189423,0.02,
506,gpr_dataset_0506.in,datasets/check001/files/gpr_dataset_0506.in,0.1343651433687986,58.974148,29.095404,11.930448,0.16661159224339314,1.4609359057659206,2.6478251142376235,0.05,,0.3481340935252236,35.964159,40.740405,23.295436,0.17121700364215064,1.581112834606524,2.6939154254721953,0.02,
507,gpr_dataset_0507.in,datasets/check001/files/gpr_dataset_0507.in,0.21749839067902094,51.864429,34.918652,13.216919,0.15111649631457602,1.3428075964280923,2.6063970042948297,0.05,,0.5794658401861341,41.66354,36.577225,21.759235,0.23188590872022355,1.5380613680095123,2.657613275229249,0.02,
508,gpr_dataset_0508.in,datasets/check001/files/gpr_dataset_0508.in,0.2474581421779136,46.720117,38.410687,14.869196,0.25504748095866975,1.5134943800993566,2.6297448727422137,0.05,,0.7291192581981474,47.533696,34.4699,17.996405,0.2349946930457687,1.6199731858791633,2.6457828152065463,0.02,
509,gpr_dataset_0509.in,datasets/check001/files/gpr_dataset_0509.in,0.28216661909085516,49.079011,35.25901,15.661979,0.2918531042080348,1.3719085772757422,2.687053959189305,0.05,,0.4916433939173004,41.498304,34.942421,23.559276,0.2047065988852133,1.6167228167554022,2.6217254868959907,0.02,
510,gpr_dataset_0510.in,datasets/check001/files/gpr_dataset_0510.in,0.198697515444872,53.98627,28.01479,17.99894,0.16148004541776723,1.331567368293691,2.6766539080288343,0.05,,0.528209195189679,41.44988,37.239544,21.310575,0.1693251230121231,1.4219586476062236,2.6694485714104936,0.02,
511,gpr_dataset_0511.in,datasets/check001/files/gpr_dataset_0511.in,0.24994722822592252,47.104961,34.53922,18.355819,0.20950114917506424,1.3032212084172794,2.611468271694407,0.05,,0.9419958829547197,36.050721,44.368634,19.580645,0.11023557567881266,1.5645285621069875,2.6242293609034877,0.02,
512,gpr_dataset_0512.in,datasets/check001/files/gpr_dataset_0512.in,0.29000368481535266,43.844549,37.29264,18.862811,0.17558836434613448,1.3054198382951063,2.610051512105194,0.05,,0.5059012575962094,43.15923,40.108841,16.731929,0.21453835704685442,1.6032149425296163,2.615349647731079,0.02,
513,gpr_dataset_0513.in,datasets/check001/files/gpr_dataset_0513.in,0.17161739793112907,45.872353,35.120811,19.006836,0.2717267738910851,1.4923036567774564,2.6716410433203284,0.05,,0.9279069160815723,42.247037,40.408124,17.344839,0.10069985991194624,1.631722908565541,2.676711423845394,0.02,
514,gpr_dataset_0514.in,datasets/check001/files/gpr_dataset_0514.in,0.28576411046043004,57.098202,29.780634,13.121164,0.21325240957879738,1.5967871874896287,2.633711664244925,0.05,,0.4345062738356863,42.690306,33.865044,23.44465,0.21953862477323233,1.6491351999285266,2.6167882887452927,0.02,
515,gpr_dataset_0515.in,datasets/check001/files/gpr_dataset_0515.in,0.13340945101382212,57.695671,26.455723,15.848605,0.23430811758352788,1.3568642607882768,2.6207119315373357,0.05,,0.6791918574016149,49.605717,32.965836,17.428446,0.15348644888777416,1.4520864673294005,2.6402139489754983,0.02,
516,gpr_dataset_0516.in,datasets/check001/files/gpr_dataset_0516.in,0.16324804427024925,54.535554,33.298007,12.166439,0.27226273374087095,1.4949834986565473,2.636897996100738,0.05,,0.3471318879710289,37.609141,39.424938,22.965921,0.24746537393757062,1.430544076962466,2.6536181530291287,0.02,
517,gpr_dataset_0517.in,datasets/check001/files/gpr_dataset_0517.in,0.29810625750157815,56.99287,23.42243,19.584701,0.2399800717730309,1.59442476845728,2.6696315365944545,0.05,,0.7745303656696332,44.290895,39.299125,16.40998,0.19530301775230052,1.6651901096574033,2.631796697510795,0.02,
518,gpr_dataset_0518.in,datasets/check001/files/gpr_dataset_0518.in,0.27031084249372866,53.708302,28.888988,17.402711,0.23775553716224979,1.4147114198901343,2.664059195475142,0.05,,0.4626978341668399,38.357407,45.724204,15.918388,0.1924523011881199,1.6690338279099528,2.630884862867293,0.02,
519,gpr_dataset_0519.in,datasets/check001/files/gpr_dataset_0519.in,0.24758265678360739,56.190353,33.009476,10.800171,0.20617854427403934,1.3889844191119338,2.615167058539203,0.05,,0.44306973106732384,30.694575,48.368028,20.937397,0.24188147460340656,1.6217766908049551,2.6328689851867164,0.02,
520,gpr_dataset_0520.in,datasets/check001/files/gpr_dataset_0520.in,0.15562528866162695,51.187637,34.088157,14.724207,0.2966351256686003,1.49441392752389,2.6288455104459456,0.05,,0.3165853326045499,46.480128,36.267592,17.25228,0.1808967628189258,1.6719896173127253,2.666500601908845,0.02,
521,gpr_dataset_0521.in,datasets/check001/files/gpr_dataset_0521.in,0.1496676099322018,51.571864,32.998285,15.429851,0.20722288808391084,1.3964910973240707,2.644236089013355,0.05,,0.30422986183488226,49.515774,32.803118,17.681107,0.19515504389108632,1.442459603261071,2.6204220012765833,0.02,
522,gpr_dataset_0522.in,datasets/check001/files/gpr_dataset_0522.in,0.11835187848460052,48.102915,33.97594,17.921145,0.1854465192266828,1.3234493540813919,2.672498910477068,0.05,,0.5180240788676677,46.238473,36.316162,17.445365,0.13734541457492938,1.4856058670053374,2.6448271192369806,0.02,
523,gpr_dataset_0523.in,datasets/check001/files/gpr_dataset_0523.in,0.22712075442284493,49.46185,38.781358,11.756792,0.29588328006816866,1.4194733419516328,2.616776603811021,0.05,,0.6089632495931392,37.339843,41.615806,21.044351,0.22294057118195015,1.6380675803467648,2.6019811077132293,0.02,
524,gpr_dataset_0524.in,datasets/check001/files/gpr_dataset_0524.in,0.1762838623335917,51.205828,31.556575,17.237598,0.2392775042398248,1.345839612676618,2.6726648235139994,0.05,,0.4801042055064079,40.447392,40.24042,19.312187,0.1909038034984965,1.4215818949041532,2.6136656349263068,0.02,
525,gpr_dataset_0525.in,datasets/check001/files/gpr_dataset_0525.in,0.19385169624643883,55.955716,30.893214,13.15107,0.22510497130122253,1.5176036127826373,2.6491453717682925,0.05,,0.9479837498893895,41.733178,42.249782,16.017041,0.17343266715237216,1.592314616562848,2.6588309005433577,0.02,
526,gpr_dataset_0526.in,datasets/check001/files/gpr_dataset_0526.in,0.18175751698762116,57.293809,26.66887,16.037321,0.1882887625373196,1.5739257985761257,2.672224529347255,0.05,,0.6567258543997252,37.69657,41.485285,20.818145,0.19763595020621993,1.677955626899094,2.6735664205601752,0.02,
527,gpr_dataset_0527.in,datasets/check001/files/gpr_dataset_0527.in,0.14847057383913628,43.62984,38.88234,17.48782,0.2514638398158432,1.5092414267339014,2.664533353707108,0.05,,0.4829314889297257,39.002694,43.502296,17.49501,0.19032239904069354,1.685533473631601,2.684151589990726,0.02,
529,gpr_dataset_0529.in,datasets/check001/files/gpr_dataset_0529.in,0.23169721199073026,54.196511,29.749971,16.053519,0.28146007052546806,1.518295623815249,2.6088873439351277,0.05,,0.74532617405674,46.064106,37.31745,16.618444,0.21230951086751246,1.6790050597823192,2.6397970219694145,0.02,
530,gpr_dataset_0530.in,datasets/check001/files/gpr_dataset_0530.in,0.16162006855967687,45.705595,37.457537,16.836868,0.24817817876675008,1.5199126707709198,2.6170634256127485,0.05,,0.5622559721058609,46.468888,35.800107,17.731005,0.24227249671917958,1.5351982352892133,2.681437045494149,0.02,
531,gpr_dataset_0531.in,datasets/check001/files/gpr_dataset_0531.in,0.137127608360262,46.431196,39.092991,14.475814,0.24402560693730196,1.4873264367338914,2.6868361991915357,0.05,,0.41628829282423,39.329526,41.185165,19.48531,0.15132278766073284,1.5756939200344238,2.6477897118666727,0.02,
532,gpr_dataset_0532.in,datasets/check001/files/gpr_dataset_0532.in,0.23456091845115062,50.859564,36.924707,12.215729,0.24044773077973064,1.59606905273063,2.676136397023377,0.05,,0.9524898666154467,41.324325,38.471924,20.203751,0.15561776833444088,1.6670456588486078,2.6999445135259807,0.02,
533,gpr_dataset_0533.in,datasets/check001/files/gpr_dataset_0533.in,0.2633694384092048,55.539784,31.444532,13.015684,0.15858623159152088,1.4068087701642755,2.633025525365971,0.05,,0.37012415380894587,37.148435,41.730752,21.120812,0.23319558269348417,1.4416589081861386,2.660190917643081,0.02,
534,gpr_dataset_0534.in,datasets/check001/files/gpr_dataset_0534.in,0.2738010563412746,46.650576,34.7764,18.573024,0.20526448426982544,1.4855055086750946,2.665887610517333,0.05,,0.6326395992967471,37.848738,40.311432,21.83983,0.1600247786259703,1.5837777036293454,2.608136923125635,0.02,
535,gpr_dataset_0535.in,datasets/check001/files/gpr_dataset_0535.in,0.18558325609428394,50.061506,32.973402,16.965093,0.2785650000343096,1.5715608286122733,2.673427774298831,0.05,,0.505704081244928,38.982829,37.788893,23.228278,0.18578389374710091,1.65704078312963,2.6504636615751282,0.02,
536,gpr_dataset_0536.in,datasets/check001/files/gpr_dataset_0536.in,0.12557227089691914,56.67661,26.371375,16.952014,0.23231199903847977,1.5624357330802152,2.6168052851381964,0.05,,0.6124006902317394,34.754959,46.520722,18.724319,0.131746123176552,1.6259757562224788,2.6659745102375068,0.02,
537,gpr_dataset_0537.in,datasets/check001/files/gpr_dataset_0537.in,0.1178863631270374,51.469216,36.268153,12.262631,0.2893451038671666,1.5707945556569618,2.6766308823826597,0.05,,0.4542632244782335,35.632279,40.065437,24.302284,0.11846471652255547,1.4407269297303322,2.6534543302905176,0.02,
538,gpr_dataset_0538.in,datasets/check001/files/gpr_dataset_0538.in,0.2450828812896591,44.305948,35.856593,19.837459,0.2897669932722733,1.5299012160089185,2.660067942041656,0.05,,0.7507905784268532,36.010106,42.541241,21.448653,0.1572475757307406,1.5926306607985836,2.6561899944888414,0.02,
539,gpr_dataset_0539.in,datasets/check001/files/gpr_dataset_0539.in,0.27122820233846046,56.054906,33.294985,10.650109,0.20516055389577612,1.5559990927130856,2.6954068618865277,0.05,,0.7038417891848274,36.793536,38.268691,24.937773,0.22706778949664405,1.693954849445146,2.6319642989123473,0.02,
540,gpr_dataset_0540.in,datasets/check001/files/gpr_dataset_0540.in,0.17300476848709306,51.173293,34.313473,14.513235,0.24024264580470617,1.3666424671707733,2.6395312383839404,0.05,,0.6768050603319213,43.974456,37.626616,18.398928,0.1902198120393524,1.4437612095782009,2.666535070426112,0.02,
541,gpr_dataset_0541.in,datasets/check001/files/gpr_dataset_0541.in,0.2602583510097135,54.53606,32.259601,13.204339,0.298550266797021,1.3370392038079781,2.699684860443823,0.05,,0.7945655875040617,37.294545,43.900365,18.80509,0.2056210714949247,1.5130125881555956,2.698114279516198,0.02,
542,gpr_dataset_0542.in,datasets/check001/files/gpr_dataset_0542.in,0.166628909338567,57.655138,24.682076,17.662786,0.2715627978277263,1.5101222240978307,2.6052566304230376,0.05,,0.9058023269714945,36.402084,43.090197,20.507719,0.24765843132325877,1.5977750932701893,2.6848518246108246,0.02,
543,gpr_dataset_0543.in,datasets/check001/files/gpr_dataset_0543.in,0.2982126429998365,53.93268,28.309156,17.758163,0.298547144995973,1.5273142555162968,2.6391063094674223,0.05,,0.6694911041015998,36.939171,45.502247,17.558581,0.22843783298284936,1.518131736138432,2.613090068342849,0.02,
544,gpr_dataset_0544.in,datasets/check001/files/gpr_dataset_0544.in,0.25045329599272825,48.591499,33.991512,17.416989,0.2564381297350757,1.4372597500412927,2.6163694467970413,0.05,,0.39629267163067017,45.659196,37.240893,17.099911,0.13272047095487838,1.6245147552989163,2.6735318896556186,0.02,
546,gpr_dataset_0546.in,datasets/check001/files/gpr_dataset_0546.in,0.10679856556475541,48.996796,32.549132,18.454072,0.29318330456221886,1.4958390900757914,2.637537164074071,0.05,,0.784256394906452,41.041381,38.595226,20.363393,0.22973436841912026,1.5950932809310425,2.6275216040256124,0.02,
547,gpr_dataset_0547.in,datasets/check001/files/gpr_dataset_0547.in,0.23063909477758152,58.76231,27.800941,13.436749,0.22338276614406255,1.5006376629512275,2.6509748497791104,0.05,,0.3161187329202543,41.192097,41.185115,17.622788,0.21180389422314605,1.6383031143088913,2.618109659391612,0.02,
548,gpr_dataset_0548.in,datasets/check001/files/gpr_dataset_0548.in,0.196838295459679,54.371214,29.475059,16.153726,0.16491618826079626,1.3190494903484766,2.690888052331068,0.05,,0.8566573789436946,35.414471,48.613857,15.971672,0.18340902457102704,1.5609250369298633,2.6812196258679686,0.02,
549,gpr_dataset_0549.in,datasets/check001/files/gpr_dataset_0549.in,0.1977126524805004,50.779206,31.946829,17.273965,0.26851015387293026,1.3372267985794877,2.6752988191004574,0.05,,0.9759767305926059,46.756777,32.775427,20.467796,0.12699063346384912,1.566416530565693,2.6800512971835557,0.02,
550,gpr_dataset_0550.in,datasets/check001/files/gpr_dataset_0550.in,0.12460906064382667,54.366847,30.805347,14.827806,0.2343744314351236,1.5554350318455743,2.603500527951576,0.05,,0.9859499043770281,41.009413,38.094635,20.895952,0.1634576990944554,1.6835685454118834,2.600008556431783,0.02,
551,gpr_dataset_0551.in,datasets/check001/files/gpr_dataset_0551.in,0.16011999554360845,54.996871,28.363383,16.639745,0.24887363672342416,1.4334760862734655,2.6577071469205937,0.05,,0.7865710461069287,37.217321,45.743081,17.039598,0.18073142302474793,1.4629518516836992,2.6099009131361672,0.02,
552,gpr_dataset_0552.in,datasets/check001/files/gpr_dataset_0552.in,0.26395265913715293,54.897783,29.154977,15.947241,0.27489417070360433,1.5872268784065724,2.660214438700729,0.05,,0.45122797723299407,40.87013,35.801157,23.328713,0.11115394892154105,1.476490211324411,2.638178231306202,0.02,
554,gpr_dataset_0554.in,datasets/check001/files/gpr_dataset_0554.in,0.26410164164219413,56.612287,30.853514,12.534198,0.29886734871691173,1.4300881394273235,2.6025909863144294,0.05,,0.7225250726435213,39.367835,40.543152,20.089013,0.18225531772536924,1.419787807753736,2.664017748898994,0.02,
555,gpr_dataset_0555.in,datasets/check001/files/gpr_dataset_0555.in,0.17256389693803398,56.718863,25.734203,17.546934,0.2953160228828626,1.4135897054190552,2.6105002729466062,0.05,,0.947945102203283,34.857814,46.352669,18.789517,0.22320148736998233,1.5468855800379973,2.652896011880711,0.02,
556,gpr_dataset_0556.in,datasets/check001/files/gpr_dataset_0556.in,0.2400911071481676,54.885601,29.719194,15.395205,0.28448553649481007,1.3512242249801674,2.6946510305642137,0.05,,0.5726943316047693,34.680636,42.125922,23.193442,0.1797523206677344,1.5783850935444708,2.684963001610824,0.02,
557,gpr_dataset_0557.in,datasets/check001/files/gpr_dataset_0557.in,0.19537237374828773,54.639262,25.925417,19.435321,0.17332369237120776,1.3379105079382736,2.6378800664600437,0.05,,0.8147956623670378,30.961104,44.370537,24.66836,0.20612536234132367,1.4747334882875127,2.660870299054864,0.02,
558,gpr_dataset_0558.in,datasets/check001/files/gpr_dataset_0558.in,0.24135735252169757,43.07128,39.18739,17.74133,0.2253343868480842,1.382746892316527,2.6427765082721373,0.05,,0.959173906616321,42.539938,41.336572,16.12349,0.22868822114945456,1.68423639455213,2.640651478447451,0.02,
559,gpr_dataset_0559.in,datasets/check001/files/gpr_dataset_0559.in,0.16254738248176218,54.38962,30.812083,14.798297,0.2811529442787483,1.5886498993971871,2.642398362366135,0.05,,0.6560776535623445,42.752297,37.939277,19.308426,0.24969316386815998,1.6664241601506085,2.6697881952857165,0.02,
560,gpr_dataset_0560.in,datasets/check001/files/gpr_dataset_0560.in,0.18109429033681787,48.448571,35.385923,16.165506,0.2571240109484407,1.5107775141320934,2.674966795254544,0.05,,0.470958372920419,38.263188,41.884209,19.852604,0.23204978437528911,1.5584334254654006,2.6609193608480366,0.02,
561,gpr_dataset_0561.in,datasets/check001/files/gpr_dataset_0561.in,0.22147470928527718,53.128598,30.008633,16.86277,0.22852746237493896,1.3675205733809193,2.60751223740507,0.05,,0.8875862545767661,37.101311,45.186005,17.712685,0.15686421487907018,1.5119851096787937,2.6113233509197524,0.02,
562,gpr_dataset_0562.in,datasets/check001/files/gpr_dataset_0562.in,0.2828090350017893,48.153275,32.942838,18.903887,0.16767981010310135,1.389753397888969,2.629354503948056,0.05,,0.4491461612400711,43.325578,40.050376,16.624046,0.14572296991472206,1.679933433143351,2.6642973635461398,0.02,
563,gpr_dataset_0563.in,datasets/check001/files/gpr_dataset_0563.in,0.26514547749372996,47.254674,33.966439,18.778887,0.22323996915388486,1.406723219169433,2.661553024843599,0.05,,0.5299862608972598,38.839399,42.717784,18.442817,0.17380691788816202,1.4254231338108254,2.6514318599540814,0.02,
564,gpr_dataset_0564.in,datasets/check001/files/gpr_dataset_0564.in,0.13074213327574588,50.699622,35.506978,13.7934,0.24849501689911047,1.3678285698682786,2.6395358826028628,0.05,,0.509499466830097,40.457867,35.293281,24.248852,0.11630424893204411,1.5315716206795267,2.6839357461328484,0.02,
565,gpr_dataset_0565.in,datasets/check001/files/gpr_dataset_0565.in,0.13236686012130142,52.687959,32.098917,15.213124,0.2805771105467,1.3595393853872992,2.618956706885174,0.05,,0.3281794152675288,35.485241,42.029164,22.485595,0.12404687516339662,1.4596975772419032,2.6479294985232493,0.02,
566,gpr_dataset_0566.in,datasets/check001/files/gpr_dataset_0566.in,0.2330485790713559,50.780403,31.84915,17.370447,0.26997301282182684,1.5142962875830397,2.6324887698524373,0.05,,0.8350748967098909,42.566467,35.776826,21.656707,0.2264594370413266,1.5166545520680046,2.6109732784015525,0.02,
567,gpr_dataset_0567.in,datasets/check001/files/gpr_dataset_0567.in,0.1215759169946804,51.4721,29.427854,19.100045,0.2651077427168611,1.3709514805347618,2.6678310318513483,0.05,,0.5394986987170989,43.591332,39.384229,17.02444,0.14341999435673286,1.5457787731646333,2.6760899897135437,0.02,
568,gpr_dataset_0568.in,datasets/check001/files/gpr_dataset_0568.in,0.14954945984127097,50.192639,35.239612,14.567749,0.26500914072433857,1.5592500416864397,2.699425706044552,0.05,,0.47314805959486445,45.304473,33.157532,21.537995,0.2214928702671806,1.6103434862132147,2.6502333943628527,0.02,
569,gpr_dataset_0569.in,datasets/check001/files/gpr_dataset_0569.in,0.13623764990071802,55.407502,29.461214,15.131284,0.184407628834763,1.339688743802793,2.6038366431548163,0.05,,0.9932791570911121,44.870006,35.582432,19.547562,0.1136403145615199,1.4152866096355452,2.640729719046482,0.02,
570,gpr_dataset_0570.in,datasets/check001/files/gpr_dataset_0570.in,0.16128918930911845,58.094214,27.166882,14.738903,0.22187928564252302,1.4529591078171271,2.66438731555019,0.05,,0.5130029929953699,39.533449,39.786165,20.680386,0.1627111299860872,1.4959522654751827,2.6047556394202647,0.02,
571,gpr_dataset_0571.in,datasets/check001/files/gpr_dataset_0571.in,0.10817782580932367,46.608887,39.627631,13.763482,0.22080872462707685,1.572544592484508,2.610076169990679,0.05,,0.4293880021317611,46.956022,35.741271,17.302707,0.11453308314339913,1.4040984750158223,2.6551768226701498,0.02,
572,gpr_dataset_0572.in,datasets/check001/files/gpr_dataset_0572.in,0.2723948540245117,49.045139,36.63413,14.320731,0.2668212461347629,1.4586586190865498,2.637159228502402,0.05,,0.7551738403228139,35.717372,39.352035,24.930593,0.1195728107872143,1.6227762310247908,2.6120354347236745,0.02,
573,gpr_dataset_0573.in,datasets/check001/files/gpr_dataset_0573.in,0.21731229121734227,56.418415,32.050284,11.531301,0.2556990080838313,1.5776501918553651,2.60748796011643,0.05,,0.6826053159930352,34.686116,41.884452,23.429431,0.1302998675408485,1.616230839834375,2.6043811106144132,0.02,
574,gpr_dataset_0574.in,datasets/check001/files/gpr_dataset_0574.in,0.13834134551616392,53.790236,26.415901,19.793863,0.27801574414158764,1.5720444542773353,2.6975126157308664,0.05,,0.9264391195491584,36.276258,41.281508,22.442234,0.11015627438145201,1.5257012483263672,2.6931332327071162,0.02,
575,gpr_dataset_0575.in,datasets/check001/files/gpr_dataset_0575.in,0.20077388553453263,45.238358,35.780199,18.981443,0.1693401354808245,1.3136335677410729,2.656617476836438,0.05,,0.8560732661242172,40.752279,41.623717,17.624004,0.20270414188407715,1.6610767159912458,2.6971538417599987,0.02,
576,gpr_dataset_0576.in,datasets/check001/files/gpr_dataset_0576.in,0.13310364401004454,54.745598,27.547671,17.706731,0.21012734391601945,1.3814482566869064,2.618406634035409,0.05,,0.4120021387959166,33.655402,43.038317,23.306281,0.21859703158527127,1.5366322960789898,2.670775402129128,0.02,
577,gpr_dataset_0577.in,datasets/check001/files/gpr_dataset_0577.in,0.20501464047854334,52.614814,27.875091,19.510095,0.23282263813812665,1.3513327290652606,2.604561246584032,0.05,,0.4667517423949413,45.428615,33.135636,21.435749,0.19636196864398978,1.4747024222974543,2.68234102667121,0.02,
578,gpr_dataset_0578.in,datasets/check001/files/gpr_dataset_0578.in,0.20691898482469445,48.209758,32.457686,19.332556,0.205366524299117,1.3249738468522456,2.6705461717277665,0.05,,0.6844925506772601,42.846308,36.796813,20.356879,0.14869527107320124,1.4171790293439224,2.6815922156053844,0.02,
579,gpr_dataset_0579.in,datasets/check001/files/gpr_dataset_0579.in,0.26478635721725696,54.045148,27.960785,17.994067,0.2667278989467958,1.5341539559884247,2.610644273253234,0.05,,0.8220388522869406,36.047623,41.25454,22.697837,0.19514583118745127,1.565263341082988,2.681684702964265,0.02,
580,gpr_dataset_0580.in,datasets/check001/files/gpr_dataset_0580.in,0.1441278075043306,47.720635,33.267902,19.011462,0.2629346546480023,1.3466924431459366,2.62317231426374,0.05,,0.8084002867619133,36.87387,47.401979,15.724151,0.1272270315804222,1.4555084067931725,2.686235217136227,0.02,
581,gpr_dataset_0581.in,datasets/check001/files/gpr_dataset_0581.in,0.13777198429354726,49.378009,34.289359,16.332633,0.15315709558519744,1.3488755946276778,2.6177734269332134,0.05,,0.5759381345000623,47.225636,35.163532,17.610832,0.13678807518075126,1.6727393164749116,2.6970385465044564,0.02,
582,gpr_dataset_0582.in,datasets/check001/files/gpr_dataset_0582.in,0.1200467597310348,48.991938,33.480395,17.527667,0.24049402747273063,1.4133625389277724,2.6020715915486483,0.05,,0.8785935737899424,42.095715,38.129011,19.775274,0.19410765647847636,1.4040490712055573,2.696636076278535,0.02,
583,gpr_dataset_0583.in,datasets/check001/files/gpr_dataset_0583.in,0.2915235382194231,46.686506,38.480946,14.832548,0.2561183632369695,1.3606964926553446,2.6480425430533825,0.05,,0.6939958641281216,42.98422,36.76799,20.24779,0.12317699854501582,1.4167626519729042,2.669204119792176,0.02,
584,gpr_dataset_0584.in,datasets/check001/files/gpr_dataset_0584.in,0.22549717060269847,48.592563,31.98001,19.427426,0.1712752539678034,1.5736500886626081,2.602400086989012,0.05,,0.5989948032034049,35.308365,46.196119,18.495516,0.2318485155900018,1.5154231422098716,2.6884223913512018,0.02,
585,gpr_dataset_0585.in,datasets/check001/files/gpr_dataset_0585.in,0.26455697402598655,55.053143,30.480798,14.466059,0.16526043819986264,1.5867547205429098,2.6357307904037013,0.05,,0.7309877375782083,30.816298,46.144341,23.039361,0.23433797364310938,1.5813519145945525,2.617806777677408,0.02,
586,gpr_dataset_0586.in,datasets/check001/files/gpr_dataset_0586.in,0.2060961281282366,53.554359,34.597852,11.847789,0.2500910077473082,1.3904691300349494,2.68175625449941,0.05,,0.5438699782846981,31.443156,47.367645,21.189199,0.2399322751150291,1.6432158244557336,2.6711306682219234,0.02,
587,gpr_dataset_0587.in,datasets/check001/files/gpr_dataset_0587.in,0.11527389852532166,56.853373,28.262474,14.884153,0.2582015195453734,1.5356638282008601,2.6478432013203577,0.05,,0.34711954429160663,38.289491,45.324057,16.386452,0.11356705277009317,1.6984315048028582,2.6181872336324568,0.02,
588,gpr_dataset_0588.in,datasets/check001/files/gpr_dataset_0588.in,0.17700347952933423,50.531316,31.021264,18.44742,0.21209165185884732,1.5380504771395123,2.633346514506803,0.05,,0.8614986498715071,44.327414,35.930008,19.742578,0.17456534416088526,1.5601311940534444,2.6532474432410393,0.02,
589,gpr_dataset_0589.in,datasets/check001/files/gpr_dataset_0589.in,0.2642808396072902,50.991582,33.80648,15.201938,0.2366814659274286,1.508049685831276,2.6748283499623344,0.05,,0.7921653193315502,49.354281,31.794659,18.85106,0.22731272486894852,1.6600317525386368,2.681901045247428,0.02,
590,gpr_dataset_0590.in,datasets/check001/files/gpr_dataset_0590.in,0.15893945762572942,43.025976,37.189996,19.784028,0.2869430863347765,1.3727492225410134,2.6827821807746495,0.05,,0.33910596611273847,31.48507,47.330454,21.184476,0.15661911748321525,1.407904064721143,2.6964913192575493,0.02,
592,gpr_dataset_0592.in,datasets/check001/files/gpr_dataset_0592.in,0.24871158769743498,53.922253,33.328538,12.749209,0.2117283724873037,1.4012010971694595,2.6781396907902115,0.05,,0.7866729170772924,32.019879,47.046606,20.933515,0.10163013644113095,1.6498040283254252,2.6679903544099943,0.02,
593,gpr_dataset_0593.in,datasets/check001/files/gpr_dataset_0593.in,0.2751953027461417,47.801549,34.239807,17.958644,0.22528086562383987,1.5128058446064179,2.642367026158758,0.05,,0.4097604460290023,43.13395,35.257182,21.608868,0.11877000340424636,1.4635592730352336,2.661904376041887,0.02,
594,gpr_dataset_0594.in,datasets/check001/files/gpr_dataset_0594.in,0.1437812825922533,46.369456,37.075195,16.55535,0.2762569484232469,1.5449676506797074,2.646843609569532,0.05,,0.519232762283757,40.401168,43.897553,15.701278,0.22050088909061044,1.5939941587095452,2.6194730589314696,0.02,
595,gpr_dataset_0595.in,datasets/check001/files/gpr_dataset_0595.in,0.12168017641365536,49.694416,31.418634,18.886951,0.1597978750749416,1.4791332267470145,2.6756521440369543,0.05,,0.5163840787963618,41.395928,43.145181,15.458891,0.1403752018716626,1.6929989440071347,2.65647968131667,0.02,
597,gpr_dataset_0597.in,datasets/check001/files/gpr_dataset_0597.in,0.2174351018608649,48.669318,32.411146,18.919536,0.19351790714400596,1.3454613432639255,2.6463106223037487,0.05,,0.9196427109700955,31.840634,44.334189,23.825177,0.2211214050815922,1.5962660449911563,2.6768825715173445,0.02,
598,gpr_dataset_0598.in,datasets/check001/files/gpr_dataset_0598.in,0.13220940529319142,55.454439,28.372148,16.173413,0.24770923725137906,1.5790681610300457,2.634141528939814,0.05,,0.8497463009643427,37.705609,38.142236,24.152155,0.16463521686197768,1.6672039792971964,2.677417500080819,0.02,
599,gpr_dataset_0599.in,datasets/check001/files/gpr_dataset_0599.in,0.17752685433493648,50.699316,36.963404,12.33728,0.1728602110224599,1.4883368939036232,2.6497522824238287,0.05,,0.8633085110072733,32.613407,47.064188,20.322405,0.2453420677751858,1.6344336552064154,2.6087167683980708,0.02,
600,gpr_dataset_0600.in,datasets/check001/files/gpr_dataset_0600.in,0.11882279881061293,54.443279,32.552738,13.003983,0.17687793788759598,1.531582153128254,2.6257944099501844,0.05,,0.6312826677034693,33.718962,45.636239,20.644798,0.12106708653997199,1.43718986728418,2.6568733449937842,0.02,
601,gpr_dataset_0601.in,datasets/check001/files/gpr_dataset_0601.in,0.10791852826397436,55.103299,27.001149,17.895551,0.28757101745968844,1.338695271553459,2.6366732265893216,0.05,,0.8913849505576665,45.26717,34.590039,20.142791,0.17589136449630438,1.4788482298197043,2.6875536456638933,0.02,
602,gpr_dataset_0602.in,datasets/check001/files/gpr_dataset_0602.in,0.23651111728351648,51.034329,32.012974,16.952697,0.18672251779557608,1.54637051052034,2.600794294591667,0.05,,0.8971418490537151,40.710649,37.699291,21.59006,0.11094680155409643,1.5164668996799562,2.6462278572240105,0.02,
603,gpr_dataset_0603.in,datasets/check001/files/gpr_dataset_0603.in,0.11870062403222614,48.747929,32.470272,18.781799,0.21972794954752814,1.3257467639005334,2.6731778123291945,0.05,,0.9422222463166989,43.723774,40.939266,15.33696,0.1493080955719257,1.4951854586804438,2.6996438232096804,0.02,
604,gpr_dataset_0604.in,datasets/check001/files/gpr_dataset_0604.in,0.19725900324081655,56.090916,30.641595,13.267489,0.15574235082985596,1.3467223352533586,2.646996754516299,0.05,,0.748151467363753,41.348626,34.786605,23.864769,0.15704272359132795,1.6809378999662403,2.6361492758911544,0.02,
606,gpr_dataset_0606.in,datasets/check001/files/gpr_dataset_0606.in,0.26610981830022074,59.951388,25.358127,14.690485,0.21286516168895203,1.4426498253692082,2.668883049327029,0.05,,0.4124824119799798,42.67213,36.028603,21.299267,0.15837069506535198,1.402979452671651,2.67830723739697,0.02,
607,gpr_dataset_0607.in,datasets/check001/files/gpr_dataset_0607.in,0.21942572772288316,45.62574,36.626097,17.748163,0.1985598862142074,1.5959103841114874,2.6938969058799422,0.05,,0.81998544318724,45.84862,37.235213,16.916167,0.16879886008853398,1.4442459758358723,2.686430134859985,0.02,
608,gpr_dataset_0608.in,datasets/check001/files/gpr_dataset_0608.in,0.1227213752150786,57.818661,27.37914,14.802199,0.15055153368589125,1.4351676902398254,2.683251082790842,0.05,,0.38800204354528434,37.361288,47.3302,15.308512,0.13279341579866505,1.6937095966659268,2.6420176108900058,0.02,
609,gpr_dataset_0609.in,datasets/check001/files/gpr_dataset_0609.in,0.20921724554059562,51.357395,32.661319,15.981286,0.2928565321763892,1.5915233515492715,2.6576836429201847,0.05,,0.31005971252306913,46.015159,30.15317,23.831671,0.17531278001411055,1.6603274445043772,2.6699317146086177,0.02,
610,gpr_dataset_0610.in,datasets/check001/files/gpr_dataset_0610.in,0.22978233545876764,54.067208,31.04876,14.884031,0.23137005242613984,1.4569509468393107,2.676508113992085,0.05,,0.37936599961254147,37.721083,43.406205,18.872712,0.18923377152084236,1.5628288636413428,2.6381563322879584,0.02,
611,gpr_dataset_0611.in,datasets/check001/files/gpr_dataset_0611.in,0.26901832172215817,56.391308,30.150873,13.457819,0.24305647343907677,1.5775406790656212,2.685699726715107,0.05,,0.9967542548577049,46.261613,32.175573,21.562814,0.19243905573989833,1.5233838992648019,2.6496404929086146,0.02,
612,gpr_dataset_0612.in,datasets/check001/files/gpr_dataset_0612.in,0.2503453517315174,55.381655,27.978163,16.640182,0.2071619746623573,1.3586680714555293,2.6469574242461857,0.05,,0.3871083926068959,42.267359,41.349481,16.38316,0.22306269628352604,1.611150487030972,2.6741153056888347,0.02,
613,gpr_dataset_0613.in,datasets/check001/files/gpr_dataset_0613.in,0.10152102699818731,56.000697,28.863825,15.135479,0.28194107412399555,1.379349721165143,2.683848417477811,0.05,,0.8565967465679079,39.426952,35.861279,24.71177,0.16218349900023038,1.4046590194692763,2.615337534837805,0.02,
614,gpr_dataset_0614.in,datasets/check001/files/gpr_dataset_0614.in,0.1748811481010461,51.808995,33.476734,14.71427,0.20026349071831712,1.587748177883448,2.6992829124853164,0.05,,0.46928177914781644,47.218721,32.312744,20.468535,0.22428248493177555,1.6403994938700057,2.657785361579882,0.02,
615,gpr_dataset_0615.in,datasets/check001/files/gpr_dataset_0615.in,0.1257740928819652,50.692812,38.022503,11.284684,0.285625705851009,1.4551831234062695,2.6437401587001754,0.05,,0.369704546757172,42.843193,37.315234,19.841573,0.21764219409824775,1.6529092179883387,2.6627318381642295,0.02,
616,gpr_dataset_0616.in,datasets/check001/files/gpr_dataset_0616.in,0.15204602455696145,50.022768,38.183702,11.79353,0.1639898110467645,1.4312263116498398,2.6628894126191978,0.05,,0.7153017342622132,30.891906,44.636345,24.471749,0.11181587566263285,1.5147214547364931,2.6742339623974036,0.02,
617,gpr_dataset_0617.in,datasets/check001/files/gpr_dataset_0617.in,0.1261096030226561,51.502264,34.244538,14.253198,0.18595828263370995,1.5693727721760167,2.6296922506346023,0.05,,0.6747920542085152,33.768394,44.115583,22.116024,0.21555873780751197,1.5977773086393225,2.6274964824937013,0.02,
618,gpr_dataset_0618.in,datasets/check001/files/gpr_dataset_0618.in,0.2869951786753081,51.971853,32.407991,15.620156,0.16551288453221116,1.4377383170884825,2.659589444192264,0.05,,0.3749536573833582,35.839523,48.147698,16.012779,0.17413675767700032,1.508419195367513,2.683831588333825,0.02,
619,gpr_dataset_0619.in,datasets/check001/files/gpr_dataset_0619.in,0.17816004172067598,47.890398,34.451331,17.658271,0.1547175710468074,1.5927747622344133,2.6993739577731373,0.05,,0.6387376948925944,42.36753,41.014293,16.618176,0.2112545243514713,1.6779749537741995,2.6192845259652366,0.02,
620,gpr_dataset_0620.in,datasets/check001/files/gpr_dataset_0620.in,0.10591104855530586,49.210895,36.773557,14.015548,0.2800311386937916,1.334436537098674,2.6216957785408925,0.05,,0.5292778096869253,33.280788,43.111262,23.60795,0.1401385798383502,1.5444724616391305,2.695322936096765,0.02,
621,gpr_dataset_0621.in,datasets/check001/files/gpr_dataset_0621.in,0.16971067593706185,54.075298,27.431263,18.493439,0.22437025580860148,1.4537969640188195,2.639994215162358,0.05,,0.43513796683449446,33.103825,43.27658,23.619595,0.14216241459757606,1.5178477773880092,2.6583648255416406,0.02,
622,gpr_dataset_0622.in,datasets/check001/files/gpr_dataset_0622.in,0.2532897734456939,45.480674,35.299092,19.220234,0.22317476842567882,1.5648572000402758,2.6423737321766687,0.05,,0.8229554890854041,42.165004,38.651432,19.183564,0.16439694635538843,1.5701426104148823,2.6373960486783794,0.02,
623,gpr_dataset_0623.in,datasets/check001/files/gpr_dataset_0623.in,0.22653969350359096,55.070666,31.139967,13.789368,0.22670352151959797,1.4760607728581316,2.6293473546235875,0.05,,0.8786804930424426,38.745568,44.526383,16.728049,0.10449099255500356,1.4539712707900414,2.6322681161980235,0.02,
624,gpr_dataset_0624.in,datasets/check001/files/gpr_dataset_0624.in,0.2581792744784279,55.360902,25.186078,19.45302,0.20579464265522324,1.533854366051673,2.6122303605151425,0.05,,0.5230123987928382,34.954666,42.310858,22.734475,0.21928591317112883,1.6696231921746927,2.6561640583472217,0.02,
625,gpr_dataset_0625.in,datasets/check001/files/gpr_dataset_0625.in,0.1771181766444657,55.58783,32.630155,11.782015,0.1917072702753532,1.4823713122597435,2.6883360123689672,0.05,,0.9019388472284486,31.954304,48.548857,19.496839,0.21343018051446105,1.4953349884153777,2.6320121408985186,0.02,
626,gpr_dataset_0626.in,datasets/check001/files/gpr_dataset_0626.in,0.13942465044507343,52.916492,28.295087,18.788421,0.21318558691359202,1.3372278037356997,2.617113972903364,0.05,,0.5288123318092507,38.807483,42.796863,18.395654,0.19654999127608422,1.6568309200758309,2.6987954765592868,0.02,
627,gpr_dataset_0627.in,datasets/check001/files/gpr_dataset_0627.in,0.28232862869169095,47.320693,38.149677,14.52963,0.284374428764135,1.5754103448856929,2.6039120244513376,0.05,,0.7513429664924041,43.382478,34.629308,21.988214,0.1600516513881466,1.5669350604145529,2.631317466120287,0.02,
628,gpr_dataset_0628.in,datasets/check001/files/gpr_dataset_0628.in,0.2224641293988716,49.684245,35.217572,15.098184,0.2773008469206435,1.5901457583393273,2.612141294660476,0.05,,0.5617342580586122,47.905218,34.590028,17.504755,0.10155940406628075,1.4315407082294085,2.632285904036007,0.02,
629,gpr_dataset_0629.in,datasets/check001/files/gpr_dataset_0629.in,0.23751978237070642,57.972373,27.852061,14.175566,0.2853414727139644,1.4106638598803005,2.690288058323829,0.05,,0.9926955208440045,42.839205,41.675955,15.48484,0.21774160531507003,1.4332410791099146,2.6947144860806245,0.02,
630,gpr_dataset_0630.in,datasets/check001/files/gpr_dataset_0630.in,0.11500843504626622,48.04402,33.264097,18.691883,0.19048680815696512,1.3511015890349263,2.6137763325746755,0.05,,0.6224856338197812,31.796359,46.178553,22.025088,0.23316976187767874,1.6897508790242903,2.6413293917752085,0.02,
631,gpr_dataset_0631.in,datasets/check001/files/gpr_dataset_0631.in,0.18935594807302242,47.812997,34.413646,17.773357,0.24919034632679501,1.5929048358214088,2.6321911363099844,0.05,,0.8116052064142705,39.332841,40.198465,20.468694,0.11241914110594581,1.5675545703669087,2.6872872332054203,0.02,
632,gpr_dataset_0632.in,datasets/check001/files/gpr_dataset_0632.in,0.23189615554680565,47.879116,39.288537,12.832347,0.16568020769258976,1.362598437400152,2.659052309961321,0.05,,0.6693512466531181,42.688123,40.91485,16.397027,0.16810329480687827,1.4461996775444006,2.6504511409295057,0.02,
633,gpr_dataset_0633.in,datasets/check001/files/gpr_dataset_0633.in,0.28282505293199495,54.404808,28.711219,16.883974,0.17819302089732808,1.3833515303353086,2.6164196324991185,0.05,,0.515002745882021,44.363419,40.217888,15.418693,0.23142943543252353,1.6235077979643624,2.6240562461440176,0.02,
634,gpr_dataset_0634.in,datasets/check001/files/gpr_dataset_0634.in,0.27881961086518586,50.944585,34.99208,14.063336,0.22532855879237698,1.4523780472585697,2.605315707207725,0.05,,0.4908122067067509,32.860339,44.188182,22.951479,0.16338825582779753,1.4882017683747029,2.640269210321192,0.02,
635,gpr_dataset_0635.in,datasets/check001/files/gpr_dataset_0635.in,0.218809833043703,53.366735,31.511146,15.12212,0.25217407872886,1.4939034571847565,2.69589717172912,0.05,,0.4537058351981008,39.102998,38.663668,22.233335,0.10987710788711726,1.4303095972734527,2.6226465015728775,0.02,
636,gpr_dataset_0636.in,datasets/check001/files/gpr_dataset_0636.in,0.22404414817618173,58.299693,29.879637,11.82067,0.2600886559010319,1.5638583012484397,2.6268266949766663,0.05,,0.44399376302749194,45.465791,36.751579,17.782629,0.18944700951275822,1.6201646812329593,2.609424256671279,0.02,
637,gpr_dataset_0637.in,datasets/check001/files/gpr_dataset_0637.in,0.20064803050127988,55.911632,30.575392,13.512976,0.2860001649945258,1.371585845582707,2.631511249900939,0.05,,0.3486182437587665,34.378557,48.895791,16.725652,0.1019102241836839,1.5423802072433885,2.6334054149842463,0.02,
638,gpr_dataset_0638.in,datasets/check001/files/gpr_dataset_0638.in,0.13550301041360327,52.525042,29.345445,18.129513,0.23747382871919104,1.4464922022965965,2.624751042926735,0.05,,0.37657019817548654,41.178509,36.709643,22.111848,0.2253038546759125,1.557580755285501,2.6167304737530594,0.02,
639,gpr_dataset_0639.in,datasets/check001/files/gpr_dataset_0639.in,0.12931659188159786,47.326537,33.475593,19.19787,0.18860092684262453,1.4459479941134235,2.6364289331873887,0.05,,0.30949273764658447,35.231283,42.030424,22.738292,0.21617894433133716,1.6570868481661254,2.69021668273486,0.02,
640,gpr_dataset_0640.in,datasets/check001/files/gpr_dataset_0640.in,0.2191487081115765,45.312423,36.155042,18.532534,0.153109091685601,1.5935912312797882,2.685626552418065,0.05,,0.7615568391670355,36.386541,44.281639,19.33182,0.21115186441221023,1.6919871764571677,2.635941992853811,0.02,
641,gpr_dataset_0641.in,datasets/check001/files/gpr_dataset_0641.in,0.24887302382182178,44.159255,39.347931,16.492814,0.2948179590783162,1.5631432107692027,2.6678801525718843,0.05,,0.9294549676677086,35.957553,45.347593,18.694854,0.13979639996997342,1.6037199087787681,2.6887994902813404,0.02,
642,gpr_dataset_0642.in,datasets/check001/files/gpr_dataset_0642.in,0.1782052451210437,47.716979,39.360111,12.92291,0.1561649966011012,1.4560233198892378,2.6343274443106144,0.05,,0.7286572008287375,37.743983,38.165023,24.090994,0.2188510768268233,1.4865225600679006,2.6969469890060536,0.02,
643,gpr_dataset_0643.in,datasets/check001/files/gpr_dataset_0643.in,0.19978540379886778,56.813001,31.020319,12.16668,0.2950007203479652,1.4871385400551727,2.666432032110249,0.05,,0.5125519196747046,36.902983,47.458944,15.638073,0.10614296408443746,1.484905189630696,2.659307161810574,0.02,
644,gpr_dataset_0644.in,datasets/check001/files/gpr_dataset_0644.in,0.11063865644986398,50.496817,31.323652,18.179531,0.15009625671420473,1.3754300388791831,2.635021823554279,0.05,,0.498285875839623,41.687623,38.264896,20.047481,0.12325555229971401,1.425801039591127,2.627066889511529,0.02,
645,gpr_dataset_0645.in,datasets/check001/files/gpr_dataset_0645.in,0.29918285121478605,50.822981,36.675398,12.501621,0.1828286648155786,1.4419533303371104,2.6354632237916653,0.05,,0.8681963620703681,40.374455,36.322331,23.303214,0.11472080449726467,1.4783782733683155,2.6302022655286184,0.02,
646,gpr_dataset_0646.in,datasets/check001/files/gpr_dataset_0646.in,0.1621471601326793,52.281211,34.235297,13.483491,0.23672511257884243,1.5049963551036873,2.6199506664648804,0.05,,0.39498352625532895,44.195776,38.747979,17.056244,0.1849997635116264,1.5884956481929593,2.65458306758357,0.02,
647,gpr_dataset_0647.in,datasets/check001/files/gpr_dataset_0647.in,0.17519318876028914,58.907236,29.431744,11.661021,0.21628519970268018,1.3939781386490506,2.6934879814722863,0.05,,0.7988189537099843,40.532474,39.694187,19.773339,0.16153879366213528,1.4083018815053066,2.6558909103471207,0.02,
648,gpr_dataset_0648.in,datasets/check001/files/gpr_dataset_0648.in,0.29149835074956665,48.570112,35.227183,16.202705,0.195358497783503,1.3727936966277416,2.6512206795611317,0.05,,0.38909240241812776,40.82036,41.265969,17.91367,0.21330027600203527,1.517797796709692,2.640294212602138,0.02,
649,gpr_dataset_0649.in,datasets/check001/files/gpr_dataset_0649.in,0.10119056919635505,51.870297,34.640371,13.489332,0.15815193513556466,1.316407826401684,2.682989428927134,0.05,,0.7549159584562051,42.381206,36.924085,20.694708,0.17222018505326608,1.499392278934227,2.606086476982715,0.02,
650,gpr_dataset_0650.in,datasets/check001/files/gpr_dataset_0650.in,0.24809458789917452,54.134775,35.207744,10.657482,0.1807596674370736,1.3432455701277761,2.6740424118692268,0.05,,0.6467132568022751,33.959093,42.867582,23.173325,0.14513383130904972,1.4932672486882106,2.698915862989822,0.02,
652,gpr_dataset_0652.in,datasets/check001/files/gpr_dataset_0652.in,0.1809114672000997,52.110169,31.801638,16.088192,0.23200788713276926,1.546505937604815,2.66813204470212,0.05,,0.9015197214537227,41.370057,37.758903,20.87104,0.12772117794493532,1.6455650301529432,2.6657465362851935,0.02,
653,gpr_dataset_0653.in,datasets/check001/files/gpr_dataset_0653.in,0.13415509836601464,54.545025,30.770996,14.683979,0.19350542830986792,1.5002606587857448,2.695909141442749,0.05,,0.6450748954500077,42.028293,36.66719,21.304518,0.11610037587280984,1.525068940550447,2.6424832956106714,0.02,
654,gpr_dataset_0654.in,datasets/check001/files/gpr_dataset_0654.in,0.10559413177284929,54.278555,34.554402,11.167043,0.19541423548096812,1.4935326963300013,2.6893220973440943,0.05,,0.73391352378678,38.742719,43.766086,17.491195,0.24726305286397918,1.5073242988451683,2.6855839571811426,0.02,
655,gpr_dataset_0655.in,datasets/check001/files/gpr_dataset_0655.in,0.20064112426456826,49.445278,35.917714,14.637008,0.15941486564408638,1.4967757742510797,2.63518670026655,0.05,,0.8034463762805122,35.385805,42.617512,21.996684,0.14175102165150746,1.6287822760457782,2.6302929885115303,0.02,
656,gpr_dataset_0656.in,datasets/check001/files/gpr_dataset_0656.in,0.17878574590118243,55.55061,31.33854,13.110851,0.22076284692344267,1.4976915430583981,2.657603895447031,0.05,,0.9491885718322257,44.480088,39.593723,15.926188,0.14861149183159927,1.6865583790407883,2.6348095220211842,0.02,
657,gpr_dataset_0657.in,datasets/check001/files/gpr_dataset_0657.in,0.22349500481767393,56.688786,28.789427,14.521787,0.29013508634193497,1.442923901953532,2.675990928136956,0.05,,0.9869298774020396,42.675862,41.272621,16.051517,0.2349691464164355,1.4521993876878092,2.689247285115781,0.02,
658,gpr_dataset_0658.in,datasets/check001/files/gpr_dataset_0658.in,0.25116277482110216,56.406597,24.808302,18.785101,0.16717106741378263,1.5540405558420756,2.6072881694447463,0.05,,0.8343463649006595,37.224558,41.362154,21.413288,0.14817388218752406,1.60961771782378,2.637762894580675,0.02,
659,gpr_dataset_0659.in,datasets/check001/files/gpr_dataset_0659.in,0.2977741727790173,58.498162,27.268169,14.233668,0.21562722810974233,1.3858267997775149,2.620119274215515,0.05,,0.41346270742896274,42.310889,42.216432,15.47268,0.18731619196859342,1.5887346989508695,2.6668658249796975,0.02,
660,gpr_dataset_0660.in,datasets/check001/files/gpr_dataset_0660.in,0.14070792203134178,52.20076,35.171145,12.628095,0.21120410550567695,1.46397425278535,2.60719651158207,0.05,,0.4297130493644836,39.039657,42.208578,18.751766,0.1744263204076926,1.6497208726573172,2.657037006935161,0.02,
661,gpr_dataset_0661.in,datasets/check001/files/gpr_dataset_0661.in,0.1947465740156923,49.518715,34.073716,16.40757,0.17068103045403496,1.3201464036976056,2.6427511748861305,0.05,,0.5632827588303673,42.000506,37.789319,20.210175,0.190223437779253,1.4992759384718741,2.622402122483647,0.02,
662,gpr_dataset_0662.in,datasets/check001/files/gpr_dataset_0662.in,0.2881235037593491,58.151316,24.901675,16.947009,0.16019292273272856,1.5614420007717529,2.696811481779865,0.05,,0.35234398599040995,36.768043,41.690384,21.541573,0.17500705120590254,1.5197658977329245,2.605664819885747,0.02,
663,gpr_dataset_0663.in,datasets/check001/files/gpr_dataset_0663.in,0.2395035816607004,57.118182,25.996064,16.885753,0.18913216576037323,1.4003623736382158,2.6764735915209297,0.05,,0.3975020396930226,37.266881,40.667276,22.065842,0.19950041910147615,1.6634810538492988,2.6235617201727295,0.02,
664,gpr_dataset_0664.in,datasets/check001/files/gpr_dataset_0664.in,0.11458238036284159,51.684194,33.386541,14.929265,0.2648361334288353,1.3106086224597222,2.698105604254278,0.05,,0.9649354479563841,41.955593,42.241244,15.803163,0.18271378779274017,1.6839802029642414,2.6270508406485096,0.02,
665,gpr_dataset_0665.in,datasets/check001/files/gpr_dataset_0665.in,0.10834819540986601,46.598589,34.511804,18.889608,0.21472733446686632,1.3910255054716956,2.6849833502445,0.05,,0.9800259542422636,41.829356,36.813204,21.357439,0.20229118244751737,1.6213770710336302,2.655249596001337,0.02,
666,gpr_dataset_0666.in,datasets/check001/files/gpr_dataset_0666.in,0.11042808351982353,53.432988,32.755924,13.811088,0.2140250372322778,1.341331129034422,2.6437952854618376,0.05,,0.9280027101260218,47.768001,35.937751,16.294248,0.16547872452222026,1.4173767519850362,2.6232033424764802,0.02,
667,gpr_dataset_0667.in,datasets/check001/files/gpr_dataset_0667.in,0.2177234947831178,45.278113,35.526686,19.195202,0.2689771263333606,1.4704145834873164,2.6990938736511523,0.05,,0.310428991997831,39.878609,41.199407,18.921984,0.1524501196322024,1.59656268557256,2.624424434451825,0.02,
668,gpr_dataset_0668.in,datasets/check001/files/gpr_dataset_0668.in,0.15848254431741868,56.093765,31.827316,12.078919,0.1615205750722936,1.3750596566610862,2.654364619557456,0.05,,0.6464504763013021,42.176106,35.038752,22.785142,0.1330430933574682,1.6139401576728796,2.694142698769967,0.02,
669,gpr_dataset_0669.in,datasets/check001/files/gpr_dataset_0669.in,0.2560416810980526,48.67952,35.11108,16.2094,0.19013028739265234,1.5093315062107575,2.6503445402565435,0.05,,0.3377982738811136,42.358981,38.91927,18.72175,0.14196757682984257,1.4610664805294182,2.6137131488631855,0.02,
670,gpr_dataset_0670.in,datasets/check001/files/gpr_dataset_0670.in,0.2951876811996027,48.72475,38.050974,13.224276,0.20585849775922754,1.5449139128355833,2.614196123209497,0.05,,0.9845367905838316,41.282397,40.372864,18.344739,0.11713579522962457,1.5496722471035835,2.6033756183611594,0.02,
671,gpr_dataset_0671.in,datasets/check001/files/gpr_dataset_0671.in,0.15559346614515804,50.155158,38.437774,11.407068,0.19186387232084673,1.482924317681647,2.6495357498667005,0.05,,0.903940967230586,44.014198,36.068094,19.917708,0.12766401953241865,1.5293254893999366,2.605225965127649,0.02,
672,gpr_dataset_0672.in,datasets/check001/files/gpr_dataset_0672.in,0.16102961455480172,57.73165,30.615572,11.652778,0.24131089384236715,1.567950808263313,2.6922698682756407,0.05,,0.9352147078795203,41.777855,37.81236,20.409785,0.15114165774634436,1.648771836507761,2.6434076010180583,0.02,
673,gpr_dataset_0673.in,datasets/check001/files/gpr_dataset_0673.in,0.1855098378399203,54.65886,34.755558,10.585582,0.1663815307095209,1.4164331688414669,2.6721297025177426,0.05,,0.7745786674409578,40.817161,42.192354,16.990485,0.18589038295956722,1.5704909163020826,2.651891286119894,0.02,
674,gpr_dataset_0674.in,datasets/check001/files/gpr_dataset_0674.in,0.13250977391050012,46.790558,34.300378,18.909064,0.16978090693173475,1.304555024088994,2.6799588923771673,0.05,,0.9656770623629909,36.391635,40.164887,23.443478,0.1506298529778599,1.5183803611366589,2.6615547249274476,0.02,
675,gpr_dataset_0675.in,datasets/check001/files/gpr_dataset_0675.in,0.17233897338620924,49.735111,33.336406,16.928483,0.24119987638183582,1.3372919238512855,2.6568441075539413,0.05,,0.52469257403314,39.87913,37.941511,22.179359,0.1659863919118837,1.5399318502180361,2.696588549285176,0.02,
676,gpr_dataset_0676.in,datasets/check001/files/gpr_dataset_0676.in,0.19604158198497157,58.537335,25.424955,16.03771,0.19710398013140254,1.3192130463729193,2.617980390979355,0.05,,0.8361837808096035,35.817948,47.774666,16.407386,0.19455072675775215,1.4440705356104055,2.661794930440171,0.02,
677,gpr_dataset_0677.in,datasets/check001/files/gpr_dataset_0677.in,0.10991593484978744,57.656063,31.843398,10.500539,0.25760365452016043,1.3182438603454167,2.671454956376531,0.05,,0.4813383250139477,34.361487,42.591741,23.046772,0.15300025627811403,1.615495789151042,2.660057883884532,0.02,
678,gpr_dataset_0678.in,datasets/check001/files/gpr_dataset_0678.in,0.16994593010718148,48.575442,33.759106,17.665452,0.1855468066826931,1.3977367138200236,2.637135936192526,0.05,,0.8758850602560593,36.523996,40.830643,22.645361,0.12146192233044051,1.4979621625102313,2.678816446185326,0.02,
679,gpr_dataset_0679.in,datasets/check001/files/gpr_dataset_0679.in,0.1669971570001525,50.217047,34.448808,15.334145,0.29602518002770434,1.4865749106507542,2.6160312819244727,0.05,,0.3312274039060684,38.894415,42.564256,18.541329,0.21713106268127644,1.5524546812105189,2.658148649866015,0.02,
680,gpr_dataset_0680.in,datasets/check001/files/gpr_dataset_0680.in,0.16881054928889844,53.390541,27.046991,19.562468,0.16176674584505635,1.32319343229821,2.6935517869832513,0.05,,0.457206705181164,39.268436,40.658923,20.072641,0.16271201767657031,1.6199136982587925,2.68475950798279,0.02,
681,gpr_dataset_0681.in,datasets/check001/files/gpr_dataset_0681.in,0.20555127978057494,47.863715,34.35218,17.784105,0.2161526121015914,1.3807548162229888,2.6836008940452665,0.05,,0.5051457162033666,37.741997,37.721316,24.536688,0.1542947436469317,1.5367463521245488,2.674818827936349,0.02,
683,gpr_dataset_0683.in,datasets/check001/files/gpr_dataset_0683.in,0.12505625177281637,50.571546,35.402417,14.026037,0.2377133004358813,1.3414420461778618,2.6260278953580976,0.05,,0.5008196327023227,41.641459,36.307535,22.051006,0.2474871625919624,1.5728035252411667,2.663262976617695,0.02,
684,gpr_dataset_0684.in,datasets/check001/files/gpr_dataset_0684.in,0.25452899515346317,50.962684,30.359005,18.678311,0.2895187748259234,1.5228561977319317,2.6126397951464795,0.05,,0.32385296809450526,35.990756,40.810097,23.199147,0.11985666325118066,1.660063996604032,2.6918623003275055,0.02,
685,gpr_dataset_0685.in,datasets/check001/files/gpr_dataset_0685.in,0.2808520785307268,51.913715,30.921045,17.165241,0.25679752673215256,1.3357088930982537,2.689742632079658,0.05,,0.9288477244648958,38.339341,38.8004,22.860259,0.10678565473156335,1.6216245269493543,2.635495763234734,0.02,
686,gpr_dataset_0686.in,datasets/check001/files/gpr_dataset_0686.in,0.18977906839650005,50.43675,30.354782,19.208468,0.19339367124176776,1.4431318142267624,2.6134605539839293,0.05,,0.42841554512527,38.40207,40.950725,20.647206,0.11256842369465872,1.668679751473182,2.6593553286739056,0.02,
687,gpr_dataset_0687.in,datasets/check001/files/gpr_dataset_0687.in,0.17397478174255354,55.799581,29.051251,15.149168,0.22630007869288307,1.476424263296946,2.694476809928571,0.05,,0.3678290215327179,38.482742,39.419866,22.097393,0.23459524384721403,1.5739484619533148,2.6844065427244037,0.02,
688,gpr_dataset_0688.in,datasets/check001/files/gpr_dataset_0688.in,0.18533790601083217,54.904921,31.167744,13.927335,0.1714794841132325,1.544196154054372,2.6734625748413685,0.05,,0.9924437613166079,35.883002,42.353096,21.763902,0.19232162458565166,1.4298399605170167,2.6284790956717674,0.02,
689,gpr_dataset_0689.in,datasets/check001/files/gpr_dataset_0689.in,0.12371021552062506,44.004345,36.874638,19.121017,0.2630203207278096,1.5773547557704328,2.6666433612098017,0.05,,0.39870218759166604,32.99481,45.21091,21.79428,0.10410251870571621,1.6707623907321953,2.695985670306269,0.02,
690,gpr_dataset_0690.in,datasets/check001/files/gpr_dataset_0690.in,0.20796594997929918,59.276699,21.319026,19.404274,0.15386659581535372,1.360942281667525,2.694180595835954,0.05,,0.6998156137656553,41.193845,37.296172,21.509983,0.1442412371762043,1.4328844630336408,2.6706322199994204,0.02,
692,gpr_dataset_0692.in,datasets/check001/files/gpr_dataset_0692.in,0.25540911417318657,54.310155,26.380697,19.309148,0.21500664364595573,1.5797104001904363,2.679419739932788,0.05,,0.5222690391039778,41.140182,37.972205,20.887613,0.10534542793316679,1.5903491466357225,2.6007970588251306,0.02,
693,gpr_dataset_0693.in,datasets/check001/files/gpr_dataset_0693.in,0.12737493453375007,46.085885,37.68707,16.227046,0.18979290701834345,1.3454299319189202,2.681386885186363,0.05,,0.813492479530785,41.310492,39.731519,18.957989,0.10047965657076104,1.4201783802152226,2.6557737161302697,0.02,
694,gpr_dataset_0694.in,datasets/check001/files/gpr_dataset_0694.in,0.14170939432083146,51.518738,33.543582,14.93768,0.20704353447745708,1.4751696867526676,2.6637714627002955,0.05,,0.638963144058904,45.533368,35.466426,19.000205,0.1347840005998005,1.48763477504546,2.6485059950427874,0.02,
695,gpr_dataset_0695.in,datasets/check001/files/gpr_dataset_0695.in,0.25934923534099386,53.280787,30.226794,16.492419,0.16447998496025487,1.3337102263337053,2.688089518917217,0.05,,0.8284727710094721,34.574513,47.769463,17.656024,0.19936272847451114,1.434745753950315,2.6464735932322707,0.02,
696,gpr_dataset_0696.in,datasets/check001/files/gpr_dataset_0696.in,0.16378119090290794,45.32651,36.392875,18.280615,0.266052267196221,1.4451216202380974,2.680472130972154,0.05,,0.6424220645482923,42.093017,38.193191,19.713792,0.17612311044533496,1.6669431839532889,2.678282789445673,0.02,
697,gpr_dataset_0697.in,datasets/check001/files/gpr_dataset_0697.in,0.11216065222361282,59.07231,26.887211,14.040479,0.20870675907548203,1.4325854638782127,2.6398679511701313,0.05,,0.9386581110823404,35.967543,45.321283,18.711173,0.22277868767711728,1.4925531948677517,2.640981154308699,0.02,
698,gpr_dataset_0698.in,datasets/check001/files/gpr_dataset_0698.in,0.2145011393362611,51.764369,28.819391,19.416239,0.29218166914014787,1.4839911914112078,2.632968417651367,0.05,,0.7234728438991094,31.060896,45.413192,23.525913,0.11353790660996012,1.611419156193632,2.6912228564565637,0.02,
699,gpr_dataset_0699.in,datasets/check001/files/gpr_dataset_0699.in,0.25336841011943356,51.39555,33.317526,15.286924,0.2043146627420254,1.3595319442120581,2.6156992911086596,0.05,,0.6749891681735842,45.035457,33.004456,21.960087,0.2365980670309215,1.4994506338538123,2.6215615097827847,0.02,
700,gpr_dataset_0700.in,datasets/check001/files/gpr_dataset_0700.in,0.2466668698917385,57.88828,26.952226,15.159494,0.18450078587780389,1.5317234904052393,2.6247308738781348,0.05,,0.49072077218399024,32.568383,45.815454,21.616162,0.11967897841888951,1.6221577209456748,2.6269998661145446,0.02,
701,gpr_dataset_0701.in,datasets/check001/files/gpr_dataset_0701.in,0.11698332589347225,44.340459,36.819343,18.840198,0.21230700353550258,1.304422535172072,2.683025151894762,0.05,,0.7234103027230665,32.813615,44.41517,22.771215,0.12914261203051178,1.5817074742748656,2.6312189704066307,0.02,
702,gpr_dataset_0702.in,datasets/check001/files/gpr_dataset_0702.in,0.16474534634523497,51.284894,29.436115,19.278991,0.22071005297070076,1.3873715961639612,2.6093062395023203,0.05,,0.9768204307886323,39.270695,37.791197,22.938108,0.17998058554521967,1.4733842113220876,2.601721253240968,0.02,
703,gpr_dataset_0703.in,datasets/check001/files/gpr_dataset_0703.in,0.19940697808199742,52.727253,30.238687,17.03406,0.1662456442999881,1.3672182580334236,2.6975190594977825,0.05,,0.578144032804996,37.382333,40.354291,22.263377,0.19642278475010003,1.4997306424612653,2.6809680786951735,0.02,
704,gpr_dataset_0704.in,datasets/check001/files/gpr_dataset_0704.in,0.2951634855324544,57.762273,28.998603,13.239124,0.24247327056311485,1.4420543972925968,2.6723032413718477,0.05,,0.6966474438638025,35.530824,46.502833,17.966342,0.14671824359205862,1.5013605441920237,2.615061197457097,0.02,
705,gpr_dataset_0705.in,datasets/check001/files/gpr_dataset_0705.in,0.16428859634548068,57.330124,31.433515,11.236361,0.25355960079568346,1.5265113790983174,2.679469579077309,0.05,,0.6819121148427637,37.182877,44.135222,18.681901,0.20633022578395493,1.554329334694461,2.6858652910140792,0.02,
707,gpr_dataset_0707.in,datasets/check001/files/gpr_dataset_0707.in,0.2094170099767258,54.360262,29.378828,16.26091,0.19413354849808995,1.5765910652582933,2.667668315970233,0.05,,0.6657360719566814,41.785188,36.975306,21.239506,0.12122763949282107,1.5569753721766706,2.6204461841306195,0.02,
708,gpr_dataset_0708.in,datasets/check001/files/gpr_dataset_0708.in,0.22279996417760156,55.859434,31.266341,12.874226,0.21943202489310926,1.5808607496250655,2.6927079593738648,0.05,,0.8040911800960493,47.048633,32.707278,20.24409,0.22441120237917128,1.4029463559039415,2.6416302943074896,0.02,
709,gpr_dataset_0709.in,datasets/check001/files/gpr_dataset_0709.in,0.13006981532349204,47.04084,36.426494,16.532666,0.19965526956474172,1.3183323367498208,2.646869410272281,0.05,,0.409517114957723,38.772234,43.14516,18.082607,0.19432326296060848,1.6783638496532456,2.6274580614896026,0.02,
710,gpr_dataset_0710.in,datasets/check001/files/gpr_dataset_0710.in,0.264150886105762,56.177235,31.034924,12.787842,0.24367514040357113,1.4209805077336162,2.6254749384232703,0.05,,0.6787118952655757,47.322852,34.570617,18.106531,0.20959871174742445,1.48399566004796,2.626293761703119,0.02,
711,gpr_dataset_0711.in,datasets/check001/files/gpr_dataset_0711.in,0.12046442497775567,53.099735,30.135716,16.76455,0.19952402849754955,1.5315936048032348,2.65921699747799,0.05,,0.49406625313059394,40.037234,41.148431,18.814336,0.17101102569249277,1.4504298165500256,2.6783364916084937,0.02,
712,gpr_dataset_0712.in,datasets/check001/files/gpr_dataset_0712.in,0.29781744512385644,46.049174,39.876061,14.074764,0.2843930013140761,1.315656756170783,2.6511705263012906,0.05,,0.6077823147012591,43.365196,36.599474,20.03533,0.11759447445061753,1.5680435405520647,2.637730955164075,0.02,
713,gpr_dataset_0713.in,datasets/check001/files/gpr_dataset_0713.in,0.1771059717331001,54.417229,28.847475,16.735296,0.22960282610155602,1.5649856826783293,2.684219122092351,0.05,,0.968752086283873,41.556263,39.654998,18.788739,0.22598141555180018,1.568145759645805,2.6490093504600973,0.02,
714,gpr_dataset_0714.in,datasets/check001/files/gpr_dataset_0714.in,0.25779301114460684,54.129788,31.403176,14.467036,0.20222707336173845,1.3075886663782712,2.6365687175507637,0.05,,0.6262531164252858,41.291445,42.403676,16.304879,0.1839691034066992,1.6993700338615616,2.693940714889008,0.02,
715,gpr_dataset_0715.in,datasets/check001/files/gpr_dataset_0715.in,0.17649148311347643,49.165618,39.432315,11.402067,0.21631208512297798,1.457800778437157,2.600561453838787,0.05,,0.5172734888636774,36.731828,43.06289,20.205282,0.23823459298870842,1.5820323242389287,2.6033528191203015,0.02,
716,gpr_dataset_0716.in,datasets/check001/files/gpr_dataset_0716.in,0.15499028361093112,56.716407,23.886074,19.397519,0.1879556930894112,1.4875811235395677,2.697114069441096,0.05,,0.8763279961146304,39.129628,40.195789,20.674583,0.1948360124094196,1.5470901455888992,2.6473448416217686,0.02,
717,gpr_dataset_0717.in,datasets/check001/files/gpr_dataset_0717.in,0.27498736627034615,54.17618,35.59957,10.22425,0.15432554551912897,1.568279540643045,2.6153191750538647,0.05,,0.8153373183595789,47.778055,32.88057,19.341375,0.22687047025497267,1.416814398266475,2.6637478155721657,0.02,
718,gpr_dataset_0718.in,datasets/check001/files/gpr_dataset_0718.in,0.11246509449815237,50.832167,37.39129,11.776543,0.27559102923273027,1.554469007774442,2.631648028565747,0.05,,0.7965162673477044,42.096964,36.517038,21.385998,0.1774510674336976,1.6821635484646902,2.640317308467909,0.02,
720,gpr_dataset_0720.in,datasets/check001/files/gpr_dataset_0720.in,0.10064487652654129,52.937624,31.446566,15.61581,0.23522598985892418,1.508887655480419,2.656618928857351,0.05,,0.6241037604340416,33.647967,41.742073,24.609961,0.21500838529616872,1.6366210036213071,2.621752585200925,0.02,
721,gpr_dataset_0721.in,datasets/check001/files/gpr_dataset_0721.in,0.17490591177396342,46.992856,38.932237,14.074907,0.27559624837438457,1.4926952174514325,2.690147919851978,0.05,,0.43376024159182525,48.354103,34.997911,16.647986,0.20588709446088582,1.453401210782595,2.614042607370794,0.02,
722,gpr_dataset_0722.in,datasets/check001/files/gpr_dataset_0722.in,0.16310819598135765,50.386508,29.969573,19.643919,0.18968177150086915,1.4469656982015515,2.657869616421769,0.05,,0.544201437686826,41.532302,37.806254,20.661444,0.2247595662293672,1.4110193281240726,2.6834724192211206,0.02,
723,gpr_dataset_0723.in,datasets/check001/files/gpr_dataset_0723.in,0.17713613831356795,55.176334,26.320443,18.503223,0.2020382296063095,1.543272496794204,2.6796271400814424,0.05,,0.44521287038569757,40.974502,37.325547,21.699951,0.21914425447838393,1.4272272501437495,2.677340899564864,0.02,
724,gpr_dataset_0724.in,datasets/check001/files/gpr_dataset_0724.in,0.15164276990034417,55.65379,29.523783,14.822427,0.2382586172609868,1.3101549356930824,2.6701288283650677,0.05,,0.7406304556967236,48.974013,31.168246,19.857741,0.15020687170699815,1.5943643940306749,2.6100207687818346,0.02,
725,gpr_dataset_0725.in,datasets/check001/files/gpr_dataset_0725.in,0.2826297646135159,52.821151,33.595396,13.583453,0.15326249536761122,1.542766399569688,2.6456445676040463,0.05,,0.7031756407480605,38.688922,37.976415,23.334663,0.13788621543724736,1.5119644334933353,2.6337878260631546,0.02,
726,gpr_dataset_0726.in,datasets/check001/files/gpr_dataset_0726.in,0.23571116835050746,44.152121,37.829099,18.01878,0.26447594866315394,1.5702596573387528,2.6506960757880327,0.05,,0.5946901894966211,40.04756,43.215857,16.736583,0.10428327563854974,1.5536613050841943,2.6922353597734743,0.02,
727,gpr_dataset_0727.in,datasets/check001/files/gpr_dataset_0727.in,0.2773190492344665,53.841785,35.277572,10.880643,0.2958641628563273,1.5255550275881944,2.6129890826816906,0.05,,0.533202980101098,42.158799,42.33724,15.503961,0.21487346679880576,1.6404468871938491,2.6458713519543364,0.02,
728,gpr_dataset_0728.in,datasets/check001/files/gpr_dataset_0728.in,0.13306841620890458,57.535663,27.011074,15.453263,0.1804982972553546,1.3270500683578872,2.624473252262278,0.05,,0.779299503480969,45.034543,35.98392,18.981538,0.15170677948733435,1.5412402083348387,2.6686786438480374,0.02,
729,gpr_dataset_0729.in,datasets/check001/files/gpr_dataset_0729.in,0.23975594969465117,52.99005,30.352084,16.657867,0.25593361509152723,1.5289168519905576,2.6095824862924024,0.05,,0.38995167555548016,44.962329,32.455019,22.582652,0.23470319354891173,1.64593732284326,2.67303721075705,0.02,
730,gpr_dataset_0730.in,datasets/check001/files/gpr_dataset_0730.in,0.18491848796149918,56.865622,25.457076,17.677303,0.26106436770807095,1.4759286866193182,2.6221694043916375,0.05,,0.7259656341724993,44.846508,36.962009,18.191483,0.22348572127698907,1.5831699570994902,2.6751684460030356,0.02,
731,gpr_dataset_0731.in,datasets/check001/files/gpr_dataset_0731.in,0.28291720014403704,51.228312,33.254376,15.517312,0.24810674024359394,1.4277133959921022,2.6284964124195964,0.05,,0.5707708610049713,45.646245,30.18129,24.172465,0.1632605334887482,1.449062863137311,2.66823397764366,0.02,
732,gpr_dataset_0732.in,datasets/check001/files/gpr_dataset_0732.in,0.26684649900560165,56.140959,24.658167,19.200874,0.16521076447054958,1.5587399439613676,2.6803550256840256,0.05,,0.30855714241131127,37.616573,42.903424,19.480004,0.1682038098703198,1.5458418152939166,2.6959921052084828,0.02,
733,gpr_dataset_0733.in,datasets/check001/files/gpr_dataset_0733.in,0.18034067812928117,58.919484,27.700991,13.379525,0.2451175769224298,1.4810908141891475,2.6802418395193004,0.05,,0.6151889588791363,39.312824,41.427097,19.260079,0.18025362488452745,1.5094585361592594,2.6785494723758396,0.02,
734,gpr_dataset_0734.in,datasets/check001/files/gpr_dataset_0734.in,0.29614690158376855,53.270674,29.110139,17.619188,0.17255808302047482,1.401134706917855,2.6934177076127863,0.05,,0.7131071126497208,33.128924,45.134985,21.736091,0.1682484043034405,1.4145630794721018,2.6281713955401216,0.02,
735,gpr_dataset_0735.in,datasets/check001/files/gpr_dataset_0735.in,0.12431028912648068,51.852977,28.473574,19.673449,0.25295814577783987,1.3756980413772968,2.6337461744807635,0.05,,0.5073011177538604,44.588418,39.273943,16.137639,0.15353280426978344,1.4052556979211497,2.632463255001369,0.02,
736,gpr_dataset_0736.in,datasets/check001/files/gpr_dataset_0736.in,0.22719653999152045,58.053849,30.354383,11.591769,0.2608020459073199,1.3745880153221646,2.6084046859554837,0.05,,0.36620080238758196,41.81558,40.052898,18.131522,0.14120443501925423,1.691555832605133,2.66889919610116,0.02,
737,gpr_dataset_0737.in,datasets/check001/files/gpr_dataset_0737.in,0.14882014083679784,51.124601,33.200168,15.675231,0.2285338121306914,1.4375258707418463,2.607653614376924,0.05,,0.5609567301482048,31.714013,47.700392,20.585595,0.2323055331794054,1.5145738985671824,2.69802664870426,0.02,
738,gpr_dataset_0738.in,datasets/check001/files/gpr_dataset_0738.in,0.11575297316576948,54.332878,32.466146,13.200976,0.15335752127758823,1.5851076641979078,2.6256858004045442,0.05,,0.757026803641613,41.904984,41.094783,17.000233,0.11746381460910081,1.4574930911605695,2.6260975748262694,0.02,
739,gpr_dataset_0739.in,datasets/check001/files/gpr_dataset_0739.in,0.1606402838462315,50.379945,37.158004,12.462051,0.269843114967083,1.4122709160447182,2.6472918400281737,0.05,,0.832503331861159,36.388439,42.21083,21.400731,0.14152807165111944,1.6014318921694357,2.6604622568180196,0.02,
740,gpr_dataset_0740.in,datasets/check001/files/gpr_dataset_0740.in,0.28194928196260394,57.540451,27.343112,15.116437,0.1528078423239856,1.4242974519518303,2.6129766943117745,0.05,,0.4869372958221201,38.276034,45.147192,16.576774,0.13319855282994894,1.40542187700199,2.632460883424474,0.02,
741,gpr_dataset_0741.in,datasets/check001/files/gpr_dataset_0741.in,0.1127444917133246,46.56355,34.844511,18.591939,0.23818712467785713,1.4904317988348694,2.6328752015094894,0.05,,0.5723276587793381,49.96923,31.105259,18.925511,0.15195494721378613,1.5333149190659343,2.6461947551774654,0.02,
742,gpr_dataset_0742.in,datasets/check001/files/gpr_dataset_0742.in,0.24851423129286562,46.590192,35.780337,17.629471,0.18835388951331922,1.3096799529955503,2.6852291677678477,0.05,,0.9774065260218527,41.66636,40.296792,18.036848,0.13113268026859787,1.6954605814730936,2.6369191455126053,0.02,
743,gpr_dataset_0743.in,datasets/check001/files/gpr_dataset_0743.in,0.1583646085126065,51.399168,37.172963,11.427869,0.24372940464124482,1.350020291561481,2.6351626378036235,0.05,,0.6020715541450312,41.843854,40.507363,17.648783,0.23817644216596265,1.4395092167968202,2.6607121742880486,0.02,
744,gpr_dataset_0744.in,datasets/check001/files/gpr_dataset_0744.in,0.26993363816066684,59.385281,27.22667,13.388049,0.26662870196742866,1.5203382133965861,2.6401116509363582,0.05,,0.5859613302828165,43.135547,36.753184,20.111269,0.14791052464824134,1.5089524044773182,2.6105638777198155,0.02,
745,gpr_dataset_0745.in,datasets/check001/files/gpr_dataset_0745.in,0.2769515733224807,55.014038,32.740985,12.244977,0.23034405730572532,1.4176520099306835,2.685905658754681,0.05,,0.6463832499815503,37.302866,44.18301,18.514124,0.23858658359200718,1.4532879883052132,2.6288407810057235,0.02,
746,gpr_dataset_0746.in,datasets/check001/files/gpr_dataset_0746.in,0.20653314118067367,53.237732,33.393038,13.36923,0.2860921328123544,1.415006027177329,2.66531042413272,0.05,,0.9819731741606348,37.411637,41.840084,20.748279,0.1207858062643998,1.5859760884270695,2.699890988380094,0.02,
747,gpr_dataset_0747.in,datasets/check001/files/gpr_dataset_0747.in,0.21991363401798114,51.16241,36.431375,12.406215,0.18749111313349626,1.4707918441865484,2.64719135439721,0.05,,0.3636765082649309,35.255226,42.280075,22.464699,0.19811740672887046,1.5656172078356194,2.686343827242428,0.02,
748,gpr_dataset_0748.in,datasets/check001/files/gpr_dataset_0748.in,0.2700618027347427,42.87782,38.184976,18.937204,0.19840863026602198,1.3878945746976423,2.689444565796025,0.05,,0.44490508961917136,41.219861,36.677209,22.10293,0.24845699918480624,1.6390260670562338,2.6972805287401425,0.02,
749,gpr_dataset_0749.in,datasets/check001/files/gpr_dataset_0749.in,0.20004298782554158,48.191205,36.614525,15.19427,0.28802337226518837,1.3477799756337632,2.6462212232664575,0.05,,0.9737318184144019,39.165906,41.291627,19.542467,0.11055484203589268,1.5251268832927378,2.6260029248024206,0.02,
750,gpr_dataset_0750.in,datasets/check001/files/gpr_dataset_0750.in,0.243195315506073,44.925368,37.630802,17.443829,0.2301256217600005,1.3071160378423061,2.648080756386931,0.05,,0.8082222256202278,36.94913,39.121892,23.928978,0.21531422738720452,1.509011980293906,2.6716624624486194,0.02,
751,gpr_dataset_0751.in,datasets/check001/files/gpr_dataset_0751.in,0.20231193993876603,57.101054,30.786909,12.112037,0.17189756093219338,1.3787497298969487,2.6825228591112884,0.05,,0.827504499659933,38.039033,39.388272,22.572694,0.1509751936144569,1.6738923771151946,2.6795553099234337,0.02,
753,gpr_dataset_0753.in,datasets/check001/files/gpr_dataset_0753.in,0.25226454755666994,53.077402,31.836954,15.085644,0.20562766778864647,1.4088172705034983,2.6291218297978216,0.05,,0.961354337640745,34.693685,44.643646,20.662669,0.1659793529733405,1.4884638849372593,2.6743733166196932,0.02,
755,gpr_dataset_0755.in,datasets/check001/files/gpr_dataset_0755.in,0.22369199827314018,53.033041,32.845282,14.121678,0.27789157088968375,1.3942888703718874,2.6374362583294353,0.05,,0.905786081763041,42.538079,35.764436,21.697486,0.12630810344666066,1.6691400819566973,2.60142325957771,0.02,
756,gpr_dataset_0756.in,datasets/check001/files/gpr_dataset_0756.in,0.28938965062015143,54.935747,30.707327,14.356927,0.19174733229947227,1.5334043079512458,2.6789274246391592,0.05,,0.754997663481977,36.966089,39.013414,24.020497,0.23594530412428166,1.6519931407561672,2.6845745934686787,0.02,
757,gpr_dataset_0757.in,datasets/check001/files/gpr_dataset_0757.in,0.2566174876506409,57.975668,28.214069,13.810264,0.24963661286924838,1.4195473670059489,2.6098840020239567,0.05,,0.5306605566679802,33.791404,44.272248,21.936348,0.2111886831422103,1.661784684090571,2.697043721972345,0.02,
758,gpr_dataset_0758.in,datasets/check001/files/gpr_dataset_0758.in,0.11119495994840987,57.773343,28.09033,14.136327,0.2609153667643867,1.5069097115166488,2.6650807215701957,0.05,,0.4715609361219253,44.54267,39.791247,15.666082,0.19137065626579897,1.5655926963928561,2.6091359196179438,0.02,
759,gpr_dataset_0759.in,datasets/check001/files/gpr_dataset_0759.in,0.13800283332666344,58.413834,21.949747,19.63642,0.22838365506689345,1.3182595339590282,2.622758624884442,0.05,,0.7099741737036134,41.099268,38.788862,20.11187,0.21721188804255737,1.495657501645422,2.6633905701883545,0.02,
760,gpr_dataset_0760.in,datasets/check001/files/gpr_dataset_0760.in,0.13928516578420852,55.717035,28.521492,15.761474,0.2313553250462292,1.3644981829783926,2.6487230668216655,0.05,,0.6985304885113368,39.662153,44.985949,15.351898,0.23297762249705398,1.6332187592445924,2.6194798764504026,0.02,
761,gpr_dataset_0761.in,datasets/check001/files/gpr_dataset_0761.in,0.2611531729026624,57.196713,31.859143,10.944144,0.2631840375145922,1.4804062439592403,2.6492605139547054,0.05,,0.42357231326436673,38.254474,38.38611,23.359416,0.14494559012077737,1.660178290006943,2.6249022002079654,0.02,
762,gpr_dataset_0762.in,datasets/check001/files/gpr_dataset_0762.in,0.15505766969597717,55.799869,28.513688,15.686443,0.2965843495986747,1.5837091055114128,2.6487580440987033,0.05,,0.5234452838104742,46.894514,37.345473,15.760013,0.10983392122436815,1.529604475214279,2.630464097927934,0.02,
763,gpr_dataset_0763.in,datasets/check001/files/gpr_dataset_0763.in,0.28505906740133446,50.371315,33.768163,15.860523,0.1773983506786773,1.5336375380502159,2.676285264813753,0.05,,0.4492515140402334,41.384776,37.626993,20.988231,0.11543756762677392,1.4900184257199276,2.6609526687937173,0.02,
764,gpr_dataset_0764.in,datasets/check001/files/gpr_dataset_0764.in,0.21420168529732114,51.179375,34.03048,14.790145,0.17356989867130063,1.5870120946685962,2.6981154408110495,0.05,,0.75744344082967,41.970782,41.805856,16.223362,0.23992653183213108,1.5415945021830424,2.685623753692537,0.02,
765,gpr_dataset_0765.in,datasets/check001/files/gpr_dataset_0765.in,0.16072362418590652,51.615833,32.093992,16.290174,0.261782090345785,1.4349123626381537,2.6425297912681747,0.05,,0.5754795442066093,37.36073,44.08599,18.553279,0.24530199290304008,1.5060835875104204,2.6805370756536204,0.02,
766,gpr_dataset_0766.in,datasets/check001/files/gpr_dataset_0766.in,0.29499715187682163,59.651411,21.977712,18.370877,0.181291356305094,1.515001809424004,2.62947968902629,0.05,,0.5614326306922383,36.251249,45.584929,18.163822,0.18399583928922225,1.4598356436136541,2.6214979854356915,0.02,
767,gpr_dataset_0767.in,datasets/check001/files/gpr_dataset_0767.in,0.20058868443981281,49.84106,31.713391,18.445549,0.22048076385860743,1.5913399516344997,2.6045999950030656,0.05,,0.7615927649516172,39.1363,43.091186,17.772514,0.14202139189868704,1.5820114528822473,2.6375018962169565,0.02,
768,gpr_dataset_0768.in,datasets/check001/files/gpr_dataset_0768.in,0.12028798320310496,57.378251,27.737727,14.884021,0.2885409138548024,1.333309237223508,2.6134284733838213,0.05,,0.8248783458157787,36.081907,44.994823,18.923271,0.12276588813284481,1.44512587247001,2.6298855629370275,0.02,
769,gpr_dataset_0769.in,datasets/check001/files/gpr_dataset_0769.in,0.13999886149441657,50.684677,30.226895,19.088428,0.2644180741094322,1.3782157396301802,2.6531027479598746,0.05,,0.5039935691855779,33.243052,49.631352,17.125595,0.21788510646587383,1.6134208069869687,2.6313961237350108,0.02,
770,gpr_dataset_0770.in,datasets/check001/files/gpr_dataset_0770.in,0.2706866657156193,54.883312,27.314865,17.801823,0.17762100434444897,1.4404979196809582,2.646080369027111,0.05,,0.5331084686464788,41.405208,41.907004,16.687789,0.21214754201398928,1.4069414924240184,2.6119190436916355,0.02,
771,gpr_dataset_0771.in,datasets/check001/files/gpr_dataset_0771.in,0.18215579007168253,54.378975,33.729637,11.891388,0.22925960726322941,1.5738946608967552,2.651226166914012,0.05,,0.3113408885598198,43.324425,34.264104,22.411471,0.2197417367179729,1.6370412510755867,2.649200947048252,0.02,
772,gpr_dataset_0772.in,datasets/check001/files/gpr_dataset_0772.in,0.2149630938973316,51.138382,33.668775,15.192843,0.29613413053559956,1.5341764631398058,2.6531762437211155,0.05,,0.859013683791833,45.601021,30.858007,23.540972,0.19150472244267241,1.697884917685883,2.675190734917733,0.02,
774,gpr_dataset_0774.in,datasets/check001/files/gpr_dataset_0774.in,0.10429670572499344,51.011539,30.958315,18.030146,0.18882794252288485,1.366866995955355,2.667453831261232,0.05,,0.5286334952164813,37.232959,41.182062,21.584979,0.1861657622367403,1.506393593311109,2.6880311740300837,0.02,
775,gpr_dataset_0775.in,datasets/check001/files/gpr_dataset_0775.in,0.2734486245764137,47.532837,39.150401,13.316763,0.1772380081201678,1.3078673471512394,2.6601921468559615,0.05,,0.891288822350031,41.094587,36.778874,22.126539,0.14911915719943797,1.494600874770728,2.6230103855268414,0.02,
776,gpr_dataset_0776.in,datasets/check001/files/gpr_dataset_0776.in,0.1417614507700524,52.786164,32.646449,14.567387,0.29044533996270405,1.3651707428075641,2.635534476509166,0.05,,0.3961185158367925,43.571636,35.230333,21.198031,0.15626709128777372,1.5331857387740897,2.6743942378865095,0.02,
777,gpr_dataset_0777.in,datasets/check001/files/gpr_dataset_0777.in,0.24798255295840552,52.584763,31.960913,15.454323,0.18084484015142588,1.4141514664669719,2.681449941638596,0.05,,0.36499627216510955,32.209441,46.403589,21.386971,0.11825556288981771,1.6269819070614233,2.612035832509917,0.02,
778,gpr_dataset_0778.in,datasets/check001/files/gpr_dataset_0778.in,0.19782168528533278,51.96217,34.903108,13.134722,0.17864717156849141,1.5955456311049856,2.679979121317648,0.05,,0.551900935430715,40.390796,37.093504,22.5157,0.10108833914253391,1.6410235019475532,2.6400308347952133,0.02,
779,gpr_dataset_0779.in,datasets/check001/files/gpr_dataset_0779.in,0.2714986146987468,45.120241,37.283982,17.595777,0.2151223327360383,1.5543424471885008,2.6300694437543743,0.05,,0.9997945948753486,33.907411,45.872857,20.219732,0.1707042187629454,1.6853927432691331,2.6274716129374722,0.02,
780,gpr_dataset_0780.in,datasets/check001/files/gpr_dataset_0780.in,0.22947192325790403,56.82445,27.901044,15.274506,0.23468688727461615,1.3383844908743099,2.615575831487939,0.05,,0.7865491474335558,45.476235,31.38268,23.141084,0.22995175913704471,1.5982856570774717,2.637170403910842,0.02,
781,gpr_dataset_0781.in,datasets/check001/files/gpr_dataset_0781.in,0.18297527406104014,52.834546,31.037673,16.12778,0.1772422038373366,1.5637232234886762,2.6109391575951553,0.05,,0.4136616000606573,41.04895,37.113897,21.837153,0.23634712790112009,1.4795544034732435,2.6321072735104547,0.02,
782,gpr_dataset_0782.in,datasets/check001/files/gpr_dataset_0782.in,0.25665377978359166,49.215308,39.869444,10.915248,0.28080422931649623,1.5740730801395797,2.6046499450053835,0.05,,0.563925739629206,42.370137,40.890108,16.739755,0.10224076920971245,1.669156608483269,2.6092123899011934,0.02,
783,gpr_dataset_0783.in,datasets/check001/files/gpr_dataset_0783.in,0.297638301650175,57.58266,30.981964,11.435376,0.2404906643287373,1.4910565711573995,2.6311430882485536,0.05,,0.6286408866173347,47.02988,31.867547,21.102573,0.15483740898620935,1.584082871679437,2.671631529254018,0.02,
784,gpr_dataset_0784.in,datasets/check001/files/gpr_dataset_0784.in,0.1955579690527941,52.871866,35.622787,11.505347,0.18289666941173452,1.3389422837021518,2.6942289129961994,0.05,,0.4578862887728732,38.319891,38.625062,23.055048,0.23303768852540988,1.4315684629599275,2.6226223403592934,0.02,
785,gpr_dataset_0785.in,datasets/check001/files/gpr_dataset_0785.in,0.1369253512174342,53.454945,26.706188,19.838867,0.25025345451099945,1.4559750777115772,2.657716710856291,0.05,,0.9185079879068441,46.570672,33.625342,19.803987,0.19918027424650753,1.5738105678627126,2.6934624410053707,0.02,
786,gpr_dataset_0786.in,datasets/check001/files/gpr_dataset_0786.in,0.1068450625955104,55.621173,29.916709,14.462118,0.15511710588117586,1.538431665087855,2.616188520488712,0.05,,0.5257726647570636,41.625867,39.853188,18.520945,0.1943069382043844,1.6450968466045999,2.657720148120565,0.02,
787,gpr_dataset_0787.in,datasets/check001/files/gpr_dataset_0787.in,0.19042082278832612,48.053671,35.176425,16.769904,0.1676728692780738,1.3837915584194522,2.67685110532827,0.05,,0.946719941766152,35.972238,46.844104,17.183658,0.2210482748657142,1.5462065445751125,2.65489007864618,0.02,
788,gpr_dataset_0788.in,datasets/check001/files/gpr_dataset_0788.in,0.23264961406067522,55.934069,28.142481,15.923449,0.15946766560743106,1.4096266733702598,2.664229269344668,0.05,,0.9753274849081273,37.539287,39.868356,22.592357,0.11667054495246455,1.5651394308642192,2.62957134330742,0.02,
789,gpr_dataset_0789.in,datasets/check001/files/gpr_dataset_0789.in,0.2746613477880124,44.296807,39.703312,15.999881,0.20963371487709873,1.5823749159700222,2.699854479365725,0.05,,0.43641458823677814,48.545672,35.721475,15.732853,0.21001184852189847,1.5061809491937785,2.660093629941298,0.02,
790,gpr_dataset_0790.in,datasets/check001/files/gpr_dataset_0790.in,0.13035423839521854,54.112986,28.855553,17.031461,0.2043984225460781,1.36912706351361,2.694716349987071,0.05,,0.6716090516502218,43.517202,37.148342,19.334456,0.19514689317972306,1.5854552788129244,2.6843238792796797,0.02,
791,gpr_dataset_0791.in,datasets/check001/files/gpr_dataset_0791.in,0.25022083627594405,43.927695,39.644048,16.428257,0.278744279446672,1.3835264139970664,2.6959056764611202,0.05,,0.9642293757245763,33.063596,44.188376,22.748028,0.23406167418868745,1.540401244138005,2.613611987770757,0.02,
793,gpr_dataset_0793.in,datasets/check001/files/gpr_dataset_0793.in,0.2901821225558916,46.219025,36.81739,16.963585,0.20864994964534386,1.358011389334291,2.6834329026567993,0.05,,0.34937214671383454,45.316504,32.675724,22.007772,0.11852071329129371,1.6218964954896191,2.694434110576151,0.02,
794,gpr_dataset_0794.in,datasets/check001/files/gpr_dataset_0794.in,0.1303692403522597,48.907617,33.47213,17.620253,0.15161535550291455,1.3351876039518868,2.631116059068025,0.05,,0.37182854741931415,41.092681,38.05329,20.854029,0.14482333230477612,1.43745934786184,2.6742911730781467,0.02,
795,gpr_dataset_0795.in,datasets/check001/files/gpr_dataset_0795.in,0.1908734860326001,41.369591,39.543094,19.087315,0.20120657854739815,1.3816308363143084,2.6987959407575217,0.05,,0.5670511974884882,47.944909,32.339429,19.715661,0.1877467861419052,1.6628726967642322,2.6691436923038263,0.02,
796,gpr_dataset_0796.in,datasets/check001/files/gpr_dataset_0796.in,0.2588911227692725,55.506637,29.688592,14.804771,0.2043824071898601,1.5608083863183084,2.6664910610724477,0.05,,0.8856963820093819,45.164424,35.234548,19.601028,0.2297750865332174,1.4840610694341174,2.672405236760112,0.02,
797,gpr_dataset_0797.in,datasets/check001/files/gpr_dataset_0797.in,0.15517312721123003,50.380646,33.737225,15.882129,0.275444437099154,1.5949259833022833,2.6083093360162724,0.05,,0.3707916878101745,45.697369,34.535611,19.76702,0.18866266582209656,1.5996885462084878,2.6103965453783444,0.02,
798,gpr_dataset_0798.in,datasets/check001/files/gpr_dataset_0798.in,0.2561843854580236,52.208524,30.082866,17.70861,0.20637335100020596,1.4556900356793259,2.6925243092086593,0.05,,0.5678110571911249,39.365779,39.15376,21.480461,0.2431107216685005,1.5726876573895965,2.611747336362846,0.02,
799,gpr_dataset_0799.in,datasets/check001/files/gpr_dataset_0799.in,0.25280613487752424,47.354137,33.551467,19.094396,0.2132743989847044,1.4181235299668216,2.674430977582831,0.05,,0.5431131173145914,40.305082,41.434132,18.260786,0.17841480862789924,1.6820591004163608,2.681316067133263,0.02,
800,gpr_dataset_0800.in,datasets/check001/files/gpr_dataset_0800.in,0.225623669839481,56.006047,33.653833,10.340121,0.2350394996040363,1.3072433269706099,2.6945949758059995,0.05,,0.36916294026817215,41.470462,39.43564,19.093898,0.2274145125123985,1.476054267641728,2.681836843254426,0.02,
801,gpr_dataset_0801.in,datasets/check001/files/gpr_dataset_0801.in,0.1688099449163354,48.550277,38.477722,12.972001,0.26562133565189266,1.4641833148485874,2.632188115075756,0.05,,0.5809246109971657,34.640395,43.390359,21.969246,0.22849695394434347,1.5001289800222322,2.661640272690531,0.02,
802,gpr_dataset_0802.in,datasets/check001/files/gpr_dataset_0802.in,0.24797186524444173,56.973709,24.659188,18.367102,0.1651947251493163,1.5165822001332772,2.6639451737747084,0.05,,0.5190470415000603,43.185037,36.460313,20.354649,0.13970205879506764,1.6122188258590713,2.6350593904681516,0.02,
804,gpr_dataset_0804.in,datasets/check001/files/gpr_dataset_0804.in,0.13972392245138238,53.129983,27.913912,18.956105,0.22992416287265677,1.4190270218246408,2.6921258325764836,0.05,,0.3725382185839611,41.179093,38.806642,20.014265,0.14408683882663403,1.5710320345403521,2.60822116011667,0.02,
805,gpr_dataset_0805.in,datasets/check001/files/gpr_dataset_0805.in,0.29988777819994816,57.372856,24.446767,18.180376,0.25012819915191525,1.382136488764791,2.6494492927375948,0.05,,0.88327357535478,48.772415,34.279512,16.948074,0.19718425774372217,1.4647904287547842,2.6012418354278752,0.02,
806,gpr_dataset_0806.in,datasets/check001/files/gpr_dataset_0806.in,0.14873604024140608,50.834319,32.658803,16.506878,0.2118485348515861,1.5543714326290148,2.6580895613131053,0.05,,0.739078576138763,39.868998,41.380014,18.750988,0.20601188927530945,1.6945748575716515,2.680342608542536,0.02,
807,gpr_dataset_0807.in,datasets/check001/files/gpr_dataset_0807.in,0.15271146808760566,45.244227,36.269255,18.486518,0.19802320846211438,1.4071222515636097,2.695809109280407,0.05,,0.3941449614253922,41.260312,43.468684,15.271004,0.18074131374689767,1.4386294024362147,2.698101102499276,0.02,
808,gpr_dataset_0808.in,datasets/check001/files/gpr_dataset_0808.in,0.25684372184500726,54.040723,31.805145,14.154132,0.2710880352105503,1.4812274759139668,2.672010624668258,0.05,,0.8022951751314187,39.418092,37.747747,22.834161,0.1697929653552921,1.5722777459843755,2.6053201455326667,0.02,
809,gpr_dataset_0809.in,datasets/check001/files/gpr_dataset_0809.in,0.22376118814627965,50.859149,29.250789,19.890062,0.17570117714492436,1.4679876188527083,2.65589960414937,0.05,,0.34028203582085026,36.665191,46.983938,16.350871,0.20230105149121463,1.4196238278330882,2.6718868794114075,0.02,
811,gpr_dataset_0811.in,datasets/check001/files/gpr_dataset_0811.in,0.27519373969428973,59.595946,29.215593,11.188461,0.2414391652341607,1.5136341141636662,2.635834951391405,0.05,,0.3837783682512837,44.190402,37.706322,18.103276,0.20955705139175862,1.619766901123417,2.624879953250127,0.02,
812,gpr_dataset_0812.in,datasets/check001/files/gpr_dataset_0812.in,0.22030509378572433,56.320846,31.78004,11.899114,0.16336585889849226,1.5838441418190792,2.657400288955069,0.05,,0.9643209232371086,38.572682,38.983924,22.443394,0.12077642550386364,1.5029886011399096,2.609586329990026,0.02,
813,gpr_dataset_0813.in,datasets/check001/files/gpr_dataset_0813.in,0.17103139039488277,50.734211,35.213741,14.052047,0.17768495708015436,1.420428326429294,2.6226640204721696,0.05,,0.9899452161271698,41.834868,36.082601,22.082531,0.17858009106416384,1.4061202284976122,2.660615942672566,0.02,
814,gpr_dataset_0814.in,datasets/check001/files/gpr_dataset_0814.in,0.29640202456284814,51.266543,34.187227,14.54623,0.29453996343738814,1.458736290065747,2.6004661026052087,0.05,,0.5693274640618615,30.771667,48.44706,20.781273,0.2289037936211257,1.6867135103919944,2.6188482095572962,0.02,
815,gpr_dataset_0815.in,datasets/check001/files/gpr_dataset_0815.in,0.22417447939247093,53.569902,29.915009,16.515089,0.28081456424651413,1.573784388947497,2.65997183052761,0.05,,0.7017895081926122,41.31972,38.122058,20.558223,0.12662380170896134,1.4446549262427422,2.6818995449283025,0.02,
816,gpr_dataset_0816.in,datasets/check001/files/gpr_dataset_0816.in,0.10606833342028053,54.419776,33.443584,12.13664,0.19371464152758,1.4047162063785614,2.618041675977488,0.05,,0.6629421935764678,44.043892,36.656614,19.299494,0.2496012858448829,1.6759997420103774,2.6937818262388316,0.02,
817,gpr_dataset_0817.in,datasets/check001/files/gpr_dataset_0817.in,0.2857212940729975,54.668376,29.798481,15.533143,0.1674572441749704,1.4663385534259608,2.6338343942509757,0.05,,0.5559854574424546,35.490265,47.286016,17.223719,0.16064270404158948,1.5074964219151976,2.6916610501575065,0.02,
818,gpr_dataset_0818.in,datasets/check001/files/gpr_dataset_0818.in,0.28422492963138724,50.425343,34.257859,15.316798,0.2758593305101244,1.3296341110343655,2.65198438025337,0.05,,0.7644588199135876,37.26492,41.497593,21.237487,0.1797888523209909,1.5182554746201413,2.6546381120705593,0.02,
819,gpr_dataset_0819.in,datasets/check001/files/gpr_dataset_0819.in,0.14018641752386324,53.13002,33.153754,13.716226,0.2916370920386232,1.4278957599496203,2.6435138824411237,0.05,,0.35767222228143913,36.641382,38.57667,24.781948,0.1914494854086734,1.4917692746913758,2.699228735854,0.02,
820,gpr_dataset_0820.in,datasets/check001/files/gpr_dataset_0820.in,0.2541481543886571,52.944157,32.461934,14.593909,0.15624488128879543,1.5840339565780481,2.630711983063886,0.05,,0.711228901322901,43.534297,37.050441,19.415262,0.2108885579347119,1.560287639561213,2.6047207548966766,0.02,
821,gpr_dataset_0821.in,datasets/check001/files/gpr_dataset_0821.in,0.16058918444052545,50.740064,33.649082,15.610854,0.22859766578214702,1.3534870352791524,2.6370823924847944,0.05,,0.78942817994434,46.055144,30.541854,23.403002,0.23385341154959105,1.6137231737084177,2.6072963481501,0.02,
822,gpr_dataset_0822.in,datasets/check001/files/gpr_dataset_0822.in,0.1407216466892886,50.671872,37.667929,11.660199,0.28831295078414165,1.3618089517213123,2.668938952026018,0.05,,0.9470185652621774,38.475133,41.001815,20.523052,0.22398583169472047,1.5115351332372062,2.683778731079369,0.02,
823,gpr_dataset_0823.in,datasets/check001/files/gpr_dataset_0823.in,0.10895135723937897,50.72511,29.515419,19.759471,0.282291718485405,1.4268521800944114,2.657053973309824,0.05,,0.9046203652878215,42.350955,33.958924,23.690121,0.21049503525391539,1.4817844809797482,2.669028125710955,0.02,
824,gpr_dataset_0824.in,datasets/check001/files/gpr_dataset_0824.in,0.18317747387819724,55.175737,29.152101,15.672162,0.24398056457846218,1.4186405421237633,2.669600176637714,0.05,,0.6143897428380084,43.654454,34.774296,21.57125,0.11729176024972329,1.6706651422184482,2.648853680540994,0.02,
825,gpr_dataset_0825.in,datasets/check001/files/gpr_dataset_0825.in,0.13667171230456188,47.505944,39.670362,12.823694,0.25213584011236956,1.5791857958473696,2.639820453736787,0.05,,0.6753820598163252,38.30612,44.431896,17.261983,0.11791010580387665,1.6468632442182294,2.6884026558713066,0.02,
826,gpr_dataset_0826.in,datasets/check001/files/gpr_dataset_0826.in,0.2900418148733721,55.342243,32.449698,12.208058,0.29933376949544455,1.4406870964441145,2.6109343894656054,0.05,,0.4600515553848585,45.312984,32.715662,21.971354,0.22096136704169256,1.4725255536346478,2.66153208268501,0.02,
827,gpr_dataset_0827.in,datasets/check001/files/gpr_dataset_0827.in,0.18762171229473698,50.296122,37.48578,12.218098,0.2900423387105978,1.5300370543625377,2.6188969424132624,0.05,,0.4473019503611111,35.568678,40.477291,23.954031,0.15120212382765957,1.6851243196073222,2.6921839774962733,0.02,
828,gpr_dataset_0828.in,datasets/check001/files/gpr_dataset_0828.in,0.17002344349329981,48.46775,36.210918,15.321332,0.1729646276088297,1.3875416796779512,2.6063649380395084,0.05,,0.42877421333677723,35.139235,44.755444,20.105321,0.2307005969142882,1.4208148647325238,2.624577612133071,0.02,
829,gpr_dataset_0829.in,datasets/check001/files/gpr_dataset_0829.in,0.2057113204714753,46.255297,37.890168,15.854535,0.23014106491669467,1.4855758675645645,2.61699152419275,0.05,,0.952960394510324,43.338238,38.081089,18.580673,0.13504929468695254,1.514364016808765,2.656271165652884,0.02,
830,gpr_dataset_0830.in,datasets/check001/files/gpr_dataset_0830.in,0.262741213124286,55.579387,33.06568,11.354933,0.24732939432263196,1.5732434372822082,2.693721093663195,0.05,,0.7513531071710461,36.575811,43.420803,20.003385,0.2122104110989746,1.6048643518028312,2.661260850168796,0.02,
831,gpr_dataset_0831.in,datasets/check001/files/gpr_dataset_0831.in,0.16902925071139796,55.305519,26.930813,17.763668,0.17297068773309496,1.460936403005073,2.636013514715314,0.05,,0.40108518079522587,42.359516,33.187504,24.452981,0.24987107208804518,1.6645812470323964,2.6368078095763963,0.02,
832,gpr_dataset_0832.in,datasets/check001/files/gpr_dataset_0832.in,0.1041874251242527,59.953206,24.44723,15.599564,0.2566028738913741,1.46244955774773,2.6226985610928306,0.05,,0.5815616643988859,43.22364,34.224888,22.551471,0.16317109825121812,1.5253176878256682,2.6733449291082563,0.02,
833,gpr_dataset_0833.in,datasets/check001/files/gpr_dataset_0833.in,0.1887785776739927,54.09826,30.884657,15.017083,0.2098324590918958,1.516992313109197,2.6205915080353672,0.05,,0.45187151729176117,39.415415,38.677063,21.907522,0.18223082743112595,1.6291929739536604,2.640820808987928,0.02,
834,gpr_dataset_0834.in,datasets/check001/files/gpr_dataset_0834.in,0.22880000964835134,56.623619,29.196259,14.180121,0.24783561615532612,1.3900960823253008,2.683288789507548,0.05,,0.8422043629666986,46.846744,34.212695,18.940561,0.1827539610377602,1.4470158040366725,2.6384290501006857,0.02,
835,gpr_dataset_0835.in,datasets/check001/files/gpr_dataset_0835.in,0.20350017164913387,48.773568,32.279415,18.947017,0.20789560068479876,1.500098061201738,2.62733199818703,0.05,,0.8221801897618257,44.181889,35.456096,20.362015,0.2172788368174845,1.4593429248422753,2.641128973153599,0.02,
836,gpr_dataset_0836.in,datasets/check001/files/gpr_dataset_0836.in,0.19371595270290742,57.774133,22.774112,19.451755,0.19743219048942404,1.5799060652331844,2.661232489742777,0.05,,0.814722335634082,41.715042,38.208342,20.076616,0.11286250876799159,1.4026006048623585,2.686224926910895,0.02,
837,gpr_dataset_0837.in,datasets/check001/files/gpr_dataset_0837.in,0.11055054117964003,55.749742,25.666329,18.583929,0.1804510605449799,1.3451808809294328,2.6213011855688406,0.05,,0.8884749594793926,35.057803,45.338473,19.603724,0.22423817639792376,1.5425261996804642,2.670360321682109,0.02,
838,gpr_dataset_0838.in,datasets/check001/files/gpr_dataset_0838.in,0.15794820979720425,49.661676,32.657969,17.680355,0.24274333388695107,1.3474841264523507,2.6552321207737046,0.05,,0.6286973736428009,42.268322,37.275391,20.456287,0.24641870906207014,1.5991607269914487,2.614664629034091,0.02,
839,gpr_dataset_0839.in,datasets/check001/files/gpr_dataset_0839.in,0.18898077770630856,58.607985,28.8304,12.561615,0.25321822463099625,1.5453855112844352,2.6930942181057755,0.05,,0.7094238430286732,31.667165,45.076286,23.256549,0.24199061170789793,1.5700349018212307,2.6885603862552174,0.02,
840,gpr_dataset_0840.in,datasets/check001/files/gpr_dataset_0840.in,0.29756305975468533,53.88601,32.649121,13.464869,0.2989345203359003,1.5372902615973676,2.666890386638889,0.05,,0.9731025773581559,34.63717,42.070073,23.292757,0.11246090421979708,1.5808437674870437,2.6799317669084295,0.02,
841,gpr_dataset_0841.in,datasets/check001/files/gpr_dataset_0841.in,0.10319110694805114,59.08156,28.972961,11.945479,0.2776879238926423,1.3576069440992686,2.628024584041563,0.05,,0.6643021250739387,43.076578,35.475251,21.448171,0.10780166050352727,1.4716411785047834,2.630663611935909,0.02,
842,gpr_dataset_0842.in,datasets/check001/files/gpr_dataset_0842.in,0.18978621363066722,58.002937,30.64513,11.351933,0.232691117038623,1.3391949568808974,2.697824866269935,0.05,,0.7369187586566397,47.604416,32.363677,20.031907,0.23568022303669262,1.5140050799885327,2.603598315786785,0.02,
844,gpr_dataset_0844.in,datasets/check001/files/gpr_dataset_0844.in,0.2837552229640006,47.270788,37.780042,14.94917,0.2263186922995215,1.3340575814761388,2.6810755082432376,0.05,,0.8643586578476752,39.023502,38.231036,22.745462,0.12310091917057575,1.6404371170035272,2.677887667780658,0.02,
846,gpr_dataset_0846.in,datasets/check001/files/gpr_dataset_0846.in,0.11623111990924895,49.932048,31.706331,18.361622,0.22140661643916842,1.3591899261807747,2.698792957883552,0.05,,0.7238204776822907,36.957212,39.192941,23.849848,0.22975123397361366,1.4183799030837037,2.6184927847292903,0.02,
847,gpr_dataset_0847.in,datasets/check001/files/gpr_dataset_0847.in,0.10126267832451806,55.147411,30.356485,14.496105,0.2312997653060787,1.5918171149254121,2.669996702018388,0.05,,0.7920076663283002,37.756517,40.422564,21.820919,0.24879706192133821,1.4487270729124575,2.6635296924680776,0.02,
848,gpr_dataset_0848.in,datasets/check001/files/gpr_dataset_0848.in,0.21846164062130374,54.759067,31.712966,13.527967,0.21397849610181502,1.547340571160821,2.673544315428116,0.05,,0.6713855915135751,39.187389,44.884924,15.927687,0.21314456406376975,1.4193960012382705,2.6062782976731085,0.02,
849,gpr_dataset_0849.in,datasets/check001/files/gpr_dataset_0849.in,0.16884465054078915,51.940632,30.786109,17.273259,0.16199274175692538,1.5293301423608654,2.6716109711274,0.05,,0.30839926067007595,46.021463,32.568625,21.409913,0.23745000762620194,1.5084439360307365,2.6681080815237066,0.02,
850,gpr_dataset_0850.in,datasets/check001/files/gpr_dataset_0850.in,0.2356391101469041,49.679416,35.315642,15.004942,0.2249542396145841,1.5290237437689769,2.6313474674119925,0.05,,0.999368199121047,37.1584,45.884624,16.956976,0.1529342447330047,1.5394834448694614,2.646164021882689,0.02,
851,gpr_dataset_0851.in,datasets/check001/files/gpr_dataset_0851.in,0.2846892040912086,51.282694,35.532859,13.184447,0.2848634356234885,1.4356529224351455,2.6142082890405205,0.05,,0.8253864584110298,45.020881,35.754077,19.225042,0.14750852478458437,1.6969286401649948,2.663219303749043,0.02,
852,gpr_dataset_0852.in,datasets/check001/files/gpr_dataset_0852.in,0.17988365049020955,43.439568,38.638772,17.92166,0.1759169922966942,1.4778811490819819,2.618390961898114,0.05,,0.36639234283173494,42.407077,36.994522,20.598401,0.10325210075526212,1.5176695693097628,2.6303522131068844,0.02,
853,gpr_dataset_0853.in,datasets/check001/files/gpr_dataset_0853.in,0.2910391522255758,56.396892,27.160359,16.442749,0.2585593806570063,1.429856872786077,2.694733089098034,0.05,,0.4118744547750018,35.786051,41.641347,22.572602,0.1433982783647006,1.4705457259388923,2.694333798806542,0.02,
854,gpr_dataset_0854.in,datasets/check001/files/gpr_dataset_0854.in,0.26072440924704643,59.176045,24.80747,16.016485,0.17379035950293448,1.4891377105801076,2.668405756815136,0.05,,0.6002982022474611,39.154024,39.337034,21.508942,0.20871351253988746,1.6421372853707845,2.686409753656487,0.02,
855,gpr_dataset_0855.in,datasets/check001/files/gpr_dataset_0855.in,0.1739135080059285,56.34616,28.19536,15.45848,0.18501575243861912,1.5615621341076957,2.6312537041558857,0.05,,0.9410165379292368,42.726796,39.517411,17.755793,0.1865829696437173,1.499318216066799,2.619437777177882,0.02,
856,gpr_dataset_0856.in,datasets/check001/files/gpr_dataset_0856.in,0.1254265695295839,46.99988,33.049687,19.950434,0.18433900517385998,1.4778504348011028,2.6237017876009063,0.05,,0.8737598894116978,42.14861,41.74939,16.102,0.17664406994066556,1.4286747978273258,2.6750192322942286,0.02,
858,gpr_dataset_0858.in,datasets/check001/files/gpr_dataset_0858.in,0.149317123328646,54.037154,27.237746,18.725099,0.22238296817452968,1.3438360589377976,2.6272757567142455,0.05,,0.524024968887034,44.315107,37.53017,18.154722,0.22362046630389457,1.5937524732683488,2.695772569569729,0.02,
859,gpr_dataset_0859.in,datasets/check001/files/gpr_dataset_0859.in,0.21951743752521485,44.908378,36.713099,18.378523,0.1792414622643987,1.5396545495930223,2.6282456258298654,0.05,,0.8534965132415757,38.482648,46.399247,15.118106,0.13914818190512063,1.4432178801956101,2.602528369448201,0.02,
860,gpr_dataset_0860.in,datasets/check001/files/gpr_dataset_0860.in,0.23032699323294797,59.745129,23.563212,16.691659,0.23328965435584456,1.4781535195800795,2.675846156711941,0.05,,0.3754214104699498,38.119182,38.170709,23.710109,0.16800002264018665,1.4488703278895028,2.6128535682877927,0.02,
861,gpr_dataset_0861.in,datasets/check001/files/gpr_dataset_0861.in,0.29122111203812984,44.545755,39.172842,16.281403,0.20532329917894993,1.3945806194062629,2.672050124686233,0.05,,0.6850889833109504,40.760012,41.093882,18.146106,0.14899156981678535,1.6508219966900306,2.603453398975448,0.02,
862,gpr_dataset_0862.in,datasets/check001/files/gpr_dataset_0862.in,0.15658178377749646,50.546295,30.902261,18.551444,0.1583788775534667,1.5151810691811087,2.613186675680188,0.05,,0.34471453166651805,37.058578,39.036317,23.905105,0.24101841827540152,1.4705040792193846,2.6754659565987566,0.02,
863,gpr_dataset_0863.in,datasets/check001/files/gpr_dataset_0863.in,0.29446388685268315,50.54138,30.535517,18.923103,0.22386835523012266,1.463533414294162,2.6524679343524227,0.05,,0.7492730956733977,40.234091,35.119791,24.646118,0.22215462275660175,1.5345494437792757,2.611524914773378,0.02,
864,gpr_dataset_0864.in,datasets/check001/files/gpr_dataset_0864.in,0.28228487501839555,52.303235,28.670775,19.02599,0.2336526867272986,1.3157449304526356,2.6842893180975973,0.05,,0.4578639085224663,37.366673,41.645202,20.988125,0.12289461190375055,1.6611449416078772,2.6500583874579213,0.02,
865,gpr_dataset_0865.in,datasets/check001/files/gpr_dataset_0865.in,0.1645900508575518,55.835588,33.839393,10.325019,0.26483050132875074,1.4476681791771497,2.666964207377093,0.05,,0.7879873215441189,44.229409,33.228296,22.542295,0.1313254914017461,1.5748217556434834,2.600715237371163,0.02,
866,gpr_dataset_0866.in,datasets/check001/files/gpr_dataset_0866.in,0.24036484223697696,52.696224,27.926531,19.377245,0.17462687685770706,1.3638334992950913,2.6536229983026907,0.05,,0.9406404639734018,44.407235,35.249046,20.343719,0.17663194357054657,1.4479589965227744,2.620158591683337,0.02,
867,gpr_dataset_0867.in,datasets/check001/files/gpr_dataset_0867.in,0.2215237025265071,54.395175,30.921395,14.68343,0.16787514908290949,1.3856145190856974,2.6028817478161628,0.05,,0.7223575001762386,42.052067,39.323336,18.624597,0.12772480560022612,1.4124980264621645,2.6804635816117597,0.02,
868,gpr_dataset_0868.in,datasets/check001/files/gpr_dataset_0868.in,0.24856268157524397,59.146947,24.696933,16.15612,0.26209095563584167,1.5498789094904435,2.6674206332969237,0.05,,0.9206565075761133,46.768937,37.549333,15.68173,0.19391764502578607,1.5700539780189242,2.6884380428817587,0.02,
869,gpr_dataset_0869.in,datasets/check001/files/gpr_dataset_0869.in,0.15046651544691034,56.694034,29.57414,13.731826,0.17713787204812242,1.4001796041571037,2.649959271361526,0.05,,0.8039594722688213,43.331432,38.215814,18.452754,0.21307879630318724,1.6762456852756789,2.648017557383202,0.02,
871,gpr_dataset_0871.in,datasets/check001/files/gpr_dataset_0871.in,0.29224167936963913,48.907422,31.902892,19.189686,0.2956410297265265,1.522553945801656,2.637282096651271,0.05,,0.49598507651866164,45.641281,38.093351,16.265368,0.11801147755464553,1.4425514249415523,2.6456927649156197,0.02,
872,gpr_dataset_0872.in,datasets/check001/files/gpr_dataset_0872.in,0.28644912822151475,54.658789,35.078087,10.263124,0.24550646775692014,1.5857274979691849,2.6792762525605918,0.05,,0.9162033971527974,49.50303,34.08527,16.411701,0.20872135449365098,1.5365733732352966,2.6886440005747803,0.02,
873,gpr_dataset_0873.in,datasets/check001/files/gpr_dataset_0873.in,0.23898371541119337,55.750856,25.079262,19.169883,0.15949257656719612,1.507540455803189,2.6215475574621245,0.05,,0.5782772546605279,42.855464,35.088355,22.056181,0.16985523746806114,1.4525068677356252,2.601326906365723,0.02,
874,gpr_dataset_0874.in,datasets/check001/files/gpr_dataset_0874.in,0.2794816226423289,47.83042,35.278157,16.891422,0.25648526171025104,1.5156612511258674,2.6202698631599106,0.05,,0.48709910673714435,39.632301,44.961293,15.406406,0.20345128005145763,1.6431061781986398,2.6995837454871703,0.02,
875,gpr_dataset_0875.in,datasets/check001/files/gpr_dataset_0875.in,0.10882462095248831,49.295549,35.713686,14.990766,0.25544204021453215,1.5375891318131705,2.6715569323662347,0.05,,0.8197681757294102,41.464158,36.866331,21.669511,0.22310713023596462,1.5633772227851184,2.6373267461796117,0.02,
876,gpr_dataset_0876.in,datasets/check001/files/gpr_dataset_0876.in,0.2803641786743287,55.328209,31.269871,13.401919,0.2458971277029675,1.4221004937007191,2.65802117914094,0.05,,0.5604769410732307,38.454515,42.291212,19.254273,0.161173866719375,1.6884159246795878,2.6086445559577287,0.02,
877,gpr_dataset_0877.in,datasets/check001/files/gpr_dataset_0877.in,0.1506400613259857,43.758464,39.399848,16.841688,0.21761531169008833,1.4617635381112992,2.6680337668689162,0.05,,0.9228186348820404,33.498402,43.944223,22.557375,0.12175757393105985,1.5024949637209124,2.6632697446882823,0.02,
878,gpr_dataset_0878.in,datasets/check001/files/gpr_dataset_0878.in,0.24895877861891383,52.667353,29.070283,18.262364,0.26884166993850406,1.5474056512710783,2.6396350175751326,0.05,,0.876410359839225,40.397624,42.260457,17.341919,0.17793532696047645,1.5726393774242113,2.625471716325362,0.02,
879,gpr_dataset_0879.in,datasets/check001/files/gpr_dataset_0879.in,0.2100897128353073,53.263693,31.49365,15.242657,0.26815863661643086,1.4467539976170392,2.6325487298755754,0.05,,0.8855281491416624,35.200841,45.791333,19.007826,0.22290413498073786,1.4657214267038243,2.635113435797264,0.02,
880,gpr_dataset_0880.in,datasets/check001/files/gpr_dataset_0880.in,0.18159968955487152,58.81642,23.650555,17.533025,0.218048113385999,1.5503047839416777,2.6895234352002437,0.05,,0.43183179275200756,31.285586,47.818617,20.895797,0.11617013010591595,1.4433066649344048,2.6072206673733422,0.02,
881,gpr_dataset_0881.in,datasets/check001/files/gpr_dataset_0881.in,0.2900221203365265,55.919006,24.123079,19.957915,0.1535258419992998,1.3093292332346382,2.6121075534873364,0.05,,0.4299998818290205,48.179712,33.26198,18.558309,0.24265189854683683,1.5265752582509993,2.635751428948034,0.02,
882,gpr_dataset_0882.in,datasets/check001/files/gpr_dataset_0882.in,0.18060016186620062,57.499395,27.711873,14.788732,0.18126726072704785,1.4285571641160348,2.658969079643157,0.05,,0.6349076393593379,45.456716,33.141888,21.401396,0.10472770575433393,1.495889554213353,2.603104032021599,0.02,
883,gpr_dataset_0883.in,datasets/check001/files/gpr_dataset_0883.in,0.2401263005638085,57.058726,27.595417,15.345858,0.1647010226801429,1.506577342570852,2.6620231724386185,0.05,,0.5457384449570298,41.056865,42.488505,16.45463,0.20864179525222262,1.6146825469239774,2.692231088946764,0.02,
884,gpr_dataset_0884.in,datasets/check001/files/gpr_dataset_0884.in,0.19093723949767813,55.174918,24.91512,19.909962,0.15515132247232552,1.3929440734221616,2.6777163771570027,0.05,,0.8982495353805966,39.170108,43.598179,17.231713,0.11925762324790924,1.6588150061858653,2.6780834906013578,0.02,
885,gpr_dataset_0885.in,datasets/check001/files/gpr_dataset_0885.in,0.2871076367889263,52.252706,32.108655,15.638639,0.2545696574058942,1.4164534325926923,2.6924980473039026,0.05,,0.7575916216301295,32.718285,44.061857,23.219857,0.17366485019093603,1.670678523447497,2.629338947574463,0.02,
886,gpr_dataset_0886.in,datasets/check001/files/gpr_dataset_0886.in,0.13254923677417113,54.836944,31.878439,13.284617,0.17321942854884798,1.551212330334233,2.6199123080686824,0.05,,0.6403732163781661,30.511513,46.11584,23.372647,0.2358114944882299,1.6317388006524434,2.6043874675797496,0.02,
887,gpr_dataset_0887.in,datasets/check001/files/gpr_dataset_0887.in,0.1365355599275569,47.313599,34.029042,18.657358,0.18430987862552844,1.4333999242076692,2.670078002622754,0.05,,0.9381586371456285,44.659598,37.652164,17.688238,0.1550013465371028,1.6096763598098758,2.6020537605199285,0.02,
888,gpr_dataset_0888.in,datasets/check001/files/gpr_dataset_0888.in,0.2050350441004179,55.180622,33.488248,11.331131,0.2210487004744301,1.3836706618285726,2.6557281558975934,0.05,,0.59557866340024,37.387595,38.266803,24.345602,0.2359924360303593,1.6626598934922976,2.612101087737165,0.02,
889,gpr_dataset_0889.in,datasets/check001/files/gpr_dataset_0889.in,0.13239906443115698,51.842724,33.574085,14.583191,0.29947806620514267,1.4119950597525428,2.626300668327421,0.05,,0.3467732197016906,46.430148,34.17404,19.395812,0.18394998726221445,1.4696744878644807,2.614738723114389,0.02,
890,gpr_dataset_0890.in,datasets/check001/files/gpr_dataset_0890.in,0.12664296440279804,58.8975,23.506563,17.595936,0.23783592752797822,1.3026572472676876,2.688038464495139,0.05,,0.3959432544087651,40.8085,39.794564,19.396936,0.12830005176071416,1.5424278657397823,2.647873435328992,0.02,
891,gpr_dataset_0891.in,datasets/check001/files/gpr_dataset_0891.in,0.11980940278234775,49.830545,34.086221,16.083234,0.27058049336550966,1.3438337184498066,2.6126955582632467,0.05,,0.656907524926825,47.837253,31.767317,20.39543,0.24810425721770907,1.5698472227857994,2.6247067821226575,0.02,
892,gpr_dataset_0892.in,datasets/check001/files/gpr_dataset_0892.in,0.25068274947033614,58.987826,28.28575,12.726425,0.18937026791988848,1.3179019050725644,2.643187103452466,0.05,,0.9094681085969605,46.59938,31.214265,22.186355,0.23961699721256147,1.5172328683357574,2.6606436512145195,0.02,
894,gpr_dataset_0894.in,datasets/check001/files/gpr_dataset_0894.in,0.1132667952205042,56.10981,29.091984,14.798206,0.21967606393639016,1.5420434154272353,2.6917110766034447,0.05,,0.5124478219853872,42.700356,38.332258,18.967387,0.24227439143126295,1.553431988107683,2.63860938530968,0.02,
895,gpr_dataset_0895.in,datasets/check001/files/gpr_dataset_0895.in,0.2742318106286342,50.294412,31.714008,17.99158,0.24078072264716982,1.4983026477377477,2.657398811084976,0.05,,0.6285296703573515,35.34061,44.196663,20.462727,0.17754963705282656,1.589409762016537,2.6251592938818944,0.02,
896,gpr_dataset_0896.in,datasets/check001/files/gpr_dataset_0896.in,0.15364232500517497,52.612318,29.857766,17.529916,0.19695774494873713,1.571743246147404,2.6907217631037645,0.05,,0.6962104472062483,38.368979,37.493762,24.137259,0.177650764222555,1.523461773124014,2.6263910149021155,0.02,
897,gpr_dataset_0897.in,datasets/check001/files/gpr_dataset_0897.in,0.18476962248934004,49.49301,32.912947,17.594043,0.17089165091765418,1.5309727088101184,2.6295015299245463,0.05,,0.780972366632415,38.661497,42.426715,18.911789,0.2197045960977939,1.574524707764639,2.6173415609577377,0.02,
898,gpr_dataset_0898.in,datasets/check001/files/gpr_dataset_0898.in,0.244918539706979,56.200977,32.018775,11.780248,0.26849175389868496,1.5491167791278038,2.618307783370669,0.05,,0.7532341343663949,42.176482,36.868466,20.955052,0.1406110740443512,1.5704568157920522,2.653740861521214,0.02,
899,gpr_dataset_0899.in,datasets/check001/files/gpr_dataset_0899.in,0.12926798351813212,43.030241,38.021228,18.948531,0.21821408488014826,1.5972561259954665,2.658358360693722,0.05,,0.49396416438954227,45.517169,37.409458,17.073373,0.1641560945229002,1.694508998445182,2.6595271774441596,0.02,
900,gpr_dataset_0900.in,datasets/check001/files/gpr_dataset_0900.in,0.1952736309724632,58.261009,27.324312,14.414679,0.20420023995651798,1.540389936404355,2.605450214476164,0.05,,0.8930222984343468,37.735365,43.491874,18.772761,0.21758059571969204,1.6777243429638962,2.6686724271053555,0.02,
901,gpr_dataset_0901.in,datasets/check001/files/gpr_dataset_0901.in,0.1409785479902288,58.259601,31.566155,10.174243,0.2006408840158987,1.4873080068519084,2.627717380437395,0.05,,0.6008618501460268,35.430995,43.371514,21.197492,0.14001036650819876,1.5657847382580148,2.6840767996284085,0.02,
902,gpr_dataset_0902.in,datasets/check001/files/gpr_dataset_0902.in,0.13034057918631145,56.997827,29.388633,13.61354,0.27085654620051347,1.5475358114762725,2.620314120904886,0.05,,0.7314076439455777,47.513178,30.801684,21.685139,0.24680087451720908,1.4809187475060306,2.64862570771915,0.02,
903,gpr_dataset_0903.in,datasets/check001/files/gpr_dataset_0903.in,0.11913673169343614,59.326888,25.457584,15.215528,0.17484638380842488,1.3520629329628324,2.622034161746108,0.05,,0.3751708366142053,37.905799,39.425795,22.668406,0.18995745016216065,1.5160109880108352,2.6213387811423696,0.02,
904,gpr_dataset_0904.in,datasets/check001/files/gpr_dataset_0904.in,0.12007332272422643,46.105889,37.921703,15.972408,0.2608746583254468,1.4153426561890239,2.661505292170267,0.05,,0.566113843888928,40.793546,35.406912,23.799542,0.1737279740385528,1.636876327265382,2.652393538014806,0.02,
905,gpr_dataset_0905.in,datasets/check001/files/gpr_dataset_0905.in,0.16441600325810285,49.645245,32.09592,18.258835,0.24098309040680854,1.411888315851649,2.6703456387500144,0.05,,0.720667483552231,42.120006,35.966252,21.913742,0.13106963658846357,1.4942635342924269,2.640510228480504,0.02,
906,gpr_dataset_0906.in,datasets/check001/files/gpr_dataset_0906.in,0.14975313203771976,53.002985,28.481136,18.515879,0.22045695367528692,1.3072827935661946,2.693526553037248,0.05,,0.4708510276066815,41.464753,36.835681,21.699566,0.15833048176578043,1.5035552450109733,2.638097093269597,0.02,
907,gpr_dataset_0907.in,datasets/check001/files/gpr_dataset_0907.in,0.19819149439974404,52.609646,36.870457,10.519897,0.18823885956581315,1.3685670508499181,2.636659475350081,0.05,,0.9979693567894501,41.015204,34.589089,24.395706,0.19675134217422804,1.57973156615556,2.6810142153469565,0.02,
908,gpr_dataset_0908.in,datasets/check001/files/gpr_dataset_0908.in,0.2691805095021327,57.027394,26.120764,16.851842,0.16349587519515812,1.5747549753459253,2.609237678062506,0.05,,0.7867189562840522,39.652814,36.40547,23.941716,0.1417770190585502,1.6747888628825993,2.622908866710562,0.02,
909,gpr_dataset_0909.in,datasets/check001/files/gpr_dataset_0909.in,0.16231966937576053,58.637477,28.657145,12.705378,0.15782198038616296,1.4963865737239288,2.6784262954233795,0.05,,0.967687218686677,47.487034,32.596895,19.916071,0.24130241582907438,1.6684766013203403,2.6236245222517716,0.02,
910,gpr_dataset_0910.in,datasets/check001/files/gpr_dataset_0910.in,0.2615457459708186,49.427739,38.556536,12.015725,0.16522654548553092,1.5451869281749657,2.6178730596109876,0.05,,0.3868960965077692,36.786064,42.377874,20.836062,0.12290779113805742,1.6796450313630849,2.6245646542213175,0.02,
911,gpr_dataset_0911.in,datasets/check001/files/gpr_dataset_0911.in,0.10174929846149364,53.090473,32.841667,14.06786,0.15310769397867444,1.4513529238734504,2.605685007120524,0.05,,0.3944643729694253,38.512205,41.187685,20.30011,0.2292532435904843,1.6502839759748968,2.657386450307934,0.02,
912,gpr_dataset_0912.in,datasets/check001/files/gpr_dataset_0912.in,0.15585541049004376,56.485443,29.556912,13.957645,0.18723221960897024,1.4920408359304311,2.6754513614194644,0.05,,0.3469518213570073,43.076166,34.429575,22.494258,0.21982570792357234,1.6032576242556986,2.639501692019638,0.02,
913,gpr_dataset_0913.in,datasets/check001/files/gpr_dataset_0913.in,0.20829379070734222,48.959219,31.060087,19.980695,0.29149280136785227,1.4061806457930461,2.660551716072464,0.05,,0.802849098938252,40.802861,40.844364,18.352775,0.161151743866759,1.5509457644624862,2.6499726698743107,0.02,
914,gpr_dataset_0914.in,datasets/check001/files/gpr_dataset_0914.in,0.26096774494114017,49.146456,35.626744,15.226801,0.19476632675029654,1.4813187261763927,2.641241300391087,0.05,,0.563160955232848,41.291794,39.9898,18.718406,0.10240623118233355,1.5306612613240005,2.6638453675436584,0.02,
915,gpr_dataset_0915.in,datasets/check001/files/gpr_dataset_0915.in,0.12943403340867227,51.808753,32.376422,15.814825,0.24736069790321646,1.3905916416563708,2.6244491779374446,0.05,,0.3114646310385503,37.065713,41.614596,21.319691,0.16995235723952606,1.5395614110787967,2.6882383437489663,0.02,
916,gpr_dataset_0916.in,datasets/check001/files/gpr_dataset_0916.in,0.19265986104371263,52.986588,35.16687,11.846542,0.15796790124910523,1.439526825195682,2.638655684804206,0.05,,0.7574024126714394,38.987296,42.311634,18.70107,0.17688422562734044,1.5431324296605387,2.6933977179090363,0.02,
917,gpr_dataset_0917.in,datasets/check001/files/gpr_dataset_0917.in,0.2737258074390509,55.986393,30.539173,13.474434,0.2882977930904003,1.3497836187729004,2.699209956155198,0.05,,0.4021573194938629,46.617736,37.309465,16.072799,0.1328040696278302,1.556327309544235,2.6024139847221663,0.02,
918,gpr_dataset_0918.in,datasets/check001/files/gpr_dataset_0918.in,0.18068241079753775,55.200851,28.804353,15.994796,0.19273907546099373,1.3152749049690902,2.6516997520518464,0.05,,0.3863084563499176,38.325417,39.296583,22.378,0.10542338825723531,1.6337923628419408,2.672866444102628,0.02,
919,gpr_dataset_0919.in,datasets/check001/files/gpr_dataset_0919.in,0.21327011511616073,41.330141,39.347697,19.322163,0.20668874829652017,1.498184878485511,2.643986145951934,0.05,,0.8057804639983421,36.010154,42.580714,21.409132,0.1062837474540026,1.4908730872246205,2.695355966041194,0.02,
920,gpr_dataset_0920.in,datasets/check001/files/gpr_dataset_0920.in,0.13889868917819242,52.436248,28.931304,18.632448,0.17274696800140085,1.4641167914156321,2.6255147881734566,0.05,,0.9412498820381698,38.963214,43.755677,17.281109,0.17024599229745643,1.6943591807013838,2.692482178414324,0.02,
922,gpr_dataset_0922.in,datasets/check001/files/gpr_dataset_0922.in,0.21795591640479606,49.881594,33.585155,16.533251,0.1867944809342163,1.5444795564313796,2.6433873366440803,0.05,,0.4905319722720051,44.54974,32.875758,22.574502,0.24869693525661798,1.4153859711112835,2.6591692844780854,0.02,
923,gpr_dataset_0923.in,datasets/check001/files/gpr_dataset_0923.in,0.2603347597466795,46.461018,37.538322,16.000661,0.27667322916926046,1.3656857674138534,2.695617679691865,0.05,,0.6250433045150507,38.69117,37.411939,23.896891,0.1544489362232145,1.6227570706602574,2.6419291530300475,0.02,
924,gpr_dataset_0924.in,datasets/check001/files/gpr_dataset_0924.in,0.16624262675506551,52.235061,29.176665,18.588273,0.2892614774363663,1.3198961789346473,2.6313957005188797,0.05,,0.9225145506846317,38.120028,45.592641,16.287331,0.17097612095440767,1.4091786541054825,2.69375940216361,0.02,
925,gpr_dataset_0925.in,datasets/check001/files/gpr_dataset_0925.in,0.1236452807605377,45.994893,38.659014,15.346093,0.29374113946744573,1.4765269671694083,2.6405317697153285,0.05,,0.8946150426907682,37.772963,44.625823,17.601214,0.12387880004716906,1.498142869606866,2.6376847646036734,0.02,
927,gpr_dataset_0927.in,datasets/check001/files/gpr_dataset_0927.in,0.2653514753281837,52.978318,35.330047,11.691635,0.28393195902157653,1.3990425216405944,2.6038942247601713,0.05,,0.7080044519725595,43.173194,36.686915,20.139891,0.1288372223707393,1.4509803173625233,2.639086416232728,0.02,
928,gpr_dataset_0928.in,datasets/check001/files/gpr_dataset_0928.in,0.2986962251221539,46.744582,35.340481,17.914937,0.22891312398577104,1.5495406648801349,2.6284444854696214,0.05,,0.3454597638818293,42.653262,35.642452,21.704286,0.2049914090129265,1.4288360569545973,2.6606483587799907,0.02,
930,gpr_dataset_0930.in,datasets/check001/files/gpr_dataset_0930.in,0.16186521897652054,56.175893,29.956198,13.867909,0.1732828617507193,1.323835937810126,2.658768309559779,0.05,,0.38240269723069653,36.694357,44.483118,18.822525,0.11101632336058682,1.6311100125299278,2.668772580712997,0.02,
931,gpr_dataset_0931.in,datasets/check001/files/gpr_dataset_0931.in,0.21585406100638813,57.655915,30.440047,11.904038,0.2466466534900695,1.582773619156273,2.6552120236526284,0.05,,0.7113695585115417,47.478002,33.304073,19.217926,0.10507541935616284,1.446959287056612,2.619148860383843,0.02,
932,gpr_dataset_0932.in,datasets/check001/files/gpr_dataset_0932.in,0.11321107007401017,48.446616,33.181979,18.371405,0.20962344532876248,1.512742519071492,2.6323579582941625,0.05,,0.39303227790479983,34.7666,46.941972,18.291428,0.1472182567694021,1.674647972177373,2.656656873872976,0.02,
933,gpr_dataset_0933.in,datasets/check001/files/gpr_dataset_0933.in,0.23997104940408748,47.218365,35.488506,17.293129,0.2581176584741245,1.4253610582018996,2.6770859941908904,0.05,,0.7420765731670652,40.589765,42.220492,17.189743,0.10041059602565755,1.5448395098110317,2.6824324041376073,0.02,
934,gpr_dataset_0934.in,datasets/check001/files/gpr_dataset_0934.in,0.20021537870423975,50.56268,30.472092,18.965228,0.2604818195969453,1.4514943419548407,2.6530869099428434,0.05,,0.9227104594567015,44.039913,37.308133,18.651954,0.1652406492490826,1.6849450820638339,2.680027944623996,0.02,
935,gpr_dataset_0935.in,datasets/check001/files/gpr_dataset_0935.in,0.19099050009867924,53.997396,30.723549,15.279055,0.2633660366271843,1.3133540979426035,2.6332605406775436,0.05,,0.5851354093292667,39.344945,42.393249,18.261806,0.23173515619774734,1.6787145222653665,2.6914105205866456,0.02,
936,gpr_dataset_0936.in,datasets/check001/files/gpr_dataset_0936.in,0.2217520916043187,51.38566,30.292707,18.321633,0.21739070072550382,1.3900847521979658,2.6652054696173706,0.05,,0.3270973315217747,34.51405,47.982773,17.503177,0.13980488703133725,1.5592228455004562,2.6040544146461793,0.02,
937,gpr_dataset_0937.in,datasets/check001/files/gpr_dataset_0937.in,0.290401717754464,53.697073,30.627232,15.675695,0.2937956170098175,1.5407173532320944,2.627363470595522,0.05,,0.8700972745541165,41.226289,38.61174,20.161971,0.24288958765501167,1.638388916328801,2.6640019653648093,0.02,
938,gpr_dataset_0938.in,datasets/check001/files/gpr_dataset_0938.in,0.16124082471266515,48.985803,36.766522,14.247675,0.16738074889991492,1.3704500233954844,2.69892770825999,0.05,,0.6925283000469569,38.710264,43.292948,17.996788,0.20276260610241498,1.423903067399803,2.6646842980724545,0.02,
939,gpr_dataset_0939.in,datasets/check001/files/gpr_dataset_0939.in,0.28931571167687253,47.525343,34.88241,17.592247,0.21233634706049576,1.5717863628859432,2.620409332759054,0.05,,0.41473510975391215,32.378892,49.284478,18.33663,0.1813479312042417,1.5646042003609746,2.6068589769871724,0.02,
940,gpr_dataset_0940.in,datasets/check001/files/gpr_dataset_0940.in,0.2965627210670242,45.561662,36.18534,18.252998,0.2916545852311526,1.589543102336609,2.6113370759523664,0.05,,0.6159041154106772,32.253274,45.074721,22.672005,0.16979458389145835,1.4366292532114129,2.666799837808584,0.02,
941,gpr_dataset_0941.in,datasets/check001/files/gpr_dataset_0941.in,0.15566011337264923,45.797303,39.328292,14.874406,0.20818210222564848,1.35679004835778,2.6944940717892916,0.05,,0.8077206701990907,41.81289,36.77336,21.41375,0.21497258888902981,1.697636893533393,2.6162292131377853,0.02,
942,gpr_dataset_0942.in,datasets/check001/files/gpr_dataset_0942.in,0.1684202375417051,52.448391,35.134843,12.416766,0.29866703032483966,1.5271943076660566,2.6351382583601692,0.05,,0.5381265431452866,38.184059,45.611131,16.20481,0.17686296266599988,1.6435428293104306,2.621235998099687,0.02,
943,gpr_dataset_0943.in,datasets/check001/files/gpr_dataset_0943.in,0.13802873733799917,49.906891,33.557689,16.53542,0.16003508490637383,1.5979066738739265,2.622675119962179,0.05,,0.7599180016939144,43.532801,35.982162,20.485037,0.15809134020158722,1.5927582145531567,2.6199113077670115,0.02,
945,gpr_dataset_0945.in,datasets/check001/files/gpr_dataset_0945.in,0.2122824575992303,52.919797,28.398255,18.681948,0.29942035177901893,1.517771104190314,2.634070333182628,0.05,,0.7374625836877562,32.08549,48.892572,19.021938,0.14680872656823865,1.64664937278399,2.62934513169448,0.02,
947,gpr_dataset_0947.in,datasets/check001/files/gpr_dataset_0947.in,0.16555076865073465,48.887601,33.702928,17.409471,0.2404359615589074,1.5554709675165772,2.636253216202091,0.05,,0.3666100858319354,36.814069,38.266126,24.919805,0.1273928436373301,1.463693140258405,2.6800371587863854,0.02,
948,gpr_dataset_0948.in,datasets/check001/files/gpr_dataset_0948.in,0.14630387581747578,46.525133,37.634063,15.840804,0.2311959496657996,1.5577757740311247,2.681157710189234,0.05,,0.6842555504638441,40.208711,42.39823,17.393058,0.18285501188550113,1.4892638178924524,2.6895325812724606,0.02,
949,gpr_dataset_0949.in,datasets/check001/files/gpr_dataset_0949.in,0.2504603861731102,59.688164,28.498901,11.812935,0.16031213264277014,1.5846951475993456,2.658830425891287,0.05,,0.3747800873516623,40.538705,40.379707,19.081589,0.18129466187979013,1.4792846750292337,2.659085385456426,0.02,
950,gpr_dataset_0950.in,datasets/check001/files/gpr_dataset_0950.in,0.21223809405419902,51.418451,30.461305,18.120245,0.2446258315580877,1.3050536471686862,2.6218417880898333,0.05,,0.7957130475987717,31.446668,46.28911,22.264222,0.1764526679053007,1.6968940542815114,2.600528649003365,0.02,
951,gpr_dataset_0951.in,datasets/check001/files/gpr_dataset_0951.in,0.20459502469759094,45.868957,36.211106,17.919937,0.17813249285443067,1.464269131208759,2.605937166087123,0.05,,0.4477052623724979,44.464878,34.729875,20.805247,0.15164018027805964,1.521356178016338,2.6590770128455334,0.02,
952,gpr_dataset_0952.in,datasets/check001/files/gpr_dataset_0952.in,0.282149247196811,48.629629,32.506537,18.863834,0.22465158552093722,1.5933447534917535,2.6405544963410033,0.05,,0.43381545709632285,41.506254,38.552521,19.941224,0.19612308395676775,1.435993170664849,2.667102377302036,0.02,
953,gpr_dataset_0953.in,datasets/check001/files/gpr_dataset_0953.in,0.12648971484760668,54.824593,33.8044,11.371007,0.18272035078318682,1.5878199438287621,2.6574574723860755,0.05,,0.7562970977063735,38.85774,41.260842,19.881418,0.20864713152642922,1.6356792445255313,2.6868801142042553,0.02,
954,gpr_dataset_0954.in,datasets/check001/files/gpr_dataset_0954.in,0.1650223225016147,49.09841,33.793247,17.108343,0.21651176586350768,1.3604646821120894,2.6635051571919885,0.05,,0.44474702531432897,34.304227,43.870223,21.82555,0.1993455330760425,1.5469739999374303,2.694914300943835,0.02,
955,gpr_dataset_0955.in,datasets/check001/files/gpr_dataset_0955.in,0.18749016381641243,52.80811,33.608248,13.583642,0.2672089631359317,1.5501070120772549,2.6748324315687624,0.05,,0.6669973969634699,40.491826,38.271615,21.236559,0.14251692587062129,1.4531180234837955,2.676905356357819,0.02,
956,gpr_dataset_0956.in,datasets/check001/files/gpr_dataset_0956.in,0.19464679328455808,55.794828,29.659002,14.546169,0.2795771713654871,1.5518403905857396,2.696350817673352,0.05,,0.4887476452612936,41.821691,40.930054,17.248256,0.2171511719760533,1.5935661073458998,2.638458164944405,0.02,
958,gpr_dataset_0958.in,datasets/check001/files/gpr_dataset_0958.in,0.12142383045140769,50.845648,33.202333,15.952019,0.23616205058879552,1.5773292016906724,2.692182748156002,0.05,,0.7392635349029726,36.229075,43.411166,20.359759,0.18519265950616032,1.4004381555639636,2.6193419137503,0.02,
959,gpr_dataset_0959.in,datasets/check001/files/gpr_dataset_0959.in,0.12169324715825756,49.111941,37.566666,13.321394,0.270688978886539,1.4758577068138123,2.6628847043230786,0.05,,0.7688853970865682,45.113909,37.863898,17.022193,0.15698822714968153,1.5873857673919247,2.689025706980291,0.02,
960,gpr_dataset_0960.in,datasets/check001/files/gpr_dataset_0960.in,0.164943011173313,56.09968,26.636107,17.264213,0.22987289801250677,1.4479451646527148,2.6430823191683754,0.05,,0.6937046938501443,43.874575,32.122412,24.003014,0.13469566487975637,1.659965466806017,2.6204959351324164,0.02,
961,gpr_dataset_0961.in,datasets/check001/files/gpr_dataset_0961.in,0.1824719749912332,59.696811,28.91196,11.391229,0.2607036712183063,1.3655411370937758,2.609685618457657,0.05,,0.47951957738539924,43.391418,34.256924,22.351658,0.196452883916303,1.6669404695551922,2.6893102736838794,0.02,
962,gpr_dataset_0962.in,datasets/check001/files/gpr_dataset_0962.in,0.11869659176590186,57.526796,31.714748,10.758456,0.1875475016881893,1.4794970405181298,2.674641773573389,0.05,,0.9567902001190001,37.805026,42.903041,19.291933,0.12505565955187792,1.6271979198512483,2.6728664591955815,0.02,
963,gpr_dataset_0963.in,datasets/check001/files/gpr_dataset_0963.in,0.2852456433207494,46.277013,37.033087,16.6899,0.28312024101325584,1.330028063257136,2.650370045440554,0.05,,0.46053045948868787,44.409366,32.094708,23.495926,0.2401982240642231,1.6259982163884248,2.655628686171725,0.02,
964,gpr_dataset_0964.in,datasets/check001/files/gpr_dataset_0964.in,0.13285887096360233,49.748828,35.977116,14.274056,0.250094789201682,1.3577633876474238,2.682231402514096,0.05,,0.46395368960672984,39.726949,42.005182,18.267869,0.16742005187156628,1.585593863877315,2.603149090050069,0.02,
965,gpr_dataset_0965.in,datasets/check001/files/gpr_dataset_0965.in,0.2451487688902635,54.82114,27.503375,17.675485,0.26416389081581715,1.5504239187093671,2.643182252462156,0.05,,0.7815419900736778,47.318464,33.640697,19.040839,0.12570627261832615,1.410538851916111,2.617509574207991,0.02,
966,gpr_dataset_0966.in,datasets/check001/files/gpr_dataset_0966.in,0.2685815422131127,59.265074,26.563181,14.171746,0.16098195406094903,1.4245158518294387,2.6434618459859918,0.05,,0.7897812773944413,33.412344,44.391602,22.196054,0.2325742956367974,1.5592597408964488,2.6900913856417334,0.02,
967,gpr_dataset_0967.in,datasets/check001/files/gpr_dataset_0967.in,0.2183365835234151,56.822456,30.419366,12.758178,0.21795827391452768,1.548632661992053,2.6594269592559696,0.05,,0.7623616367362851,38.118123,43.305545,18.576332,0.22550350441938252,1.533522736905162,2.631573020115665,0.02,
968,gpr_dataset_0968.in,datasets/check001/files/gpr_dataset_0968.in,0.22125626238308413,51.861813,31.871639,16.266548,0.17944044739657955,1.388660265599622,2.677255806725806,0.05,,0.6254078719695904,33.003826,43.176102,23.820072,0.11901684168819071,1.416137658573101,2.6737003577502594,0.02,
969,gpr_dataset_0969.in,datasets/check001/files/gpr_dataset_0969.in,0.20670857869023473,55.863743,30.50252,13.633737,0.2474482919059645,1.5137346924937045,2.681670434873714,0.05,,0.3369821888399727,32.272281,45.644001,22.083718,0.13607243661731622,1.4152274515667913,2.6858303156546515,0.02,
970,gpr_dataset_0970.in,datasets/check001/files/gpr_dataset_0970.in,0.2087341023749426,49.92041,37.040139,13.039451,0.2287613807665927,1.3280609583698024,2.6261140192539068,0.05,,0.6842352009961452,47.83084,31.721741,20.447419,0.22568521448072087,1.4419137287204042,2.6790028134141175,0.02,
971,gpr_dataset_0971.in,datasets/check001/files/gpr_dataset_0971.in,0.23975510394014324,52.783804,28.997278,18.218917,0.21331836140258592,1.4901563425661466,2.608015688313351,0.05,,0.8320977160728698,36.389676,40.480519,23.129805,0.15065222311387969,1.4099318372431682,2.6011529615372773,0.02,
972,gpr_dataset_0972.in,datasets/check001/files/gpr_dataset_0972.in,0.10546436127320565,58.009296,22.294997,19.695707,0.15455211112309297,1.3967489827385335,2.675755852268784,0.05,,0.8655804965341645,46.211486,35.06299,18.725524,0.2429632981926649,1.4294781798995562,2.678364968221109,0.02,
973,gpr_dataset_0973.in,datasets/check001/files/gpr_dataset_0973.in,0.20780626780919387,47.117542,35.513216,17.369243,0.24073061610666058,1.5157676223287924,2.698840290571255,0.05,,0.5189908181528117,39.718906,41.959054,18.32204,0.14347926946639566,1.4876413790750593,2.6159274452068213,0.02,
974,gpr_dataset_0974.in,datasets/check001/files/gpr_dataset_0974.in,0.20915504666084925,46.836015,36.373952,16.790033,0.1930775703763282,1.45666664818731,2.6767987102840873,0.05,,0.40540407391643124,44.922389,34.575208,20.502403,0.10636897494731132,1.513833577488827,2.6040383163892806,0.02,
975,gpr_dataset_0975.in,datasets/check001/files/gpr_dataset_0975.in,0.18693798403041478,49.099096,38.751286,12.149617,0.18919279450825538,1.373683852056926,2.634535216269395,0.05,,0.5390424010312704,38.048325,41.204746,20.74693,0.1607775021840496,1.5689004520839653,2.6235801774360037,0.02,
976,gpr_dataset_0976.in,datasets/check001/files/gpr_dataset_0976.in,0.12985461175099033,54.578373,29.529169,15.892458,0.2491985858034319,1.4098631925362193,2.6821578213350743,0.05,,0.8495979354066969,41.449679,34.079495,24.470826,0.1937525363301142,1.4159110167773035,2.620791651487641,0.02,
978,gpr_dataset_0978.in,datasets/check001/files/gpr_dataset_0978.in,0.12485289110273866,55.711281,33.335513,10.953206,0.2438367613404449,1.3775984882462444,2.6856945757894053,0.05,,0.4242115511241135,43.240855,35.293649,21.465496,0.17734950243740105,1.5134263762493014,2.6763852821198735,0.02,
979,gpr_dataset_0979.in,datasets/check001/files/gpr_dataset_0979.in,0.20566426016053937,52.800126,32.429549,14.770325,0.1598295831771578,1.5089933620395124,2.661907468496191,0.05,,0.5066057786955888,34.614825,42.912857,22.472318,0.20958276611659293,1.5222923635637462,2.6158592865025323,0.02,
980,gpr_dataset_0980.in,datasets/check001/files/gpr_dataset_0980.in,0.14854324442065672,50.193742,35.615431,14.190826,0.25878428203430726,1.4584963137601816,2.6213874318481185,0.05,,0.5167095241885002,45.13991,31.347537,23.512553,0.22330553761517713,1.4874875961514997,2.6982208390769604,0.02,
981,gpr_dataset_0981.in,datasets/check001/files/gpr_dataset_0981.in,0.17797617041568756,47.246619,35.119661,17.63372,0.27994101815685657,1.3126957584617789,2.640327918372049,0.05,,0.4603553407250857,42.601027,36.025695,21.373277,0.14407496511005466,1.6877655279609591,2.6911432949671497,0.02,
982,gpr_dataset_0982.in,datasets/check001/files/gpr_dataset_0982.in,0.10465282003382499,50.020875,33.048105,16.93102,0.19196814655857256,1.3871802296779607,2.6575709409713535,0.05,,0.8703053516987596,36.069673,43.495718,20.43461,0.20961701099831442,1.5105115381809548,2.6556090322862613,0.02,
983,gpr_dataset_0983.in,datasets/check001/files/gpr_dataset_0983.in,0.20019396620802118,55.518424,27.375289,17.106287,0.15922951214799036,1.5064771905688845,2.6037540981841807,0.05,,0.7807792190265423,32.584872,49.226274,18.188854,0.23747288608863965,1.462681152603921,2.676504643130256,0.02,
984,gpr_dataset_0984.in,datasets/check001/files/gpr_dataset_0984.in,0.17101269244302647,59.625991,26.512975,13.861034,0.2563317084187795,1.4184160002956936,2.6221878825178035,0.05,,0.3989912551951676,37.727739,37.548758,24.723503,0.17893171213543044,1.616375517573796,2.6787373081771872,0.02,
985,gpr_dataset_0985.in,datasets/check001/files/gpr_dataset_0985.in,0.20887558318425764,56.640744,26.047112,17.312144,0.24463103936476588,1.3593970458788747,2.6216782257964515,0.05,,0.5834961552233976,40.556323,38.292348,21.151329,0.23771955939014527,1.583562550160334,2.6504886444633207,0.02,
986,gpr_dataset_0986.in,datasets/check001/files/gpr_dataset_0986.in,0.25167967075362946,52.329819,31.237717,16.432464,0.22510252616373277,1.4221592488413604,2.6552549822034583,0.05,,0.9048111115927386,34.24885,48.570571,17.180579,0.11918605212598676,1.5791589994517037,2.692432647953272,0.02,
988,gpr_dataset_0988.in,datasets/check001/files/gpr_dataset_0988.in,0.25841650716333475,55.462884,27.497052,17.040063,0.16063690313158216,1.3369520936999655,2.6525961418742603,0.05,,0.8403071895429473,38.107079,43.489758,18.403163,0.15955032020422277,1.5432040654337784,2.683806522955281,0.02,
989,gpr_dataset_0989.in,datasets/check001/files/gpr_dataset_0989.in,0.21731141677393562,58.043016,29.632538,12.324446,0.25844310763218786,1.5824800414195335,2.6606568333521223,0.05,,0.6540968120360197,35.420165,43.924381,20.655454,0.16274034687512884,1.4276674224178805,2.693377787647011,0.02,
991,gpr_dataset_0991.in,datasets/check001/files/gpr_dataset_0991.in,0.10927168059250601,50.447022,34.091186,15.461792,0.2617741944784523,1.329983723803133,2.6175508154687246,0.05,,0.4530228523747536,44.299686,34.290457,21.409857,0.1763613725643136,1.4550211692666422,2.6572041504895494,0.02,
992,gpr_dataset_0992.in,datasets/check001/files/gpr_dataset_0992.in,0.19707722459193808,56.355875,28.192934,15.451191,0.28536267929814285,1.4863535997514248,2.698391987774143,0.05,,0.881974076365293,35.37332,48.664551,15.96213,0.14560092936794514,1.5663592152408339,2.679381136989452,0.02,
993,gpr_dataset_0993.in,datasets/check001/files/gpr_dataset_0993.in,0.2970293796769231,58.635557,28.315739,13.048704,0.27942505255390715,1.5738172826549892,2.6736658117873406,0.05,,0.670025570657452,40.653517,36.486913,22.85957,0.19217628172471074,1.4372411378921575,2.6102474739156856,0.02,
994,gpr_dataset_0994.in,datasets/check001/files/gpr_dataset_0994.in,0.17411256499817057,58.245425,22.03442,19.720155,0.22610992085364773,1.5979571504096577,2.658084362527391,0.05,,0.34538794951364815,35.217054,40.821118,23.961828,0.2071979153849522,1.5359323814330117,2.6255244013539696,0.02,
996,gpr_dataset_0996.in,datasets/check001/files/gpr_dataset_0996.in,0.23518172305565965,53.508206,35.933357,10.558436,0.22833186272034145,1.3435543146772637,2.678353075955943,0.05,,0.7054957074587731,42.489068,41.136598,16.374334,0.18480098072768447,1.4883222505925744,2.6772299502048185,0.02,
997,gpr_dataset_0997.in,datasets/check001/files/gpr_dataset_0997.in,0.27746768192886306,48.570617,33.879616,17.549767,0.2929932722916346,1.5671619032108242,2.610835486788269,0.05,,0.8874304633307044,44.621133,33.325045,22.053822,0.21644031700019917,1.5289623783622952,2.6563915137647456,0.02,
998,gpr_dataset_0998.in,datasets/check001/files/gpr_dataset_0998.in,0.2921256064437762,49.057822,38.730553,12.211625,0.23368628189673002,1.346500244881199,2.664023947058407,0.05,,0.6200270476538995,35.6432,44.451365,19.905435,0.12608719365590426,1.4647720559898803,2.656165965604061,0.02,
999,gpr_dataset_0999.in,datasets/check001/files/gpr_dataset_0999.in,0.29893837530076695,49.538548,35.723152,14.738301,0.24938149854809055,1.572358004067395,2.665018958780141,0.05,,0.9289653298634717,38.790156,41.421675,19.78817,0.102624891142515,1.6456318959167673,2.6284701428026063,0.02,
1000,gpr_dataset_1000.in,datasets/check001/files/gpr_dataset_1000.in,0.10061444773860394,51.149875,30.704376,18.145749,0.2972397075695428,1.5706745520870604,2.6566267837658577,0.05,,0.6039037468950287,30.742901,46.308771,22.948328,0.1609346396369995,1.628931580540662,2.6544500423048096,0.02,
