sample_index,filename,filepath,layer_1_thickness_m,layer_1_sand_pct,layer_1_silt_pct,layer_1_clay_pct,layer_1_theta_v,layer_1_bulk_density_gcm3,layer_1_particle_density_gcm3,layer_1_organic_fraction,layer_1_salinity_class,layer_2_thickness_m,layer_2_sand_pct,layer_2_silt_pct,layer_2_clay_pct,layer_2_theta_v,layer_2_bulk_density_gcm3,layer_2_particle_density_gcm3,layer_2_organic_fraction,layer_2_salinity_class
1,gpr_dataset_0001.in,datasets/la_mujer/files/gpr_dataset_0001.in,0.21267650878669817,18.038306,42.668395,39.293299,0.14164382777978998,1.5409445850550199,2.6240488522713905,0.03,fresh,0.17207130651645985,45.28995,39.165742,15.544308,0.15915064669708928,1.5076832353875331,2.645482121436436,0.03,fresh
2,gpr_dataset_0002.in,datasets/la_mujer/files/gpr_dataset_0002.in,0.16502608215571393,12.034136,53.138556,34.827308,0.15888667489791358,1.4000538803961184,2.682403872381485,0.03,fresh,0.15726677879224032,27.446075,31.573392,40.980533,0.17818572426381935,1.3059501268162788,2.635534282109442,0.03,fresh
3,gpr_dataset_0003.in,datasets/la_mujer/files/gpr_dataset_0003.in,0.14655556739760223,43.246866,30.439331,26.313803,0.1586676624215052,1.4860148292907354,2.6484636346710633,0.03,fresh,0.2954496144450228,24.877698,44.308294,30.814008,0.16889928138800717,1.4484128992699694,2.6764088704925886,0.03,fresh
4,gpr_dataset_0004.in,datasets/la_mujer/files/gpr_dataset_0004.in,0.12235923095308723,49.060347,28.152777,22.786876,0.1641130861794769,1.435344934997563,2.6091872125742097,0.03,fresh,0.22415162252045712,40.327371,46.788893,12.883736,0.16577939667545127,1.5414444040324913,2.6585981973115507,0.03,fresh
5,gpr_dataset_0005.in,datasets/la_mujer/files/gpr_dataset_0005.in,0.1047334782074254,39.890725,30.072733,30.036542,0.17528831459478458,1.58399123168362,2.655801805389364,0.03,fresh,0.124158806040571,35.876376,42.734489,21.389135,0.14869652039125056,1.447855079970405,2.6869671297608653,0.03,fresh
6,gpr_dataset_0006.in,datasets/la_mujer/files/gpr_dataset_0006.in,0.20535083228682346,20.934347,50.999552,28.066101,0.1755800092364704,1.5640242839634813,2.668395973567138,0.03,fresh,0.22650944012201976,45.554852,23.245996,31.199152,0.17981025591577873,1.4289849651893665,2.6513266167723164,0.03,fresh
7,gpr_dataset_0007.in,datasets/la_mujer/files/gpr_dataset_0007.in,0.22730647449261504,34.816741,28.220939,36.96232,0.1770038893869501,1.6888609822396081,2.627175366129354,0.03,fresh,0.11725239917666724,30.813312,48.136494,21.050194,0.17889263483198875,1.5386984891305313,2.642642925406168,0.03,fresh
8,gpr_dataset_0008.in,datasets/la_mujer/files/gpr_dataset_0008.in,0.17031682614959925,5.4052,58.381469,36.213331,0.16360859164304117,1.6685108172086207,2.696071890252759,0.03,fresh,0.20686664997712745,20.81413,55.24667,23.9392,0.17728868704185763,1.4026753825342184,2.610489269361775,0.03,fresh
9,gpr_dataset_0009.in,datasets/la_mujer/files/gpr_dataset_0009.in,0.17318874511810564,37.517745,48.642785,13.83947,0.1437014069423628,1.6211354716116326,2.6922275020060185,0.03,fresh,0.18675936060568762,22.78512,37.649018,39.565862,0.17913616049938375,1.6311356571464903,2.6171171902013706,0.03,fresh
10,gpr_dataset_0010.in,datasets/la_mujer/files/gpr_dataset_0010.in,0.23583851493444283,19.771864,39.886789,40.341347,0.1675257936599167,1.3863518248287914,2.6664290124757137,0.03,fresh,0.17004454480702808,20.888525,56.539962,22.571513,0.1453481579164989,1.6060912340372255,2.612353495410932,0.03,fresh
11,gpr_dataset_0011.in,datasets/la_mujer/files/gpr_dataset_0011.in,0.2426984314495277,41.010429,43.993131,14.99644,0.17973641650397473,1.3650721517729378,2.6794207347429797,0.03,fresh,0.22434682279517254,14.680342,52.030813,33.288845,0.15471687249422797,1.664263446372757,2.6743306627900583,0.03,fresh
12,gpr_dataset_0012.in,datasets/la_mujer/files/gpr_dataset_0012.in,0.26142213990715996,27.797364,36.590477,35.612159,0.15719573163249576,1.4640728760523378,2.6791281044404514,0.03,fresh,0.17898692283311052,43.034513,38.287787,18.6777,0.16195567556779275,1.530625067220768,2.638927878576359,0.03,fresh
13,gpr_dataset_0013.in,datasets/la_mujer/files/gpr_dataset_0013.in,0.26938547112783695,10.922101,41.200182,47.877717,0.15486431818883176,1.5237594550396165,2.680625913627228,0.03,fresh,0.22584294274602268,41.211696,29.015248,29.773056,0.17216941862458368,1.611308610842297,2.6095104620576057,0.03,fresh
14,gpr_dataset_0014.in,datasets/la_mujer/files/gpr_dataset_0014.in,0.1831466531454538,22.305681,54.10371,23.590609,0.14884942253205452,1.340093811251784,2.670334154129183,0.03,fresh,0.1851007174306601,8.062403,63.644431,28.293166,0.15675150838197371,1.4402034396069257,2.6609928070092392,0.03,fresh
15,gpr_dataset_0015.in,datasets/la_mujer/files/gpr_dataset_0015.in,0.25022679835534023,19.363438,54.294595,26.341967,0.15718297481016028,1.5922898199271103,2.626346836321743,0.03,fresh,0.2649473123716978,41.521801,40.499767,17.978432,0.16898220284856352,1.694573423304502,2.664803974092761,0.03,fresh
16,gpr_dataset_0016.in,datasets/la_mujer/files/gpr_dataset_0016.in,0.14346946010345277,33.812279,47.037828,19.149893,0.14358338510241395,1.5323524121402,2.672336103940199,0.03,fresh,0.2006570582200546,39.151607,30.400113,30.44828,0.15237076034222663,1.461052351305651,2.6629027485801124,0.03,fresh
17,gpr_dataset_0017.in,datasets/la_mujer/files/gpr_dataset_0017.in,0.29850113171656856,33.603298,31.447157,34.949545,0.14173132034153524,1.6083050642459296,2.6239986657332675,0.03,fresh,0.26470544754258357,11.087592,61.446898,27.46551,0.14631522785785794,1.3716559618533168,2.6022399411493864,0.03,fresh
18,gpr_dataset_0018.in,datasets/la_mujer/files/gpr_dataset_0018.in,0.12241405434148012,18.945061,53.923231,27.131708,0.1754475990621514,1.6112423131484308,2.6124460492235246,0.03,fresh,0.27629317391281105,49.025433,24.27427,26.700297,0.15692624989715867,1.4298051005186838,2.612512944802148,0.03,fresh
19,gpr_dataset_0019.in,datasets/la_mujer/files/gpr_dataset_0019.in,0.15542569289243338,40.262975,30.597808,29.139217,0.14430283142552502,1.4759862569357647,2.6812490166403813,0.03,fresh,0.298240857106261,54.281831,30.616217,15.101952,0.1599731520396041,1.3848597263369848,2.621156355405208,0.03,fresh
20,gpr_dataset_0020.in,datasets/la_mujer/files/gpr_dataset_0020.in,0.2830971005056319,13.004767,43.689634,43.305599,0.17210555373320818,1.630975486231365,2.643996348365918,0.03,fresh,0.15415445610325668,30.15563,32.557588,37.286782,0.17212093844608,1.345724134963638,2.639539702381118,0.03,fresh
21,gpr_dataset_0021.in,datasets/la_mujer/files/gpr_dataset_0021.in,0.20537586031925503,16.776913,49.235914,33.987173,0.1519051307090697,1.6498556591631974,2.601432308317716,0.03,fresh,0.2831612545249159,47.559457,36.211155,16.229388,0.15958416386161392,1.5251236448931154,2.6577138907307503,0.03,fresh
22,gpr_dataset_0022.in,datasets/la_mujer/files/gpr_dataset_0022.in,0.2597490118212855,39.457483,20.228073,40.314444,0.16560066277388577,1.6146139037541598,2.6887317002631974,0.03,fresh,0.2584091145820442,33.377297,39.831715,26.790988,0.16819959373518192,1.610096825733599,2.633350863007329,0.03,fresh
23,gpr_dataset_0023.in,datasets/la_mujer/files/gpr_dataset_0023.in,0.2120906396111924,19.462846,38.75666,41.780494,0.14293295233843914,1.4431211527265744,2.60737980674963,0.03,fresh,0.15296476314274635,39.635485,35.597562,24.766953,0.16148468825212794,1.5653329550378592,2.655563146778677,0.03,fresh
24,gpr_dataset_0024.in,datasets/la_mujer/files/gpr_dataset_0024.in,0.15831940897991664,30.271694,40.469276,29.25903,0.15359282891275824,1.4106839678971497,2.621988599384747,0.03,fresh,0.21319836666742642,41.379004,44.336885,14.284111,0.1632222138629873,1.3416977776364274,2.675053186304225,0.03,fresh
25,gpr_dataset_0025.in,datasets/la_mujer/files/gpr_dataset_0025.in,0.21416704857305646,40.743563,24.821256,34.435181,0.14047109655541526,1.5989798849224561,2.6473962739402346,0.03,fresh,0.28628712955691543,27.615308,40.497757,31.886935,0.14612556504054539,1.5446642152032306,2.6434123410320414,0.03,fresh
26,gpr_dataset_0026.in,datasets/la_mujer/files/gpr_dataset_0026.in,0.26114358697410567,28.470369,35.236313,36.293318,0.14594707877852303,1.3572020560966436,2.6221855144408157,0.03,fresh,0.1370720256098285,25.78036,42.558461,31.661179,0.1491660850725341,1.5014469914016961,2.6352154253884166,0.03,fresh
27,gpr_dataset_0027.in,datasets/la_mujer/files/gpr_dataset_0027.in,0.12030468736851008,56.569065,21.10226,22.328675,0.16664360373613554,1.4554622764856182,2.64072852456809,0.03,fresh,0.20621517230030123,32.345133,42.411987,25.24288,0.179999552070934,1.3912169123097482,2.6053103967333384,0.03,fresh
28,gpr_dataset_0028.in,datasets/la_mujer/files/gpr_dataset_0028.in,0.26157638493903757,32.253092,53.90954,13.837368,0.17627295790897418,1.432822383323892,2.66767151146476,0.03,fresh,0.10296807840659415,23.085342,40.157154,36.757504,0.15875002094036506,1.3858223151799411,2.6742235081557855,0.03,fresh
29,gpr_dataset_0029.in,datasets/la_mujer/files/gpr_dataset_0029.in,0.19809320393114221,35.796752,39.18826,25.014988,0.1792265009742289,1.3375034107206494,2.6821410005041613,0.03,fresh,0.27836604324402375,5.189851,52.787597,42.022552,0.1683227467645259,1.3133948995721314,2.640679897601898,0.03,fresh
30,gpr_dataset_0030.in,datasets/la_mujer/files/gpr_dataset_0030.in,0.16326734804322585,41.798984,44.265058,13.935958,0.15557692946346402,1.5724768826680582,2.6116578993348907,0.03,fresh,0.24893998790606153,25.199141,53.134601,21.666258,0.14276517560445773,1.4573268759502873,2.616342988551439,0.03,fresh
31,gpr_dataset_0031.in,datasets/la_mujer/files/gpr_dataset_0031.in,0.14817920889199612,58.745156,25.428731,15.826113,0.1621276427065819,1.507248226831683,2.6147633492074,0.03,fresh,0.21263003109673972,29.766425,51.318136,18.915439,0.14441298536234715,1.6404508856536555,2.6826287487250773,0.03,fresh
32,gpr_dataset_0032.in,datasets/la_mujer/files/gpr_dataset_0032.in,0.12231348936520976,50.432038,23.129583,26.438379,0.1420046910833115,1.5775328317724975,2.6090002407069757,0.03,fresh,0.1505604181203703,16.60146,52.572576,30.825964,0.1626453661416905,1.5103463227112024,2.6040140762424246,0.03,fresh
33,gpr_dataset_0033.in,datasets/la_mujer/files/gpr_dataset_0033.in,0.23123643686318252,49.985913,34.837513,15.176574,0.1456630202693423,1.3161680059291074,2.6744646502800817,0.03,fresh,0.22607094900859848,31.247622,50.759247,17.993131,0.1487280330360059,1.3259006084097478,2.687692936007193,0.03,fresh
34,gpr_dataset_0034.in,datasets/la_mujer/files/gpr_dataset_0034.in,0.22402662254820602,12.114446,48.440916,39.444638,0.16335006698648827,1.6532864963638472,2.695030499837322,0.03,fresh,0.11071564766793696,38.690214,36.603943,24.705843,0.17178413294296602,1.3189739576505708,2.6147416775612453,0.03,fresh
35,gpr_dataset_0035.in,datasets/la_mujer/files/gpr_dataset_0035.in,0.10953465241988745,12.209678,45.963414,41.826908,0.17461235064062022,1.428842630652363,2.6538576607071316,0.03,fresh,0.2434162988160979,41.539542,31.219948,27.24051,0.17201445714313965,1.6629001018905811,2.6320904316082574,0.03,fresh
36,gpr_dataset_0036.in,datasets/la_mujer/files/gpr_dataset_0036.in,0.2653993629952677,46.086717,39.472168,14.441115,0.16819838018417313,1.4377921463104706,2.6844281067653615,0.03,fresh,0.1012302929623785,43.457706,32.785489,23.756805,0.15923480382463065,1.374429972097261,2.64613716372653,0.03,fresh
37,gpr_dataset_0037.in,datasets/la_mujer/files/gpr_dataset_0037.in,0.29797064921139144,22.112544,37.998301,39.889155,0.1630059987707489,1.4391760159810802,2.6107805592713516,0.03,fresh,0.25254815669691855,31.14292,46.092938,22.764142,0.14981657589754344,1.5712897692474002,2.620888330246223,0.03,fresh
38,gpr_dataset_0038.in,datasets/la_mujer/files/gpr_dataset_0038.in,0.27177196116127117,24.732149,40.959817,34.308034,0.17249622897680342,1.3331475033660198,2.6992011883945692,0.03,fresh,0.1962001221457012,36.470521,50.454252,13.075227,0.17428002161273948,1.4532309996290738,2.60647123049532,0.03,fresh
39,gpr_dataset_0039.in,datasets/la_mujer/files/gpr_dataset_0039.in,0.12173614850303194,42.436349,25.852697,31.710954,0.16215016821451514,1.3970909901962467,2.6516001185929485,0.03,fresh,0.15056498564880302,25.287144,35.659725,39.053131,0.16951630869743586,1.6265198908900047,2.6162175202171616,0.03,fresh
40,gpr_dataset_0040.in,datasets/la_mujer/files/gpr_dataset_0040.in,0.16958653760136927,20.411668,51.087716,28.500616,0.1612170162439554,1.6429956233895506,2.618838076127416,0.03,fresh,0.2532882040098656,36.828733,30.369652,32.801615,0.16328194824679224,1.5306206778868696,2.6374064721486827,0.03,fresh
41,gpr_dataset_0041.in,datasets/la_mujer/files/gpr_dataset_0041.in,0.24113392688425844,29.48014,42.416518,28.103342,0.15846059339823604,1.5389062385733452,2.6097434191949795,0.03,fresh,0.1118548334824056,6.804663,52.492942,40.702395,0.14493101962046154,1.6157803896077496,2.632490808723074,0.03,fresh
42,gpr_dataset_0042.in,datasets/la_mujer/files/gpr_dataset_0042.in,0.16770937993395224,43.525765,45.549164,10.925071,0.1694105334910126,1.5972668285605978,2.6619471517057622,0.03,fresh,0.21710960473349766,32.862483,44.438862,22.698655,0.16791840744325492,1.364232960665138,2.6590278681608464,0.03,fresh
43,gpr_dataset_0043.in,datasets/la_mujer/files/gpr_dataset_0043.in,0.12014293166980697,36.481968,25.037475,38.480557,0.15301229656133203,1.6391881490149924,2.6428209666007376,0.03,fresh,0.23139450130460038,7.838041,60.822634,31.339325,0.16615831890791677,1.5215277847755397,2.6564848266068735,0.03,fresh
44,gpr_dataset_0044.in,datasets/la_mujer/files/gpr_dataset_0044.in,0.24454281384174292,52.974601,20.023009,27.00239,0.15690239523926716,1.3457689551958247,2.608151681294526,0.03,fresh,0.2817245895252337,53.968564,22.966944,23.064492,0.16925131199119076,1.6825211834315037,2.6074363501531317,0.03,fresh
45,gpr_dataset_0045.in,datasets/la_mujer/files/gpr_dataset_0045.in,0.17917552310590995,26.698043,39.60846,33.693497,0.14656308356842057,1.3591575118081993,2.6153885244395587,0.03,fresh,0.1087160830162815,10.624277,54.560033,34.81569,0.16449558437783612,1.39937086415312,2.62854705503364,0.03,fresh
46,gpr_dataset_0046.in,datasets/la_mujer/files/gpr_dataset_0046.in,0.19566503862933787,16.587214,47.09469,36.318096,0.17019756199788733,1.520454644525522,2.66036058418502,0.03,fresh,0.10386102884749596,36.142022,37.536065,26.321913,0.1433943050673016,1.3546492077844163,2.6812275094356774,0.03,fresh
47,gpr_dataset_0047.in,datasets/la_mujer/files/gpr_dataset_0047.in,0.11792053288357668,35.142087,28.393681,36.464232,0.16609283129096286,1.3698905539825856,2.6894801310091,0.03,fresh,0.11868931019914764,39.352482,30.794809,29.852709,0.15974086254853168,1.4995982278874103,2.6325076417263187,0.03,fresh
48,gpr_dataset_0048.in,datasets/la_mujer/files/gpr_dataset_0048.in,0.10635257516956016,49.349636,37.537446,13.112918,0.14190720222786515,1.3365467971783396,2.689661639943089,0.03,fresh,0.1325403989368421,37.100095,20.643759,42.256146,0.1570197767169136,1.4729534541820788,2.6710740836186764,0.03,fresh
49,gpr_dataset_0049.in,datasets/la_mujer/files/gpr_dataset_0049.in,0.2302609848711709,41.333773,38.316504,20.349723,0.14384628445515577,1.4039925367973454,2.6962936858961655,0.03,fresh,0.16286693946360414,8.529801,49.863313,41.606886,0.15999096193624585,1.6307217640503535,2.6948106379405403,0.03,fresh
50,gpr_dataset_0050.in,datasets/la_mujer/files/gpr_dataset_0050.in,0.14263901526380987,48.925686,23.232741,27.841573,0.1774875472404135,1.3714432252215634,2.617810840829582,0.03,fresh,0.2177139028972228,46.921126,36.665152,16.413722,0.1788155298760077,1.3135362453067456,2.66161406186457,0.03,fresh
51,gpr_dataset_0051.in,datasets/la_mujer/files/gpr_dataset_0051.in,0.1558130747419096,47.391335,26.112854,26.495811,0.14420694088937913,1.5058799127125546,2.6136220521886466,0.03,fresh,0.2886678325820255,27.66189,44.520085,27.818025,0.15080648753007933,1.5441225270866454,2.632951130191445,0.03,fresh
52,gpr_dataset_0052.in,datasets/la_mujer/files/gpr_dataset_0052.in,0.29757233728382415,28.473246,43.186417,28.340337,0.1774142230126255,1.335949465010357,2.6068441959250115,0.03,fresh,0.23173655439908297,59.255459,22.294021,18.45052,0.15099291614498106,1.6564323193214534,2.6860875593236266,0.03,fresh
53,gpr_dataset_0053.in,datasets/la_mujer/files/gpr_dataset_0053.in,0.1278335979356907,12.857631,50.662846,36.479523,0.15841300369476705,1.6118598899875407,2.665214394759331,0.03,fresh,0.1528411729386066,39.204398,36.475187,24.320415,0.14847095387683912,1.4289094520715522,2.6693321920012623,0.03,fresh
54,gpr_dataset_0054.in,datasets/la_mujer/files/gpr_dataset_0054.in,0.25877369238706166,43.770136,26.344651,29.885213,0.1670849239950915,1.6752874221610703,2.6983862623980643,0.03,fresh,0.16775855126729514,49.7967,28.537594,21.665706,0.1726399062267603,1.336037435121207,2.6923858682885062,0.03,fresh
55,gpr_dataset_0055.in,datasets/la_mujer/files/gpr_dataset_0055.in,0.11595108919964266,10.727284,59.111293,30.161423,0.1604681539342755,1.6595604510466349,2.6065681802497545,0.03,fresh,0.24838175037687554,12.555291,50.521263,36.923446,0.1460096090752694,1.6983580576622244,2.6103461127453063,0.03,fresh
56,gpr_dataset_0056.in,datasets/la_mujer/files/gpr_dataset_0056.in,0.2859306467413103,34.780775,29.675022,35.544203,0.17206042724818285,1.6665723191760615,2.6826123104042088,0.03,fresh,0.1548206544952664,47.255869,22.438772,30.305359,0.1657123500526145,1.3491229494643084,2.6811279983179785,0.03,fresh
57,gpr_dataset_0057.in,datasets/la_mujer/files/gpr_dataset_0057.in,0.2134542225498128,44.714589,22.665603,32.619808,0.1592174662090065,1.6598446978019972,2.6361611217014786,0.03,fresh,0.15138607044701805,39.410529,27.139018,33.450453,0.1714072343292341,1.5480695694413036,2.603701821000657,0.03,fresh
58,gpr_dataset_0058.in,datasets/la_mujer/files/gpr_dataset_0058.in,0.2956456378496563,39.080636,43.540114,17.37925,0.14169441873772767,1.4716977947417649,2.672835790812519,0.03,fresh,0.15336642543580575,35.069297,22.932298,41.998405,0.14777115175847932,1.3610955028511365,2.674125357390275,0.03,fresh
59,gpr_dataset_0059.in,datasets/la_mujer/files/gpr_dataset_0059.in,0.15066193874554784,17.353452,34.394044,48.252504,0.1712126540694527,1.418967796883325,2.6546901307561854,0.03,fresh,0.1748681529421922,34.707214,40.915329,24.377457,0.15674510318926002,1.643436743181941,2.6397527956860403,0.03,fresh
60,gpr_dataset_0060.in,datasets/la_mujer/files/gpr_dataset_0060.in,0.2561150469208232,35.514752,44.767771,19.717477,0.15360982007621854,1.423898682779324,2.6201843899259702,0.03,fresh,0.10514786941036246,30.616969,36.880808,32.502223,0.17885652576550132,1.3905333542961733,2.644323666510712,0.03,fresh
61,gpr_dataset_0061.in,datasets/la_mujer/files/gpr_dataset_0061.in,0.2346094772100814,27.927948,53.908245,18.163807,0.1632171414730564,1.6022259598441462,2.6130952358998223,0.03,fresh,0.17532193312855418,30.580935,54.027532,15.391533,0.16843338266113894,1.5350418281055973,2.6296616886717645,0.03,fresh
62,gpr_dataset_0062.in,datasets/la_mujer/files/gpr_dataset_0062.in,0.17439824447712665,33.45261,32.373331,34.174059,0.16799052074140394,1.6917024645412893,2.6618025658203948,0.03,fresh,0.29908347899651144,16.691181,53.874744,29.434075,0.16084708744735174,1.4622696413796654,2.694999990172632,0.03,fresh
63,gpr_dataset_0063.in,datasets/la_mujer/files/gpr_dataset_0063.in,0.14686612838155147,10.300648,51.497285,38.202067,0.16588599426071968,1.6166037631323646,2.668554192949607,0.03,fresh,0.19225790217296299,25.527909,57.455744,17.016347,0.1499132823816644,1.326520175519152,2.693915041509224,0.03,fresh
64,gpr_dataset_0064.in,datasets/la_mujer/files/gpr_dataset_0064.in,0.12332368424005319,25.421886,33.547295,41.030819,0.14364006879632774,1.5890647631545556,2.6456221299501954,0.03,fresh,0.24753268252198174,34.150817,38.729685,27.119498,0.16058552776515697,1.5972421664311898,2.639751369107727,0.03,fresh
65,gpr_dataset_0065.in,datasets/la_mujer/files/gpr_dataset_0065.in,0.26812777322339876,43.883104,45.671196,10.4457,0.15477053451086684,1.582143861487091,2.6462259894039666,0.03,fresh,0.19005231656505378,38.18218,28.316484,33.501336,0.16338865628887836,1.5852694131490703,2.643399306182353,0.03,fresh
66,gpr_dataset_0066.in,datasets/la_mujer/files/gpr_dataset_0066.in,0.21050445976826304,34.050218,29.009156,36.940626,0.17290792584367187,1.531979080920829,2.695732757890048,0.03,fresh,0.2538109182108523,16.164543,50.603699,33.231758,0.16930556925839407,1.5042829684841514,2.6921799593762277,0.03,fresh
67,gpr_dataset_0067.in,datasets/la_mujer/files/gpr_dataset_0067.in,0.17230600790795864,47.697981,25.214141,27.087878,0.14675577691752403,1.5432336473627486,2.622057667494096,0.03,fresh,0.18958599917620444,30.379351,36.236273,33.384376,0.15006802020595028,1.5912912106353088,2.652730836172093,0.03,fresh
68,gpr_dataset_0068.in,datasets/la_mujer/files/gpr_dataset_0068.in,0.17219849291001585,8.169737,50.356,41.474263,0.1666509087897564,1.4694708249719644,2.6362532761209536,0.03,fresh,0.13064876072228893,30.149343,48.815778,21.034879,0.17205731749715497,1.6450935057393936,2.628717024785574,0.03,fresh
69,gpr_dataset_0069.in,datasets/la_mujer/files/gpr_dataset_0069.in,0.29779717871002753,45.240504,25.486821,29.272675,0.15919519554811426,1.3861392278688438,2.6767967600907316,0.03,fresh,0.23701050253004044,19.05284,42.677474,38.269686,0.15331629136460156,1.3124519713176994,2.672963299886416,0.03,fresh
70,gpr_dataset_0070.in,datasets/la_mujer/files/gpr_dataset_0070.in,0.1669275275365992,24.887355,55.070344,20.042301,0.16061060394468887,1.3245719944215313,2.6654115835735377,0.03,fresh,0.21343764882497573,34.050968,52.61757,13.331462,0.15194091520698533,1.5934918722725424,2.66988894567722,0.03,fresh
71,gpr_dataset_0071.in,datasets/la_mujer/files/gpr_dataset_0071.in,0.19973276629683379,39.785502,37.903529,22.310969,0.16883382681171535,1.3095291889269634,2.6817926764780844,0.03,fresh,0.12414823105193813,36.803982,29.309978,33.88604,0.17162283295787184,1.4568923461311614,2.62599371599786,0.03,fresh
72,gpr_dataset_0072.in,datasets/la_mujer/files/gpr_dataset_0072.in,0.1068510088433484,37.485749,30.163503,32.350748,0.1462865779209897,1.5490304814370264,2.6383374245708855,0.03,fresh,0.17191248382817362,32.507336,25.23923,42.253434,0.16226269560017614,1.3064239335683885,2.6101771404764644,0.03,fresh
73,gpr_dataset_0073.in,datasets/la_mujer/files/gpr_dataset_0073.in,0.15174853597714855,43.732333,31.321527,24.94614,0.14635416298610865,1.3907824939060582,2.6399781279934547,0.03,fresh,0.23501551386063668,37.307735,41.885777,20.806488,0.165208436923609,1.5171888137692602,2.6686289579781866,0.03,fresh
74,gpr_dataset_0074.in,datasets/la_mujer/files/gpr_dataset_0074.in,0.13237332787067518,32.343651,34.022109,33.63424,0.14862509944382996,1.3171850553287934,2.6425119185629575,0.03,fresh,0.12524967893525665,21.917915,38.000029,40.082056,0.16558541230179288,1.464635607849067,2.6439156682667164,0.03,fresh
75,gpr_dataset_0075.in,datasets/la_mujer/files/gpr_dataset_0075.in,0.15853044081982212,31.521949,41.366563,27.111488,0.14690537349625782,1.347243819391932,2.6609040790135126,0.03,fresh,0.2408640419206675,36.468519,46.425229,17.106252,0.1567369914315087,1.3308692267206272,2.666014307909616,0.03,fresh
76,gpr_dataset_0076.in,datasets/la_mujer/files/gpr_dataset_0076.in,0.12189601838967996,46.972203,39.586325,13.441472,0.17359713484659833,1.4129399619808023,2.6191435853174347,0.03,fresh,0.24312826644650637,41.948157,23.399746,34.652097,0.16860111550072399,1.5552756293366203,2.688284947700692,0.03,fresh
77,gpr_dataset_0077.in,datasets/la_mujer/files/gpr_dataset_0077.in,0.20323214572682835,31.580124,46.215278,22.204598,0.16783720728069787,1.5737896548089911,2.629119478261723,0.03,fresh,0.2554734479082185,45.611199,26.881701,27.5071,0.15541479555665533,1.3186155538734845,2.67336898499489,0.03,fresh
78,gpr_dataset_0078.in,datasets/la_mujer/files/gpr_dataset_0078.in,0.20401847116633054,10.093847,52.631799,37.274354,0.15574983935746006,1.4437216882423278,2.675749193981981,0.03,fresh,0.26684234690961617,47.308954,21.705597,30.985449,0.1532187959786173,1.5635104199793965,2.6552785475228635,0.03,fresh
79,gpr_dataset_0079.in,datasets/la_mujer/files/gpr_dataset_0079.in,0.21696411601281568,43.036479,34.155828,22.807693,0.17584163287162355,1.6814137601514194,2.632445185531969,0.03,fresh,0.10943204550165615,25.985099,47.914601,26.1003,0.15106012366688404,1.4219321549017951,2.6447252333828404,0.03,fresh
80,gpr_dataset_0080.in,datasets/la_mujer/files/gpr_dataset_0080.in,0.20051136745829468,24.918966,29.71933,45.361704,0.14653758029480046,1.638062401508372,2.6641164669977395,0.03,fresh,0.1714340906938882,40.320087,41.780454,17.899459,0.14045471768825357,1.6494856932499273,2.699556393083346,0.03,fresh
81,gpr_dataset_0081.in,datasets/la_mujer/files/gpr_dataset_0081.in,0.17914362101280043,21.174258,64.782552,14.04319,0.1573942844335929,1.6483047653183442,2.616328483112112,0.03,fresh,0.26977894042751505,19.015347,38.832355,42.152298,0.14277175032735592,1.422401797889486,2.601448153456906,0.03,fresh
82,gpr_dataset_0082.in,datasets/la_mujer/files/gpr_dataset_0082.in,0.14744143258050613,46.267532,39.395682,14.336786,0.15849970340096564,1.4934885504099107,2.654734055468882,0.03,fresh,0.2977191576843513,13.613075,51.728781,34.658144,0.14881077872094028,1.3095722908181262,2.6471683875071634,0.03,fresh
83,gpr_dataset_0083.in,datasets/la_mujer/files/gpr_dataset_0083.in,0.25388254465668536,34.231766,28.638018,37.130216,0.14929221590733507,1.3781947974412094,2.629565622676958,0.03,fresh,0.14411665894680156,27.689437,38.473602,33.836961,0.16411547513518676,1.62483315018123,2.697056622984201,0.03,fresh
84,gpr_dataset_0084.in,datasets/la_mujer/files/gpr_dataset_0084.in,0.20464955045412564,56.026599,32.24308,11.730321,0.1508375279266271,1.6341393825103685,2.6462902244544924,0.03,fresh,0.21865979713957837,36.722486,36.053463,27.224051,0.14418899307647012,1.5294178091871105,2.686842521090434,0.03,fresh
85,gpr_dataset_0085.in,datasets/la_mujer/files/gpr_dataset_0085.in,0.2630919859054943,15.315034,56.986867,27.698099,0.15367404680304908,1.4576755806823716,2.60733192462184,0.03,fresh,0.11382099133970647,31.578599,53.861533,14.559868,0.1503733004530022,1.670180391668537,2.6114023592337405,0.03,fresh
86,gpr_dataset_0086.in,datasets/la_mujer/files/gpr_dataset_0086.in,0.24054176132409735,35.794625,43.178997,21.026378,0.16954266499503817,1.4432539375241662,2.6448046745392815,0.03,fresh,0.2561433533854959,40.702258,21.670358,37.627384,0.15466564611272046,1.4479081948762218,2.6403504353149416,0.03,fresh
87,gpr_dataset_0087.in,datasets/la_mujer/files/gpr_dataset_0087.in,0.16120217430765904,39.644153,31.759892,28.595955,0.17183454926888106,1.494987815296105,2.647881181444947,0.03,fresh,0.18583275143677536,50.052642,23.252166,26.695192,0.1533679014917479,1.6819587384354733,2.68067842682655,0.03,fresh
88,gpr_dataset_0088.in,datasets/la_mujer/files/gpr_dataset_0088.in,0.20628628937789512,33.574927,42.772588,23.652485,0.14021543790443936,1.345299870433622,2.673443333150034,0.03,fresh,0.13462602541346907,37.7045,36.523682,25.771818,0.15784877874277028,1.4932499371210797,2.636680080805915,0.03,fresh
89,gpr_dataset_0089.in,datasets/la_mujer/files/gpr_dataset_0089.in,0.1315634269936073,30.631031,54.110713,15.258256,0.1425518980366512,1.412295955330614,2.654636738467165,0.03,fresh,0.1538795095996523,27.082369,57.501801,15.41583,0.15848935987575663,1.3028743486640602,2.6428939493245567,0.03,fresh
90,gpr_dataset_0090.in,datasets/la_mujer/files/gpr_dataset_0090.in,0.29970260017058425,31.12742,40.648842,28.223738,0.1701325100577502,1.4034456556763182,2.64086916747315,0.03,fresh,0.2008179931017663,42.062533,45.732155,12.205312,0.15218067683117792,1.3021652232527319,2.6028963975769552,0.03,fresh
91,gpr_dataset_0091.in,datasets/la_mujer/files/gpr_dataset_0091.in,0.12127338477613954,21.550837,36.069247,42.379916,0.14288873660799153,1.5422446560960674,2.6011473142766066,0.03,fresh,0.22189435632692653,38.899946,38.127719,22.972335,0.16204135852326443,1.55965198879315,2.666556031064623,0.03,fresh
92,gpr_dataset_0092.in,datasets/la_mujer/files/gpr_dataset_0092.in,0.18456880081134225,19.368602,50.204615,30.426783,0.1722728493860835,1.4768951471962992,2.665122207398404,0.03,fresh,0.12390870985538383,18.47064,50.250124,31.279236,0.17148776151991968,1.6532970975417367,2.642391852191578,0.03,fresh
93,gpr_dataset_0093.in,datasets/la_mujer/files/gpr_dataset_0093.in,0.10124014911965512,32.010806,30.642749,37.346445,0.14211750869759707,1.3694966807407545,2.631328051073134,0.03,fresh,0.16038554245921932,28.027722,29.009255,42.963023,0.1715377372888382,1.474399197683446,2.684867648192609,0.03,fresh
94,gpr_dataset_0094.in,datasets/la_mujer/files/gpr_dataset_0094.in,0.1389490543253976,34.634548,38.439062,26.92639,0.16913609139711588,1.53130749632989,2.6419174887307837,0.03,fresh,0.2516912419882945,29.749745,33.516739,36.733516,0.1454547408459541,1.6965854790830415,2.630364628873332,0.03,fresh
95,gpr_dataset_0095.in,datasets/la_mujer/files/gpr_dataset_0095.in,0.19492495812959032,26.305366,32.243343,41.451291,0.16390711244262218,1.4200318791697204,2.6006194790144685,0.03,fresh,0.11073927194747753,35.073783,34.618662,30.307555,0.15827778755808644,1.3606042177124085,2.6351434690946465,0.03,fresh
96,gpr_dataset_0096.in,datasets/la_mujer/files/gpr_dataset_0096.in,0.2545924259739646,54.591053,21.081032,24.327915,0.17199523824979324,1.5068373742472572,2.6915152190164053,0.03,fresh,0.12497397287903252,11.597985,46.136078,42.265937,0.16621140060913414,1.6523119294217252,2.665295451166432,0.03,fresh
97,gpr_dataset_0097.in,datasets/la_mujer/files/gpr_dataset_0097.in,0.2700627478378853,35.968466,42.346941,21.684593,0.17131303599509343,1.6689232300300858,2.620519885882065,0.03,fresh,0.13205539029519703,30.554629,57.209782,12.235589,0.14877594248070491,1.5368063387169006,2.6134186050141293,0.03,fresh
98,gpr_dataset_0098.in,datasets/la_mujer/files/gpr_dataset_0098.in,0.24556503322847026,23.960957,36.927995,39.111048,0.14214572863886182,1.5521114701572563,2.6385461748118875,0.03,fresh,0.2665824548533561,33.429598,38.207721,28.362681,0.15603506254874772,1.396654957407454,2.627093786848661,0.03,fresh
99,gpr_dataset_0099.in,datasets/la_mujer/files/gpr_dataset_0099.in,0.2092953864822794,33.774962,42.5173,23.707738,0.15771408242112014,1.692166148833543,2.697047828399614,0.03,fresh,0.19338298156435457,37.334388,33.50412,29.161492,0.14559100920866858,1.3589359921339756,2.6882419125403123,0.03,fresh
100,gpr_dataset_0100.in,datasets/la_mujer/files/gpr_dataset_0100.in,0.2789291874362246,41.358824,45.290648,13.350528,0.17737508888236034,1.3084882301461143,2.603145861397861,0.03,fresh,0.25588931832933187,30.513611,44.936828,24.549561,0.16740318018991446,1.365821403682037,2.677530099573924,0.03,fresh
101,gpr_dataset_0101.in,datasets/la_mujer/files/gpr_dataset_0101.in,0.23622637403017555,25.920973,44.201921,29.877106,0.1747095549121125,1.4132257430949797,2.629530763247814,0.03,fresh,0.29804947135317716,49.991317,26.376192,23.632491,0.14653122019892045,1.5586026994692637,2.671468351225519,0.03,fresh
102,gpr_dataset_0102.in,datasets/la_mujer/files/gpr_dataset_0102.in,0.16478441732298577,11.940891,48.066498,39.992611,0.14150274758109754,1.4769675263516995,2.6634960873856963,0.03,fresh,0.2544967705065642,31.876373,49.241247,18.88238,0.14397493819911716,1.6446514536848111,2.624714318669276,0.03,fresh
103,gpr_dataset_0103.in,datasets/la_mujer/files/gpr_dataset_0103.in,0.2910517957236991,54.707239,24.680185,20.612576,0.17861805959352708,1.358818754302503,2.6613790449815737,0.03,fresh,0.17598169704019495,35.290068,23.611718,41.098214,0.15206748372935935,1.4128284580321315,2.6838851264927523,0.03,fresh
104,gpr_dataset_0104.in,datasets/la_mujer/files/gpr_dataset_0104.in,0.24471429888475374,35.050717,34.303778,30.645505,0.17990085309143208,1.5339939456586449,2.6118441978211218,0.03,fresh,0.15795834877526085,15.521978,45.635409,38.842613,0.16025425007211036,1.4877720208827891,2.605858316183845,0.03,fresh
105,gpr_dataset_0105.in,datasets/la_mujer/files/gpr_dataset_0105.in,0.18111629116782663,49.581306,28.858438,21.560256,0.1661771395989844,1.3820254176018278,2.635246664861107,0.03,fresh,0.2719029052269156,19.852702,58.454784,21.692514,0.1461142692748,1.6628543772904412,2.6702094484447363,0.03,fresh
106,gpr_dataset_0106.in,datasets/la_mujer/files/gpr_dataset_0106.in,0.22698608088722358,8.195378,48.33967,43.464952,0.16932963948833132,1.4568748030722265,2.6714862793822745,0.03,fresh,0.18163283516114098,46.180604,27.671081,26.148315,0.1532696531355318,1.4097875883629074,2.6169810696265223,0.03,fresh
107,gpr_dataset_0107.in,datasets/la_mujer/files/gpr_dataset_0107.in,0.13312010518422052,45.388105,20.420618,34.191277,0.1738216444872103,1.3813122725883484,2.672042214962376,0.03,fresh,0.23345450438986737,34.652693,52.176706,13.170601,0.14884618228141647,1.439063830745952,2.6046616221527383,0.03,fresh
108,gpr_dataset_0108.in,datasets/la_mujer/files/gpr_dataset_0108.in,0.11294086172883942,12.135625,43.020208,44.844167,0.16919505886563074,1.5883353748262445,2.6247499635790614,0.03,fresh,0.20994474790089662,24.714,50.25163,25.03437,0.15806046018774225,1.6626222157839852,2.634644007421538,0.03,fresh
109,gpr_dataset_0109.in,datasets/la_mujer/files/gpr_dataset_0109.in,0.13466687883449874,30.495203,40.711218,28.793579,0.15638172434010175,1.6094764167606495,2.61009961366767,0.03,fresh,0.2572990735773236,29.030706,49.744069,21.225225,0.16487790011877163,1.5519774529118555,2.6138327331888993,0.03,fresh
110,gpr_dataset_0110.in,datasets/la_mujer/files/gpr_dataset_0110.in,0.16639662617547743,11.128298,44.29359,44.578112,0.1627414669986943,1.4391066712562028,2.6658453672868876,0.03,fresh,0.11882727350061911,38.886229,29.180424,31.933347,0.17939246526557723,1.448333625204842,2.6061355223780502,0.03,fresh
111,gpr_dataset_0111.in,datasets/la_mujer/files/gpr_dataset_0111.in,0.12199787405668526,11.840229,55.809467,32.350304,0.15977509856489494,1.5742735864129094,2.6604279102686936,0.03,fresh,0.2847548285068713,17.892672,34.4413,47.666028,0.16451108941790485,1.5076672762228736,2.6918791809974554,0.03,fresh
112,gpr_dataset_0112.in,datasets/la_mujer/files/gpr_dataset_0112.in,0.28627120348678103,5.970503,55.590537,38.43896,0.14275874846538317,1.3113691386088062,2.629789066993833,0.03,fresh,0.23057709662985987,27.680715,24.606841,47.712444,0.17890335209986885,1.3864137205012146,2.6272379190248567,0.03,fresh
113,gpr_dataset_0113.in,datasets/la_mujer/files/gpr_dataset_0113.in,0.22822674716965247,38.259952,44.151137,17.588911,0.1779329015684776,1.5823553466207676,2.6754858934232884,0.03,fresh,0.17653695645464632,14.948046,40.168088,44.883866,0.1763807263272334,1.3380943535637562,2.612387057041456,0.03,fresh
114,gpr_dataset_0114.in,datasets/la_mujer/files/gpr_dataset_0114.in,0.26662959353639193,49.982343,34.513808,15.503849,0.15455235135902723,1.5432583552033519,2.6860732050665117,0.03,fresh,0.15611399249599958,33.820544,39.415461,26.763995,0.15740055707245537,1.6648877346376993,2.6154690870186945,0.03,fresh
115,gpr_dataset_0115.in,datasets/la_mujer/files/gpr_dataset_0115.in,0.10510679952373835,36.371955,34.297254,29.330791,0.1479571001117384,1.4560123822514872,2.610204525121488,0.03,fresh,0.2255967102194485,17.926691,49.511947,32.561362,0.1657094837294451,1.330169512869656,2.6310441526764445,0.03,fresh
116,gpr_dataset_0116.in,datasets/la_mujer/files/gpr_dataset_0116.in,0.11131640084950323,18.713762,49.538709,31.747529,0.17324670558919644,1.5787384153053399,2.6855255111403324,0.03,fresh,0.21716237730651738,9.977687,64.767993,25.25432,0.14641312309517268,1.669473408150017,2.600766587481251,0.03,fresh
117,gpr_dataset_0117.in,datasets/la_mujer/files/gpr_dataset_0117.in,0.20460328718746865,37.200424,50.55989,12.239686,0.15230901034096364,1.6936165903546136,2.6017163583764176,0.03,fresh,0.12683872768888044,24.170024,48.228566,27.60141,0.17311200291041298,1.5669079437987026,2.6604786273486396,0.03,fresh
118,gpr_dataset_0118.in,datasets/la_mujer/files/gpr_dataset_0118.in,0.11814758237209089,42.775077,32.362618,24.862305,0.1487768283251085,1.6234148018144068,2.647772971146485,0.03,fresh,0.2811869766032835,31.700242,48.432707,19.867051,0.16870152437911373,1.684040224243927,2.6726806359378967,0.03,fresh
119,gpr_dataset_0119.in,datasets/la_mujer/files/gpr_dataset_0119.in,0.10816842110241834,35.764814,28.687891,35.547295,0.14505979198328736,1.5838274087916608,2.677019044646196,0.03,fresh,0.15879974005950082,35.103185,33.329631,31.567184,0.1705774024964043,1.5056352480463213,2.690486394765869,0.03,fresh
120,gpr_dataset_0120.in,datasets/la_mujer/files/gpr_dataset_0120.in,0.2081455394489718,38.854361,26.298257,34.847382,0.1542428703713194,1.6828290244646067,2.6656447827139793,0.03,fresh,0.19514231564459278,27.283636,36.986546,35.729818,0.14982258107191798,1.3104777325995582,2.6413331856978286,0.03,fresh
121,gpr_dataset_0121.in,datasets/la_mujer/files/gpr_dataset_0121.in,0.19203626664962986,29.695138,45.316699,24.988163,0.157347621064559,1.5335155539970866,2.671120666303214,0.03,fresh,0.10564583583752768,18.018512,38.2062,43.775288,0.17361735628367425,1.4942176502646618,2.6491316878834126,0.03,fresh
122,gpr_dataset_0122.in,datasets/la_mujer/files/gpr_dataset_0122.in,0.2859747172402693,34.445639,50.555403,14.998958,0.17481816899853728,1.6449372795644797,2.6445890154292915,0.03,fresh,0.11778189991729755,45.171146,22.183134,32.64572,0.14569843036205107,1.671218460059801,2.6020593014867757,0.03,fresh
123,gpr_dataset_0123.in,datasets/la_mujer/files/gpr_dataset_0123.in,0.26753955994491807,41.879433,25.06615,33.054417,0.1769844452751701,1.5908857285786746,2.665210983135068,0.03,fresh,0.11434008367412192,40.397691,32.857502,26.744807,0.1497645328778613,1.512643998127551,2.626184135545046,0.03,fresh
124,gpr_dataset_0124.in,datasets/la_mujer/files/gpr_dataset_0124.in,0.17035204795003517,33.777772,53.782769,12.439459,0.1411908469810271,1.5161951482170166,2.6316987242564953,0.03,fresh,0.268008353374112,37.182576,45.645081,17.172343,0.14386291756688838,1.6161111015975471,2.6018678113803433,0.03,fresh
125,gpr_dataset_0125.in,datasets/la_mujer/files/gpr_dataset_0125.in,0.2278265050183214,27.306919,32.09181,40.601271,0.1702156085912672,1.5411523034967185,2.6336363561162526,0.03,fresh,0.2277586522865004,23.392867,45.203971,31.403162,0.15612319661251214,1.3940287301156622,2.698630561438634,0.03,fresh
126,gpr_dataset_0126.in,datasets/la_mujer/files/gpr_dataset_0126.in,0.1329364519351816,14.734487,48.194149,37.071364,0.15889697313193868,1.6411873631600034,2.634311714232899,0.03,fresh,0.2995365077383856,24.817565,47.993135,27.1893,0.16846867387830616,1.3013940434592652,2.6203227401134006,0.03,fresh
127,gpr_dataset_0127.in,datasets/la_mujer/files/gpr_dataset_0127.in,0.22661477119289078,24.41962,51.509367,24.071013,0.14223984118686095,1.4938598491555675,2.6054907604037663,0.03,fresh,0.12634721412813138,29.741566,48.903099,21.355335,0.16656715858541163,1.3002349740545012,2.6009179485447955,0.03,fresh
128,gpr_dataset_0128.in,datasets/la_mujer/files/gpr_dataset_0128.in,0.2575516499129298,18.284605,59.916817,21.798578,0.17747725749582324,1.590571031241318,2.6700017660423896,0.03,fresh,0.15971126622521042,36.270096,47.73757,15.992334,0.15793471033859174,1.3346784990228229,2.650300431783446,0.03,fresh
129,gpr_dataset_0129.in,datasets/la_mujer/files/gpr_dataset_0129.in,0.11058323839807403,29.260714,33.919642,36.819644,0.1668785451874351,1.3436072716381,2.6672763408412474,0.03,fresh,0.1943573650928616,41.285983,23.491638,35.222379,0.17905964755864545,1.493880882277105,2.6935904363461938,0.03,fresh
130,gpr_dataset_0130.in,datasets/la_mujer/files/gpr_dataset_0130.in,0.11834441184280903,5.380201,61.139681,33.480118,0.1408844832348696,1.6271980453792623,2.6975810809711955,0.03,fresh,0.12113151976641218,15.257531,40.832974,43.909495,0.16433986504128414,1.497167288010322,2.614110909721125,0.03,fresh
131,gpr_dataset_0131.in,datasets/la_mujer/files/gpr_dataset_0131.in,0.1914649028763442,48.300586,22.776851,28.922563,0.1573748128057398,1.325191247981845,2.60452507224896,0.03,fresh,0.2896931328127597,41.31873,31.182502,27.498768,0.1453741065659635,1.5026565657953381,2.621448359927059,0.03,fresh
132,gpr_dataset_0132.in,datasets/la_mujer/files/gpr_dataset_0132.in,0.24454682465024558,39.108869,25.5008,35.390331,0.16676730581962373,1.5134053087788084,2.6974244635108002,0.03,fresh,0.2097328629550304,47.736121,29.157063,23.106816,0.1424251866343532,1.6226547624030705,2.610873364622831,0.03,fresh
133,gpr_dataset_0133.in,datasets/la_mujer/files/gpr_dataset_0133.in,0.19351999500818126,24.980362,42.779873,32.239765,0.173557373646384,1.42395680160656,2.6912031332861894,0.03,fresh,0.2950591973747959,27.321359,50.094446,22.584195,0.16062811719234338,1.3818404041930428,2.6529939982969375,0.03,fresh
134,gpr_dataset_0134.in,datasets/la_mujer/files/gpr_dataset_0134.in,0.2346100480969884,43.240304,36.818452,19.941244,0.1740123277466274,1.5730743991873044,2.6589757606587057,0.03,fresh,0.10069378524682773,27.273221,39.661841,33.064938,0.1602789566971648,1.3288684532573154,2.677910868721087,0.03,fresh
135,gpr_dataset_0135.in,datasets/la_mujer/files/gpr_dataset_0135.in,0.2604667488612228,42.541397,21.883791,35.574812,0.17602932344854788,1.3092026774617407,2.623460552518033,0.03,fresh,0.16004769840168653,26.815095,39.835395,33.34951,0.14989442110399562,1.6364950873316104,2.612809808967457,0.03,fresh
136,gpr_dataset_0136.in,datasets/la_mujer/files/gpr_dataset_0136.in,0.28733190197141356,6.999065,52.144396,40.856539,0.16902182112088132,1.6437333220115562,2.6035207841777455,0.03,fresh,0.14600676795521678,32.040476,38.348661,29.610863,0.14639675389527862,1.621192876828923,2.689491176134568,0.03,fresh
137,gpr_dataset_0137.in,datasets/la_mujer/files/gpr_dataset_0137.in,0.2098938801217088,26.35443,26.990813,46.654757,0.17576903049193993,1.3117773776989086,2.6220495400811816,0.03,fresh,0.17629690489676214,47.105869,21.059523,31.834608,0.1404659632825159,1.4008711340672813,2.69132631846666,0.03,fresh
138,gpr_dataset_0138.in,datasets/la_mujer/files/gpr_dataset_0138.in,0.23486319961892468,46.740588,35.552017,17.707395,0.15497614729197204,1.3534931519445894,2.6514782914621167,0.03,fresh,0.14223373487009985,31.240733,35.763125,32.996142,0.16031521775324922,1.559264818114322,2.6433101205578797,0.03,fresh
139,gpr_dataset_0139.in,datasets/la_mujer/files/gpr_dataset_0139.in,0.17547976275233146,6.77122,60.501093,32.727687,0.17929628199190228,1.6341356622482608,2.6384159844854302,0.03,fresh,0.286037097190294,35.329888,28.051057,36.619055,0.175096407042737,1.3021393037117637,2.6879652994004153,0.03,fresh
140,gpr_dataset_0140.in,datasets/la_mujer/files/gpr_dataset_0140.in,0.16478488136885439,47.733527,32.53982,19.726653,0.1746085533926285,1.6381904325955712,2.672454208071131,0.03,fresh,0.10411300648056072,38.050831,26.10639,35.842779,0.15309129975371433,1.5757198661336422,2.6578452584151417,0.03,fresh
141,gpr_dataset_0141.in,datasets/la_mujer/files/gpr_dataset_0141.in,0.2754323265785096,35.087102,29.934862,34.978036,0.17090846204434246,1.322931801189434,2.6666359821821124,0.03,fresh,0.12273014639892661,44.176109,45.237155,10.586736,0.1613261419172595,1.4540786347857353,2.6927007073381306,0.03,fresh
142,gpr_dataset_0142.in,datasets/la_mujer/files/gpr_dataset_0142.in,0.25213739171154176,24.787627,52.757648,22.454725,0.17105198959888476,1.362670407588133,2.66654219364976,0.03,fresh,0.15687810824903972,40.455002,31.969364,27.575634,0.174678789145929,1.4432618771544587,2.695807016013859,0.03,fresh
143,gpr_dataset_0143.in,datasets/la_mujer/files/gpr_dataset_0143.in,0.17421778877200117,17.077,47.621888,35.301112,0.16947699669501146,1.668905150025074,2.6119294899965366,0.03,fresh,0.1807540785074973,35.442976,31.978558,32.578466,0.15062863526397746,1.446431007224703,2.6386993978868665,0.03,fresh
144,gpr_dataset_0144.in,datasets/la_mujer/files/gpr_dataset_0144.in,0.2900716384619678,32.447602,34.67202,32.880378,0.17090766382962874,1.3333980769521585,2.6199453648512963,0.03,fresh,0.11151807006329835,29.828518,31.413092,38.75839,0.15364074897704938,1.438694431415797,2.6474014878227248,0.03,fresh
145,gpr_dataset_0145.in,datasets/la_mujer/files/gpr_dataset_0145.in,0.2569776827030792,35.957895,33.907776,30.134329,0.14087079528012122,1.3805470093806684,2.661581896814258,0.03,fresh,0.25633235774856167,28.458395,43.18009,28.361515,0.15952602517752643,1.5934626940713947,2.6789025344016255,0.03,fresh
146,gpr_dataset_0146.in,datasets/la_mujer/files/gpr_dataset_0146.in,0.1820829727260293,35.408886,38.962553,25.628561,0.14779777446841497,1.389338604382707,2.667044815550649,0.03,fresh,0.2355189098199728,16.786489,44.199818,39.013693,0.15852465557391435,1.5913389194646086,2.6602144699149295,0.03,fresh
147,gpr_dataset_0147.in,datasets/la_mujer/files/gpr_dataset_0147.in,0.10543264670171944,39.759927,29.292863,30.94721,0.14520188452349386,1.3513479914643243,2.6189876542688295,0.03,fresh,0.13105038907544547,37.412594,40.816015,21.771391,0.15870095126623018,1.5246160867091985,2.6731513559057163,0.03,fresh
148,gpr_dataset_0148.in,datasets/la_mujer/files/gpr_dataset_0148.in,0.27523497193474444,33.860329,38.709203,27.430468,0.17339925560913694,1.3181535481936166,2.682306867017243,0.03,fresh,0.13896568544555082,39.158078,28.083374,32.758548,0.16656839678866275,1.3952144372496935,2.6394367065253688,0.03,fresh
149,gpr_dataset_0149.in,datasets/la_mujer/files/gpr_dataset_0149.in,0.13873976660912,22.268101,36.382075,41.349824,0.16938040594485101,1.606704762996101,2.639130738101562,0.03,fresh,0.13548551245537235,29.151979,43.316916,27.531105,0.1438622227298421,1.546249279372505,2.6266478663145154,0.03,fresh
150,gpr_dataset_0150.in,datasets/la_mujer/files/gpr_dataset_0150.in,0.2709775045426541,22.831313,36.568137,40.60055,0.17010862500431564,1.6306749914827372,2.6210886170339496,0.03,fresh,0.2860267719856408,42.8929,27.207841,29.899259,0.16513893445786224,1.4846015930445557,2.6081911841412495,0.03,fresh
151,gpr_dataset_0151.in,datasets/la_mujer/files/gpr_dataset_0151.in,0.2675116691200199,34.874033,24.802541,40.323426,0.1719112611243519,1.6508375970557874,2.695360011990613,0.03,fresh,0.19853375463265197,39.926719,38.26334,21.809941,0.16130033235759977,1.4471043284750953,2.6335656490810413,0.03,fresh
152,gpr_dataset_0152.in,datasets/la_mujer/files/gpr_dataset_0152.in,0.2448179128907418,25.858978,48.272808,25.868214,0.16006944436829235,1.4806183707922358,2.66097457522058,0.03,fresh,0.2497170162326893,12.653194,58.039282,29.307524,0.16102407687683,1.6546466077396083,2.633983993007584,0.03,fresh
153,gpr_dataset_0153.in,datasets/la_mujer/files/gpr_dataset_0153.in,0.1905432967798176,42.508858,33.04044,24.450702,0.1668399023493297,1.321604446878639,2.6297118098367056,0.03,fresh,0.23845644785496062,26.304834,30.456239,43.238927,0.17806230239979137,1.620342384397477,2.633768654153778,0.03,fresh
154,gpr_dataset_0154.in,datasets/la_mujer/files/gpr_dataset_0154.in,0.264495229645462,26.972962,48.210193,24.816845,0.17155897406127618,1.4084703869396469,2.6014268395170985,0.03,fresh,0.20540599400313497,35.304483,32.924005,31.771512,0.15113656156966557,1.4861868217265295,2.639464695012302,0.03,fresh
155,gpr_dataset_0155.in,datasets/la_mujer/files/gpr_dataset_0155.in,0.1265350166575854,27.403836,42.818613,29.777551,0.16689203401439368,1.6917776744158335,2.61331394254358,0.03,fresh,0.29778382824628147,26.927022,40.305432,32.767546,0.16030883786872413,1.4769112346888205,2.687858227215918,0.03,fresh
156,gpr_dataset_0156.in,datasets/la_mujer/files/gpr_dataset_0156.in,0.1600088658253214,44.220818,26.526171,29.253011,0.16531155071603387,1.5730984422853305,2.660004565063678,0.03,fresh,0.28839802494468003,12.590071,41.20446,46.205469,0.17442231922689294,1.659958938188151,2.6454333918583552,0.03,fresh
157,gpr_dataset_0157.in,datasets/la_mujer/files/gpr_dataset_0157.in,0.24278332507391112,32.291836,49.436746,18.271418,0.1485447295184518,1.6697243653080438,2.697839006655382,0.03,fresh,0.2820772574670952,30.806369,39.766791,29.42684,0.16013827291541527,1.4496640397502691,2.6705297474748737,0.03,fresh
158,gpr_dataset_0158.in,datasets/la_mujer/files/gpr_dataset_0158.in,0.27596754706954585,34.118916,34.490542,31.390542,0.1647559899867821,1.6817517317230972,2.6080244569187245,0.03,fresh,0.11286150009295655,43.318442,29.724594,26.956964,0.17563904881914047,1.5367154639252305,2.6789011608439433,0.03,fresh
159,gpr_dataset_0159.in,datasets/la_mujer/files/gpr_dataset_0159.in,0.1523451209928131,41.533981,35.750356,22.715663,0.1692311470174263,1.482131054865831,2.6757587393978124,0.03,fresh,0.1655527502830608,17.397374,49.837262,32.765364,0.14054010901368755,1.4349416296806907,2.623919580441225,0.03,fresh
160,gpr_dataset_0160.in,datasets/la_mujer/files/gpr_dataset_0160.in,0.234930854682638,38.072202,26.855577,35.072221,0.16194588038811691,1.346889929586782,2.696125482554873,0.03,fresh,0.26906759528590707,16.081528,40.833294,43.085178,0.1491086340203048,1.3010320241429554,2.627133043699202,0.03,fresh
161,gpr_dataset_0161.in,datasets/la_mujer/files/gpr_dataset_0161.in,0.18858109808223994,24.738074,45.102424,30.159502,0.1444721818697028,1.5170110266703827,2.6483713080852787,0.03,fresh,0.15848559524843428,41.206241,40.883435,17.910324,0.14457729238594216,1.496357397005625,2.6931931184382236,0.03,fresh
162,gpr_dataset_0162.in,datasets/la_mujer/files/gpr_dataset_0162.in,0.14846815906345942,42.2267,27.998773,29.774527,0.17649074375401094,1.5421352601145597,2.640310368432543,0.03,fresh,0.1556688815229696,21.99707,44.060588,33.942342,0.1487443696413047,1.3015410282727002,2.6740275459086726,0.03,fresh
163,gpr_dataset_0163.in,datasets/la_mujer/files/gpr_dataset_0163.in,0.17675215192446522,36.874285,33.822817,29.302898,0.15477697891720657,1.5744473053778598,2.6512192179410268,0.03,fresh,0.2140661170626868,32.654891,44.245219,23.09989,0.174329956740989,1.625262974641687,2.68997162323826,0.03,fresh
164,gpr_dataset_0164.in,datasets/la_mujer/files/gpr_dataset_0164.in,0.2720348307718792,35.060717,26.444612,38.494671,0.14122565699950604,1.5864949208320565,2.6860608830214776,0.03,fresh,0.19019098713395832,40.526247,34.382882,25.090871,0.16853452678607578,1.519185045110723,2.626244916892757,0.03,fresh
165,gpr_dataset_0165.in,datasets/la_mujer/files/gpr_dataset_0165.in,0.13919597660424116,11.208717,45.224245,43.567038,0.1465924762718516,1.6869794981060309,2.617490952883094,0.03,fresh,0.21927631594458236,31.190316,39.845001,28.964683,0.1579650670414559,1.6292392005615053,2.681410130196488,0.03,fresh
166,gpr_dataset_0166.in,datasets/la_mujer/files/gpr_dataset_0166.in,0.18048691124296945,29.484414,46.86654,23.649046,0.16080101963994295,1.679032025897478,2.6256424182315015,0.03,fresh,0.1517637408383602,44.262178,40.288481,15.449341,0.16330062831412662,1.3964851207468068,2.6110499730211156,0.03,fresh
167,gpr_dataset_0167.in,datasets/la_mujer/files/gpr_dataset_0167.in,0.12286563280424585,22.9477,46.244038,30.808262,0.1432377949778709,1.354662875900925,2.689652603307267,0.03,fresh,0.1678977029561781,32.702783,25.549337,41.74788,0.17433221869263668,1.6995203580536524,2.604648949791621,0.03,fresh
168,gpr_dataset_0168.in,datasets/la_mujer/files/gpr_dataset_0168.in,0.2722050768309412,38.234575,28.939517,32.825908,0.143521031778208,1.4913050764871874,2.691776773792863,0.03,fresh,0.18322427635720423,39.101467,35.528596,25.369937,0.1421203228902165,1.6559034882301389,2.63480958191495,0.03,fresh
169,gpr_dataset_0169.in,datasets/la_mujer/files/gpr_dataset_0169.in,0.27801699894544407,38.757021,38.351653,22.891326,0.14528518856852815,1.4136829149509806,2.6387180482283124,0.03,fresh,0.20674824471161868,45.335486,32.951997,21.712517,0.174227271528446,1.6616539045579595,2.6966523548589043,0.03,fresh
170,gpr_dataset_0170.in,datasets/la_mujer/files/gpr_dataset_0170.in,0.19818006727947943,26.706712,48.336581,24.956707,0.16061459403083395,1.3199003519828305,2.6129687378790556,0.03,fresh,0.29516558164079143,12.541921,40.558583,46.899496,0.1425811232242836,1.6302723131158474,2.6742054135492435,0.03,fresh
171,gpr_dataset_0171.in,datasets/la_mujer/files/gpr_dataset_0171.in,0.16386054433789501,35.710784,43.845141,20.444075,0.16266500409188628,1.5406983282470177,2.6004348967151256,0.03,fresh,0.15100794633109477,51.113249,33.612625,15.274126,0.16995069580051808,1.6329633883277297,2.6637108394352915,0.03,fresh
172,gpr_dataset_0172.in,datasets/la_mujer/files/gpr_dataset_0172.in,0.2739243161218601,30.105213,43.254254,26.640533,0.1551058810991454,1.4800231785890197,2.659905276021315,0.03,fresh,0.2925265289042809,23.184954,57.373953,19.441093,0.16455148277102283,1.4601482750893202,2.69919497124795,0.03,fresh
173,gpr_dataset_0173.in,datasets/la_mujer/files/gpr_dataset_0173.in,0.25532838232599603,26.45373,31.210509,42.335761,0.15786284189373523,1.4845379905397194,2.6895844779670637,0.03,fresh,0.2600380979305303,32.649004,41.512198,25.838798,0.14534938461293334,1.3028045541603688,2.689236074050999,0.03,fresh
174,gpr_dataset_0174.in,datasets/la_mujer/files/gpr_dataset_0174.in,0.25759278692872434,32.827903,35.702654,31.469443,0.15800749272881753,1.410221309861944,2.654919573165595,0.03,fresh,0.23586524814985035,30.357723,39.333868,30.308409,0.17880269534937657,1.5680724581577805,2.6524858757743908,0.03,fresh
175,gpr_dataset_0175.in,datasets/la_mujer/files/gpr_dataset_0175.in,0.1554070008190019,41.99614,41.797114,16.206746,0.1736672284097991,1.6433615947801226,2.633097446684793,0.03,fresh,0.121237630609527,26.356314,48.127747,25.515939,0.17921001968559322,1.4341444829407197,2.6171685255456794,0.03,fresh
176,gpr_dataset_0176.in,datasets/la_mujer/files/gpr_dataset_0176.in,0.2705852284950532,29.051581,34.796016,36.152403,0.16644311582151938,1.5421208736393281,2.6667144414510924,0.03,fresh,0.2725709618112696,18.790853,51.355248,29.853899,0.16933290231793593,1.5533871739107692,2.6418839122587032,0.03,fresh
177,gpr_dataset_0177.in,datasets/la_mujer/files/gpr_dataset_0177.in,0.20598440855649833,18.275095,46.617158,35.107747,0.14066084670022722,1.3789671223925066,2.69244648735153,0.03,fresh,0.18145691048792237,22.510059,45.683555,31.806386,0.1500143970657719,1.4858902103303415,2.692259291331716,0.03,fresh
178,gpr_dataset_0178.in,datasets/la_mujer/files/gpr_dataset_0178.in,0.14849012534114192,30.667703,39.310049,30.022248,0.15417342332849268,1.5086242755986408,2.611898802306103,0.03,fresh,0.14726436183240083,33.253383,29.602933,37.143684,0.17158784978109898,1.3061287457241806,2.690932312615436,0.03,fresh
179,gpr_dataset_0179.in,datasets/la_mujer/files/gpr_dataset_0179.in,0.24386432867404836,28.572076,50.506527,20.921397,0.17374782429075217,1.6082437122242248,2.6072370887739207,0.03,fresh,0.17086492896318167,33.538144,36.404513,30.057343,0.15790465702800432,1.3444884926148386,2.649511795876283,0.03,fresh
180,gpr_dataset_0180.in,datasets/la_mujer/files/gpr_dataset_0180.in,0.24953831656600237,24.337953,55.29889,20.363157,0.140925088995384,1.4743573758065265,2.6255702817626827,0.03,fresh,0.1853698007556427,40.475561,39.237616,20.286823,0.15559161928053722,1.3207068182132666,2.684546125359338,0.03,fresh
181,gpr_dataset_0181.in,datasets/la_mujer/files/gpr_dataset_0181.in,0.23658670449833571,33.663079,46.706686,19.630235,0.17775572939163836,1.360475148631531,2.6244067689952333,0.03,fresh,0.2731052513908326,26.68766,29.866993,43.445347,0.16378020688860007,1.6107425409173997,2.6373358939687073,0.03,fresh
182,gpr_dataset_0182.in,datasets/la_mujer/files/gpr_dataset_0182.in,0.2508814111043615,50.07769,32.936686,16.985624,0.14672349310850832,1.5069153100607278,2.694759267533756,0.03,fresh,0.16444217233000993,25.355872,43.247684,31.396444,0.15425282522113068,1.349778127826394,2.6672810529992574,0.03,fresh
183,gpr_dataset_0183.in,datasets/la_mujer/files/gpr_dataset_0183.in,0.21209552019134437,7.322195,58.93491,33.742895,0.1659504196190539,1.4138976224893878,2.6730824210420843,0.03,fresh,0.15492720504571883,39.148398,43.1857,17.665902,0.14437067071050952,1.5507331458708724,2.673494811732723,0.03,fresh
184,gpr_dataset_0184.in,datasets/la_mujer/files/gpr_dataset_0184.in,0.15519907504917446,47.480275,27.892464,24.627261,0.17940874888843208,1.353854284871943,2.6354282644354234,0.03,fresh,0.2553193603276567,40.305426,38.394623,21.299951,0.1478342771585966,1.6084077150121154,2.6722967593822626,0.03,fresh
185,gpr_dataset_0185.in,datasets/la_mujer/files/gpr_dataset_0185.in,0.2748074045513877,37.87776,38.085675,24.036565,0.16757050407903562,1.392223702941513,2.61798514551117,0.03,fresh,0.2069215257214959,50.021461,22.709081,27.269458,0.17146207489947118,1.6447626851223256,2.6377778894138797,0.03,fresh
186,gpr_dataset_0186.in,datasets/la_mujer/files/gpr_dataset_0186.in,0.12572546486206043,14.987789,56.320183,28.692028,0.1492658948423146,1.3926237379351776,2.6856862663207606,0.03,fresh,0.2896579066715473,35.262776,33.553481,31.183743,0.14745629684911463,1.6894407415162327,2.683118546714141,0.03,fresh
187,gpr_dataset_0187.in,datasets/la_mujer/files/gpr_dataset_0187.in,0.2836004690305052,16.288746,49.127024,34.58423,0.1675252464804604,1.4038243794778889,2.6190397314556297,0.03,fresh,0.2830314600344962,51.912697,25.523472,22.563831,0.17800695168127859,1.580931365834576,2.6605650840260697,0.03,fresh
188,gpr_dataset_0188.in,datasets/la_mujer/files/gpr_dataset_0188.in,0.23957995891997433,50.220188,27.969481,21.810331,0.1710860357146196,1.6133832219045368,2.656357652459119,0.03,fresh,0.221399515330522,14.706999,37.043379,48.249622,0.16234191945114648,1.5661366749955392,2.669783695571608,0.03,fresh
189,gpr_dataset_0189.in,datasets/la_mujer/files/gpr_dataset_0189.in,0.16751809346619584,47.811109,22.103181,30.08571,0.1581487113385448,1.6718194861385047,2.6930910856480823,0.03,fresh,0.25238790249137855,50.453789,35.483165,14.063046,0.17390029969339466,1.558301312261419,2.6516851853095114,0.03,fresh
190,gpr_dataset_0190.in,datasets/la_mujer/files/gpr_dataset_0190.in,0.21418740334200967,43.941672,43.694748,12.36358,0.14145010920572387,1.3150748369195508,2.6245162352158227,0.03,fresh,0.1592504702374257,38.589706,46.797697,14.612597,0.16154927068747985,1.3562355049943313,2.606248709591806,0.03,fresh
191,gpr_dataset_0191.in,datasets/la_mujer/files/gpr_dataset_0191.in,0.19476366035546874,17.882418,56.011674,26.105908,0.16851025578358586,1.3865243793854258,2.697064775862399,0.03,fresh,0.18190916519424488,54.803299,25.028191,20.16851,0.16757588992539257,1.6755409004890471,2.697400212768167,0.03,fresh
192,gpr_dataset_0192.in,datasets/la_mujer/files/gpr_dataset_0192.in,0.20232090897020655,58.446562,30.292828,11.26061,0.14362644482961107,1.336295406800459,2.677605479575339,0.03,fresh,0.2322238699402785,55.81605,26.216858,17.967092,0.14905122348147176,1.5708703950433438,2.639094654861253,0.03,fresh
193,gpr_dataset_0193.in,datasets/la_mujer/files/gpr_dataset_0193.in,0.2753143904054944,25.370863,40.484993,34.144144,0.16142579637593507,1.6986272283426462,2.6096643646894497,0.03,fresh,0.28388769234431777,44.705414,41.746134,13.548452,0.15636741200864646,1.500672575901507,2.663636224720912,0.03,fresh
194,gpr_dataset_0194.in,datasets/la_mujer/files/gpr_dataset_0194.in,0.2307397753028222,33.025105,36.436349,30.538546,0.16979819277152494,1.6260651242550526,2.6248764097613764,0.03,fresh,0.16869832833756768,31.548468,49.904142,18.54739,0.15207127331491843,1.631703281017311,2.651469197448827,0.03,fresh
195,gpr_dataset_0195.in,datasets/la_mujer/files/gpr_dataset_0195.in,0.2930813942495393,32.006885,28.805151,39.187964,0.17534541595101363,1.3826371179828645,2.6746792584815613,0.03,fresh,0.11228341892475323,20.437062,49.510557,30.052381,0.14208440105802564,1.391482166251423,2.6779888622034176,0.03,fresh
196,gpr_dataset_0196.in,datasets/la_mujer/files/gpr_dataset_0196.in,0.22853879207273473,54.694498,34.013377,11.292125,0.15413099173992276,1.4178161807523426,2.652874451399687,0.03,fresh,0.2963912640777306,38.770734,45.307448,15.921818,0.1621368263411899,1.4518758251008839,2.6593099050469275,0.03,fresh
197,gpr_dataset_0197.in,datasets/la_mujer/files/gpr_dataset_0197.in,0.27308653349800877,28.472981,34.85028,36.676739,0.15457513558828254,1.6990965245877026,2.689910056770217,0.03,fresh,0.13967576728308834,33.227285,41.614723,25.157992,0.16805247487758662,1.6355592331867599,2.6774165572758117,0.03,fresh
198,gpr_dataset_0198.in,datasets/la_mujer/files/gpr_dataset_0198.in,0.18958227600524286,15.373718,47.298911,37.327371,0.1517487249924866,1.6787769141320876,2.6430211355547555,0.03,fresh,0.22549106259636967,49.578866,22.916537,27.504597,0.17528977225544093,1.549747433094762,2.679491736095379,0.03,fresh
199,gpr_dataset_0199.in,datasets/la_mujer/files/gpr_dataset_0199.in,0.11355050222320294,42.557507,45.055241,12.387252,0.1691908771839105,1.54082336762855,2.6204738883735317,0.03,fresh,0.21776886720854727,36.451869,36.09728,27.450851,0.1544573557359601,1.3457248683593512,2.666012161584356,0.03,fresh
200,gpr_dataset_0200.in,datasets/la_mujer/files/gpr_dataset_0200.in,0.28166324025648903,37.146677,50.117243,12.73608,0.16538366900024531,1.6996525177612642,2.6205376132390916,0.03,fresh,0.16278148883496235,39.56997,44.211634,16.218396,0.14476798290200696,1.3799634953083222,2.6523159437661277,0.03,fresh
201,gpr_dataset_0201.in,datasets/la_mujer/files/gpr_dataset_0201.in,0.14952850772787152,57.458601,20.996527,21.544872,0.14886690735793684,1.360621346403541,2.637600561953522,0.03,fresh,0.15161440148774324,47.229842,32.474405,20.295753,0.1798827404451991,1.4502114322456918,2.6137681577297793,0.03,fresh
202,gpr_dataset_0202.in,datasets/la_mujer/files/gpr_dataset_0202.in,0.26536745543254836,35.806842,38.750718,25.44244,0.14201207459944792,1.4902798212034398,2.6476902958102677,0.03,fresh,0.11092117961503445,6.575906,51.455957,41.968137,0.14710422159725015,1.4069317194182178,2.6869385103875554,0.03,fresh
203,gpr_dataset_0203.in,datasets/la_mujer/files/gpr_dataset_0203.in,0.1837387195867821,11.266041,55.220681,33.513278,0.17861286425188505,1.3951335267045817,2.604833539220549,0.03,fresh,0.2562211303699016,22.767009,47.396354,29.836637,0.16589445936332303,1.691661108974721,2.679956410529637,0.03,fresh
204,gpr_dataset_0204.in,datasets/la_mujer/files/gpr_dataset_0204.in,0.1081001914863345,43.035582,28.213518,28.7509,0.17101077622256822,1.428120121678966,2.6844920912496404,0.03,fresh,0.17003769655943105,26.620953,43.747935,29.631112,0.15216909636662734,1.370384888791975,2.6105769309486453,0.03,fresh
205,gpr_dataset_0205.in,datasets/la_mujer/files/gpr_dataset_0205.in,0.11337279468678377,34.980377,35.670095,29.349528,0.17769049290972497,1.6445839356892396,2.6345004025765477,0.03,fresh,0.25264097691622933,17.99771,53.080168,28.922122,0.1687403964575202,1.4117485116558868,2.6199641102817175,0.03,fresh
206,gpr_dataset_0206.in,datasets/la_mujer/files/gpr_dataset_0206.in,0.17193703461227053,51.86855,34.076917,14.054533,0.16122641152112258,1.5484125310274697,2.641357562172038,0.03,fresh,0.17012624128397125,40.975729,24.778107,34.246164,0.15322745950428185,1.5474200126677868,2.6543125631505,0.03,fresh
207,gpr_dataset_0207.in,datasets/la_mujer/files/gpr_dataset_0207.in,0.1710282251543332,38.347052,48.448911,13.204037,0.1570032265371254,1.5630467932244558,2.6028479828032896,0.03,fresh,0.29419363083963235,40.453633,39.897071,19.649296,0.17309977343936375,1.6909341341978132,2.6572941846934155,0.03,fresh
208,gpr_dataset_0208.in,datasets/la_mujer/files/gpr_dataset_0208.in,0.2971029670359855,28.761721,37.384562,33.853717,0.15167492435460073,1.686239205813784,2.673416939091803,0.03,fresh,0.13954860290663407,24.727169,42.923739,32.349092,0.16002174571128938,1.659478630432728,2.6920633146010418,0.03,fresh
209,gpr_dataset_0209.in,datasets/la_mujer/files/gpr_dataset_0209.in,0.18274619481328264,44.266221,36.976379,18.7574,0.1479766564435564,1.5194498471564608,2.6509133030791054,0.03,fresh,0.17215669694808133,33.472163,36.769247,29.75859,0.15473864336941467,1.3389645707085305,2.6113958382990363,0.03,fresh
210,gpr_dataset_0210.in,datasets/la_mujer/files/gpr_dataset_0210.in,0.20869957654246296,28.739441,41.253006,30.007553,0.15166596550658568,1.5332157833637112,2.6715031910792426,0.03,fresh,0.29593255454822226,28.200766,49.119065,22.680169,0.15881682859235333,1.4179292527717147,2.6392700547889754,0.03,fresh
211,gpr_dataset_0211.in,datasets/la_mujer/files/gpr_dataset_0211.in,0.13166622715905396,21.935884,55.202342,22.861774,0.16564428606156736,1.5395092810350044,2.669847369445981,0.03,fresh,0.12320250403746374,17.523734,51.038484,31.437782,0.1552109615816421,1.6484533407047657,2.681267404687567,0.03,fresh
212,gpr_dataset_0212.in,datasets/la_mujer/files/gpr_dataset_0212.in,0.2787100891457993,45.209742,26.823831,27.966427,0.14406105515010587,1.531273899196631,2.666690266066106,0.03,fresh,0.1529882618799509,44.244251,34.110578,21.645171,0.1682543388948528,1.4580165949706592,2.614395557766302,0.03,fresh
213,gpr_dataset_0213.in,datasets/la_mujer/files/gpr_dataset_0213.in,0.1475902703746119,16.355898,42.597225,41.046877,0.15923086330198985,1.3385783376832694,2.631805472260432,0.03,fresh,0.17358409246306095,36.281211,31.531186,32.187603,0.16659509438849052,1.5459053523575768,2.6052949613777026,0.03,fresh
214,gpr_dataset_0214.in,datasets/la_mujer/files/gpr_dataset_0214.in,0.2587600141161885,23.460311,45.456371,31.083318,0.17588256020380488,1.455623870142482,2.6620399416981164,0.03,fresh,0.23240522212572418,14.147069,49.672712,36.180219,0.14290033226377147,1.338661420236868,2.6478036820004434,0.03,fresh
215,gpr_dataset_0215.in,datasets/la_mujer/files/gpr_dataset_0215.in,0.14227466937913807,19.54027,56.215034,24.244696,0.15556362406888424,1.5817491873155531,2.636778149730873,0.03,fresh,0.18862817039293245,20.187409,48.53753,31.275061,0.1772651120494067,1.6360575080850142,2.6654617797386537,0.03,fresh
216,gpr_dataset_0216.in,datasets/la_mujer/files/gpr_dataset_0216.in,0.16708554121389155,41.59373,40.979213,17.427057,0.16283063567981004,1.507141954985274,2.6922261078266705,0.03,fresh,0.2193096476809251,31.437686,45.104966,23.457348,0.14370861660911605,1.4253217379976777,2.6919394553394373,0.03,fresh
217,gpr_dataset_0217.in,datasets/la_mujer/files/gpr_dataset_0217.in,0.24715658655362036,17.388088,36.672767,45.939145,0.165345514702943,1.4137148471223315,2.6727759033525733,0.03,fresh,0.13697225192137713,35.756645,43.758421,20.484934,0.1731534314645483,1.439874520423184,2.648560719978441,0.03,fresh
218,gpr_dataset_0218.in,datasets/la_mujer/files/gpr_dataset_0218.in,0.26671860365648675,36.078764,30.375007,33.546229,0.16650752768316168,1.4538206438985477,2.6161074075774953,0.03,fresh,0.13543193525662317,34.600813,40.8184,24.580787,0.17401838640529338,1.4034626629872426,2.6582584618137233,0.03,fresh
219,gpr_dataset_0219.in,datasets/la_mujer/files/gpr_dataset_0219.in,0.1296410366970627,18.347734,45.560612,36.091654,0.17944060889929955,1.4436465472238704,2.692284663466652,0.03,fresh,0.10432643225555455,47.220228,34.967097,17.812675,0.17109629478318927,1.4367903065218721,2.603865302424635,0.03,fresh
220,gpr_dataset_0220.in,datasets/la_mujer/files/gpr_dataset_0220.in,0.23825103991732582,15.510868,53.038215,31.450917,0.14820473927858957,1.6745764977424735,2.627612848588239,0.03,fresh,0.24664850485625184,35.15797,27.765304,37.076726,0.1676553040459439,1.3656740210539118,2.6871845110234522,0.03,fresh
221,gpr_dataset_0221.in,datasets/la_mujer/files/gpr_dataset_0221.in,0.20150457394108873,26.265205,52.491702,21.243093,0.16634918838990087,1.475168995191335,2.606507067833457,0.03,fresh,0.2903116620471834,27.778073,60.719436,11.502491,0.17944333423711226,1.4350933605606402,2.698686895339175,0.03,fresh
222,gpr_dataset_0222.in,datasets/la_mujer/files/gpr_dataset_0222.in,0.12238619327041966,46.408621,28.604692,24.986687,0.1588269620742182,1.5792219909933072,2.6906881209559366,0.03,fresh,0.16134752730731083,11.091779,58.971767,29.936454,0.1571402746039309,1.5697742498864726,2.6660978277068583,0.03,fresh
223,gpr_dataset_0223.in,datasets/la_mujer/files/gpr_dataset_0223.in,0.13949142661739983,25.907528,27.354025,46.738447,0.1678854600494954,1.477926313886259,2.6026582718039375,0.03,fresh,0.11731387309583728,37.446546,37.907487,24.645967,0.14528124952811308,1.491525132183298,2.6271760151688412,0.03,fresh
224,gpr_dataset_0224.in,datasets/la_mujer/files/gpr_dataset_0224.in,0.2616264323267919,51.301929,33.668347,15.029724,0.14212800903559533,1.453820869632522,2.669442455544408,0.03,fresh,0.2915403201303367,8.678335,45.34807,45.973595,0.16475528394688543,1.3741114083212873,2.6615316130575803,0.03,fresh
225,gpr_dataset_0225.in,datasets/la_mujer/files/gpr_dataset_0225.in,0.21748251334570134,42.133703,43.251692,14.614605,0.14172603612596532,1.3910442371369374,2.634489049098888,0.03,fresh,0.10319623688101653,25.671864,59.273595,15.054541,0.17447660894740616,1.6551620268243987,2.665057769064767,0.03,fresh
226,gpr_dataset_0226.in,datasets/la_mujer/files/gpr_dataset_0226.in,0.19250453626256453,27.587504,60.92493,11.487566,0.14271592036092795,1.4488839750314264,2.6136971085294274,0.03,fresh,0.16536962445093928,24.428679,49.555601,26.01572,0.15350664238090048,1.432279106351685,2.696162701251641,0.03,fresh
227,gpr_dataset_0227.in,datasets/la_mujer/files/gpr_dataset_0227.in,0.20402575892760527,32.224975,36.368885,31.40614,0.1700897629262164,1.4869120291314275,2.6636406454214048,0.03,fresh,0.24739616323800248,34.367842,42.924229,22.707929,0.15057190989303326,1.6103801371269573,2.652993905106042,0.03,fresh
228,gpr_dataset_0228.in,datasets/la_mujer/files/gpr_dataset_0228.in,0.12175693687022465,36.504815,38.263742,25.231443,0.14994746665477607,1.4188973340343534,2.6401981048140213,0.03,fresh,0.21021393044980718,32.349979,36.886088,30.763933,0.17612983595838103,1.616084731162325,2.6767934324949594,0.03,fresh
229,gpr_dataset_0229.in,datasets/la_mujer/files/gpr_dataset_0229.in,0.26244572969276697,19.199861,44.002074,36.798065,0.14692247558595034,1.6541174325690715,2.606876599178089,0.03,fresh,0.1444798577763073,44.616073,25.936569,29.447358,0.1528990117116222,1.5498691800902944,2.6778620689369195,0.03,fresh
230,gpr_dataset_0230.in,datasets/la_mujer/files/gpr_dataset_0230.in,0.12061652169871453,16.070167,52.798507,31.131326,0.1446521329912886,1.5922604834921321,2.697019635633039,0.03,fresh,0.19526514134353584,21.890192,37.94988,40.159928,0.14897127801913188,1.3452651545999879,2.614630597783872,0.03,fresh
231,gpr_dataset_0231.in,datasets/la_mujer/files/gpr_dataset_0231.in,0.29738108381984935,16.881756,48.957636,34.160608,0.1762153785562795,1.4948989162093549,2.6732286368614693,0.03,fresh,0.2319752490428914,26.103662,32.26553,41.630808,0.1652744038121279,1.3723052227165324,2.6543670095726943,0.03,fresh
232,gpr_dataset_0232.in,datasets/la_mujer/files/gpr_dataset_0232.in,0.21688774772025987,33.187421,31.668434,35.144145,0.1442921602058653,1.408232520529948,2.621123992948716,0.03,fresh,0.12716854395323368,16.241461,45.931852,37.826687,0.1762759130281234,1.528705292356117,2.6019837040490095,0.03,fresh
233,gpr_dataset_0233.in,datasets/la_mujer/files/gpr_dataset_0233.in,0.16362727218507794,37.529102,36.713881,25.757017,0.1576009496503994,1.4065921641287424,2.664143172882965,0.03,fresh,0.13885577112776284,54.151983,34.213118,11.634899,0.1549497030360958,1.3041530338250513,2.6495283548225395,0.03,fresh
234,gpr_dataset_0234.in,datasets/la_mujer/files/gpr_dataset_0234.in,0.2797765515904808,23.340496,26.821749,49.837755,0.17236298552831247,1.5188032825733606,2.6862798353738833,0.03,fresh,0.12391988040413415,10.304893,48.089244,41.605863,0.14099345339896777,1.5763920051507028,2.6637044045400393,0.03,fresh
235,gpr_dataset_0235.in,datasets/la_mujer/files/gpr_dataset_0235.in,0.17897325923451052,25.974711,57.537122,16.488167,0.15892310035961937,1.494572685796113,2.6915116867057565,0.03,fresh,0.2500099750487663,44.134244,30.268889,25.596867,0.16607967226014939,1.6286383422200914,2.634153550307041,0.03,fresh
236,gpr_dataset_0236.in,datasets/la_mujer/files/gpr_dataset_0236.in,0.20737180631726476,36.099134,31.294907,32.605959,0.15922646873560503,1.4387441512160342,2.614752826685763,0.03,fresh,0.22208164828165117,36.423969,29.960541,33.61549,0.14338907286185443,1.657643710311677,2.6575813739367153,0.03,fresh
237,gpr_dataset_0237.in,datasets/la_mujer/files/gpr_dataset_0237.in,0.2439005894758484,38.054347,28.17724,33.768413,0.15617156275080124,1.695521029146996,2.669758135399813,0.03,fresh,0.14454933786114527,21.396172,34.416953,44.186875,0.17863654010950628,1.434335264941548,2.6650670141327857,0.03,fresh
238,gpr_dataset_0238.in,datasets/la_mujer/files/gpr_dataset_0238.in,0.16267543139914534,49.672285,30.868196,19.459519,0.16544276976800562,1.4394850554052658,2.6927854435406395,0.03,fresh,0.268024850250413,53.931714,34.119281,11.949005,0.14940941800279878,1.601043548104378,2.66161034055665,0.03,fresh
239,gpr_dataset_0239.in,datasets/la_mujer/files/gpr_dataset_0239.in,0.25738471156569837,40.881919,45.424239,13.693842,0.17404461670059124,1.6654312233491289,2.6064844563067,0.03,fresh,0.1890119762013167,25.036834,44.588531,30.374635,0.1797215304185602,1.5508217443607522,2.651580182224262,0.03,fresh
240,gpr_dataset_0240.in,datasets/la_mujer/files/gpr_dataset_0240.in,0.2272513732979887,50.379819,21.5974,28.022781,0.14808909570832385,1.4785111945406773,2.6935649404709068,0.03,fresh,0.2184056289046426,35.003332,43.330901,21.665767,0.16585264962449656,1.4661223089595548,2.6699989424859925,0.03,fresh
241,gpr_dataset_0241.in,datasets/la_mujer/files/gpr_dataset_0241.in,0.20998125888327612,52.912496,30.485518,16.601986,0.17413675671883977,1.4968888775677354,2.654172903343646,0.03,fresh,0.2846195531702788,21.203007,45.183317,33.613676,0.1707346973378215,1.3355302325848926,2.6779689174658596,0.03,fresh
242,gpr_dataset_0242.in,datasets/la_mujer/files/gpr_dataset_0242.in,0.1929008581688058,44.385239,40.458248,15.156513,0.15971006894249362,1.490643704883242,2.646180380088765,0.03,fresh,0.24765790819011899,28.890563,46.895278,24.214159,0.14698888656189604,1.6477826107267357,2.6960847179361633,0.03,fresh
243,gpr_dataset_0243.in,datasets/la_mujer/files/gpr_dataset_0243.in,0.20241025822791112,20.950403,60.143697,18.9059,0.16789225300931665,1.487935321436106,2.6158138050191067,0.03,fresh,0.21167626450205312,28.202974,48.269147,23.527879,0.1697020711725464,1.3945115727733288,2.644032887953333,0.03,fresh
244,gpr_dataset_0244.in,datasets/la_mujer/files/gpr_dataset_0244.in,0.15469821130880254,28.863792,24.656174,46.480034,0.14299012809222456,1.317244534188902,2.6433361206799972,0.03,fresh,0.1110793866442662,30.839217,23.660089,45.500694,0.15867616914702523,1.585617890640867,2.6930919153261335,0.03,fresh
245,gpr_dataset_0245.in,datasets/la_mujer/files/gpr_dataset_0245.in,0.16283012156873747,18.347664,47.44497,34.207366,0.17654764017381464,1.3038102319266647,2.619462684226067,0.03,fresh,0.12151107146528972,29.532326,45.406329,25.061345,0.1738227306917637,1.5490998719057276,2.6909203667980632,0.03,fresh
246,gpr_dataset_0246.in,datasets/la_mujer/files/gpr_dataset_0246.in,0.2169119999454384,35.160248,26.546071,38.293681,0.17410840395248847,1.3430090404711574,2.6915015592688545,0.03,fresh,0.26656347524024404,30.025946,51.961192,18.012862,0.14583581512581548,1.4371848187522138,2.6687921132046357,0.03,fresh
247,gpr_dataset_0247.in,datasets/la_mujer/files/gpr_dataset_0247.in,0.2556825889305754,32.828127,25.223083,41.94879,0.14279705984424246,1.4297517207793695,2.664832193524027,0.03,fresh,0.21678381955916212,8.050324,64.938427,27.011249,0.17244884142347,1.6163437156129312,2.6919538976719033,0.03,fresh
248,gpr_dataset_0248.in,datasets/la_mujer/files/gpr_dataset_0248.in,0.2508324796692761,24.287305,59.960662,15.752033,0.15483114948285226,1.59487590243765,2.6931258074700053,0.03,fresh,0.10940362518377014,28.258378,46.698286,25.043336,0.15783994544689545,1.4688516732004617,2.675997934377506,0.03,fresh
249,gpr_dataset_0249.in,datasets/la_mujer/files/gpr_dataset_0249.in,0.2848706840044982,34.109177,45.254535,20.636288,0.15333671088772632,1.619944315367816,2.696592800706794,0.03,fresh,0.12124826049349091,46.161845,22.929717,30.908438,0.16408749984257115,1.6007334482339215,2.6557860868188823,0.03,fresh
250,gpr_dataset_0250.in,datasets/la_mujer/files/gpr_dataset_0250.in,0.1782735894252285,33.094991,39.437269,27.46774,0.14371683564159055,1.5239602014512843,2.6426745590597753,0.03,fresh,0.11072249161795407,26.751492,34.266696,38.981812,0.16653614614626708,1.5028281689865524,2.688421495143822,0.03,fresh
251,gpr_dataset_0251.in,datasets/la_mujer/files/gpr_dataset_0251.in,0.1877940564921508,33.318071,31.791412,34.890517,0.17282706047076182,1.412411721691632,2.6002788988808687,0.03,fresh,0.1239076106503779,17.088252,43.72467,39.187078,0.17129588883214053,1.4560111951591523,2.6578053879893915,0.03,fresh
252,gpr_dataset_0252.in,datasets/la_mujer/files/gpr_dataset_0252.in,0.2563189558742785,28.909228,51.569989,19.520783,0.1490132209445245,1.6788179770264497,2.629893017013607,0.03,fresh,0.2388796115882076,35.434318,44.779448,19.786234,0.17364896872922786,1.542824121683159,2.688275626582201,0.03,fresh
253,gpr_dataset_0253.in,datasets/la_mujer/files/gpr_dataset_0253.in,0.25194633895313523,23.032944,29.747685,47.219371,0.17819145302040582,1.5883608071699276,2.650638183113376,0.03,fresh,0.17919350573963372,23.810009,52.11444,24.075551,0.1714029288294333,1.4852006214151432,2.649879180981185,0.03,fresh
254,gpr_dataset_0254.in,datasets/la_mujer/files/gpr_dataset_0254.in,0.2908567286800491,25.007077,37.149293,37.84363,0.15956206456824307,1.6424203215851625,2.6112110902446717,0.03,fresh,0.24946884153675455,35.66346,48.008958,16.327582,0.14545368383394117,1.3406794793876444,2.648870228383157,0.03,fresh
255,gpr_dataset_0255.in,datasets/la_mujer/files/gpr_dataset_0255.in,0.10306411842186372,55.958449,30.679624,13.361927,0.16819441608013255,1.4568202763163047,2.6186417230848726,0.03,fresh,0.24914980001564777,37.974291,31.842266,30.183443,0.17947396611171215,1.6885117022144709,2.67689994700303,0.03,fresh
256,gpr_dataset_0256.in,datasets/la_mujer/files/gpr_dataset_0256.in,0.25579600835308525,40.667859,26.310757,33.021384,0.17411242903951504,1.366706718705812,2.6204565747853157,0.03,fresh,0.1002157143947914,39.424755,34.97488,25.600365,0.14270118733042453,1.3269882120320053,2.6938021524253104,0.03,fresh
257,gpr_dataset_0257.in,datasets/la_mujer/files/gpr_dataset_0257.in,0.11309561842508309,48.273866,36.858418,14.867716,0.14390713027430807,1.5748552388025168,2.61540017624935,0.03,fresh,0.23378437905021987,20.636333,50.158863,29.204804,0.144125169166524,1.3351859218682312,2.6063255744761387,0.03,fresh
258,gpr_dataset_0258.in,datasets/la_mujer/files/gpr_dataset_0258.in,0.12307953709734472,17.847687,53.488311,28.664002,0.14600331058269408,1.6608608634565076,2.6138485005010277,0.03,fresh,0.24423435686591558,36.316154,24.409842,39.274004,0.14711420593107888,1.4714981048531726,2.6443860547993854,0.03,fresh
259,gpr_dataset_0259.in,datasets/la_mujer/files/gpr_dataset_0259.in,0.27657269531876927,34.541485,26.46872,38.989795,0.15560733570592086,1.543256581616475,2.6756789556861653,0.03,fresh,0.2258028396983817,43.213518,37.157841,19.628641,0.16813948648961058,1.381962128349897,2.6819573235606073,0.03,fresh
260,gpr_dataset_0260.in,datasets/la_mujer/files/gpr_dataset_0260.in,0.2244262209671691,44.901537,40.409041,14.689422,0.15225198879805632,1.4697381558874354,2.685901373864774,0.03,fresh,0.18572513535697852,28.186611,53.042822,18.770567,0.16190014840031286,1.5590019773202135,2.647276490173545,0.03,fresh
261,gpr_dataset_0261.in,datasets/la_mujer/files/gpr_dataset_0261.in,0.23424098155438108,26.080137,42.595538,31.324325,0.14491288047952472,1.3361680559328222,2.66740710207655,0.03,fresh,0.14041050782091724,48.361378,29.511067,22.127555,0.17994381734311682,1.3251271305884293,2.668763997129838,0.03,fresh
262,gpr_dataset_0262.in,datasets/la_mujer/files/gpr_dataset_0262.in,0.19778251681449077,13.223858,62.930939,23.845203,0.16466818359518953,1.4515277397089643,2.689141667559414,0.03,fresh,0.1310659418142859,42.981794,32.06791,24.950296,0.14179430946259555,1.4618213983381518,2.612839333176212,0.03,fresh
263,gpr_dataset_0263.in,datasets/la_mujer/files/gpr_dataset_0263.in,0.27228567773498247,50.672146,23.040177,26.287677,0.14189711290080606,1.4247000931041245,2.606639235702206,0.03,fresh,0.2669748688869882,32.438177,39.12974,28.432083,0.1591056016070132,1.4091366222178383,2.68212011585929,0.03,fresh
264,gpr_dataset_0264.in,datasets/la_mujer/files/gpr_dataset_0264.in,0.16177249120241924,18.382756,47.574654,34.04259,0.15513052692905271,1.3533666600529735,2.689558921419113,0.03,fresh,0.22109515855176687,9.648354,55.449825,34.901821,0.16494309060761483,1.5407682049948592,2.6220814151716096,0.03,fresh
265,gpr_dataset_0265.in,datasets/la_mujer/files/gpr_dataset_0265.in,0.16234925554132476,30.733972,27.718818,41.54721,0.16164772765016044,1.3035068958252078,2.6720618831000573,0.03,fresh,0.1986465047169453,38.682434,32.64908,28.668486,0.1469021926174076,1.4460673927294283,2.627343367742852,0.03,fresh
266,gpr_dataset_0266.in,datasets/la_mujer/files/gpr_dataset_0266.in,0.26457788217561184,30.680469,30.780836,38.538695,0.14911989818287777,1.423046263565596,2.670804295821518,0.03,fresh,0.22751987448019179,43.380658,35.935973,20.683369,0.16576299159862723,1.4286387521976858,2.6572890972687913,0.03,fresh
267,gpr_dataset_0267.in,datasets/la_mujer/files/gpr_dataset_0267.in,0.13493864390304605,11.333321,50.099731,38.566948,0.15451175227327507,1.3111485424992761,2.670843479814332,0.03,fresh,0.1625945547812986,23.108379,45.005583,31.886038,0.17895694713844656,1.6105497816670238,2.6730801014353625,0.03,fresh
268,gpr_dataset_0268.in,datasets/la_mujer/files/gpr_dataset_0268.in,0.2795256809147266,8.260734,52.394319,39.344947,0.17441947608565114,1.343692074316171,2.617705757606795,0.03,fresh,0.24782229034870054,11.200877,60.2002,28.598923,0.17317226501460736,1.4541790179963,2.641580073353054,0.03,fresh
269,gpr_dataset_0269.in,datasets/la_mujer/files/gpr_dataset_0269.in,0.14500477052846236,42.098925,27.422026,30.479049,0.1749541512101634,1.5983942351714895,2.6446236891080677,0.03,fresh,0.1778543366817098,22.606045,53.074861,24.319094,0.16974969366053472,1.6080609170716353,2.686382574542571,0.03,fresh
270,gpr_dataset_0270.in,datasets/la_mujer/files/gpr_dataset_0270.in,0.2625406813750132,40.918404,39.535343,19.546253,0.17097959463773588,1.3970842381797066,2.654970272718591,0.03,fresh,0.24979925245197468,47.194501,39.142741,13.662758,0.1577969952696151,1.6514283192883523,2.6717570170198193,0.03,fresh
271,gpr_dataset_0271.in,datasets/la_mujer/files/gpr_dataset_0271.in,0.2811195927640011,21.804549,55.414917,22.780534,0.1499040926572813,1.5631003320571528,2.6750253480489814,0.03,fresh,0.2783070240376172,31.995308,34.363518,33.641174,0.1559709865583632,1.4207854608035062,2.6822560219732505,0.03,fresh
272,gpr_dataset_0272.in,datasets/la_mujer/files/gpr_dataset_0272.in,0.21581816284375266,46.905678,38.7781,14.316222,0.14698740867277654,1.3305397232718081,2.6683060678975328,0.03,fresh,0.29397481391062397,52.681106,27.081541,20.237353,0.1715728996885998,1.3677773178422143,2.683784904023179,0.03,fresh
273,gpr_dataset_0273.in,datasets/la_mujer/files/gpr_dataset_0273.in,0.14131768990062027,34.043381,37.83684,28.119779,0.14107381290421775,1.6241816850474409,2.648758438042094,0.03,fresh,0.19547336424361306,32.096459,48.30133,19.602211,0.1570223572224454,1.4129247933936437,2.6647975624142064,0.03,fresh
274,gpr_dataset_0274.in,datasets/la_mujer/files/gpr_dataset_0274.in,0.2718779304645842,41.909126,31.929933,26.160941,0.1609564159090633,1.6967918528280905,2.6434395026635236,0.03,fresh,0.2585093444008658,9.384862,48.799268,41.81587,0.1554142316972263,1.3529128509620703,2.674703683773796,0.03,fresh
275,gpr_dataset_0275.in,datasets/la_mujer/files/gpr_dataset_0275.in,0.2017951520831333,20.357738,41.043086,38.599176,0.17495424051990785,1.3260941347446655,2.6126368055191187,0.03,fresh,0.2743507942922877,37.311299,28.635128,34.053573,0.1689716941672396,1.495734705835043,2.619408904344419,0.03,fresh
276,gpr_dataset_0276.in,datasets/la_mujer/files/gpr_dataset_0276.in,0.1666655113764943,15.837958,35.591334,48.570708,0.1553672687512696,1.545059691369654,2.6456841987900064,0.03,fresh,0.13056729699013508,41.137304,37.952844,20.909852,0.17303811537155334,1.631673109495143,2.6297533386023653,0.03,fresh
277,gpr_dataset_0277.in,datasets/la_mujer/files/gpr_dataset_0277.in,0.12461087424083553,37.25256,32.01155,30.73589,0.15643789577399045,1.5649294001353113,2.6549025846721213,0.03,fresh,0.21319322032230334,20.570036,49.165088,30.264876,0.15526273079285274,1.5449628899643748,2.640599835451795,0.03,fresh
278,gpr_dataset_0278.in,datasets/la_mujer/files/gpr_dataset_0278.in,0.18851730229894212,28.445202,25.144101,46.410697,0.14242762125092187,1.6085212672526894,2.6382239713427666,0.03,fresh,0.2609031887709802,40.426941,38.872419,20.70064,0.15009982304501315,1.4946853076202233,2.638774547203093,0.03,fresh
279,gpr_dataset_0279.in,datasets/la_mujer/files/gpr_dataset_0279.in,0.21249531057441357,32.353855,47.334641,20.311504,0.15703451978706118,1.5487861790784634,2.664321997658533,0.03,fresh,0.11410369619913735,39.038821,47.857605,13.103574,0.16054212039031146,1.4457465718629112,2.660738395363136,0.03,fresh
280,gpr_dataset_0280.in,datasets/la_mujer/files/gpr_dataset_0280.in,0.12534377850935746,13.681179,47.188096,39.130725,0.16281028178823023,1.699818529938899,2.6170552416117903,0.03,fresh,0.146169228369664,19.013005,46.48011,34.506885,0.16845217588482944,1.5312702382164858,2.656534021289775,0.03,fresh
281,gpr_dataset_0281.in,datasets/la_mujer/files/gpr_dataset_0281.in,0.12698088567701377,32.369762,33.018883,34.611355,0.15199326542396654,1.4586021779150682,2.654965578765049,0.03,fresh,0.2775440211920423,41.028282,44.845677,14.126041,0.16668603830589737,1.66132414826893,2.6988604818436612,0.03,fresh
282,gpr_dataset_0282.in,datasets/la_mujer/files/gpr_dataset_0282.in,0.16443029415465976,32.628154,43.166234,24.205612,0.16200372232035223,1.6120125475833298,2.6817888969487704,0.03,fresh,0.24590833694109107,43.226058,38.411936,18.362006,0.1781732705933491,1.303598288855891,2.6555293562949993,0.03,fresh
283,gpr_dataset_0283.in,datasets/la_mujer/files/gpr_dataset_0283.in,0.15820131619049066,48.356551,23.219015,28.424434,0.16121162918919354,1.6809219550151755,2.641369932949209,0.03,fresh,0.15661516108847212,23.928744,43.591644,32.479612,0.1503160803460729,1.3376487399507233,2.6956963742257782,0.03,fresh
284,gpr_dataset_0284.in,datasets/la_mujer/files/gpr_dataset_0284.in,0.13894281876510228,45.566703,36.018021,18.415276,0.17542460864337397,1.6269835411472613,2.625971122835243,0.03,fresh,0.1796562249599142,39.511464,26.868006,33.62053,0.14937945401823377,1.6517210531479205,2.6078911238813856,0.03,fresh
285,gpr_dataset_0285.in,datasets/la_mujer/files/gpr_dataset_0285.in,0.25157763840647973,33.128841,39.320171,27.550988,0.17187460152488865,1.4515177932820191,2.6775602034928423,0.03,fresh,0.10559797107136822,28.0815,46.22762,25.69088,0.16872621903851706,1.4127151966929623,2.6922110289544903,0.03,fresh
286,gpr_dataset_0286.in,datasets/la_mujer/files/gpr_dataset_0286.in,0.2755152496044425,21.338875,60.870007,17.791118,0.14932322177922583,1.6333630614016932,2.6681198786189864,0.03,fresh,0.18392415924961758,35.274628,45.185013,19.540359,0.1724557641700631,1.6771253835442894,2.6305848757261248,0.03,fresh
287,gpr_dataset_0287.in,datasets/la_mujer/files/gpr_dataset_0287.in,0.20459506650312098,42.708416,41.2537,16.037884,0.14312433058102064,1.6141080432754165,2.6128185089763543,0.03,fresh,0.18575618886641393,33.212958,30.986135,35.800907,0.16716328973886524,1.488279302400967,2.66283939753208,0.03,fresh
288,gpr_dataset_0288.in,datasets/la_mujer/files/gpr_dataset_0288.in,0.15175063476552392,37.401935,37.042708,25.555357,0.15324152590622897,1.338878895322734,2.6466460653948367,0.03,fresh,0.17741714303850728,34.619718,35.677655,29.702627,0.1571805639207181,1.6135311593647914,2.6984010512553054,0.03,fresh
289,gpr_dataset_0289.in,datasets/la_mujer/files/gpr_dataset_0289.in,0.2292030259320438,30.63444,31.956067,37.409493,0.1443317746573704,1.6153577439535163,2.6562724317460438,0.03,fresh,0.2886811620962656,14.686516,48.042284,37.2712,0.16639329525183316,1.4008871262895528,2.6260778965093405,0.03,fresh
290,gpr_dataset_0290.in,datasets/la_mujer/files/gpr_dataset_0290.in,0.1219240383602301,53.934039,32.927804,13.138157,0.15439816749486185,1.445017693990759,2.6845376681138173,0.03,fresh,0.22088605564401415,51.758131,33.365137,14.876732,0.14145450820761682,1.5261744607112402,2.6383421206470286,0.03,fresh
291,gpr_dataset_0291.in,datasets/la_mujer/files/gpr_dataset_0291.in,0.15371975061537774,37.077108,32.304921,30.617971,0.1792745623852373,1.431724529504265,2.656322086358869,0.03,fresh,0.24791332576621214,30.882288,39.699663,29.418049,0.1549223501827746,1.5613494661225216,2.677745814712653,0.03,fresh
292,gpr_dataset_0292.in,datasets/la_mujer/files/gpr_dataset_0292.in,0.23887681747080552,54.833459,34.985785,10.180756,0.16242140832026813,1.3734128513926853,2.6316144450571564,0.03,fresh,0.16902254767432365,33.343547,50.41364,16.242813,0.16532772111648283,1.5161286311277127,2.6301125743598526,0.03,fresh
293,gpr_dataset_0293.in,datasets/la_mujer/files/gpr_dataset_0293.in,0.1302984517125031,55.431935,22.904777,21.663288,0.16231147193157378,1.3705011956507585,2.6422183116215874,0.03,fresh,0.24028901036719558,33.92745,44.323278,21.749272,0.17123125680895135,1.3301208125359425,2.649418506702689,0.03,fresh
294,gpr_dataset_0294.in,datasets/la_mujer/files/gpr_dataset_0294.in,0.150448924101493,30.736499,46.481033,22.782468,0.15664608479232164,1.40661950201222,2.638956206226003,0.03,fresh,0.21339471367017693,24.751371,42.393475,32.855154,0.15709791589780536,1.4250559561853273,2.6380083896683373,0.03,fresh
295,gpr_dataset_0295.in,datasets/la_mujer/files/gpr_dataset_0295.in,0.24290616252322358,24.421131,37.576933,38.001936,0.1507881567385651,1.505985053597925,2.656923480618987,0.03,fresh,0.24369965910755623,45.545075,29.339574,25.115351,0.17877502977196466,1.4309389252281106,2.602978581102535,0.03,fresh
296,gpr_dataset_0296.in,datasets/la_mujer/files/gpr_dataset_0296.in,0.29097331906263946,25.603628,28.845246,45.551126,0.1451842025651013,1.320644972642549,2.6838806077460315,0.03,fresh,0.17008220963124135,21.334764,39.543512,39.121724,0.14137432675290326,1.48324743439078,2.654554382755945,0.03,fresh
297,gpr_dataset_0297.in,datasets/la_mujer/files/gpr_dataset_0297.in,0.24927790416026552,21.175594,52.64021,26.184196,0.16542761804756928,1.3758138733747471,2.6561706283937565,0.03,fresh,0.24416852098299321,35.027141,28.32581,36.647049,0.15806385097411163,1.5637580948793202,2.628535687098031,0.03,fresh
298,gpr_dataset_0298.in,datasets/la_mujer/files/gpr_dataset_0298.in,0.25998462055544236,16.44676,33.560433,49.992807,0.16645390122179582,1.5498373199125595,2.694602520596256,0.03,fresh,0.1580487095406903,42.180987,44.701407,13.117606,0.17341059812885576,1.541815573871425,2.6647078684760146,0.03,fresh
299,gpr_dataset_0299.in,datasets/la_mujer/files/gpr_dataset_0299.in,0.15254638999146597,53.217629,33.536231,13.24614,0.17995886268233438,1.5689837965543236,2.6096877877036855,0.03,fresh,0.10143880093819707,41.67842,38.343552,19.978028,0.14003446918378137,1.6927563713167966,2.6888049742201505,0.03,fresh
300,gpr_dataset_0300.in,datasets/la_mujer/files/gpr_dataset_0300.in,0.11279998338909343,42.854291,33.097529,24.04818,0.17708189085899967,1.4506630382387928,2.6943668350094128,0.03,fresh,0.12593815885637558,41.845235,34.283337,23.871428,0.15215051777874167,1.3447566335734826,2.682696370784553,0.03,fresh
301,gpr_dataset_0301.in,datasets/la_mujer/files/gpr_dataset_0301.in,0.16035755526420797,43.704185,24.645936,31.649879,0.1545300549062617,1.6722325618261302,2.6819073035738867,0.03,fresh,0.2158264719191607,52.613817,32.019731,15.366452,0.15801080003386705,1.455102991690864,2.602070652309596,0.03,fresh
302,gpr_dataset_0302.in,datasets/la_mujer/files/gpr_dataset_0302.in,0.2578737755768891,31.351686,32.203533,36.444781,0.15110741439911637,1.653429547692484,2.6054905729505156,0.03,fresh,0.23828948535437874,16.789241,47.986889,35.22387,0.15115460681092097,1.3116530498032448,2.6008196449319443,0.03,fresh
303,gpr_dataset_0303.in,datasets/la_mujer/files/gpr_dataset_0303.in,0.17229800812394908,42.670254,28.549243,28.780503,0.15173377730380846,1.3325275668881764,2.6882532798152594,0.03,fresh,0.2846708761570168,30.202443,36.300693,33.496864,0.14821725844433684,1.4538634110121214,2.694719701864623,0.03,fresh
304,gpr_dataset_0304.in,datasets/la_mujer/files/gpr_dataset_0304.in,0.19633060348815357,44.049331,28.097569,27.8531,0.15954926161011182,1.3614105674800931,2.609091540850164,0.03,fresh,0.2955299310636913,44.197761,23.149132,32.653107,0.1527226999025235,1.6856599419151777,2.60541669637731,0.03,fresh
305,gpr_dataset_0305.in,datasets/la_mujer/files/gpr_dataset_0305.in,0.19522935928475546,54.205139,25.647567,20.147294,0.15686946453039002,1.6995154094621108,2.690590161744425,0.03,fresh,0.15677616250874918,26.377645,42.320904,31.301451,0.17617737371325642,1.3587665345764712,2.6353651299243435,0.03,fresh
306,gpr_dataset_0306.in,datasets/la_mujer/files/gpr_dataset_0306.in,0.27564854751758183,35.98445,39.66272,24.35283,0.17569704756161847,1.6715444763439962,2.6464553703548344,0.03,fresh,0.2549829772241723,38.180962,30.68835,31.130688,0.15813005551071893,1.3643513631346982,2.6500851307920326,0.03,fresh
307,gpr_dataset_0307.in,datasets/la_mujer/files/gpr_dataset_0307.in,0.23965002541559996,27.162286,48.299533,24.538181,0.17472600173710123,1.5823367179012122,2.6317420796205817,0.03,fresh,0.2014716323478573,20.908047,58.779037,20.312916,0.15946560201792292,1.4221116696612188,2.664047674327709,0.03,fresh
308,gpr_dataset_0308.in,datasets/la_mujer/files/gpr_dataset_0308.in,0.2229102937009108,45.121119,34.293014,20.585867,0.16973999157766043,1.624191737765576,2.6548272782952194,0.03,fresh,0.1140601543282519,34.663107,46.201702,19.135191,0.16421339309630792,1.4439868993955531,2.631302707122245,0.03,fresh
309,gpr_dataset_0309.in,datasets/la_mujer/files/gpr_dataset_0309.in,0.2681068718326169,41.284257,35.853626,22.862117,0.1581602244407288,1.4516603708046782,2.693767939184102,0.03,fresh,0.16071683204307757,17.87669,47.247265,34.876045,0.1566317223957002,1.6622299337920214,2.60077455466012,0.03,fresh
310,gpr_dataset_0310.in,datasets/la_mujer/files/gpr_dataset_0310.in,0.22197770854770005,19.140734,56.296121,24.563145,0.14093899520497893,1.6241133943348245,2.628960197848886,0.03,fresh,0.27098827604921005,17.791902,44.802918,37.40518,0.15408564709737763,1.6093805971291282,2.654422760048554,0.03,fresh
311,gpr_dataset_0311.in,datasets/la_mujer/files/gpr_dataset_0311.in,0.25638235303858403,43.210327,34.149351,22.640322,0.15261970736997893,1.3491283584276923,2.637083248909525,0.03,fresh,0.22756435511561046,35.554519,33.042966,31.402515,0.17723589904600476,1.4964460281244873,2.619282495858313,0.03,fresh
312,gpr_dataset_0312.in,datasets/la_mujer/files/gpr_dataset_0312.in,0.12574176438896176,12.720332,50.646149,36.633519,0.14753031355791024,1.3809761410644827,2.65948028220339,0.03,fresh,0.221690455832306,33.745548,34.832068,31.422384,0.1410786569597844,1.3006201920557212,2.6438651240569606,0.03,fresh
313,gpr_dataset_0313.in,datasets/la_mujer/files/gpr_dataset_0313.in,0.23554346452287273,23.70366,43.755072,32.541268,0.1702728342752413,1.3932529719034987,2.6171254685953174,0.03,fresh,0.16702113634322222,48.767079,40.669232,10.563689,0.14829004115399644,1.5914972530040452,2.635034130768688,0.03,fresh
314,gpr_dataset_0314.in,datasets/la_mujer/files/gpr_dataset_0314.in,0.20686277110411752,29.725179,28.625147,41.649674,0.17242921934747912,1.4408581069418895,2.622556258699785,0.03,fresh,0.24819222061717094,42.85263,22.285723,34.861647,0.16937273755232887,1.5842968394568246,2.6064286360231095,0.03,fresh
315,gpr_dataset_0315.in,datasets/la_mujer/files/gpr_dataset_0315.in,0.1837442836891045,36.092859,37.298641,26.6085,0.14950308657521869,1.5007986629376242,2.620025639255084,0.03,fresh,0.2958508336221366,18.245132,48.173114,33.581754,0.16967557629156108,1.4666783792021498,2.6713781169317197,0.03,fresh
316,gpr_dataset_0316.in,datasets/la_mujer/files/gpr_dataset_0316.in,0.16105094182394303,30.06722,49.666755,20.266025,0.17817194432199399,1.4388056992526392,2.6440840736616296,0.03,fresh,0.2984057840587342,41.474302,31.565926,26.959772,0.17723244697574958,1.5051226952580257,2.694487613661654,0.03,fresh
317,gpr_dataset_0317.in,datasets/la_mujer/files/gpr_dataset_0317.in,0.29349409058058695,22.271336,42.92618,34.802484,0.1793927020792713,1.4055608874209355,2.65007881999228,0.03,fresh,0.12507147282289388,29.989931,45.951481,24.058588,0.1787101195693503,1.3071936027934115,2.667348302344031,0.03,fresh
318,gpr_dataset_0318.in,datasets/la_mujer/files/gpr_dataset_0318.in,0.23950200762637688,19.710999,55.312245,24.976756,0.17119756507090297,1.6213170710922093,2.690929153505701,0.03,fresh,0.12779929413086108,46.092235,32.155262,21.752503,0.1753836429655795,1.5329071542081456,2.6121461205689096,0.03,fresh
319,gpr_dataset_0319.in,datasets/la_mujer/files/gpr_dataset_0319.in,0.29648186423902667,55.916733,20.869544,23.213723,0.1510139872382727,1.6450066524232514,2.6327775236232385,0.03,fresh,0.1995378171536628,34.497833,51.805151,13.697016,0.1730778555416159,1.6765925410984113,2.6130100746482197,0.03,fresh
320,gpr_dataset_0320.in,datasets/la_mujer/files/gpr_dataset_0320.in,0.2553491669475018,28.032342,50.541644,21.426014,0.15166169934919962,1.3234175535380566,2.667431713321186,0.03,fresh,0.16267959155518105,20.443036,53.812425,25.744539,0.1586191822626299,1.4568639981100369,2.622130835139245,0.03,fresh
321,gpr_dataset_0321.in,datasets/la_mujer/files/gpr_dataset_0321.in,0.1118111667154575,31.099428,31.568057,37.332515,0.16597008837417337,1.6643808134908586,2.6964344179059094,0.03,fresh,0.25268516250135087,17.874188,54.496368,27.629444,0.14099208734582863,1.6343416946485139,2.662370417754289,0.03,fresh
322,gpr_dataset_0322.in,datasets/la_mujer/files/gpr_dataset_0322.in,0.21838786062272508,21.215025,47.679429,31.105546,0.16884036010582698,1.3930352127072736,2.6415915812491817,0.03,fresh,0.21166950284781783,29.493964,25.578713,44.927323,0.1702545778573181,1.3637225833104196,2.613847975201223,0.03,fresh
323,gpr_dataset_0323.in,datasets/la_mujer/files/gpr_dataset_0323.in,0.240358261757651,38.308706,39.874256,21.817038,0.17623466911503094,1.4225283667792064,2.6011319097564076,0.03,fresh,0.20422401609348673,26.792616,43.114307,30.093077,0.1710690094529357,1.458112185408307,2.635772871007921,0.03,fresh
324,gpr_dataset_0324.in,datasets/la_mujer/files/gpr_dataset_0324.in,0.1367127517415483,18.902194,39.953838,41.143968,0.16122202291483603,1.478034645687741,2.6910466955273535,0.03,fresh,0.13518374950548723,15.826015,45.660791,38.513194,0.16722942081475878,1.5775401470528085,2.640223943778752,0.03,fresh
325,gpr_dataset_0325.in,datasets/la_mujer/files/gpr_dataset_0325.in,0.10445761190754309,17.168305,64.717171,18.114524,0.14782439603004027,1.4839271349134446,2.682523427333008,0.03,fresh,0.11260866966737766,45.148398,38.415599,16.436003,0.15532472404420508,1.3333776475185486,2.669803285560186,0.03,fresh
326,gpr_dataset_0326.in,datasets/la_mujer/files/gpr_dataset_0326.in,0.2378208720269401,26.061171,41.882419,32.05641,0.17390059731775426,1.4391146397487296,2.6996428777995427,0.03,fresh,0.2596804568541684,10.079923,47.695272,42.224805,0.16065876691844905,1.325762588331698,2.6457660767850073,0.03,fresh
327,gpr_dataset_0327.in,datasets/la_mujer/files/gpr_dataset_0327.in,0.13998357982535872,40.507707,43.354081,16.138212,0.1680512562575764,1.6601390957849138,2.680314125977455,0.03,fresh,0.28810353223479135,55.231578,20.027791,24.740631,0.17913591707521231,1.6541870589426355,2.6396736861569874,0.03,fresh
328,gpr_dataset_0328.in,datasets/la_mujer/files/gpr_dataset_0328.in,0.17839383794745356,24.836777,30.866141,44.297082,0.17224735983984854,1.49178343598134,2.6485684626868014,0.03,fresh,0.2666060915516869,25.770327,35.970679,38.258994,0.16717138292436315,1.4392942271858395,2.6277811481301114,0.03,fresh
329,gpr_dataset_0329.in,datasets/la_mujer/files/gpr_dataset_0329.in,0.1577289164456971,18.544522,52.43762,29.017858,0.1569772738148184,1.3505221287588551,2.663224867415006,0.03,fresh,0.19159269090311543,54.159615,22.684835,23.15555,0.15966103163324563,1.5013208412718504,2.6063972011566428,0.03,fresh
330,gpr_dataset_0330.in,datasets/la_mujer/files/gpr_dataset_0330.in,0.27191865617301625,39.411769,25.079163,35.509068,0.16138955674665853,1.5722225516152464,2.6092415834978677,0.03,fresh,0.1422625596497354,39.420098,27.146071,33.433831,0.1744209018338397,1.520202544859143,2.653870782612829,0.03,fresh
331,gpr_dataset_0331.in,datasets/la_mujer/files/gpr_dataset_0331.in,0.2936689693796656,22.368891,46.482574,31.148535,0.14824185465474315,1.4819152489628387,2.61040580453947,0.03,fresh,0.11272827364380361,44.179034,43.138671,12.682295,0.16229019466986946,1.420710552458593,2.6081190166588364,0.03,fresh
332,gpr_dataset_0332.in,datasets/la_mujer/files/gpr_dataset_0332.in,0.1645300846879765,51.590807,24.945516,23.463677,0.16850206409723673,1.6844094805449266,2.622921814162924,0.03,fresh,0.2409004986641554,33.302885,40.215308,26.481807,0.14708920287818794,1.5743269928303478,2.6652085672640307,0.03,fresh
333,gpr_dataset_0333.in,datasets/la_mujer/files/gpr_dataset_0333.in,0.17860833145696703,32.949297,24.261836,42.788867,0.14560945177330728,1.5897060284751103,2.6878407068851353,0.03,fresh,0.142028747771619,22.407803,35.160216,42.431981,0.1721439339636563,1.6630436343092079,2.633374657649574,0.03,fresh
334,gpr_dataset_0334.in,datasets/la_mujer/files/gpr_dataset_0334.in,0.29071485873595615,44.01141,41.750526,14.238064,0.16127745643242578,1.5856324508452309,2.627679375963178,0.03,fresh,0.21804473904392707,47.953152,35.478734,16.568114,0.16822750602832878,1.5720584694921023,2.6477298572419,0.03,fresh
335,gpr_dataset_0335.in,datasets/la_mujer/files/gpr_dataset_0335.in,0.28895949860278664,50.801593,29.214711,19.983696,0.16091190351878565,1.5558656182263964,2.6703839746450377,0.03,fresh,0.12019237828572023,20.597803,39.639775,39.762422,0.16907905755767927,1.392202716884007,2.6966061300494437,0.03,fresh
336,gpr_dataset_0336.in,datasets/la_mujer/files/gpr_dataset_0336.in,0.18661552211516885,16.582694,55.494395,27.922911,0.17160965620919388,1.5167514346495417,2.6964945801989733,0.03,fresh,0.25073016611693183,34.13471,43.213285,22.652005,0.17451570411543632,1.5450436640665286,2.696147133329903,0.03,fresh
337,gpr_dataset_0337.in,datasets/la_mujer/files/gpr_dataset_0337.in,0.134355018125698,41.029372,34.131404,24.839224,0.14134820797885958,1.5440123821789022,2.6537287640254514,0.03,fresh,0.20437717959079355,33.830269,33.31302,32.856711,0.15342026612802204,1.5979895531921307,2.6152934623121977,0.03,fresh
338,gpr_dataset_0338.in,datasets/la_mujer/files/gpr_dataset_0338.in,0.17609841199555246,9.431046,64.423078,26.145876,0.1529867520697559,1.3339008856372443,2.619350545179812,0.03,fresh,0.12444988016049606,30.826418,39.273584,29.899998,0.14591534671695805,1.5546821876820731,2.640825859118492,0.03,fresh
339,gpr_dataset_0339.in,datasets/la_mujer/files/gpr_dataset_0339.in,0.2790527840861296,28.521758,38.272513,33.205729,0.15065480295490113,1.6491450004106456,2.6771133585454754,0.03,fresh,0.10431704523378765,53.553162,20.392059,26.054779,0.17847889293652242,1.420526633704302,2.6306034897775215,0.03,fresh
340,gpr_dataset_0340.in,datasets/la_mujer/files/gpr_dataset_0340.in,0.28006595969508374,23.036762,36.962614,40.000624,0.16747226664862386,1.4116994640946736,2.6727822537599755,0.03,fresh,0.26364175694814973,6.708256,63.31142,29.980324,0.17524969742684457,1.5922932399915082,2.6562435719457294,0.03,fresh
341,gpr_dataset_0341.in,datasets/la_mujer/files/gpr_dataset_0341.in,0.12095128344965052,32.232788,38.777292,28.98992,0.14942303008166827,1.4660633540989279,2.6029909896071426,0.03,fresh,0.1830262907355194,27.566336,42.07259,30.361074,0.15425535927444733,1.4270585955353703,2.6224780320558336,0.03,fresh
342,gpr_dataset_0342.in,datasets/la_mujer/files/gpr_dataset_0342.in,0.17844102380312213,29.735258,28.780388,41.484354,0.14212896720626683,1.3142017062729876,2.6789757182381946,0.03,fresh,0.13445663369020044,46.402169,25.234178,28.363653,0.15629277826316534,1.441315741832217,2.611365644978872,0.03,fresh
343,gpr_dataset_0343.in,datasets/la_mujer/files/gpr_dataset_0343.in,0.12812204730031623,36.229112,42.793879,20.977009,0.14659348458000535,1.4955075398567519,2.6439831186763363,0.03,fresh,0.27301011869293557,42.742235,40.876581,16.381184,0.14788358272448207,1.3739424874957258,2.6986894083437605,0.03,fresh
344,gpr_dataset_0344.in,datasets/la_mujer/files/gpr_dataset_0344.in,0.18707736907648428,50.837267,27.259283,21.90345,0.17787939782209672,1.4760971151947215,2.6708560182611842,0.03,fresh,0.22862001047874722,32.052613,49.743794,18.203593,0.1631322204256454,1.5750453023650393,2.622299008052942,0.03,fresh
345,gpr_dataset_0345.in,datasets/la_mujer/files/gpr_dataset_0345.in,0.1191386149175182,32.546267,41.722354,25.731379,0.15696911819390721,1.465489306192147,2.640448804347685,0.03,fresh,0.17994641708643128,38.806164,26.126817,35.067019,0.175220258392822,1.365908791137458,2.6026769002268804,0.03,fresh
346,gpr_dataset_0346.in,datasets/la_mujer/files/gpr_dataset_0346.in,0.21075611539367428,37.311531,34.459765,28.228704,0.17171192714786157,1.6559375764296513,2.623658585607876,0.03,fresh,0.19003257174694854,20.484366,43.210418,36.305216,0.15013199360875934,1.3416162703763805,2.683191639904164,0.03,fresh
347,gpr_dataset_0347.in,datasets/la_mujer/files/gpr_dataset_0347.in,0.12204035201764052,7.68392,64.018252,28.297828,0.16968570425861007,1.372855899624977,2.694277792097428,0.03,fresh,0.27708298114019747,15.587756,55.898303,28.513941,0.14371178451393493,1.519750111995892,2.6986551935064207,0.03,fresh
348,gpr_dataset_0348.in,datasets/la_mujer/files/gpr_dataset_0348.in,0.15612910942957248,26.336759,32.589598,41.073643,0.169976328468038,1.5548353433499935,2.661473264720672,0.03,fresh,0.23076962088862643,35.57007,32.382277,32.047653,0.1631513864343884,1.4727271071072638,2.658327978779548,0.03,fresh
349,gpr_dataset_0349.in,datasets/la_mujer/files/gpr_dataset_0349.in,0.21826768070061972,33.1482,38.308212,28.543588,0.17379278511771112,1.3954958315249681,2.6324672989669127,0.03,fresh,0.2786417340527877,39.604945,37.03199,23.363065,0.16312188070469652,1.4660209503906172,2.624055704197102,0.03,fresh
350,gpr_dataset_0350.in,datasets/la_mujer/files/gpr_dataset_0350.in,0.28398205841655344,32.928103,39.042749,28.029148,0.15703661613116018,1.6274014898858806,2.6510915739890066,0.03,fresh,0.10413903369316722,26.681622,56.716709,16.601669,0.1734482131558714,1.3563187738323177,2.6835823579698364,0.03,fresh
351,gpr_dataset_0351.in,datasets/la_mujer/files/gpr_dataset_0351.in,0.1455594572175609,45.328186,35.725678,18.946136,0.17947172173528336,1.3628519065367042,2.605264164131767,0.03,fresh,0.2548305735637688,31.99994,29.541415,38.458645,0.1603862539510678,1.3481379290957987,2.619181927967104,0.03,fresh
352,gpr_dataset_0352.in,datasets/la_mujer/files/gpr_dataset_0352.in,0.12172047675131728,29.892612,42.90207,27.205318,0.15561056320972144,1.667148002308902,2.6782475435233617,0.03,fresh,0.28486147230301756,32.309891,34.577866,33.112243,0.1749891557776806,1.4021158700847811,2.624557021507437,0.03,fresh
353,gpr_dataset_0353.in,datasets/la_mujer/files/gpr_dataset_0353.in,0.2881512542771847,29.646694,42.31043,28.042876,0.17179983869389032,1.4867719907745032,2.6457652794402473,0.03,fresh,0.2551618015481362,40.972654,40.674859,18.352487,0.16956570954575484,1.519126617732918,2.6965495219877793,0.03,fresh
354,gpr_dataset_0354.in,datasets/la_mujer/files/gpr_dataset_0354.in,0.12896661359595235,48.126699,36.952484,14.920817,0.16988841644761163,1.6443462110856046,2.6412351774950453,0.03,fresh,0.2338832324062294,32.122403,51.160975,16.716622,0.15580855801773766,1.301192192673475,2.6694160326214855,0.03,fresh
355,gpr_dataset_0355.in,datasets/la_mujer/files/gpr_dataset_0355.in,0.2908137223901894,37.698033,39.2557,23.046267,0.16333642510058483,1.3257622758211531,2.6417613293219815,0.03,fresh,0.23038687161895158,22.64631,32.1207,45.23299,0.14737868546260147,1.3662403145502806,2.68414783599547,0.03,fresh
356,gpr_dataset_0356.in,datasets/la_mujer/files/gpr_dataset_0356.in,0.23025888363282268,28.405022,40.489062,31.105916,0.1441534841895994,1.303317321122998,2.680111064931831,0.03,fresh,0.12229377121401297,14.295748,45.072927,40.631325,0.1668063622971304,1.6170600965789157,2.6839055241925935,0.03,fresh
357,gpr_dataset_0357.in,datasets/la_mujer/files/gpr_dataset_0357.in,0.15638174283751188,22.337001,46.727145,30.935854,0.1621987994235612,1.5708050173240717,2.6977708129177933,0.03,fresh,0.22636740801005845,40.95319,24.427249,34.619561,0.1696073928078644,1.6271882354634764,2.670021869512602,0.03,fresh
358,gpr_dataset_0358.in,datasets/la_mujer/files/gpr_dataset_0358.in,0.1847201001182966,33.969632,34.840513,31.189855,0.15192162179156488,1.5940727817580924,2.692009045509769,0.03,fresh,0.10025335656600452,37.052559,25.072911,37.87453,0.17609883294154724,1.3489753037854535,2.6639911765898288,0.03,fresh
359,gpr_dataset_0359.in,datasets/la_mujer/files/gpr_dataset_0359.in,0.2761146720840626,43.910858,30.41409,25.675052,0.14696836799350985,1.3016979246461748,2.630044721353867,0.03,fresh,0.12546672779073637,47.744187,36.538623,15.71719,0.15779722818530528,1.533091009882471,2.6017302603027357,0.03,fresh
360,gpr_dataset_0360.in,datasets/la_mujer/files/gpr_dataset_0360.in,0.2851179325290345,38.70726,39.421208,21.871532,0.17149407002981243,1.422453586006533,2.6437575931972166,0.03,fresh,0.2787496828299938,31.166344,32.070806,36.76285,0.1660865423086893,1.5444545692468046,2.612886990675081,0.03,fresh
361,gpr_dataset_0361.in,datasets/la_mujer/files/gpr_dataset_0361.in,0.2771529234140172,26.995156,47.642632,25.362212,0.1689497975189465,1.6978291030471242,2.6929327721850442,0.03,fresh,0.11761564240212055,39.731981,43.677712,16.590307,0.17889962955689853,1.5594376125655662,2.6481871094355234,0.03,fresh
362,gpr_dataset_0362.in,datasets/la_mujer/files/gpr_dataset_0362.in,0.23110328128146035,30.256742,42.787007,26.956251,0.1432458518019214,1.48739376789691,2.679820183988758,0.03,fresh,0.12562118999203828,19.105751,31.683073,49.211176,0.15941133856877535,1.5119449085053895,2.6815092134243117,0.03,fresh
363,gpr_dataset_0363.in,datasets/la_mujer/files/gpr_dataset_0363.in,0.1362693237610133,33.3055,45.434945,21.259555,0.1722286790418173,1.6966943867199356,2.6037032180295903,0.03,fresh,0.19131787570238723,36.36647,36.081089,27.552441,0.16217703836008887,1.5320397986242673,2.687376404575453,0.03,fresh
364,gpr_dataset_0364.in,datasets/la_mujer/files/gpr_dataset_0364.in,0.12360889531733346,21.244863,36.645884,42.109253,0.161108330883029,1.3990637266029888,2.6837675486859585,0.03,fresh,0.2558482686892547,39.957357,44.427932,15.614711,0.14622729980986554,1.3956804602660364,2.620459217452548,0.03,fresh
365,gpr_dataset_0365.in,datasets/la_mujer/files/gpr_dataset_0365.in,0.21362990131663,35.561821,28.86839,35.569789,0.1466332940008888,1.6926942420919313,2.667500182070064,0.03,fresh,0.14301445973467933,18.26982,52.367072,29.363108,0.16116937184943478,1.6612658088576882,2.696490473519133,0.03,fresh
366,gpr_dataset_0366.in,datasets/la_mujer/files/gpr_dataset_0366.in,0.15501239029156502,9.254791,42.296304,48.448905,0.1736688022394161,1.4778124093770169,2.614844552680045,0.03,fresh,0.12029013781139256,51.10531,33.558581,15.336109,0.1603547967784414,1.343179005938327,2.6337442850096826,0.03,fresh
367,gpr_dataset_0367.in,datasets/la_mujer/files/gpr_dataset_0367.in,0.17753021468783475,23.944253,38.688756,37.366991,0.14746644983746046,1.34209301860551,2.6494392110790708,0.03,fresh,0.11311243411691932,20.233418,56.390801,23.375781,0.1602466226275334,1.6471168261808569,2.6627527686823855,0.03,fresh
368,gpr_dataset_0368.in,datasets/la_mujer/files/gpr_dataset_0368.in,0.23292504743652034,42.275883,39.644816,18.079301,0.1416531251469593,1.6047954931861845,2.6925101456561418,0.03,fresh,0.18182423797216446,37.180215,48.133347,14.686438,0.16310375090700172,1.5869444210013102,2.6148193617595963,0.03,fresh
369,gpr_dataset_0369.in,datasets/la_mujer/files/gpr_dataset_0369.in,0.22207158484896225,33.703238,29.738657,36.558105,0.1731355003225465,1.3481921713271106,2.645332865657986,0.03,fresh,0.11953821484025472,15.391611,50.28307,34.325319,0.16021384250713128,1.6734388474029922,2.603890504828848,0.03,fresh
370,gpr_dataset_0370.in,datasets/la_mujer/files/gpr_dataset_0370.in,0.1368105076175492,16.889542,58.336234,24.774224,0.14788209910020808,1.3428582264638882,2.646804064879005,0.03,fresh,0.23401377788163477,11.566166,39.008446,49.425388,0.16134383680568093,1.384486375410083,2.6396256181284943,0.03,fresh
371,gpr_dataset_0371.in,datasets/la_mujer/files/gpr_dataset_0371.in,0.18098447938847864,27.66356,52.508213,19.828227,0.16948835498794726,1.63351943823668,2.640900169006998,0.03,fresh,0.17297138954881214,35.552796,39.792277,24.654927,0.14383029977463593,1.4635109662991153,2.683734869219139,0.03,fresh
372,gpr_dataset_0372.in,datasets/la_mujer/files/gpr_dataset_0372.in,0.1488468812333396,10.6894,62.374922,26.935678,0.1526774384387098,1.319519350925726,2.6731983141397184,0.03,fresh,0.18894694033910014,61.488101,24.141962,14.369937,0.16316626653577374,1.4239648132863696,2.6122018087290346,0.03,fresh
373,gpr_dataset_0373.in,datasets/la_mujer/files/gpr_dataset_0373.in,0.28931753226707657,13.704543,42.339247,43.95621,0.14976461365911414,1.6215944750011801,2.6590325928028453,0.03,fresh,0.2752498886553244,30.880225,45.397461,23.722314,0.16833384564902498,1.4724544325501934,2.641759387911174,0.03,fresh
374,gpr_dataset_0374.in,datasets/la_mujer/files/gpr_dataset_0374.in,0.25269063114692325,20.32172,58.719793,20.958487,0.1681116814355795,1.343455774242873,2.674820354291589,0.03,fresh,0.10438803089894966,52.262175,20.181935,27.55589,0.1588203974746382,1.5596957437281191,2.6464018170095867,0.03,fresh
375,gpr_dataset_0375.in,datasets/la_mujer/files/gpr_dataset_0375.in,0.12259462937885555,24.157678,39.15498,36.687342,0.17331402000178164,1.5036855458677723,2.6081343487314643,0.03,fresh,0.2904596731120142,26.464068,56.536527,16.999405,0.17679209213004432,1.6730764340460826,2.6188925237589094,0.03,fresh
376,gpr_dataset_0376.in,datasets/la_mujer/files/gpr_dataset_0376.in,0.24021087773779196,30.654711,53.758512,15.586777,0.16511650565015235,1.4729785957372108,2.6133220658518845,0.03,fresh,0.23822198841757014,44.138108,28.447787,27.414105,0.16651304311022683,1.5410266149949017,2.6288188431485904,0.03,fresh
377,gpr_dataset_0377.in,datasets/la_mujer/files/gpr_dataset_0377.in,0.11562972341014571,42.713615,37.420145,19.86624,0.17390423800574834,1.4351181775283317,2.624695687326401,0.03,fresh,0.16571392589578218,32.697026,29.123769,38.179205,0.1639149487638309,1.6124613925127138,2.6386924016234348,0.03,fresh
378,gpr_dataset_0378.in,datasets/la_mujer/files/gpr_dataset_0378.in,0.22485366873336204,12.912489,43.983282,43.104229,0.14715106673659345,1.6343212423348406,2.604857557283964,0.03,fresh,0.24606307321088355,31.223644,49.533961,19.242395,0.14566119276744882,1.6457629723434004,2.6881045244247854,0.03,fresh
379,gpr_dataset_0379.in,datasets/la_mujer/files/gpr_dataset_0379.in,0.29488964880765,5.087868,53.244718,41.667414,0.17196104221538266,1.3532351546197765,2.6059868870743856,0.03,fresh,0.15774559646662836,11.0434,63.019236,25.937364,0.14172900441866385,1.3445283631889833,2.6674246219765103,0.03,fresh
380,gpr_dataset_0380.in,datasets/la_mujer/files/gpr_dataset_0380.in,0.28564753826037426,40.051532,39.51866,20.429808,0.15996547731301497,1.4745925513716835,2.62150167959192,0.03,fresh,0.1581790019185211,45.279196,28.083435,26.637369,0.14741749566201198,1.5957110703550499,2.605454383007758,0.03,fresh
381,gpr_dataset_0381.in,datasets/la_mujer/files/gpr_dataset_0381.in,0.20068389566195677,42.190407,43.706422,14.103171,0.1624295677910001,1.5112115464577784,2.6969652086851497,0.03,fresh,0.1578655763921551,28.451722,36.026141,35.522137,0.15453193823447672,1.430948378882625,2.609821289636277,0.03,fresh
382,gpr_dataset_0382.in,datasets/la_mujer/files/gpr_dataset_0382.in,0.22480913159898291,30.567523,39.524501,29.907976,0.16101831510344095,1.6627431838879525,2.628720059394124,0.03,fresh,0.26170804544666315,46.948168,39.405049,13.646783,0.145358414633364,1.6885447984618671,2.679743085134839,0.03,fresh
383,gpr_dataset_0383.in,datasets/la_mujer/files/gpr_dataset_0383.in,0.29034207188725975,22.873213,35.043514,42.083273,0.14673820231572784,1.5690113297771164,2.6210638138661855,0.03,fresh,0.2030301372557643,24.237222,47.242411,28.520367,0.15107898889215335,1.495788028684592,2.6959610293458818,0.03,fresh
384,gpr_dataset_0384.in,datasets/la_mujer/files/gpr_dataset_0384.in,0.10493784811896152,35.571917,38.707729,25.720354,0.147634183824105,1.4448108962022275,2.6751684545541146,0.03,fresh,0.19240118153888863,40.777019,23.855341,35.36764,0.17349509230912885,1.579859975028094,2.6044092247122506,0.03,fresh
385,gpr_dataset_0385.in,datasets/la_mujer/files/gpr_dataset_0385.in,0.2827592398593039,50.513202,34.378734,15.108064,0.17762835361680385,1.5079907676390367,2.6150946795020484,0.03,fresh,0.17549245411616285,42.381606,31.863043,25.755351,0.16242527274945645,1.4436543524188277,2.6791108342361647,0.03,fresh
386,gpr_dataset_0386.in,datasets/la_mujer/files/gpr_dataset_0386.in,0.1292458189386971,41.4712,37.694258,20.834542,0.15855582237327306,1.622427778775387,2.6158020955110004,0.03,fresh,0.2962706619912381,31.394184,47.374804,21.231012,0.1511830897617595,1.4410459459861764,2.686963145419387,0.03,fresh
387,gpr_dataset_0387.in,datasets/la_mujer/files/gpr_dataset_0387.in,0.16839886453999603,5.665806,58.711362,35.622832,0.14683346368449504,1.5924091917801335,2.616792162049913,0.03,fresh,0.2448921796195851,40.018323,34.95748,25.024197,0.16889936874469721,1.5200167147887356,2.6659805456598717,0.03,fresh
388,gpr_dataset_0388.in,datasets/la_mujer/files/gpr_dataset_0388.in,0.14631007404163393,38.251389,29.617255,32.131356,0.14313606106618398,1.5233582779391253,2.60905832449839,0.03,fresh,0.2709898303849109,28.121278,29.930735,41.947987,0.16707761906060736,1.321969534896309,2.687976854988498,0.03,fresh
389,gpr_dataset_0389.in,datasets/la_mujer/files/gpr_dataset_0389.in,0.17078728741811236,38.661708,25.553015,35.785277,0.16679796053788434,1.4756331777393112,2.6551648782932786,0.03,fresh,0.18944784636512774,28.119111,34.307125,37.573764,0.16960502193061655,1.689110147046116,2.6878848815548064,0.03,fresh
390,gpr_dataset_0390.in,datasets/la_mujer/files/gpr_dataset_0390.in,0.24153928064739608,47.65259,25.389519,26.957891,0.1688410536791239,1.5108617854635293,2.615454623385128,0.03,fresh,0.25476324382536886,27.435187,40.737119,31.827694,0.1428091060391105,1.6927459514591725,2.624479990611717,0.03,fresh
391,gpr_dataset_0391.in,datasets/la_mujer/files/gpr_dataset_0391.in,0.22604350496119527,26.040945,47.129387,26.829668,0.1756822077962515,1.514494461461868,2.6245366377113375,0.03,fresh,0.15585321363463187,20.37807,35.905581,43.716349,0.16353908207699303,1.5161197144264569,2.692450369435296,0.03,fresh
392,gpr_dataset_0392.in,datasets/la_mujer/files/gpr_dataset_0392.in,0.15236795059086486,10.494434,45.376766,44.1288,0.16314767155874477,1.3508979036403552,2.659571968725731,0.03,fresh,0.13820215199408184,29.535773,50.923226,19.541001,0.16614628169263362,1.5223185352831459,2.6758102042626297,0.03,fresh
393,gpr_dataset_0393.in,datasets/la_mujer/files/gpr_dataset_0393.in,0.28911018983305337,36.928082,26.993715,36.078203,0.16958279721581282,1.5037022905900024,2.6620721570291894,0.03,fresh,0.19042062257966874,43.052748,28.431769,28.515483,0.15607934496338474,1.6171642207079697,2.6401853151788996,0.03,fresh
394,gpr_dataset_0394.in,datasets/la_mujer/files/gpr_dataset_0394.in,0.11548554085096226,31.773737,44.23415,23.992113,0.161197845459376,1.6616826977207126,2.624698978788916,0.03,fresh,0.16733404734759966,38.692531,38.989811,22.317658,0.15151454072569726,1.3643549327276765,2.6059913706028595,0.03,fresh
395,gpr_dataset_0395.in,datasets/la_mujer/files/gpr_dataset_0395.in,0.10850032424417565,38.832502,36.241567,24.925931,0.15278541534731216,1.5412688819142535,2.6788851496457684,0.03,fresh,0.11401180160752084,32.069579,46.295267,21.635154,0.16224819802792848,1.3566323577761663,2.6174019039252068,0.03,fresh
396,gpr_dataset_0396.in,datasets/la_mujer/files/gpr_dataset_0396.in,0.2717677800165413,13.25639,60.527716,26.215894,0.16327374183446774,1.6757731645981335,2.639902807451685,0.03,fresh,0.12936810003516194,46.539565,22.932249,30.528186,0.15010025860606055,1.5462752115895024,2.647234280923952,0.03,fresh
397,gpr_dataset_0397.in,datasets/la_mujer/files/gpr_dataset_0397.in,0.1508846060672072,20.394303,30.941926,48.663771,0.1507139818551532,1.495053208734599,2.6559691378684693,0.03,fresh,0.11019720000432393,24.909034,46.797695,28.293271,0.1672490479077196,1.513494668081092,2.630675300184476,0.03,fresh
398,gpr_dataset_0398.in,datasets/la_mujer/files/gpr_dataset_0398.in,0.2349122689830846,31.85817,22.100544,46.041286,0.1665935796989043,1.655796450991186,2.6485631725696046,0.03,fresh,0.11731561664141377,55.442761,28.306981,16.250258,0.14040216764437374,1.3063982422150018,2.6730839599124163,0.03,fresh
399,gpr_dataset_0399.in,datasets/la_mujer/files/gpr_dataset_0399.in,0.1625428847327643,46.026709,29.174534,24.798757,0.1580442711268197,1.6253127249429087,2.610717273584434,0.03,fresh,0.26050273301749066,38.771828,38.092025,23.136147,0.17816181050098806,1.3481084257963993,2.683882361056267,0.03,fresh
400,gpr_dataset_0400.in,datasets/la_mujer/files/gpr_dataset_0400.in,0.1112335448859828,51.654477,24.044063,24.30146,0.16798905813549314,1.328607281379064,2.631085477021168,0.03,fresh,0.14376272000796766,20.361542,44.312858,35.3256,0.16353983451148726,1.6112068735555418,2.6315803598384147,0.03,fresh
401,gpr_dataset_0401.in,datasets/la_mujer/files/gpr_dataset_0401.in,0.2422793860539661,50.242845,30.631316,19.125839,0.16786131114124267,1.5168006057696428,2.6641722092217273,0.03,fresh,0.20284491242775382,9.581314,50.913203,39.505483,0.14892686498289634,1.340315647710085,2.698264828088811,0.03,fresh
402,gpr_dataset_0402.in,datasets/la_mujer/files/gpr_dataset_0402.in,0.10796023173841829,36.388672,39.458047,24.153281,0.175183082117522,1.4237864951178782,2.60662958984733,0.03,fresh,0.11815484989904473,53.175473,36.280475,10.544052,0.15046116152505123,1.3484629687606335,2.6713960216744983,0.03,fresh
403,gpr_dataset_0403.in,datasets/la_mujer/files/gpr_dataset_0403.in,0.11004001245687173,36.633057,28.248557,35.118386,0.14121275957575602,1.5497251620757864,2.6449439916172657,0.03,fresh,0.20879505735319345,20.715068,64.701563,14.583369,0.15521942560988441,1.3403493008156857,2.660716649998275,0.03,fresh
404,gpr_dataset_0404.in,datasets/la_mujer/files/gpr_dataset_0404.in,0.11750154900888442,31.492944,40.581421,27.925635,0.14000534709045673,1.6853797325191389,2.6830174883214255,0.03,fresh,0.16099307156721795,38.862574,42.160116,18.97731,0.14480419259609334,1.3196466587382805,2.6645294140016715,0.03,fresh
405,gpr_dataset_0405.in,datasets/la_mujer/files/gpr_dataset_0405.in,0.2153751307792957,47.471567,26.852662,25.675771,0.15755428294690127,1.4913066901097487,2.678463268289499,0.03,fresh,0.15465004481463815,34.42327,34.857556,30.719174,0.1696302118958228,1.554859201489359,2.6539430047669033,0.03,fresh
406,gpr_dataset_0406.in,datasets/la_mujer/files/gpr_dataset_0406.in,0.27211480260966875,41.814496,40.175167,18.010337,0.16742653325359505,1.5461883612611365,2.693706508259772,0.03,fresh,0.23603386031758083,25.966356,49.70262,24.331024,0.1694700078220261,1.4331832196001277,2.634715399356354,0.03,fresh
407,gpr_dataset_0407.in,datasets/la_mujer/files/gpr_dataset_0407.in,0.1256098141938598,27.713146,50.230934,22.05592,0.17178270737562712,1.6293912801394306,2.6068042620787093,0.03,fresh,0.2621977602984217,26.113167,58.227595,15.659238,0.17355470150658486,1.4886693437768732,2.6553699011723926,0.03,fresh
408,gpr_dataset_0408.in,datasets/la_mujer/files/gpr_dataset_0408.in,0.2816392183266295,16.935896,45.867375,37.196729,0.14606640347350605,1.4257095473999999,2.625223153820185,0.03,fresh,0.2507170239353736,45.308854,22.058412,32.632734,0.14587515715333918,1.3757709109863767,2.6149160760173853,0.03,fresh
409,gpr_dataset_0409.in,datasets/la_mujer/files/gpr_dataset_0409.in,0.2743741718560968,30.907563,51.645573,17.446864,0.17817213392300318,1.4550008198994178,2.696026541134132,0.03,fresh,0.22267349935982683,22.81298,37.225259,39.961761,0.17077623668222844,1.3432894451517265,2.633032166798214,0.03,fresh
410,gpr_dataset_0410.in,datasets/la_mujer/files/gpr_dataset_0410.in,0.22732511737571698,17.522358,46.433603,36.044039,0.16188910017904176,1.5946393920234907,2.677820788622105,0.03,fresh,0.16159450289546273,19.624434,54.595559,25.780007,0.15023462032510998,1.5458466401919828,2.606704220198306,0.03,fresh
411,gpr_dataset_0411.in,datasets/la_mujer/files/gpr_dataset_0411.in,0.10783658953966242,15.324921,45.995677,38.679402,0.16230165434163235,1.5848853573985102,2.6209639060918413,0.03,fresh,0.19031624770436967,39.929142,23.676901,36.393957,0.14481680924593013,1.3811059428212025,2.637545456812787,0.03,fresh
412,gpr_dataset_0412.in,datasets/la_mujer/files/gpr_dataset_0412.in,0.1334739841811086,57.475377,30.705802,11.818821,0.17407638678245732,1.6909683031454517,2.6685791345771173,0.03,fresh,0.11953667800302076,38.376503,41.139242,20.484255,0.17656811792349972,1.329080190554905,2.682955190541781,0.03,fresh
413,gpr_dataset_0413.in,datasets/la_mujer/files/gpr_dataset_0413.in,0.23310110730753794,12.123864,52.314647,35.561489,0.1602119670996969,1.419860063895061,2.686456164833434,0.03,fresh,0.2375584954722273,42.230091,41.119927,16.649982,0.17684790855982027,1.5569984392442608,2.6074789576998896,0.03,fresh
414,gpr_dataset_0414.in,datasets/la_mujer/files/gpr_dataset_0414.in,0.16579628253518403,36.370891,36.077263,27.551846,0.15661641282565222,1.5128872100939608,2.6596309756391965,0.03,fresh,0.1014881048965939,61.17807,25.285909,13.536021,0.17226144996995313,1.4613539807655862,2.6186385116675384,0.03,fresh
415,gpr_dataset_0415.in,datasets/la_mujer/files/gpr_dataset_0415.in,0.18054123399811917,16.353805,54.951367,28.694828,0.142973434453704,1.5259086414182728,2.6985902675353306,0.03,fresh,0.24973862274177566,18.114187,33.673837,48.211976,0.1614481972653668,1.6573970347483131,2.6724429871006166,0.03,fresh
416,gpr_dataset_0416.in,datasets/la_mujer/files/gpr_dataset_0416.in,0.2140809285139917,16.011093,42.303249,41.685658,0.1450706292172506,1.6901309047399948,2.658743087715529,0.03,fresh,0.1602632047641853,19.999523,47.003376,32.997101,0.1752102770187579,1.521260436029675,2.634746774957322,0.03,fresh
417,gpr_dataset_0417.in,datasets/la_mujer/files/gpr_dataset_0417.in,0.24022171105649257,46.036845,38.517917,15.445238,0.16301269932777873,1.314621999866222,2.6297029124783804,0.03,fresh,0.2751339521841244,19.657805,50.49361,29.848585,0.14160770822909574,1.69787497174668,2.699678808702262,0.03,fresh
418,gpr_dataset_0418.in,datasets/la_mujer/files/gpr_dataset_0418.in,0.20079697823676446,40.311083,45.197173,14.491744,0.14192569193924182,1.5341221948169799,2.685079626009318,0.03,fresh,0.2617350344362699,51.92409,26.669806,21.406104,0.1591555466538188,1.3422349982097077,2.64297049748934,0.03,fresh
419,gpr_dataset_0419.in,datasets/la_mujer/files/gpr_dataset_0419.in,0.2476094612842014,28.946738,40.986015,30.067247,0.14203250223211045,1.4826027962927206,2.6901456022151438,0.03,fresh,0.196026935494936,41.992566,39.742511,18.264923,0.16047497660957233,1.4974189005297174,2.667475550545774,0.03,fresh
420,gpr_dataset_0420.in,datasets/la_mujer/files/gpr_dataset_0420.in,0.18813286025306247,43.478954,29.488442,27.032604,0.15388899399877332,1.5811484132207454,2.6859403095326826,0.03,fresh,0.2623149741679882,27.870264,37.135744,34.993992,0.1682605666804642,1.4588107848152392,2.646232867166438,0.03,fresh
421,gpr_dataset_0421.in,datasets/la_mujer/files/gpr_dataset_0421.in,0.1915131954818049,34.657943,43.162381,22.179676,0.14119079557708772,1.5204533360038224,2.676000941079909,0.03,fresh,0.21339068830767968,45.934885,30.713216,23.351899,0.17254466183330075,1.3120027457979107,2.6517995419193743,0.03,fresh
422,gpr_dataset_0422.in,datasets/la_mujer/files/gpr_dataset_0422.in,0.24969591731823557,33.914061,34.272497,31.813442,0.1642968401218639,1.6709545844106342,2.670608505476835,0.03,fresh,0.11749785612175921,43.22409,33.713691,23.062219,0.14949010769973756,1.3990676937148518,2.641924701719338,0.03,fresh
423,gpr_dataset_0423.in,datasets/la_mujer/files/gpr_dataset_0423.in,0.24759987392871866,19.186479,50.086065,30.727456,0.1504438279759333,1.6932142773614105,2.62015759941206,0.03,fresh,0.186107726337518,13.023507,46.30726,40.669233,0.15834750584474336,1.4297929297901177,2.619660816289046,0.03,fresh
424,gpr_dataset_0424.in,datasets/la_mujer/files/gpr_dataset_0424.in,0.2850719553224258,29.393218,50.006845,20.599937,0.1576331065487345,1.3476595193031422,2.687822433131334,0.03,fresh,0.22962789530376262,21.941519,46.199311,31.85917,0.14831590420469687,1.4864733239917431,2.6515935472251186,0.03,fresh
425,gpr_dataset_0425.in,datasets/la_mujer/files/gpr_dataset_0425.in,0.29380510980111507,27.343321,46.386135,26.270544,0.16824502219681262,1.3997436693007208,2.68298665580302,0.03,fresh,0.16654521073497391,25.978772,45.277439,28.743789,0.15975934010208415,1.672796100460625,2.666841695687829,0.03,fresh
426,gpr_dataset_0426.in,datasets/la_mujer/files/gpr_dataset_0426.in,0.11205937150547528,26.933261,44.675615,28.391124,0.162850943390292,1.4042262830161578,2.6981533295278184,0.03,fresh,0.21615804623992124,25.173659,53.153447,21.672894,0.15233067332743383,1.3335562549434665,2.672021904080013,0.03,fresh
427,gpr_dataset_0427.in,datasets/la_mujer/files/gpr_dataset_0427.in,0.10265809075340966,33.503875,33.279296,33.216829,0.1771361618400906,1.3377942384878307,2.6130107713676223,0.03,fresh,0.2624792150924429,51.539672,31.342346,17.117982,0.1621906026852616,1.3662500964943765,2.657615334130541,0.03,fresh
428,gpr_dataset_0428.in,datasets/la_mujer/files/gpr_dataset_0428.in,0.2942575295615212,27.69538,36.986156,35.318464,0.1535032594690559,1.6393565643776433,2.679213825393639,0.03,fresh,0.2518499297081185,25.406895,52.745804,21.847301,0.17477519372804243,1.69317416913738,2.603874535202889,0.03,fresh
429,gpr_dataset_0429.in,datasets/la_mujer/files/gpr_dataset_0429.in,0.214940794567383,36.091033,34.376112,29.532855,0.17764190635489172,1.309973821752561,2.6101748156498363,0.03,fresh,0.24023061624660463,38.002486,30.448948,31.548566,0.14789234938794313,1.477718827396811,2.690766897318398,0.03,fresh
430,gpr_dataset_0430.in,datasets/la_mujer/files/gpr_dataset_0430.in,0.11524662702588745,36.305913,31.479604,32.214483,0.17848487695865162,1.3703909103953777,2.6991003978384107,0.03,fresh,0.2970446757653845,29.617062,36.989538,33.3934,0.1431134798871051,1.4663655999814762,2.6863078094771318,0.03,fresh
431,gpr_dataset_0431.in,datasets/la_mujer/files/gpr_dataset_0431.in,0.1757265885722678,40.092344,38.728838,21.178818,0.14757766235739325,1.6219179653669742,2.61844574753951,0.03,fresh,0.2626043882796162,39.038314,41.432675,19.529011,0.1507715258036439,1.3710673740603887,2.661124545156437,0.03,fresh
432,gpr_dataset_0432.in,datasets/la_mujer/files/gpr_dataset_0432.in,0.21138327053482883,33.965649,27.849674,38.184677,0.15704000965342335,1.425740054137401,2.675245941075755,0.03,fresh,0.2597052678005315,35.478052,46.246484,18.275464,0.15205252063580507,1.464533146587675,2.6740044999532784,0.03,fresh
433,gpr_dataset_0433.in,datasets/la_mujer/files/gpr_dataset_0433.in,0.24986848489529642,39.663697,45.87849,14.457813,0.14108975452146688,1.3290440155181442,2.696602720860499,0.03,fresh,0.12151601759796005,33.744235,49.03284,17.222925,0.17417078504052796,1.4337725132435177,2.6061273797159403,0.03,fresh
434,gpr_dataset_0434.in,datasets/la_mujer/files/gpr_dataset_0434.in,0.29188571916960815,38.15232,43.42543,18.42225,0.15790394672193347,1.3817738257651024,2.638019852544094,0.03,fresh,0.28189583770168336,28.154872,34.619926,37.225202,0.1657285458390013,1.4694875606056201,2.620950070859859,0.03,fresh
435,gpr_dataset_0435.in,datasets/la_mujer/files/gpr_dataset_0435.in,0.18680049515385722,31.672261,35.199175,33.128564,0.16171045157123967,1.4858180070609177,2.636262296101257,0.03,fresh,0.17786599226413316,6.074057,52.489494,41.436449,0.15456854806212694,1.4160465084237317,2.670095130245494,0.03,fresh
436,gpr_dataset_0436.in,datasets/la_mujer/files/gpr_dataset_0436.in,0.29706715864688293,38.313498,44.682343,17.004159,0.17340025039324986,1.6727750147021698,2.608090131448717,0.03,fresh,0.1962142805592913,33.82767,33.879744,32.292586,0.15333918997322737,1.5800514167746402,2.6575352258273006,0.03,fresh
437,gpr_dataset_0437.in,datasets/la_mujer/files/gpr_dataset_0437.in,0.15844704771976598,22.998707,32.354543,44.64675,0.14521678569970595,1.3919430353489162,2.6577755104204317,0.03,fresh,0.12410540992951041,45.926842,42.696353,11.376805,0.14258739375983018,1.5589099480014237,2.6597375849771026,0.03,fresh
438,gpr_dataset_0438.in,datasets/la_mujer/files/gpr_dataset_0438.in,0.20034946352016525,9.633586,51.682052,38.684362,0.14701558091753797,1.363554341717363,2.6976928191736556,0.03,fresh,0.14159623906115046,29.032597,26.141128,44.826275,0.16939886460676865,1.3153761067856606,2.6134322131551087,0.03,fresh
439,gpr_dataset_0439.in,datasets/la_mujer/files/gpr_dataset_0439.in,0.2639909314003533,44.842088,30.335876,24.822036,0.1607286129221053,1.4354867680287353,2.666250934622098,0.03,fresh,0.11428418741786182,32.792714,47.681721,19.525565,0.149260218472711,1.495677704579043,2.6907935416044495,0.03,fresh
440,gpr_dataset_0440.in,datasets/la_mujer/files/gpr_dataset_0440.in,0.15737604975669256,24.487332,56.053019,19.459649,0.17076762309983476,1.6964941100594702,2.6220432163874845,0.03,fresh,0.26637355800450846,39.009595,29.498245,31.49216,0.16421627920825824,1.4169339970107313,2.672225927201839,0.03,fresh
441,gpr_dataset_0441.in,datasets/la_mujer/files/gpr_dataset_0441.in,0.12030172837614472,31.111583,39.444498,29.443919,0.17369327105636218,1.3153671327290142,2.6272834697405063,0.03,fresh,0.28881679085344925,60.165518,21.316121,18.518361,0.1640124494956259,1.5822447351723516,2.6716903134363323,0.03,fresh
442,gpr_dataset_0442.in,datasets/la_mujer/files/gpr_dataset_0442.in,0.22160757111429147,18.681363,58.533827,22.78481,0.14846230896987825,1.5435393670278803,2.680586564368906,0.03,fresh,0.13648089763423968,30.217883,35.439461,34.342656,0.15506021951338367,1.6435288692874164,2.6276338708021356,0.03,fresh
443,gpr_dataset_0443.in,datasets/la_mujer/files/gpr_dataset_0443.in,0.2779250469686584,34.562521,23.105948,42.331531,0.1793426947000992,1.3499360490306167,2.6804968541805705,0.03,fresh,0.10494363882081104,44.328841,31.967208,23.703951,0.16621871164726412,1.666025108288824,2.6400451758480914,0.03,fresh
444,gpr_dataset_0444.in,datasets/la_mujer/files/gpr_dataset_0444.in,0.29228702632029013,42.435219,42.812154,14.752627,0.1436893567391211,1.5098036865122202,2.649241601926415,0.03,fresh,0.21777793837930115,15.416803,59.929104,24.654093,0.16726999928153508,1.520964338042701,2.602491896007518,0.03,fresh
445,gpr_dataset_0445.in,datasets/la_mujer/files/gpr_dataset_0445.in,0.22095460644593062,31.774452,47.76328,20.462268,0.15105511506257516,1.351340036182756,2.6430930086669155,0.03,fresh,0.2816369330040438,46.109263,34.114729,19.776008,0.14385262564413062,1.4970236305761806,2.622408034342088,0.03,fresh
446,gpr_dataset_0446.in,datasets/la_mujer/files/gpr_dataset_0446.in,0.2144361411555623,40.583733,35.888363,23.527904,0.15164954359194555,1.4100734392336025,2.653621318187999,0.03,fresh,0.1962887896670644,29.366108,35.870702,34.76319,0.16687842584350335,1.6683334163254975,2.6769643849105735,0.03,fresh
447,gpr_dataset_0447.in,datasets/la_mujer/files/gpr_dataset_0447.in,0.20491983501863273,48.890608,31.504169,19.605223,0.17742486105504185,1.421605723680968,2.6859793036718695,0.03,fresh,0.293888818706744,42.490719,33.547451,23.96183,0.17820108314672906,1.4597844444185823,2.633315325805461,0.03,fresh
448,gpr_dataset_0448.in,datasets/la_mujer/files/gpr_dataset_0448.in,0.14280042463540993,20.703608,63.400479,15.895913,0.142508382873015,1.5135630038074082,2.6922937516882888,0.03,fresh,0.25132225225611815,21.507314,47.728156,30.76453,0.14915740753793516,1.6258929939568465,2.639332144354646,0.03,fresh
449,gpr_dataset_0449.in,datasets/la_mujer/files/gpr_dataset_0449.in,0.13626908810163418,40.048236,43.611018,16.340746,0.14791759615772324,1.5425917387398667,2.6202206411192823,0.03,fresh,0.2892296455868677,42.562328,30.239139,27.198533,0.1640442326951551,1.5471964325925205,2.6967000070411515,0.03,fresh
450,gpr_dataset_0450.in,datasets/la_mujer/files/gpr_dataset_0450.in,0.14699430816933381,18.045115,42.407994,39.546891,0.15595842468529136,1.6711378646856598,2.6687340101525674,0.03,fresh,0.2846377033752973,42.013586,36.098862,21.887552,0.14133356126692537,1.5105435792194228,2.603288963110288,0.03,fresh
451,gpr_dataset_0451.in,datasets/la_mujer/files/gpr_dataset_0451.in,0.16539601482396268,34.754743,29.65247,35.592787,0.17018633807065453,1.5085876980108257,2.6628972009697445,0.03,fresh,0.14621885754497677,51.659359,29.671729,18.668912,0.14252835779050002,1.681620741302911,2.646481264697215,0.03,fresh
452,gpr_dataset_0452.in,datasets/la_mujer/files/gpr_dataset_0452.in,0.22063885804675895,28.357678,34.556421,37.085901,0.15311417423869558,1.3398244953677132,2.6324174374055733,0.03,fresh,0.14652211768943899,22.235459,48.682808,29.081733,0.1479400698870182,1.614836825135333,2.636446480228404,0.03,fresh
453,gpr_dataset_0453.in,datasets/la_mujer/files/gpr_dataset_0453.in,0.27258712557549447,27.823043,38.994332,33.182625,0.14296185377256343,1.3168949788542377,2.641858747885695,0.03,fresh,0.2859793139875849,41.140793,38.177641,20.681566,0.14948048619254983,1.426042307692175,2.63256596588813,0.03,fresh
454,gpr_dataset_0454.in,datasets/la_mujer/files/gpr_dataset_0454.in,0.12106982509518252,10.141591,61.353398,28.505011,0.1730590931615078,1.4511339750105572,2.614114061375347,0.03,fresh,0.27026487118194575,33.601736,28.678452,37.719812,0.14704270157605118,1.459006007655581,2.6521490402366976,0.03,fresh
455,gpr_dataset_0455.in,datasets/la_mujer/files/gpr_dataset_0455.in,0.15111106270989488,33.083719,28.711837,38.204444,0.1407090885133343,1.3007197337698388,2.6011995865971684,0.03,fresh,0.2709434603116355,40.697602,27.894006,31.408392,0.17622380779995322,1.4699844349692925,2.6438417586263543,0.03,fresh
456,gpr_dataset_0456.in,datasets/la_mujer/files/gpr_dataset_0456.in,0.16609287748331647,25.39522,52.520408,22.084372,0.17006515311963,1.4309307917094372,2.62936150292641,0.03,fresh,0.23977616350165584,32.225079,45.465028,22.309893,0.1605200230655252,1.5403494827859936,2.6541342059047204,0.03,fresh
457,gpr_dataset_0457.in,datasets/la_mujer/files/gpr_dataset_0457.in,0.133727490961136,27.09568,56.683506,16.220814,0.14854820667099772,1.6349078041272727,2.6384193270290313,0.03,fresh,0.18386329468077342,42.502076,31.584795,25.913129,0.14318285397768557,1.6220419446834877,2.659753447222863,0.03,fresh
458,gpr_dataset_0458.in,datasets/la_mujer/files/gpr_dataset_0458.in,0.1745123474151062,35.189642,43.272937,21.537421,0.1641681683969124,1.4974938420099937,2.627578345707481,0.03,fresh,0.28998524668454717,21.379623,42.959715,35.660662,0.14341629826674887,1.677888641476017,2.652032804654645,0.03,fresh
459,gpr_dataset_0459.in,datasets/la_mujer/files/gpr_dataset_0459.in,0.16787459138948638,28.311943,51.450455,20.237602,0.14877053365830392,1.5016169438857885,2.67033253494206,0.03,fresh,0.25860577218700964,13.217439,53.84886,32.933701,0.1697892741768433,1.5368920124099448,2.628770827259277,0.03,fresh
460,gpr_dataset_0460.in,datasets/la_mujer/files/gpr_dataset_0460.in,0.18556527678266488,42.385475,20.580941,37.033584,0.17292683686695628,1.5740796787796563,2.6741760939055355,0.03,fresh,0.17588203485157253,41.049907,41.211208,17.738885,0.17310459065593953,1.5812455559445522,2.640336865634636,0.03,fresh
461,gpr_dataset_0461.in,datasets/la_mujer/files/gpr_dataset_0461.in,0.26937505127078,25.101068,43.038282,31.86065,0.16845474369626934,1.3440796719998787,2.6402689173411735,0.03,fresh,0.16276608284648547,6.62579,52.120077,41.254133,0.1754606561756405,1.3777188107671592,2.6373822421664896,0.03,fresh
462,gpr_dataset_0462.in,datasets/la_mujer/files/gpr_dataset_0462.in,0.2356033589556527,34.506817,24.927521,40.565662,0.14227981605330817,1.3045772915064069,2.6203405173367984,0.03,fresh,0.10413131443254205,44.112746,30.931302,24.955952,0.1447573792512403,1.5892121855948333,2.6424731190444626,0.03,fresh
463,gpr_dataset_0463.in,datasets/la_mujer/files/gpr_dataset_0463.in,0.1287105982246751,23.252125,53.919412,22.828463,0.15594470247795736,1.573609230706861,2.6580357499911726,0.03,fresh,0.16271699164143555,28.236686,59.439705,12.323609,0.17460823725602448,1.5905292670104025,2.6820618290299616,0.03,fresh
464,gpr_dataset_0464.in,datasets/la_mujer/files/gpr_dataset_0464.in,0.29449122773250846,27.980081,35.188514,36.831405,0.17621878691440737,1.6394251111157172,2.645673318437679,0.03,fresh,0.2979144530088307,44.262551,22.982251,32.755198,0.16646439313406844,1.609283257050223,2.6565359053421833,0.03,fresh
465,gpr_dataset_0465.in,datasets/la_mujer/files/gpr_dataset_0465.in,0.13552463736897385,26.512593,28.027794,45.459613,0.15342686623295554,1.4412832791110486,2.6782600679853052,0.03,fresh,0.1274745113278843,25.022437,55.432052,19.545511,0.1402466453429577,1.5099888418624159,2.61348149850338,0.03,fresh
466,gpr_dataset_0466.in,datasets/la_mujer/files/gpr_dataset_0466.in,0.21330280691651027,40.936518,38.883736,20.179746,0.14735731494424298,1.6782395941743067,2.646076432560056,0.03,fresh,0.20423456124864076,24.404807,40.413728,35.181465,0.1524857035382568,1.5483131774595187,2.6321169276238168,0.03,fresh
467,gpr_dataset_0467.in,datasets/la_mujer/files/gpr_dataset_0467.in,0.10043325349422466,53.259828,27.319126,19.421046,0.14467497653465783,1.6776608538845306,2.6567469742132137,0.03,fresh,0.20434635128957188,41.254854,33.298919,25.446227,0.1495617394877471,1.657740042519974,2.6759522549849044,0.03,fresh
468,gpr_dataset_0468.in,datasets/la_mujer/files/gpr_dataset_0468.in,0.11073422814650023,27.312095,62.271921,10.415984,0.15515278990273645,1.333872246423865,2.648933514617763,0.03,fresh,0.2208741157407081,53.064621,29.162108,17.773271,0.16866396866074368,1.6208720886248724,2.6479258273363633,0.03,fresh
469,gpr_dataset_0469.in,datasets/la_mujer/files/gpr_dataset_0469.in,0.10868739135255157,50.974101,24.176204,24.849695,0.17705625279502915,1.4701329645912469,2.6327638214109057,0.03,fresh,0.13424947403954707,15.291913,45.550433,39.157654,0.14612674266531406,1.5408457766441395,2.650531602004562,0.03,fresh
470,gpr_dataset_0470.in,datasets/la_mujer/files/gpr_dataset_0470.in,0.21845541355336684,15.742243,54.939055,29.318702,0.15844761963750137,1.6013924383646723,2.6340540392637872,0.03,fresh,0.19944138098590786,11.229714,49.026142,39.744144,0.1755517221449234,1.6991466399350634,2.6023440029431275,0.03,fresh
471,gpr_dataset_0471.in,datasets/la_mujer/files/gpr_dataset_0471.in,0.2839315722040041,22.927224,38.305167,38.767609,0.17759761927375128,1.359636300309913,2.6370470962326715,0.03,fresh,0.2802131172623836,22.931587,38.299289,38.769124,0.1424578027466801,1.4166690448333117,2.621558494862691,0.03,fresh
472,gpr_dataset_0472.in,datasets/la_mujer/files/gpr_dataset_0472.in,0.22558687625637214,22.350577,48.966191,28.683232,0.17455757812907235,1.5972848225274499,2.6794570909355424,0.03,fresh,0.14340982586317308,46.771681,23.93432,29.293999,0.17111987320525487,1.479900692372918,2.690452910549971,0.03,fresh
473,gpr_dataset_0473.in,datasets/la_mujer/files/gpr_dataset_0473.in,0.274810108637647,29.665514,23.653732,46.680754,0.149034833775909,1.3211472647275384,2.668497741688465,0.03,fresh,0.1483929408496127,25.137488,45.475526,29.386986,0.16936660498127692,1.637712222427677,2.667944307407259,0.03,fresh
474,gpr_dataset_0474.in,datasets/la_mujer/files/gpr_dataset_0474.in,0.14462336083185395,29.777883,41.907442,28.314675,0.16885706797889383,1.367229763887039,2.659676342256926,0.03,fresh,0.23076447400418368,49.188358,25.825862,24.98578,0.16366908590783422,1.4781266874318404,2.613762397523426,0.03,fresh
475,gpr_dataset_0475.in,datasets/la_mujer/files/gpr_dataset_0475.in,0.27169869823246806,30.496486,36.063886,33.439628,0.17385969027384518,1.4989862559115372,2.6134830874561206,0.03,fresh,0.1406770630143379,55.388333,22.919365,21.692302,0.16549853364808054,1.5770348548000404,2.6960789184522143,0.03,fresh
476,gpr_dataset_0476.in,datasets/la_mujer/files/gpr_dataset_0476.in,0.23842478525135838,10.72944,40.836731,48.433829,0.14224925665691387,1.3374147781650982,2.6748286709790423,0.03,fresh,0.10615775014168052,36.606144,27.933272,35.460584,0.1724290714700435,1.3411656055118861,2.667716231141578,0.03,fresh
477,gpr_dataset_0477.in,datasets/la_mujer/files/gpr_dataset_0477.in,0.10152739751672697,45.426632,42.436868,12.1365,0.15501964276668934,1.6965379293163723,2.6402947547948834,0.03,fresh,0.15946459011866657,20.055194,55.907622,24.037184,0.14324503823136847,1.3971174089137486,2.6775033868305456,0.03,fresh
478,gpr_dataset_0478.in,datasets/la_mujer/files/gpr_dataset_0478.in,0.10730103606590874,36.156931,31.507664,32.335405,0.16543636341301718,1.6175805748307193,2.6925852531734837,0.03,fresh,0.21599466032137665,21.213975,42.110591,36.675434,0.16498582070168732,1.3162709908620582,2.642588353413804,0.03,fresh
479,gpr_dataset_0479.in,datasets/la_mujer/files/gpr_dataset_0479.in,0.21333383607769846,49.214744,28.376456,22.4088,0.15658991194357882,1.3048673747454316,2.6656012612362217,0.03,fresh,0.24305511225074325,29.46643,40.670094,29.863476,0.15484166791076323,1.601737565940446,2.627158376408137,0.03,fresh
480,gpr_dataset_0480.in,datasets/la_mujer/files/gpr_dataset_0480.in,0.21371083535624275,22.475705,41.896167,35.628128,0.1755345292861887,1.328936951973568,2.6291704192490997,0.03,fresh,0.19700644172658088,20.697044,46.152023,33.150933,0.1599984591039234,1.3007666749799054,2.698947140673675,0.03,fresh
481,gpr_dataset_0481.in,datasets/la_mujer/files/gpr_dataset_0481.in,0.21207830642807612,39.41737,48.159161,12.423469,0.16760135371458595,1.628810480418751,2.6492765429216503,0.03,fresh,0.2795898368015367,17.847969,57.059616,25.092415,0.17696647000304455,1.4455120414556246,2.6630343383821633,0.03,fresh
482,gpr_dataset_0482.in,datasets/la_mujer/files/gpr_dataset_0482.in,0.2234021091544397,18.614757,52.137081,29.248162,0.16288728402089664,1.6518724171626225,2.687995667965982,0.03,fresh,0.16210687692117304,28.053791,46.750831,25.195378,0.16204123806836318,1.4625901949014706,2.612219689516571,0.03,fresh
483,gpr_dataset_0483.in,datasets/la_mujer/files/gpr_dataset_0483.in,0.11183115347731117,42.247868,31.28405,26.468082,0.178909396671025,1.324421621562348,2.6391272656749942,0.03,fresh,0.23904455506252098,17.862756,46.981438,35.155806,0.17474360499450314,1.3940790859136754,2.661429333637921,0.03,fresh
484,gpr_dataset_0484.in,datasets/la_mujer/files/gpr_dataset_0484.in,0.21069230389213472,30.708279,57.270396,12.021325,0.16436736575913127,1.5493676045739968,2.613185754405854,0.03,fresh,0.25915377457502436,16.082729,59.821218,24.096053,0.1422610247000799,1.4235811151555395,2.6818729143591984,0.03,fresh
485,gpr_dataset_0485.in,datasets/la_mujer/files/gpr_dataset_0485.in,0.18622049069139957,24.738217,57.159795,18.101988,0.1700015656683181,1.6189514473978082,2.6918191951705386,0.03,fresh,0.2510449074481469,27.153324,35.698527,37.148149,0.17553076120920727,1.6669261507913962,2.6283178077838785,0.03,fresh
486,gpr_dataset_0486.in,datasets/la_mujer/files/gpr_dataset_0486.in,0.12553643057357844,15.259228,41.767621,42.973151,0.17532063349740046,1.5761764495958062,2.663987936707507,0.03,fresh,0.19927009064496035,16.265729,60.683459,23.050812,0.17102829938230457,1.4619600939582917,2.678311539913447,0.03,fresh
487,gpr_dataset_0487.in,datasets/la_mujer/files/gpr_dataset_0487.in,0.23335258486397356,8.155255,53.00048,38.844265,0.15289632787334698,1.5845315690920079,2.689384718963224,0.03,fresh,0.2765628398127231,51.246842,21.941161,26.811997,0.1606091744837204,1.6798622296775207,2.6368281598854497,0.03,fresh
488,gpr_dataset_0488.in,datasets/la_mujer/files/gpr_dataset_0488.in,0.2850693161823486,41.735351,28.6369,29.627749,0.1637940367457772,1.5841530606805008,2.684144665796155,0.03,fresh,0.2708669143619451,8.494637,52.931675,38.573688,0.14308624424493496,1.409336304006383,2.6580083994270867,0.03,fresh
489,gpr_dataset_0489.in,datasets/la_mujer/files/gpr_dataset_0489.in,0.23987208295344373,36.093737,34.474667,29.431596,0.1571049407103949,1.488566507964627,2.6855294821143616,0.03,fresh,0.21251419250424253,29.941739,39.99487,30.063391,0.1706617524238236,1.6677394949318993,2.6721743935532287,0.03,fresh
490,gpr_dataset_0490.in,datasets/la_mujer/files/gpr_dataset_0490.in,0.24098963788841196,38.683429,48.955061,12.36151,0.1545353263656187,1.343822697330523,2.615769261007065,0.03,fresh,0.1964933233723449,10.003963,54.480896,35.515141,0.15774848224763435,1.3999649051879675,2.6425265066798618,0.03,fresh
491,gpr_dataset_0491.in,datasets/la_mujer/files/gpr_dataset_0491.in,0.13840513180508518,39.637147,41.27257,19.090283,0.1636212489005875,1.3873297563026563,2.6067992338846593,0.03,fresh,0.10908312532427639,49.929564,36.312804,13.757632,0.1737920983555135,1.4270786131971278,2.645286824479466,0.03,fresh
492,gpr_dataset_0492.in,datasets/la_mujer/files/gpr_dataset_0492.in,0.2011597425812604,7.596181,56.024059,36.37976,0.15762810643593023,1.6201449838371962,2.673513731046147,0.03,fresh,0.24421036212937078,22.827526,51.665669,25.506805,0.1733249806053387,1.5277749558059126,2.6679404011257297,0.03,fresh
493,gpr_dataset_0493.in,datasets/la_mujer/files/gpr_dataset_0493.in,0.11205206497965313,42.231719,32.928341,24.83994,0.1610471041320859,1.6937008373956353,2.650725211240694,0.03,fresh,0.23477120102437768,15.390769,41.165359,43.443872,0.16237285159516096,1.5000816374003978,2.65679163683315,0.03,fresh
494,gpr_dataset_0494.in,datasets/la_mujer/files/gpr_dataset_0494.in,0.17941577006005982,40.520796,33.394409,26.084795,0.1785327389936221,1.6442020158810284,2.6027269495363856,0.03,fresh,0.2639081341427886,39.170529,45.278707,15.550764,0.15346738458451062,1.4876902259794125,2.672810210080185,0.03,fresh
495,gpr_dataset_0495.in,datasets/la_mujer/files/gpr_dataset_0495.in,0.22891782178854403,12.108673,38.84777,49.043557,0.1572476452620823,1.5686131586680003,2.6369984894066345,0.03,fresh,0.1966967045320277,36.423319,32.077365,31.499316,0.17930713068974477,1.3108550230508127,2.6164837408297608,0.03,fresh
496,gpr_dataset_0496.in,datasets/la_mujer/files/gpr_dataset_0496.in,0.15271404362958424,19.148294,42.848054,38.003652,0.1425276293239629,1.652781586390316,2.626020866218417,0.03,fresh,0.2404279604396731,17.099401,40.703538,42.197061,0.14118695345073787,1.5785233141190147,2.67034105242925,0.03,fresh
497,gpr_dataset_0497.in,datasets/la_mujer/files/gpr_dataset_0497.in,0.19534886962024622,16.044633,47.513823,36.441544,0.17904661139528508,1.6681344472038704,2.6425105022142277,0.03,fresh,0.19401686269683704,23.230268,49.805242,26.96449,0.16725436755585682,1.4028246016674302,2.612559988459042,0.03,fresh
498,gpr_dataset_0498.in,datasets/la_mujer/files/gpr_dataset_0498.in,0.1968105733310907,32.747336,39.283528,27.969136,0.1725697522607974,1.6550878762179133,2.689495481355045,0.03,fresh,0.10190825261214216,26.3118,55.614464,18.073736,0.16831589584997617,1.4041697791044274,2.683434915984401,0.03,fresh
499,gpr_dataset_0499.in,datasets/la_mujer/files/gpr_dataset_0499.in,0.2808522499892101,21.247927,46.909619,31.842454,0.16055366017546763,1.6233227911427976,2.620446673133481,0.03,fresh,0.18237932332450293,39.054796,39.877371,21.067833,0.1773875989557283,1.3762700369463394,2.68263424105326,0.03,fresh
500,gpr_dataset_0500.in,datasets/la_mujer/files/gpr_dataset_0500.in,0.2059635776609951,24.648282,47.746698,27.60502,0.17658140453708676,1.4277406037430218,2.682198134404524,0.03,fresh,0.16179630656497143,34.711901,50.224985,15.063114,0.17859626269180173,1.5820385166780373,2.6522997308394727,0.03,fresh
501,gpr_dataset_0501.in,datasets/la_mujer/files/gpr_dataset_0501.in,0.1085707853418682,40.105357,40.692012,19.202631,0.17040312744695527,1.4769259216701338,2.6278289038500824,0.03,fresh,0.2929240780979475,17.170098,45.331679,37.498223,0.15433626225563937,1.6104266930911755,2.626865988099846,0.03,fresh
502,gpr_dataset_0502.in,datasets/la_mujer/files/gpr_dataset_0502.in,0.2612201096623723,34.383313,29.970084,35.646603,0.17348801267701489,1.3978349705602695,2.6544242786834835,0.03,fresh,0.2932592428438728,34.789756,27.819105,37.391139,0.16590307391270664,1.6374248353463416,2.6814141659459065,0.03,fresh
503,gpr_dataset_0503.in,datasets/la_mujer/files/gpr_dataset_0503.in,0.2798351070943951,28.779573,38.76419,32.456237,0.16767380922330558,1.551660545827651,2.6139441173876543,0.03,fresh,0.23675932065858774,15.884113,40.161147,43.95474,0.17928233817717668,1.375885508208323,2.659690543963532,0.03,fresh
504,gpr_dataset_0504.in,datasets/la_mujer/files/gpr_dataset_0504.in,0.22798834975532548,16.729413,52.990212,30.280375,0.16695403314407356,1.431361822345523,2.6056751011107653,0.03,fresh,0.1605240269949278,40.430443,37.424148,22.145409,0.15427391546283425,1.6247392802719745,2.6066798217816247,0.03,fresh
505,gpr_dataset_0505.in,datasets/la_mujer/files/gpr_dataset_0505.in,0.11488402612299804,30.565194,31.075074,38.359732,0.16345367392283083,1.5853904471531537,2.6365442531765533,0.03,fresh,0.13904811881985787,29.109503,39.315677,31.57482,0.15761667911321242,1.4959367946789621,2.6029986886241856,0.03,fresh
506,gpr_dataset_0506.in,datasets/la_mujer/files/gpr_dataset_0506.in,0.22689756648790507,24.786781,47.926931,27.286288,0.17563339364893943,1.6447200648932812,2.68089930880046,0.03,fresh,0.12167541096173487,28.046143,37.775489,34.178368,0.1511959283288703,1.4145811917826279,2.672031532655155,0.03,fresh
507,gpr_dataset_0507.in,datasets/la_mujer/files/gpr_dataset_0507.in,0.2275051229032547,46.609978,40.355607,13.034415,0.14783175252836278,1.6110576265048313,2.6169493693437587,0.03,fresh,0.24986166893885894,21.06106,62.097398,16.841542,0.14034789073427362,1.564263210245905,2.633352630290192,0.03,fresh
508,gpr_dataset_0508.in,datasets/la_mujer/files/gpr_dataset_0508.in,0.19360772445965407,27.382763,50.965156,21.652081,0.1639693059309209,1.632296853606087,2.6244050778541363,0.03,fresh,0.17056646941315112,30.80333,45.146649,24.050021,0.1478720177412281,1.5931288713551448,2.6900205081886446,0.03,fresh
509,gpr_dataset_0509.in,datasets/la_mujer/files/gpr_dataset_0509.in,0.14265837397425563,48.317355,41.322314,10.360331,0.15592324503411248,1.5236023864087598,2.61662997344601,0.03,fresh,0.23175675030981782,6.291298,63.431914,30.276788,0.15008019255397212,1.3479601022345546,2.653436048263439,0.03,fresh
510,gpr_dataset_0510.in,datasets/la_mujer/files/gpr_dataset_0510.in,0.10180300289398221,17.544508,47.060279,35.395213,0.17062348187477414,1.3411003432079127,2.644135348255668,0.03,fresh,0.20327212631015912,35.080822,29.513143,35.406035,0.17252494333608354,1.40212565154817,2.65129701175125,0.03,fresh
511,gpr_dataset_0511.in,datasets/la_mujer/files/gpr_dataset_0511.in,0.18825301816137216,34.198035,38.170049,27.631916,0.17555468688349693,1.505387713331278,2.6274061135955864,0.03,fresh,0.24318764122993883,14.925765,50.793853,34.280382,0.1450724684534354,1.5074963953755385,2.618084310400722,0.03,fresh
512,gpr_dataset_0512.in,datasets/la_mujer/files/gpr_dataset_0512.in,0.2459554894472256,34.872871,34.899732,30.227397,0.14445679941059225,1.429726458037142,2.6628301916491766,0.03,fresh,0.11656501046380832,55.976132,25.512675,18.511193,0.15831861483677717,1.3715015080320023,2.674813447626223,0.03,fresh
